accession,title,organism,platform,data_type,n_samples,publication_date,pubmed_ids,supplementary_file_types,ftp,candidate,relevance_reasons
GSE10129,Genomic copy number alterations as predictive markers of neoadjuvant chemotherapy response in breast cancer,Homo sapiens,GPL5772,Genome variation profiling by genome tiling array,56,2008/01/17,18314908;22977578,GPR,ftp://ftp.ncbi.nlm.nih.gov/geo/series/GSE10nnn/GSE10129/,True,neoadjuvant;chemotherapy
GSE102121,Clinical and biological impact of miR-18a expression in breast cancer after neoadjuvant chemotherapy,Homo sapiens,GPL17692,Expression profiling by array,12,2019/05/27,31115881,"CEL, CHP",ftp://ftp.ncbi.nlm.nih.gov/geo/series/GSE102nnn/GSE102121/,True,neoadjuvant;pCR;chemotherapy;gene expression;transcriptomic
GSE103668,Pre-treatment expression data from neoadjuvant platinum & bevacizumab treated triple negative breast cancer patients,Homo sapiens,GPL570,Expression profiling by array,21,2018/02/19,29452344,CEL,ftp://ftp.ncbi.nlm.nih.gov/geo/series/GSE103nnn/GSE103668/,True,neoadjuvant;gene expression
GSE106360,Epigenome analysis of pre- and post-neoadjuvant chemotherapy breast tumor samples,Homo sapiens,GPL13534,Methylation profiling by genome tiling array,47,2019/01/31,30774927,IDAT,ftp://ftp.ncbi.nlm.nih.gov/geo/series/GSE106nnn/GSE106360/,True,neoadjuvant;chemotherapy
GSE106977,Triple negative breast cancer subtypes and pathologic complete response rate to neoadjuvant chemotherapy,Homo sapiens,GPL17586,Expression profiling by array,119,2017/11/17,29899867,CEL,ftp://ftp.ncbi.nlm.nih.gov/geo/series/GSE106nnn/GSE106977/,True,neoadjuvant;pCR;chemotherapy
GSE10886,A Supervised Risk Predictor of Breast Cancer Based on Biological Subtypes,Homo sapiens,GPL885;1390;887,Expression profiling by array,226,2009/02/11,19204204,,ftp://ftp.ncbi.nlm.nih.gov/geo/series/GSE10nnn/GSE10886/,True,neoadjuvant;pCR;chemotherapy
GSE109710,Tumor infiltrating lymphocytes in patients receiving trastuzumab/pertuzumab-based chemotherapy: A TRYPHAENA substudy,Homo sapiens,GPL24546,Expression profiling by array,173,2018/04/01,29788230,TXT,ftp://ftp.ncbi.nlm.nih.gov/geo/series/GSE109nnn/GSE109710/,True,neoadjuvant;pCR;chemotherapy;gene expression
GSE111563,Gene expression analysis of breast tumours from dormant and acquired resistant patients,Homo sapiens,GPL10558,Expression profiling by array,101,2019/01/05,30616553,TXT,ftp://ftp.ncbi.nlm.nih.gov/geo/series/GSE111nnn/GSE111563/,True,neoadjuvant;gene expression
GSE114082,Gene expression profiling of primary HER2-positive breast cancers before and after brief exposure to single agent neoadjuvant trastuzumab,Homo sapiens,GPL14951,Expression profiling by array,34,2019/05/21,30478407,"PDF, TXT",ftp://ftp.ncbi.nlm.nih.gov/geo/series/GSE114nnn/GSE114082/,True,neoadjuvant;gene expression;transcriptomic
GSE114403,Immune profiling of pre- and post-treatment breast cancer tissues from the SOWG S0800 randomized neoadjuvant trail of weekly nab-paclitaxel with or without bevacizumab and dose dense doxorubicin and cyclophosphamide,Homo sapiens,GPL24993,Expression profiling by array,100,2019/02/01,30967156,TXT,ftp://ftp.ncbi.nlm.nih.gov/geo/series/GSE114nnn/GSE114403/,True,neoadjuvant;pCR;chemotherapy;gene expression
GSE116335,"CALGB 40601: Randomized Phase III Trial of Paclitaxel Combined With Trastuzumab, Lapatinib, or Both As Neoadjuvant Treatment of HER2-Positive Primary Breast Cancer",Homo sapiens,GPL11154;16791,Expression profiling by high throughput sequencing,265,2018/10/16,30037817;34412669;37923752,"TSV, TXT, XLS",ftp://ftp.ncbi.nlm.nih.gov/geo/series/GSE116nnn/GSE116335/,True,neoadjuvant;pCR;chemotherapy
GSE119262,Gene expression profiling of pre-operative mTOR inhibitor everolimus treatment in breast cancer,Homo sapiens,GPL6104,Expression profiling by array,88,2018/08/30,20480226,TXT,ftp://ftp.ncbi.nlm.nih.gov/geo/series/GSE119nnn/GSE119262/,True,neoadjuvant;gene expression
GSE122630,On-Treatment Biomarkers Improve Prediction of Response to Neoadjuvant Chemotherapy in Breast Cancer,Homo sapiens,GPL17303,Expression profiling by high throughput sequencing,95,2019/07/02,31200764,TXT,ftp://ftp.ncbi.nlm.nih.gov/geo/series/GSE122nnn/GSE122630/,True,neoadjuvant;pCR;chemotherapy;gene expression;transcriptomic
GSE123712,XmaI-RRBS on triple negative breast carcinoma samples taken prior to chemotherapy,Homo sapiens,GPL17301,Methylation profiling by high throughput sequencing,50,2020/12/12,,COV,ftp://ftp.ncbi.nlm.nih.gov/geo/series/GSE123nnn/GSE123712/,True,neoadjuvant;chemotherapy
GSE123828,XmaI-RRBS on Luminal B breast carcinoma samples taken prior to chemotherapy,Homo sapiens,GPL17301,Methylation profiling by high throughput sequencing,50,2020/12/12,,COV,ftp://ftp.ncbi.nlm.nih.gov/geo/series/GSE123nnn/GSE123828/,True,neoadjuvant;chemotherapy
GSE123845,Multi-omics and immune profiling of breast cancers undergoing neoadjuvant chemotherapy identified dynamic cellular and molecular changes associated with clinical response,Homo sapiens,GPL16791,Expression profiling by high throughput sequencing,227,2020/10/12,33268821,CSV,ftp://ftp.ncbi.nlm.nih.gov/geo/series/GSE123nnn/GSE123845/,True,neoadjuvant;chemotherapy
GSE130786,"A Phase II Randomized Trial of Neoadjuvant Trastuzumab or Lapatinib or the Combination of Trastuzumab and Lapatinib, Followed by Docetaxel and Carboplatin with Trastuzumab and/or Lapatinib in Patients with HER2+ Breast Cancer [Baseline]",Homo sapiens,GPL6480,Expression profiling by array,110,2019/05/08,33951110,TXT,ftp://ftp.ncbi.nlm.nih.gov/geo/series/GSE130nnn/GSE130786/,True,neoadjuvant;chemotherapy
GSE130787,"A Phase II Randomized Trial of Neoadjuvant Trastuzumab or Lapatinib or the Combination of Trastuzumab and Lapatinib, Followed by Docetaxel and Carboplatin with Trastuzumab and/or Lapatinib in Patients with HER2+ Breast Cancer [treatments]",Homo sapiens,GPL6480,Expression profiling by array,89,2019/05/08,33951110,TXT,ftp://ftp.ncbi.nlm.nih.gov/geo/series/GSE130nnn/GSE130787/,True,neoadjuvant;chemotherapy
GSE130788,"A Phase II Randomized Trial of Neoadjuvant Trastuzumab or Lapatinib or the Combination of Trastuzumab and Lapatinib, Followed by Docetaxel and Carboplatin with Trastuzumab and/or Lapatinib in Patients with HER2+ Breast Cancer",Homo sapiens,GPL6480,Expression profiling by array,199,2019/05/08,33951110,TXT,ftp://ftp.ncbi.nlm.nih.gov/geo/series/GSE130nnn/GSE130788/,True,neoadjuvant
GSE136300,Deep sequencing of GSK-126 treated HER2+ PDX tumours,Homo sapiens,GPL16791,Expression profiling by high throughput sequencing,4,2019/08/26,31597089,GTF,ftp://ftp.ncbi.nlm.nih.gov/geo/series/GSE136nnn/GSE136300/,True,neoadjuvant;gene expression
GSE136644,POL and Z1031 Gene Expression_Final,Homo sapiens,GPL6480,Expression profiling by array,603,2020/04/13,31665365,TXT,ftp://ftp.ncbi.nlm.nih.gov/geo/series/GSE136nnn/GSE136644/,True,neoadjuvant;gene expression
GSE138233,Transcriptomic analysis of DOXO-Resistant cells compared to parental DOXO-Sensitive mda-mb-436 cell line,Homo sapiens,GPL14550,Expression profiling by array,24,2019/11/30,31537618,"TXT, XLSX",ftp://ftp.ncbi.nlm.nih.gov/geo/series/GSE138nnn/GSE138233/,True,neoadjuvant;chemotherapy;transcriptomic
GSE140494,Gene expression-based prediction of neodjuvant chemotherapy response in early breast cancer,Homo sapiens,GPL570,Expression profiling by array,91,2020/11/15,33542080,CEL,ftp://ftp.ncbi.nlm.nih.gov/geo/series/GSE140nnn/GSE140494/,True,pCR;chemotherapy;gene expression
GSE143846,Stromal cell signature associated with response to neoadjuvant chemotherapy in locally advanced breast cancer,Homo sapiens,GPL14550,Expression profiling by array,44,2020/01/18,31817155,TXT,ftp://ftp.ncbi.nlm.nih.gov/geo/series/GSE143nnn/GSE143846/,True,neoadjuvant;chemotherapy;gene expression
GSE144221,DNA methylation markers panel can improve prediction of response to neoadjuvant chemotherapy in luminal B breast cancer,Homo sapiens,GPL17301,Methylation profiling by high throughput sequencing,25,2020/01/25,32514046,COV,ftp://ftp.ncbi.nlm.nih.gov/geo/series/GSE144nnn/GSE144221/,True,neoadjuvant;chemotherapy
GSE149283,Gene expression profiling of primary HER2-positive breast cancers treated with neoadjuvant trastuzumab,Homo sapiens,GPL23159,Expression profiling by array,18,2021/12/31,,CEL,ftp://ftp.ncbi.nlm.nih.gov/geo/series/GSE149nnn/GSE149283/,True,neoadjuvant;chemotherapy;gene expression
GSE149322,AKT/mTOR/HER/PI3K family genes as predictors of pCR for early stage breast cancer patients treated with the AKT inhibitor MK2206 in the I-SPY 2 TRIAL (NCT01042379),Homo sapiens,GPL16233;20078,Expression profiling by array,150,2020/09/20,33083527;33767190,TXT,ftp://ftp.ncbi.nlm.nih.gov/geo/series/GSE149nnn/GSE149322/,True,neoadjuvant;transcriptomic
GSE150575,AKT/mTOR/HER/PI3K family proteins and phospho-proteins as predictors of pCR for early stage breast cancer patients treated with the AKT inhibitor MK2206 in the I-SPY 2 TRIAL (NCT01042379),Homo sapiens,GPL28470,Protein profiling by protein array,138,2020/09/20,33083527;33767190,"CSV, TXT",ftp://ftp.ncbi.nlm.nih.gov/geo/series/GSE150nnn/GSE150575/,True,neoadjuvant
GSE150997,Activation of the interferon signaling pathway is associated with resistance to CDK4/6 inhibitors and immune checkpoint activation in ER-positive breast cancer [RNA-seq],Homo sapiens,GPL18573,Expression profiling by high throughput sequencing,33,2021/12/04,,"BW, CSV",ftp://ftp.ncbi.nlm.nih.gov/geo/series/GSE150nnn/GSE150997/,True,neoadjuvant;gene expression;transcriptomic
GSE154524,CALGB 40603: Randomized Phase II 2 x 2 Factorial Trial of the Addition of Carboplatin +/- Bevacizumab to Neoadjuvant Weekly Paclitaxel Followed by Dose-Dense AC in Hormone Receptor-Poor/HER2-Negative Resectable Breast Cancer,Homo sapiens,GPL11154;16791,Expression profiling by high throughput sequencing,389,2022/01/21,35044810;38948758,TXT,ftp://ftp.ncbi.nlm.nih.gov/geo/series/GSE154nnn/GSE154524/,True,neoadjuvant;chemotherapy
GSE154932,Integrating multimodal data sets into a mathematical framework to describe and predict therapeutic resistance in cancer,Homo sapiens,GPL24676,Expression profiling by high throughput sequencing,3,2021/02/08,33215611,"H5AD, MTX, TSV",ftp://ftp.ncbi.nlm.nih.gov/geo/series/GSE154nnn/GSE154932/,True,treatment response;transcriptomic
GSE158724,Convergent evolution of resistance pathways during early stage breast cancer treatment with combination cell cycle (CDK) and endocrine signalling inhibitors ,Homo sapiens,GPL24676;16791,Expression profiling by high throughput sequencing,95,2021/02/09,34712959,TXT,ftp://ftp.ncbi.nlm.nih.gov/geo/series/GSE158nnn/GSE158724/,True,neoadjuvant
GSE159448,RNA-Seq analysis identifies to GATA3-AS1 as a lncRNA associated with resistance to neoadjuvant chemotherapy in locally advanced breast cancer patients,Homo sapiens,GPL16791,Expression profiling by high throughput sequencing,12,2021/07/12,34358678;38003293,TXT,ftp://ftp.ncbi.nlm.nih.gov/geo/series/GSE159nnn/GSE159448/,True,neoadjuvant;chemotherapy;transcriptomic
GSE160568,Identification of biomarkers of response to preoperative talazoparib monotherapy   in treatment naïve gBRCA+ breast cancers,Homo sapiens,GPL11154,Expression profiling by high throughput sequencing,18,2022/04/30,35538088,TXT,ftp://ftp.ncbi.nlm.nih.gov/geo/series/GSE160nnn/GSE160568/,True,neoadjuvant;pCR
GSE161830,Molecular profiling of 16 week aromatase inhibitor-treated post-menopausal breast tumors,Homo sapiens,GPL13376,Expression profiling by array,29,2021/04/01,,TXT,ftp://ftp.ncbi.nlm.nih.gov/geo/series/GSE161nnn/GSE161830/,True,neoadjuvant;gene expression
GSE162187,Transcriptomic analysis of breast cancer patients sensitive and resistant to chemotherapy: Looking for overall survival and drug resistance biomarkers,Homo sapiens,GPL20301,Expression profiling by high throughput sequencing,22,2021/04/30,36338974,TSV,ftp://ftp.ncbi.nlm.nih.gov/geo/series/GSE162nnn/GSE162187/,True,neoadjuvant;chemotherapy;gene expression;transcriptomic
GSE163882,Multi-center retrospective evaluation of a RNA expression classifier to predict pathological complete response to neoadjuvant chemotherapy in breast cancer biopsies,Homo sapiens,GPL18573,Expression profiling by high throughput sequencing,222,2021/03/01,35935976,CSV,ftp://ftp.ncbi.nlm.nih.gov/geo/series/GSE163nnn/GSE163882/,True,neoadjuvant;pCR;chemotherapy;gene expression
GSE16446,Multifactorial Approach to Predicting Resistance to Anthracyclines,Homo sapiens,GPL570,Expression profiling by array,120,2010/01/26,21422418;20098429;20189874;26484051,"CEL, TXT",ftp://ftp.ncbi.nlm.nih.gov/geo/series/GSE16nnn/GSE16446/,True,neoadjuvant;pCR;gene expression
GSE16987,"A new gene expression signature, the ClinicoMolecular Triad Classification, may improve prediction and prognostication of breast cancer at the time of diagnosis",Homo sapiens,GPL6104,Expression profiling by array,161,2011/09/29,21939527;24996446,TXT,ftp://ftp.ncbi.nlm.nih.gov/geo/series/GSE16nnn/GSE16987/,True,neoadjuvant;chemotherapy;treatment response;gene expression
GSE173839,Durvalumab with olaparib and paclitaxel for high-risk HER2-negative stage II/III breast cancer: Results from the adaptively randomized I-SPY2 platform trial ,Homo sapiens,GPL20078,Expression profiling by array,105,2021/06/10,34143979,"CSV, TXT",ftp://ftp.ncbi.nlm.nih.gov/geo/series/GSE173nnn/GSE173839/,True,neoadjuvant;pCR
GSE17460,Expression data from MCF-7 cells transfected with miR-26a and treated or not with estradiol,Homo sapiens,GPL5175,Expression profiling by array,9,2009/08/04,19826037,CEL,ftp://ftp.ncbi.nlm.nih.gov/geo/series/GSE17nnn/GSE17460/,True,neoadjuvant;gene expression;transcriptomic
GSE180280,Activation of a cGAS-STING-mediated immune response predicts response to neoadjuvant chemotherapy in early breast cancer,Homo sapiens,GPL18573,Expression profiling by high throughput sequencing,57,2021/09/30,34728791,TXT,ftp://ftp.ncbi.nlm.nih.gov/geo/series/GSE180nnn/GSE180280/,True,neoadjuvant;chemotherapy;gene expression;transcriptomic
GSE180295,Array data from neoDDRD clinical trial,Homo sapiens,GPL30404,Expression profiling by array,46,2021/09/30,34728791,"CEL, TXT",ftp://ftp.ncbi.nlm.nih.gov/geo/series/GSE180nnn/GSE180295/,True,neoadjuvant
GSE180717,Recurrence biomarkers of triple negative breast cancer treated with neoadjuvant chemotherapy combined with anti-EGFR antibodies [Nanostring],Homo sapiens,GPL23845,Expression profiling by array,27,2021/07/26,34535679,TXT,ftp://ftp.ncbi.nlm.nih.gov/geo/series/GSE180nnn/GSE180717/,True,neoadjuvant;chemotherapy;transcriptomic
GSE180775,Recurrence biomarkers of triple negative breast cancer treated with neoadjuvant chemotherapy combined with anti-EGFR antibodies [Agilent],Homo sapiens,GPL13607,Expression profiling by array,41,2021/07/28,34535679,TXT,ftp://ftp.ncbi.nlm.nih.gov/geo/series/GSE180nnn/GSE180775/,True,neoadjuvant;chemotherapy;transcriptomic
GSE180962,Ganitumab and Metformin plus Standard Neoadjuvant Therapy in Stage 2/3 Breast Cancer: Results from the I-SPY2 Adaptively Randomized Platform Trial,Homo sapiens,GPL16233;20078,Expression profiling by array,233,2021/08/24,34611148,"CSV, TXT",ftp://ftp.ncbi.nlm.nih.gov/geo/series/GSE180nnn/GSE180962/,True,neoadjuvant
GSE181466,RNAseq of a Triple-Negative Breast Cancer Cohort Treated with Neoadjuvant Carboplatin and Docetaxel According to Lehmann's Refined Classification,Homo sapiens,GPL16791,Expression profiling by high throughput sequencing,97,2021/08/07,,TXT,ftp://ftp.ncbi.nlm.nih.gov/geo/series/GSE181nnn/GSE181466/,True,neoadjuvant
GSE181548,Pam50 of a Triple-Negative Breast Cancer Cohort Treated with Neoadjuvant Carboplatin and Docetaxel According to Lehmann's Refined Classification,Homo sapiens,GPL17784,Expression profiling by array,105,2021/08/07,,"RCC, TXT",ftp://ftp.ncbi.nlm.nih.gov/geo/series/GSE181nnn/GSE181548/,True,neoadjuvant
GSE181574,Neoadjuvant T-DM1/pertuzumab and paclitaxel/trastuzumab/pertuzumab for HER2-positive breast cancer in the adaptively randomized I-SPY2 trial.,Homo sapiens,GPL20078;30493,Expression profiling by array,127,2021/08/24,34741023,TXT,ftp://ftp.ncbi.nlm.nih.gov/geo/series/GSE181nnn/GSE181574/,True,neoadjuvant
GSE182951,Circulating exosomal microRNAs as predictive biomarkers of neoadjuvant chemotherapy response in breast cancer,Homo sapiens,GPL18573,Non-coding RNA profiling by high throughput sequencing,40,2021/12/31,35200555,XLSX,ftp://ftp.ncbi.nlm.nih.gov/geo/series/GSE182nnn/GSE182951/,True,neoadjuvant;chemotherapy
GSE18378,Gene profiling and prediction of response to anastrozole neoadjuvant treatment in breast cancer,Homo sapiens,GPL6480;6848,Expression profiling by array,60,2010/05/17,20428938,TXT,ftp://ftp.ncbi.nlm.nih.gov/geo/series/GSE18nnn/GSE18378/,True,neoadjuvant;transcriptomic
GSE184159,Identification of DNA methylation biomarkers for prediction of response to neoadjuvant chemotherapy in triple-negative breast cancer [EPIC Array],Homo sapiens,GPL23976,Methylation profiling by array,63,2021/12/17,34922619,CSV,ftp://ftp.ncbi.nlm.nih.gov/geo/series/GSE184nnn/GSE184159/,True,neoadjuvant;chemotherapy
GSE185507,An immunological signature to predict outcome in patients with triple-negative breast cancer patients with residual disease after neoadjuvant chemotherapy,Homo sapiens,GPL30829,Expression profiling by array,115,2022/09/20,35759853,RCC,ftp://ftp.ncbi.nlm.nih.gov/geo/series/GSE185nnn/GSE185507/,True,neoadjuvant;chemotherapy;transcriptomic
GSE186102,"Neoadjuvant eribulin in HER2-negative early-stage breast cancer (SOLTI-1007-NeoEribulin): a multicenter, two-cohort, non-randomized phase II trial",Homo sapiens,GPL30877,Expression profiling by array,473,2021/12/10,34824288,TXT,ftp://ftp.ncbi.nlm.nih.gov/geo/series/GSE186nnn/GSE186102/,True,neoadjuvant;pCR;gene expression
GSE18728,Expression data from human breast cancers pre and post chemothrapy,Homo sapiens,GPL570,Expression profiling by array,61,2009/10/30,20012355,CEL,ftp://ftp.ncbi.nlm.nih.gov/geo/series/GSE18nnn/GSE18728/,True,neoadjuvant;chemotherapy;gene expression
GSE18864,Tumor expression data from neoadjuvant trial of cisplatin monotherapy in triple negative breast cancer patients,Homo sapiens,GPL570,Expression profiling by array,84,2009/11/04,20100965;20098429;20189874,CEL,ftp://ftp.ncbi.nlm.nih.gov/geo/series/GSE18nnn/GSE18864/,True,neoadjuvant;treatment response;gene expression
GSE188743,"A three lncRNA set: AC009975.1, POTEH-AS1 and AL390243.1 as nodal efficacy biomarker of neoadjuvant therapy for HER-2 positive breast cancer",Homo sapiens,GPL26963,Non-coding RNA profiling by array,6,2021/11/13,,TXT,ftp://ftp.ncbi.nlm.nih.gov/geo/series/GSE188nnn/GSE188743/,True,neoadjuvant
GSE189371,Radiomics Predicts High or Low Recurrence Risk and is Associated with LncRNAs in Breast Cancer,Homo sapiens,GPL29480,Expression profiling by high throughput sequencing,96,2023/11/21,37915093;38756447;39669975,CSV,ftp://ftp.ncbi.nlm.nih.gov/geo/series/GSE189nnn/GSE189371/,True,neoadjuvant;chemotherapy
GSE189757,Novel dynamic network analysis approach characterizes progressive and complex effects of weight gain and obesity on breast cancer signaling,Homo sapiens,GPL16791,Expression profiling by high throughput sequencing,44,2022/12/31,,TXT,ftp://ftp.ncbi.nlm.nih.gov/geo/series/GSE189nnn/GSE189757/,True,neoadjuvant
GSE190275,TP53 signature predicts survival outcome in triple-negative breast cancer with neoadjuvant chemotherapy,Homo sapiens,GPL31028,Expression profiling by array,60,2021/12/10,,RCC,ftp://ftp.ncbi.nlm.nih.gov/geo/series/GSE190nnn/GSE190275/,True,neoadjuvant;chemotherapy
GSE191127,Comprehensive characterization of pre- and post-treatment samples of breast cancer reveal potential mechanisms of chemotherapy resistance,Homo sapiens,GPL11154,Expression profiling by high throughput sequencing,40,2021/12/18,35523804,TXT,ftp://ftp.ncbi.nlm.nih.gov/geo/series/GSE191nnn/GSE191127/,True,neoadjuvant;chemotherapy;treatment response;gene expression;transcriptomic
GSE192341,RNAseq gene expression profiles of 87 pre-treatment biopsies of breast cancer patients to study neoadjuvant treatment response,Homo sapiens,GPL11154,Expression profiling by high throughput sequencing,87,2021/12/28,35523804,TXT,ftp://ftp.ncbi.nlm.nih.gov/geo/series/GSE192nnn/GSE192341/,True,neoadjuvant;chemotherapy;treatment response;gene expression;transcriptomic
GSE194040,I-SPY2-990 mRNA/RPPA Data Resource: mRNA component,Homo sapiens,GPL30493;20078,Expression profiling by array,988,2022/05/25,35623341;40905691,TXT,ftp://ftp.ncbi.nlm.nih.gov/geo/series/GSE194nnn/GSE194040/,True,neoadjuvant;gene expression;transcriptomic
GSE196093,I-SPY2-990 mRNA/RPPA Data Resource: RPPA component,Homo sapiens,GPL28470,Protein profiling by protein array,736,2022/05/25,35623341;40905691,CSV,ftp://ftp.ncbi.nlm.nih.gov/geo/series/GSE196nnn/GSE196093/,True,neoadjuvant
GSE19697,An expression profile that predicts the therapeutic response of the basal-like breast cancer to neoadjuvant chemotherapy,Homo sapiens,GPL570,Expression profiling by array,24,2009/12/30,19967557,CEL,ftp://ftp.ncbi.nlm.nih.gov/geo/series/GSE19nnn/GSE19697/,True,neoadjuvant;pCR;chemotherapy;gene expression
GSE197894,An alternatively spliced p62 isoform promotes breast cancer chemoresistance,Homo sapiens,GPL20301,Expression profiling by high throughput sequencing,20,2022/03/06,,XLSX,ftp://ftp.ncbi.nlm.nih.gov/geo/series/GSE197nnn/GSE197894/,True,neoadjuvant;pCR;chemotherapy
GSE197931,A novel signature of twelve-gene to evaluate neoadjuvant chemotherapy response and predict prognosis in breast cancer,Homo sapiens,GPL11154,Expression profiling by high throughput sequencing,6,2022/10/11,36341435,TXT,ftp://ftp.ncbi.nlm.nih.gov/geo/series/GSE197nnn/GSE197931/,True,neoadjuvant;chemotherapy;transcriptomic
GSE201085,Peripheral Blood Monocyte Abundance Predicts Outcomes in Breast Cancer Patients,Homo sapiens,GPL24676,Expression profiling by high throughput sequencing,58,2022/04/26,36304942,"CSV, XLSX",ftp://ftp.ncbi.nlm.nih.gov/geo/series/GSE201nnn/GSE201085/,True,neoadjuvant;chemotherapy;gene expression
GSE20181,Letrozole (Femara) early and late responses to treatment,Homo sapiens,GPL96,Expression profiling by array,176,2010/07/28,20697427;20646288,CEL,ftp://ftp.ncbi.nlm.nih.gov/geo/series/GSE20nnn/GSE20181/,True,neoadjuvant
GSE20194,MAQC-II Project: human breast cancer (BR) data set,Homo sapiens,GPL96,Expression profiling by array,278,2010/02/04,20064235;20676074,"CEL, XLS",ftp://ftp.ncbi.nlm.nih.gov/geo/series/GSE20nnn/GSE20194/,True,neoadjuvant;pCR;chemotherapy;gene expression
GSE202402,Xmal-RRBS on breast carcinoma samples taken before and after neoadjuvant chemotherapy,Homo sapiens,GPL17301,Methylation profiling by high throughput sequencing,40,2023/05/06,,COV,ftp://ftp.ncbi.nlm.nih.gov/geo/series/GSE202nnn/GSE202402/,True,neoadjuvant;chemotherapy
GSE202682,Breast Cancer Chemotherapy Induces Vascular Dysfunction and Hypertension,Homo sapiens,GPL16791,Expression profiling by high throughput sequencing,12,2022/05/13,35617030,CSV,ftp://ftp.ncbi.nlm.nih.gov/geo/series/GSE202nnn/GSE202682/,True,neoadjuvant;chemotherapy
GSE20271,Expression data from breast cancer FNA biopsies from patients,Homo sapiens,GPL96,Expression profiling by array,178,2010/09/15,20829329;23185353,CEL,ftp://ftp.ncbi.nlm.nih.gov/geo/series/GSE20nnn/GSE20271/,True,pCR;chemotherapy;gene expression
GSE202772,Epigenetic heterogeneity and transcriptional drivers of triple-negative breast cancer (PDX H3K27ac ChIP-Seq),Homo sapiens,GPL18573,Genome binding/occupancy profiling by high throughput sequencing,24,2023/11/09,38100350,"BW, NARROWPEAK",ftp://ftp.ncbi.nlm.nih.gov/geo/series/GSE202nnn/GSE202772/,True,treatment response;transcriptomic
GSE202773,Epigenetic heterogeneity and transcriptional drivers of triple-negative breast cancer (PDX  RNA-Seq),Homo sapiens,GPL18573,Expression profiling by high throughput sequencing,15,2023/11/09,38100350,CSV,ftp://ftp.ncbi.nlm.nih.gov/geo/series/GSE202nnn/GSE202773/,True,treatment response;transcriptomic
GSE202775,Epigenetic heterogeneity and transcriptional drivers of triple-negative breast cancer (PDX Methylation),Homo sapiens,GPL13534,Methylation profiling by array,15,2023/11/09,38100350,"IDAT, TSV",ftp://ftp.ncbi.nlm.nih.gov/geo/series/GSE202nnn/GSE202775/,True,treatment response;transcriptomic
GSE204825,Identification of Src Family Kinases as potential therapeutic targets for chemotherapy-resistant triple negative breast cancer,Homo sapiens,GPL18573,Expression profiling by high throughput sequencing,64,2022/09/20,36077757,TXT,ftp://ftp.ncbi.nlm.nih.gov/geo/series/GSE204nnn/GSE204825/,True,neoadjuvant;chemotherapy
GSE205472,A Single-Cell Atlas of HR+ Breast  Cancer Reveals the Shifting of the Tumor Microenvironment in Response to Neoadjuvant Chemotherapy,Homo sapiens,GPL24676,Expression profiling by high throughput sequencing,13,2024/12/31,38266804,"MTX, TSV",ftp://ftp.ncbi.nlm.nih.gov/geo/series/GSE205nnn/GSE205472/,True,neoadjuvant;chemotherapy;transcriptomic
GSE206998,RNAseq of triple negative breast cancer samples,Homo sapiens,GPL24676,Expression profiling by high throughput sequencing,6,2022/10/20,36405725,TXT,ftp://ftp.ncbi.nlm.nih.gov/geo/series/GSE206nnn/GSE206998/,True,neoadjuvant;pCR;chemotherapy
GSE207248,On-treatment transcriptional profiling in HER2+ inflammatory breast cancer,Homo sapiens,GPL18573,Expression profiling by high throughput sequencing,44,2022/09/01,,CSV,ftp://ftp.ncbi.nlm.nih.gov/geo/series/GSE207nnn/GSE207248/,True,neoadjuvant;pCR;transcriptomic
GSE207460,An integrated ’omics approach highlights the role of epigenetic events to explain and predict response to neoadjuvant chemotherapy and bevacizumab in breast cancer,Homo sapiens,GPL13534,Methylation profiling by genome tiling array,290,2024/07/01,38671580,"IDAT, TXT",ftp://ftp.ncbi.nlm.nih.gov/geo/series/GSE207nnn/GSE207460/,True,neoadjuvant;chemotherapy
GSE211434,Diverse immune suppressing cancer communications with myeloid cells prevent T cell activation and recruitment and provide resistance to cell cycle inhibitor therapy,Homo sapiens,GPL16791,Expression profiling by high throughput sequencing,81,2024/12/11,40032842;40341770,TXT,ftp://ftp.ncbi.nlm.nih.gov/geo/series/GSE211nnn/GSE211434/,True,treatment response
GSE216333,Predictors of success in establishing orthotopic patient-derived xenograft models of triple negative breast cancer,Homo sapiens,GPL96,Expression profiling by array,207,2023/01/12,36627285,CEL,ftp://ftp.ncbi.nlm.nih.gov/geo/series/GSE216nnn/GSE216333/,True,neoadjuvant;chemotherapy;gene expression
GSE216413,Effect of GATA3 suppression gene expression in breast cancer cells.,Homo sapiens,GPL24676,Expression profiling by high throughput sequencing,6,2023/01/01,,TXT,ftp://ftp.ncbi.nlm.nih.gov/geo/series/GSE216nnn/GSE216413/,True,neoadjuvant;pCR;chemotherapy;gene expression;transcriptomic
GSE21974,Molecular Subtype Predicts Response to Neoadjuvant Chemotherapy in Breast Cancer,Homo sapiens,GPL6480,Expression profiling by array,57,2010/05/25,21769435,TXT,ftp://ftp.ncbi.nlm.nih.gov/geo/series/GSE21nnn/GSE21974/,True,neoadjuvant;chemotherapy;transcriptomic
GSE221060,Long noncoding RNA expression profile of chemotherapy-sensitive and resistant breast cancer tissues,Homo sapiens,GPL16956,Non-coding RNA profiling by array,6,2024/07/16,39148723,TXT,ftp://ftp.ncbi.nlm.nih.gov/geo/series/GSE221nnn/GSE221060/,True,neoadjuvant;chemotherapy
GSE221061,Long noncoding RNA expression profile of breast cancer tissues pre- and post-neoadjuvant chemotherapy,Homo sapiens,GPL16956,Non-coding RNA profiling by array,6,2024/07/16,39148723,TXT,ftp://ftp.ncbi.nlm.nih.gov/geo/series/GSE221nnn/GSE221061/,True,neoadjuvant;chemotherapy
GSE22226,Heterogeneity of Response to Chemotherapy and Recurrence-free Survival in Neoadjuvant Breast Cancer: Results from the I-SPY 1 TRIAL,Homo sapiens,GPL1708;4133,Expression profiling by array,150,2012/01/13,22198468;36997615,,ftp://ftp.ncbi.nlm.nih.gov/geo/series/GSE22nnn/GSE22226/,True,neoadjuvant;pCR;chemotherapy
GSE22290,Breast tumor DNA methylation,Homo sapiens,GPL9183,Methylation profiling by array,162,2010/07/29,20686660,TXT,ftp://ftp.ncbi.nlm.nih.gov/geo/series/GSE22nnn/GSE22290/,True,neoadjuvant;chemotherapy
GSE22386,Dynamic changes in gene expression in vivo predict prognosis of tamoxifen-treated patients with breast cancer,Homo sapiens,GPL506,Expression profiling by array,32,2010/06/17,20569502,TXT,ftp://ftp.ncbi.nlm.nih.gov/geo/series/GSE22nnn/GSE22386/,True,neoadjuvant;gene expression
GSE22513,Markers of Taxane Sensitivity in Breast Cancer,Homo sapiens,GPL570,Expression profiling by array,28,2010/06/23,20068102;21633166;20878462,CEL,ftp://ftp.ncbi.nlm.nih.gov/geo/series/GSE22nnn/GSE22513/,True,neoadjuvant;pCR;gene expression
GSE230521,NK cell-triggered CCL5/IFNg-CXCL9/10 axis underlies the clinical efficacy of HER2-targeted antibodies in primary HER2-positive breast cancer [array],Homo sapiens,GPL23159,Expression profiling by array,12,2024/01/10,38167224,CEL,ftp://ftp.ncbi.nlm.nih.gov/geo/series/GSE230nnn/GSE230521/,True,neoadjuvant;pCR;transcriptomic
GSE230536,NK cell-triggered CCL5/IFN?-CXCL9/10 axis underlies the clinical efficacy of HER2-targeted antibodies in primary HER2 positive breast cancer [RNA-seq],Homo sapiens,GPL18573,Expression profiling by high throughput sequencing,15,2024/01/10,38167224,CSV,ftp://ftp.ncbi.nlm.nih.gov/geo/series/GSE230nnn/GSE230536/,True,neoadjuvant;pCR;transcriptomic
GSE230881,IRSN-23 Prospective Analyses,Homo sapiens,GPL570,Expression profiling by array,263,2023/05/19,40128415,CEL,ftp://ftp.ncbi.nlm.nih.gov/geo/series/GSE230nnn/GSE230881/,True,pCR;chemotherapy
GSE231629,Microarray gene expression profiles from female ER-positive HER2-normal breast cancer patients,Homo sapiens,GPL570,Expression profiling by array,109,2023/05/09,37258527,CEL,ftp://ftp.ncbi.nlm.nih.gov/geo/series/GSE231nnn/GSE231629/,True,neoadjuvant;gene expression
GSE232764,TBCRC 039: A phase II study of preoperative ruxolitinib with or without paclitaxel for triple-negative inflammatory breast cancer,Homo sapiens,GPL24676,Expression profiling by high throughput sequencing,17,2024/02/07,38297352,CSV,ftp://ftp.ncbi.nlm.nih.gov/geo/series/GSE232nnn/GSE232764/,True,neoadjuvant;pCR
GSE234171,Long-term multi-modal recording reveals epigenetic adaptation routes in dormant breast cancer cells [RNA-Seq],Homo sapiens,GPL24676,Expression profiling by high throughput sequencing,51,2024/04/16,38527495,TSV,ftp://ftp.ncbi.nlm.nih.gov/geo/series/GSE234nnn/GSE234171/,True,neoadjuvant;transcriptomic
GSE234181,Long-term multi-modal recording reveals epigenetic adaptation routes in dormant breast cancer cells [scRNA-Seq],Homo sapiens,GPL24676,Expression profiling by high throughput sequencing,184,2024/04/16,38527495,ZIP,ftp://ftp.ncbi.nlm.nih.gov/geo/series/GSE234nnn/GSE234181/,True,neoadjuvant;transcriptomic
GSE234519,NSABP B-41: A Study of AC Followed by a Combination of Paclitaxel Plus Trastuzumab or Lapatinib or Both Given Before Surgery to Patients With Operable HER2 Positive Invasive Breast Cancer,Homo sapiens,GPL24676,Expression profiling by high throughput sequencing,245,2024/06/03,38546612,TXT,ftp://ftp.ncbi.nlm.nih.gov/geo/series/GSE234nnn/GSE234519/,True,neoadjuvant
GSE235052,Identification of a Notch transcriptomic signature for breast cancer [dataset1],Homo sapiens,GPL16791,Expression profiling by high throughput sequencing,155,2024/01/05,38172915,TXT,ftp://ftp.ncbi.nlm.nih.gov/geo/series/GSE235nnn/GSE235052/,True,neoadjuvant;transcriptomic
GSE236749,Identification of a Notch transcriptomic signature for breast cancer [dataset2],Homo sapiens,GPL24676,Expression profiling by high throughput sequencing,106,2024/01/05,38172915,"TSV, TXT",ftp://ftp.ncbi.nlm.nih.gov/geo/series/GSE236nnn/GSE236749/,True,neoadjuvant;transcriptomic
GSE240671,Stranded bulk Illumina RNASeq of human mammary tumors before and after neoadjuvant chemotherapy treatment,Homo sapiens,GPL24676,Expression profiling by high throughput sequencing,122,2024/02/28,38374113,CSV,ftp://ftp.ncbi.nlm.nih.gov/geo/series/GSE240nnn/GSE240671/,True,neoadjuvant;chemotherapy;gene expression
GSE243375,HER2 heterogeneity and treatment response-associated profiles in HER2-positive breast cancer in the NCT02326974 clinical trial ,Homo sapiens,GPL24676,Expression profiling by high throughput sequencing,287,2024/02/29,38300710,CSV,ftp://ftp.ncbi.nlm.nih.gov/geo/series/GSE243nnn/GSE243375/,True,neoadjuvant;treatment response;transcriptomic
GSE245132,Gene expression profiling of HER2-positive breast cancer samples collected at baseline and at surgery from patients who did not achieve pathological complete response after trastuzumab-based neoadjuvant biochemotherapy.,Homo sapiens,GPL23159,Expression profiling by array,64,2025/01/29,39833955,CEL,ftp://ftp.ncbi.nlm.nih.gov/geo/series/GSE245nnn/GSE245132/,True,neoadjuvant;pCR;chemotherapy;gene expression;transcriptomic
GSE24578,Basal gene expression of breast cancer cell lines,Homo sapiens,GPL571,Expression profiling by array,14,2010/10/08,21169407,CEL,ftp://ftp.ncbi.nlm.nih.gov/geo/series/GSE24nnn/GSE24578/,True,neoadjuvant;gene expression
GSE24716,Expression data from CD133+ and CD133- glioma cells,Homo sapiens,GPL571,Expression profiling by array,8,2010/10/16,21169407,CEL,ftp://ftp.ncbi.nlm.nih.gov/geo/series/GSE24nnn/GSE24716/,True,neoadjuvant
GSE24717,Using a Stem Cell-Based Signature to Guide Therapeutic Selection in Cancer,Homo sapiens,GPL571,Expression profiling by array,22,2010/10/16,21169407,CEL,ftp://ftp.ncbi.nlm.nih.gov/geo/series/GSE24nnn/GSE24717/,True,neoadjuvant
GSE250156,An inflamed tumor cell subpopulation promotes chemotherapy resistance in triple negative breast cancer [scRNA-Seq],Homo sapiens,GPL16791,Expression profiling by high throughput sequencing,5,2023/12/18,38355954,"MTX, TSV",ftp://ftp.ncbi.nlm.nih.gov/geo/series/GSE250nnn/GSE250156/,True,neoadjuvant;chemotherapy;transcriptomic
GSE250157,An inflamed tumor cell subpopulation promotes chemotherapy resistance in triple negative breast cancer [RNA-Seq],Homo sapiens,GPL24676,Expression profiling by high throughput sequencing,8,2023/12/18,38355954,TXT,ftp://ftp.ncbi.nlm.nih.gov/geo/series/GSE250nnn/GSE250157/,True,neoadjuvant;chemotherapy;transcriptomic
GSE25055,Discovery cohort for genomic predictor of response and survival following neoadjuvant taxane-anthracycline chemotherapy in breast cancer,Homo sapiens,GPL96,Expression profiling by array,310,2011/05/11,21558518;36293478,CEL,ftp://ftp.ncbi.nlm.nih.gov/geo/series/GSE25nnn/GSE25055/,True,neoadjuvant;chemotherapy;gene expression
GSE25065,Validation cohort for genomic predictor of response and survival following neoadjuvant taxane-anthracycline chemotherapy in breast cancer,Homo sapiens,GPL96,Expression profiling by array,198,2011/05/11,21558518;36293478,CEL,ftp://ftp.ncbi.nlm.nih.gov/geo/series/GSE25nnn/GSE25065/,True,neoadjuvant;chemotherapy;gene expression
GSE25066,Genomic predictor of response and survival following neoadjuvant taxane-anthracycline chemotherapy in breast cancer,Homo sapiens,GPL96,Expression profiling by array,508,2011/05/11,21558518;24337596;36293478,"CEL, TXT",ftp://ftp.ncbi.nlm.nih.gov/geo/series/GSE25nnn/GSE25066/,True,neoadjuvant;chemotherapy
GSE255359,High mechanical conditioning by tumor extracellular matrix stiffness is a predictive biomarker for anti-fibrotic therapy in HER2-negative breast cancer,Homo sapiens,GPL21697,Expression profiling by high throughput sequencing,108,2024/08/19,39283720,CSV,ftp://ftp.ncbi.nlm.nih.gov/geo/series/GSE255nnn/GSE255359/,True,neoadjuvant
GSE260693,Breast cancer-subtype and infiltrating macrophage signatures predict chemotherapy-response and survival,Homo sapiens,GPL24676,Expression profiling by high throughput sequencing,73,2024/03/20,,CSV,ftp://ftp.ncbi.nlm.nih.gov/geo/series/GSE260nnn/GSE260693/,True,neoadjuvant;chemotherapy;treatment response
GSE260989,Phase 1 Trial Combining Neoadjuvant Chemotherapy with Chemokine Modulatory Regimen for Triple Negative Breast Cancer,Homo sapiens,GPL24676,Expression profiling by high throughput sequencing,14,2024/11/27,39542655,CSV,ftp://ftp.ncbi.nlm.nih.gov/geo/series/GSE260nnn/GSE260989/,True,neoadjuvant;pCR;chemotherapy;transcriptomic
GSE261774,SPP1+ macrophages in HR+ breast cancer are associated with tumour-infiltrating lymphocytes.,Homo sapiens,GPL24676,Expression profiling by high throughput sequencing,21,2024/10/09,39349495,H5,ftp://ftp.ncbi.nlm.nih.gov/geo/series/GSE261nnn/GSE261774/,True,neoadjuvant;chemotherapy;transcriptomic
GSE264197,Inosine Monophosphate Dehydrogenase 2 (IMPDH2) Modulates Response to Therapy and Chemo-Resistance in Triple Negative Breast Cancer,Homo sapiens,GPL18573,Expression profiling by high throughput sequencing,9,2025/01/07,39774345,TXT,ftp://ftp.ncbi.nlm.nih.gov/geo/series/GSE264nnn/GSE264197/,True,neoadjuvant;chemotherapy
GSE264252,Targeting neddylation and sumoylation in chemoresistant triple negative breast cancer,Homo sapiens,GPL24676,Expression profiling by high throughput sequencing,34,2024/05/17,38802426,TXT,ftp://ftp.ncbi.nlm.nih.gov/geo/series/GSE264nnn/GSE264252/,True,neoadjuvant;chemotherapy;transcriptomic
GSE267543,Integrative miRNOMe profiling reveals the miR-195-5p-CHEK1 axis and its impact on luminal breast cancer outcomes ,Homo sapiens,GPL25134,Non-coding RNA profiling by array,101,2025/05/15,,TXT,ftp://ftp.ncbi.nlm.nih.gov/geo/series/GSE267nnn/GSE267543/,True,neoadjuvant;chemotherapy
GSE268662,Multi-omic analysis identifies metabolic biomarkers for early detection of breast cancer and prediction of therapeutic responses,Homo sapiens,GPL24676,Expression profiling by high throughput sequencing,9,2024/08/03,39252976,"MTX, TSV",ftp://ftp.ncbi.nlm.nih.gov/geo/series/GSE268nnn/GSE268662/,True,neoadjuvant;chemotherapy;transcriptomic
GSE270967,LncRNA expression profile is associated with neoadjuvant chemotherapy resistance in luminal B breast cancer,Homo sapiens,GPL16791,Expression profiling by high throughput sequencing,20,2024/08/27,39125649,CSV,ftp://ftp.ncbi.nlm.nih.gov/geo/series/GSE270nnn/GSE270967/,True,neoadjuvant;chemotherapy;transcriptomic
GSE271080,Randomized phase II trial of preoperative fulvestrant with or without enzalutamide for ER+/Her2- primary breast cancer,Homo sapiens,GPL20301,Expression profiling by high throughput sequencing,86,2024/06/30,39368973,TXT,ftp://ftp.ncbi.nlm.nih.gov/geo/series/GSE271nnn/GSE271080/,True,neoadjuvant
GSE275065,NSABP B-41: A Study of AC Followed by a Combination of Paclitaxel Plus Trastuzumab or Lapatinib or Both Given Before Surgery to Patients With Operable HER2 Positive Invasive Breast Cancer [B41_27_POST],Homo sapiens,GPL24676,Expression profiling by high throughput sequencing,27,2025/08/13,39706338,TXT,ftp://ftp.ncbi.nlm.nih.gov/geo/series/GSE275nnn/GSE275065/,True,neoadjuvant;pCR;chemotherapy
GSE279219,Early downmodulation of tumor glycolysis predicts response to fasting-mimicking diet in triple-negative breast cancer patients,Homo sapiens,GPL24676,Expression profiling by high throughput sequencing,24,2024/10/15,39694040,"MTX, TSV",ftp://ftp.ncbi.nlm.nih.gov/geo/series/GSE279nnn/GSE279219/,True,pCR;chemotherapy
GSE280902,Identification of neoadjuvant chemotherapy response transcriptomic meta-signatures in invasive breast cancer in Latino patients,Homo sapiens,GPL30173,Expression profiling by high throughput sequencing,58,2025/12/17,41366282,TXT,ftp://ftp.ncbi.nlm.nih.gov/geo/series/GSE280nnn/GSE280902/,True,neoadjuvant;chemotherapy;gene expression;transcriptomic
GSE283272,Neoadjuvant HER2 inhibition induces ESR1 DNA methylation alterations resulting in clinically relevant ER expression changes in breast cancer,Homo sapiens,GPL21145,Methylation profiling by genome tiling array,22,2024/12/16,39676516,"IDAT, TXT",ftp://ftp.ncbi.nlm.nih.gov/geo/series/GSE283nnn/GSE283272/,True,neoadjuvant
GSE283522,The spatially informed mFISHseq assay resolves biomarker discordance and predicts treatment response in breast cancer,Homo sapiens,GPL24676,Expression profiling by high throughput sequencing,1254,2024/12/23,39747865,TXT,ftp://ftp.ncbi.nlm.nih.gov/geo/series/GSE283nnn/GSE283522/,True,neoadjuvant;treatment response;transcriptomic
GSE283791,A Pilot Phase II Study of Neoadjuvant Fulvestrant plus Abemaciclib in Women with Advanced Low-Grade Serous Carcinoma,Homo sapiens,GPL24676,Expression profiling by high throughput sequencing,6,2026/04/12,42374029,TSV,ftp://ftp.ncbi.nlm.nih.gov/geo/series/GSE283nnn/GSE283791/,True,neoadjuvant;pCR;chemotherapy
GSE284956,Overcoming intrinsic mechanisms of cell cycle inhibitor resistance in estrogen receptor-positive (ER+) breast cancer,Homo sapiens,GPL24676,Expression profiling by high throughput sequencing,180,2026/07/01,,TSV,ftp://ftp.ncbi.nlm.nih.gov/geo/series/GSE284nnn/GSE284956/,True,neoadjuvant;transcriptomic
GSE285485,TREM2+ Macrophage Infiltration Underlies Breast Cancer Lung Metastasis due to Paclitaxel Treatment,Homo sapiens,GPL24676,Expression profiling by high throughput sequencing,6,2025/11/16,41629331,XLSX,ftp://ftp.ncbi.nlm.nih.gov/geo/series/GSE285nnn/GSE285485/,True,neoadjuvant;chemotherapy;transcriptomic
GSE286213,Mapping cell-cell fusion at single-cell resolution [scRNA-seq],Homo sapiens,GPL24676,Expression profiling by high throughput sequencing,2,2025/01/21,,"CSV, MTX, RDS, TXT",ftp://ftp.ncbi.nlm.nih.gov/geo/series/GSE286nnn/GSE286213/,True,treatment response;transcriptomic
GSE28796,Gene expression profiles of pretreatment biopsies from dose-dense-docetaxel-treated breast cancers,Homo sapiens,GPL570,Expression profiling by array,24,2011/04/22,21633166,CEL,ftp://ftp.ncbi.nlm.nih.gov/geo/series/GSE28nnn/GSE28796/,True,neoadjuvant;pCR;gene expression
GSE289825,Single-cell transcriptomic profiling of immune landscape in triple-negative breast cancer during neoadjuvant chemotherapy,Homo sapiens,GPL30173,Expression profiling by high throughput sequencing,2,2025/02/20,40624003,"TSV, TXT, ZIP",ftp://ftp.ncbi.nlm.nih.gov/geo/series/GSE289nnn/GSE289825/,True,neoadjuvant;pCR;chemotherapy;transcriptomic
GSE291966,An annotated biobank of triple negative breast cancer patient-derived xenografts featuring treatment-naïve and longitudinal samples throughout neoadjuvant chemotherapy,Homo sapiens,GPL20301;11154,Expression profiling by high throughput sequencing,92,2025/07/23,40801311,TXT,ftp://ftp.ncbi.nlm.nih.gov/geo/series/GSE291nnn/GSE291966/,True,neoadjuvant;chemotherapy;transcriptomic
GSE29561,Response prediction to neoadjuvant chemotherapy,Homo sapiens,GPL96,Expression profiling by array,22,2012/10/26,,CEL,ftp://ftp.ncbi.nlm.nih.gov/geo/series/GSE29nnn/GSE29561/,True,neoadjuvant;chemotherapy;gene expression
GSE296805,An immunological mechanism of resistance to CDK4/6 inhibitors in breast cancer,Homo sapiens,GPL24676,Expression profiling by high throughput sequencing,50,2025/05/09,40702362;40624238,H5AD,ftp://ftp.ncbi.nlm.nih.gov/geo/series/GSE296nnn/GSE296805/,True,neoadjuvant
GSE298644,Resistance to neoadjuvant talazoparib in triple-negative breast cancer mediated by BRN2-induced ATR/STAT3 pathways or Shieldin 2 subclone expansion,Homo sapiens,GPL20301,Expression profiling by high throughput sequencing,7,2026/03/24,41961819,TXT,ftp://ftp.ncbi.nlm.nih.gov/geo/series/GSE298nnn/GSE298644/,True,neoadjuvant;transcriptomic
GSE298828,I-SPY2 TRIAL RPPA data for ganitumab arm (and control arm),Homo sapiens,GPL35911,Protein profiling by protein array,221,2025/07/30,40905691,CSV,ftp://ftp.ncbi.nlm.nih.gov/geo/series/GSE298nnn/GSE298828/,True,neoadjuvant
GSE300475,Single cell RNA sequencing for longitudinal human peripheral blood from HR+ breast cancer patients treated with immunotherapy,Homo sapiens,GPL24676,Other; Expression profiling by high throughput sequencing,32,2025/07/09,40610460,"CSV, MTX, TSV, XLSX",ftp://ftp.ncbi.nlm.nih.gov/geo/series/GSE300nnn/GSE300475/,True,neoadjuvant
GSE300749,Cannabinoid CB2 receptor drives trastuzumab resistance and predicts durable anti-HER2 response,Homo sapiens,GPL24676,Expression profiling by high throughput sequencing,12,2026/01/01,42115409,SF,ftp://ftp.ncbi.nlm.nih.gov/geo/series/GSE300nnn/GSE300749/,True,neoadjuvant
GSE306386,BRMS1L promotes chemotherapy sensitivity by inhibiting autophagy in breast cancer,Homo sapiens,GPL24676,Expression profiling by high throughput sequencing,2,2025/10/21,41282485,CSV,ftp://ftp.ncbi.nlm.nih.gov/geo/series/GSE306nnn/GSE306386/,True,neoadjuvant;chemotherapy
GSE307574,Determinants of long-term response to patritumab deruxtecan (HER3-DXd) in breast cancer patient-derived xenografts,Homo sapiens,GPL24676,Expression profiling by high throughput sequencing,58,2025/11/28,41272064,XLSX,ftp://ftp.ncbi.nlm.nih.gov/geo/series/GSE307nnn/GSE307574/,True,chemotherapy;treatment response;transcriptomic
GSE307770,Epigenetic markers of tumor progression in breast cancer patients with high nodal involvement,Homo sapiens,GPL21145,Methylation profiling by genome tiling array,47,2026/09/03,,"IDAT, TXT",ftp://ftp.ncbi.nlm.nih.gov/geo/series/GSE307nnn/GSE307770/,True,neoadjuvant;transcriptomic
GSE309004,Molecular determinants of neoadjuvant chemotherapy resistance in breast cancer: An analysis of gene expression and tumor microenvironment,Homo sapiens,GPL18573,Expression profiling by high throughput sequencing,54,2025/12/02,41086192,TXT,ftp://ftp.ncbi.nlm.nih.gov/geo/series/GSE309nnn/GSE309004/,True,neoadjuvant;chemotherapy;gene expression;transcriptomic
GSE309752,ATP6V0D2 drives triple-negative breast cancer progression and inhibits cisplatin sensitivity by promoting PHLPP2 lysosomal degradation,Homo sapiens,GPL29480,Expression profiling by high throughput sequencing,6,2025/12/09,41312388,XLSX,ftp://ftp.ncbi.nlm.nih.gov/geo/series/GSE309nnn/GSE309752/,True,neoadjuvant;pCR;chemotherapy;transcriptomic
GSE310900,Gene expression profile of FFPE primary Her2-positive breast cancer samples from patient who were subjected to  neoadjuvant therapy,Homo sapiens,GPL23126,Expression profiling by array,13,2026/03/23,41790341,"CEL, CHP",ftp://ftp.ncbi.nlm.nih.gov/geo/series/GSE310nnn/GSE310900/,True,neoadjuvant;pCR;chemotherapy;gene expression;transcriptomic
GSE314386,Regulation of mitochondrial ROS by C15ORF48 in a basal cell subpopulation contributes to chemotherapy resistance in triple negative breast cancer,Homo sapiens,GPL24676,Expression profiling by high throughput sequencing,9,2026/02/27,41931605,"MTX, TSV",ftp://ftp.ncbi.nlm.nih.gov/geo/series/GSE314nnn/GSE314386/,True,neoadjuvant;chemotherapy
GSE318780,Transcriptome analysis of breast tumour tissue and adjacent normal,Homo sapiens,GPL24676,Expression profiling by high throughput sequencing,40,2026/04/21,42303597,CSV,ftp://ftp.ncbi.nlm.nih.gov/geo/series/GSE318nnn/GSE318780/,True,treatment response;transcriptomic
GSE319641,RNA-Seq profiling of pre- and on-treatment tumor samples from breast cancer patients enrolled in the NeoTRIP trial.,Homo sapiens,GPL18573,Expression profiling by high throughput sequencing,401,2026/05/26,42162664,TXT,ftp://ftp.ncbi.nlm.nih.gov/geo/series/GSE319nnn/GSE319641/,True,neoadjuvant;pCR;chemotherapy;gene expression;transcriptomic
GSE319840,Patient-derived cell lines unveil COL1A2 as a predictor of docetaxel resistance in breast cancer,Homo sapiens,GPL24676,Expression profiling by high throughput sequencing,12,2026/02/18,41846871,TXT,ftp://ftp.ncbi.nlm.nih.gov/geo/series/GSE319nnn/GSE319840/,True,neoadjuvant;pCR;chemotherapy
GSE32072,Expression data from breast cancer FNA and surgical specimens from patients,Homo sapiens,GPL96,Expression profiling by array,50,2012/01/17,22235097,CEL,ftp://ftp.ncbi.nlm.nih.gov/geo/series/GSE32nnn/GSE32072/,True,neoadjuvant;gene expression
GSE324721,Neoadjuvant Palbociclib Treatment Impacts Cell Cycle Progression of DCIS,Homo sapiens,GPL34284,Expression profiling by high throughput sequencing,24,2026/09/02,42649946,CSV,ftp://ftp.ncbi.nlm.nih.gov/geo/series/GSE324nnn/GSE324721/,True,neoadjuvant
GSE32603,Serial gene expression analysis in locally advanced breast cancer patients who failed to respond to neoadjuvant chemotherapy,Homo sapiens,GPL14668,Expression profiling by array,248,2015/06/12,26021444,GPR,ftp://ftp.ncbi.nlm.nih.gov/geo/series/GSE32nnn/GSE32603/,True,neoadjuvant;chemotherapy;gene expression
GSE32646,GSTP1 expression predicts poor pathological complete response to neoadjuvant chemotherapy in ER-negative breast cancer,Homo sapiens,GPL570,Expression profiling by array,115,2012/03/20,22320227,CEL,ftp://ftp.ncbi.nlm.nih.gov/geo/series/GSE32nnn/GSE32646/,True,neoadjuvant;pCR;chemotherapy
GSE327278,Analysis of transcriptional changes associated with acquired resistance to docetaxel in HR+/HER2- breast cancer cell line MCF-7,Homo sapiens,GPL30173,Expression profiling by high throughput sequencing,6,2026/07/14,42729982,XLS,ftp://ftp.ncbi.nlm.nih.gov/geo/series/GSE327nnn/GSE327278/,True,neoadjuvant;chemotherapy;gene expression;transcriptomic
GSE328653,Analysis of transcriptional changes associated with acquired resistance to taxanes and anthracyclines in HR+/HER2- breast cancer cell lines MCF-7 and ZR-75-1,Homo sapiens,GPL30173,Expression profiling by high throughput sequencing,12,2026/09/17,42729982,XLS,ftp://ftp.ncbi.nlm.nih.gov/geo/series/GSE328nnn/GSE328653/,True,neoadjuvant;chemotherapy;gene expression;transcriptomic
GSE331245,SMART: A Spatio-Molecular Atlas of Response Trajectories in Triple-Negative Breast Cancer,Homo sapiens,GPL18573,Other,23,2026/05/20,,"CSV, DCC, PKC",ftp://ftp.ncbi.nlm.nih.gov/geo/series/GSE331nnn/GSE331245/,True,neoadjuvant;chemotherapy;treatment response;transcriptomic
GSE336193,Zanidatamab in Patients with Early Stage HER2-positive Breast Cancer: The NeoZanHER Phase 2 Single-Arm Open-Label Trial,Homo sapiens,GPL34284,Expression profiling by high throughput sequencing,16,2026/06/23,,CSV,ftp://ftp.ncbi.nlm.nih.gov/geo/series/GSE336nnn/GSE336193/,True,neoadjuvant;pCR;chemotherapy
GSE33658,"A phase II neoadjuvant trial of anastrozole (A), fulvestrant (F) and gefitinib (I - iressa) in patients with newly diagnosed estrogen receptor positive breast cancer",Homo sapiens,GPL570,Expression profiling by array,22,2011/12/20,21792626,CEL,ftp://ftp.ncbi.nlm.nih.gov/geo/series/GSE33nnn/GSE33658/,True,neoadjuvant
GSE341330,Tracking CDK1 dynamics with a novel biosensor mouse and clinical cohorts to predict CDK4/6 inhibitor sensitivity in ER+ breast cancer,Homo sapiens,GPL24676,Expression profiling by high throughput sequencing,9,2026/09/23,,TSV,ftp://ftp.ncbi.nlm.nih.gov/geo/series/GSE341nnn/GSE341330/,True,neoadjuvant
GSE34138,"SERPINA6, BEX1, AGTR1, SLC26A3, and LAPTM4B are markers of resistance to neoadjuvant chemotherapy in HER2-negative breast cancer",Homo sapiens,GPL6884,Expression profiling by array,178,2012/12/01,23203637;28919995,TXT,ftp://ftp.ncbi.nlm.nih.gov/geo/series/GSE34nnn/GSE34138/,True,neoadjuvant;chemotherapy;gene expression
GSE344585,Gene expression analysis of HSD17B4 knock-out breast cancer cells,Homo sapiens,GPL29480,Expression profiling by high throughput sequencing,4,2026/09/01,,RESULTS,ftp://ftp.ncbi.nlm.nih.gov/geo/series/GSE344nnn/GSE344585/,True,pCR;gene expression
GSE37543,Subtype-specific response to bevacizumab is reflected in the metabolome and transcriptome of breast cancer xenografts,Homo sapiens,GPL6480,Expression profiling by array,60,2013/06/01,23142657;31088535,TXT,ftp://ftp.ncbi.nlm.nih.gov/geo/series/GSE37nnn/GSE37543/,True,treatment response;gene expression;transcriptomic
GSE37946,HER2-enriched tumor initiating cell (HTIC) genomic predictor of response following neoadjuvant trastuzumab-based chemotherapy in HER2+ breast cancer,Homo sapiens,GPL96,Expression profiling by array,50,2012/05/12,,CEL,ftp://ftp.ncbi.nlm.nih.gov/geo/series/GSE37nnn/GSE37946/,True,neoadjuvant;pCR;chemotherapy
GSE40049,Deregulated microRNAs in triple-negative breast cancer revealed by deep sequencing,Homo sapiens,GPL13393,Non-coding RNA profiling by high throughput sequencing,38,2015/03/01,25888956,TXT,ftp://ftp.ncbi.nlm.nih.gov/geo/series/GSE40nnn/GSE40049/,True,neoadjuvant;chemotherapy
GSE41656,Gene expression analysis of a series of HER2+ of breast tumors,Homo sapiens,GPL6884,Expression profiling by array,60,2013/10/22,24062158,TXT,ftp://ftp.ncbi.nlm.nih.gov/geo/series/GSE41nnn/GSE41656/,True,neoadjuvant;chemotherapy;treatment response;gene expression
GSE41998,Biomarker analysis of neoadjuvant Doxorubicin/Cyclophosphamide followed by Ixabepilone or Paclitaxel in early-stage breast cancer,Homo sapiens,GPL571,Expression profiling by array,279,2013/01/01,23340299,CEL,ftp://ftp.ncbi.nlm.nih.gov/geo/series/GSE41nnn/GSE41998/,True,neoadjuvant;gene expression
GSE42822,Expression data from breast cancer FNA biopsies from patients ( (USO samples),Homo sapiens,GPL96,Expression profiling by array,91,2012/12/11,23158478,CEL,ftp://ftp.ncbi.nlm.nih.gov/geo/series/GSE42nnn/GSE42822/,True,neoadjuvant;chemotherapy
GSE4335,Norway/Stanford Breast Tumors,Homo sapiens,GPL180;2777;3047;3147;2778;2776;3045,Expression profiling by array,122,2006/03/07,12829800,,ftp://ftp.ncbi.nlm.nih.gov/geo/series/GSE4nnn/GSE4335/,True,neoadjuvant;gene expression
GSE43502,Identification of Prognosis-Relevant Subgroups in Patients with Chemoresistant Triple Negative Breast Cancer,Homo sapiens,GPL570,Expression profiling by array,25,2013/01/15,23549873,CEL,ftp://ftp.ncbi.nlm.nih.gov/geo/series/GSE43nnn/GSE43502/,True,neoadjuvant;chemotherapy
GSE43807,The expression profile of ABC transporter genes in post-treatment breast carcinomas,Homo sapiens,GPL16556,Expression profiling by RT-PCR,111,2013/03/01,23556449,TXT,ftp://ftp.ncbi.nlm.nih.gov/geo/series/GSE43nnn/GSE43807/,True,neoadjuvant;chemotherapy
GSE43816,Response to Neoadjuvant Chemotherapy in Triple Negative Breast tumors.,Homo sapiens,GPL11532,Expression profiling by array,14,2016/03/24,27006338,CEL,ftp://ftp.ncbi.nlm.nih.gov/geo/series/GSE43nnn/GSE43816/,True,neoadjuvant;chemotherapy;transcriptomic
GSE4382,Repeated observation of breast tumor subtypes in independent gene expression data sets,Homo sapiens,GPL3045;180;2776;2777;3507;3047;2778;3147,Expression profiling by array,167,2006/03/08,12829800,,ftp://ftp.ncbi.nlm.nih.gov/geo/series/GSE4nnn/GSE4382/,True,neoadjuvant;gene expression
GSE4779,A stroma-related gene signature predicts sensitivity to epirubicin-containing neoadjuvant chemotherapy in breast cancer.,Homo sapiens,GPL1352,Expression profiling by array,102,2008/12/19,19122658,CEL,ftp://ftp.ncbi.nlm.nih.gov/geo/series/GSE4nnn/GSE4779/,True,neoadjuvant;pCR;chemotherapy;gene expression
GSE48905,The NEWEST trial,Homo sapiens,GPL570,Expression profiling by array,42,2014/01/08,24505287,CEL,ftp://ftp.ncbi.nlm.nih.gov/geo/series/GSE48nnn/GSE48905/,True,neoadjuvant
GSE48906,Neoadjuvant anastrozole alone or with gefitinib in early breast cancer,Homo sapiens,GPL570,Expression profiling by array,96,2014/01/08,24505287,CEL,ftp://ftp.ncbi.nlm.nih.gov/geo/series/GSE48nnn/GSE48906/,True,neoadjuvant
GSE50948,Expression Data from transNOAH breast cancer trial,Homo sapiens,GPL570,Expression profiling by array,156,2014/01/21,24443618,CEL,ftp://ftp.ncbi.nlm.nih.gov/geo/series/GSE50nnn/GSE50948/,True,neoadjuvant;pCR;chemotherapy
GSE52322,Novel linkages between DCE-MRI and genomic profiling in locally advanced and inflammatory breast cancer,Homo sapiens,GPL570,Expression profiling by array,37,2014/03/31,16467094;25811737,CEL,ftp://ftp.ncbi.nlm.nih.gov/geo/series/GSE52nnn/GSE52322/,True,neoadjuvant;chemotherapy;gene expression
GSE5462,Letrozole (Femara) early response to treatment,Homo sapiens,GPL96,Expression profiling by array,116,2007/12/10,17885619;20646288,CEL,ftp://ftp.ncbi.nlm.nih.gov/geo/series/GSE5nnn/GSE5462/,True,neoadjuvant
GSE55374,Molecular changes in lobular breast cancers in response to endocrine therapy,Homo sapiens,GPL10558,Expression profiling by array,36,2014/08/11,25100562;26033813,TXT,ftp://ftp.ncbi.nlm.nih.gov/geo/series/GSE55nnn/GSE55374/,True,neoadjuvant;chemotherapy;gene expression
GSE58479,Predicting Response and Survival in Chemotherapy-Treated Triple-Negative Breast Cancer,Homo sapiens,GPL18800,Other,69,2014/08/11,25101563,"RCC, TXT",ftp://ftp.ncbi.nlm.nih.gov/geo/series/GSE58nnn/GSE58479/,True,neoadjuvant;chemotherapy;gene expression
GSE59515,Accurate prediction and validation of response to endocrine therapy in breast cancer,Homo sapiens,GPL10558,Expression profiling by array,75,2015/07/06,26033813,TXT,ftp://ftp.ncbi.nlm.nih.gov/geo/series/GSE59nnn/GSE59515/,True,neoadjuvant;transcriptomic
GSE60994,Exosome Transfer from Stromal to Breast Cancer Cells Regulates Therapy Resistance Pathways [set 1],Homo sapiens,GPL6244,Expression profiling by array,31,2014/10/24,25417103,CEL,ftp://ftp.ncbi.nlm.nih.gov/geo/series/GSE60nnn/GSE60994/,True,chemotherapy;treatment response;transcriptomic
GSE60995,Exosome Transfer from Stromal to Breast Cancer Cells Regulates Therapy Resistance Pathways [set 2],Homo sapiens,GPL6244,Expression profiling by array,16,2014/10/24,25417103,CEL,ftp://ftp.ncbi.nlm.nih.gov/geo/series/GSE60nnn/GSE60995/,True,chemotherapy;treatment response;transcriptomic
GSE60997,Analysis of exosome RNA from co-culture of cancer cell and stroma cell,Homo sapiens,GPL15520,Other; Expression profiling by high throughput sequencing,4,2014/10/24,25417103,TXT,ftp://ftp.ncbi.nlm.nih.gov/geo/series/GSE60nnn/GSE60997/,True,chemotherapy;treatment response;transcriptomic
GSE62327,Gene expression profiling of primary HER2-positive breast cancers treated with neoadjuvant trastuzumab,Homo sapiens,GPL14951,Expression profiling by array,24,2016/03/31,26334217,"PDF, TXT",ftp://ftp.ncbi.nlm.nih.gov/geo/series/GSE62nnn/GSE62327/,True,neoadjuvant;chemotherapy;gene expression
GSE6304,Gene Expression Profiles of Epigenetic treatment in primary breast cancer.,Homo sapiens,GPL2895,Expression profiling by array,4,2006/11/18,17183730,TXT,ftp://ftp.ncbi.nlm.nih.gov/geo/series/GSE6nnn/GSE6304/,True,neoadjuvant;gene expression
GSE63471,Implementing whole genome array for clinical use in academic centers: A randomized trial comparing neoadjuvant standard chemotherapy to genomic-driven chemotherapy in operable breast cancer (REMAGUS04 trial),Homo sapiens,GPL571,Expression profiling by array,142,2016/07/01,,CEL,ftp://ftp.ncbi.nlm.nih.gov/geo/series/GSE63nnn/GSE63471/,True,neoadjuvant;chemotherapy
GSE66305,Prospective biomarker analysis of the randomized CHER-LOB study evaluating the dual anti-HER2 treatment with chemotherapy plus trastuzumab and lapatinib as neoadjuvant therapy for HER2-positive breast cancer [expression],Homo sapiens,GPL570,Expression profiling by array,88,2015/10/06,26245675,CEL,ftp://ftp.ncbi.nlm.nih.gov/geo/series/GSE66nnn/GSE66305/,True,neoadjuvant;chemotherapy
GSE66398,Prospective biomarker analysis of the randomized CHER-LOB study evaluating the dual anti-HER2 treatment with chemotherapy plus trastuzumab and lapatinib as neoadjuvant therapy for HER2-positive breast cancer [copy number],Homo sapiens,GPL6801,Genome variation profiling by SNP array,68,2015/10/06,26245675,"CEL, CNCHP, TXT",ftp://ftp.ncbi.nlm.nih.gov/geo/series/GSE66nnn/GSE66398/,True,neoadjuvant;chemotherapy
GSE66399,Prospective biomarker analysis of the randomized CHER-LOB study evaluating the dual anti-HER2 treatment with chemotherapy plus trastuzumab and lapatinib as neoadjuvant therapy for HER2-positive breast cancer,Homo sapiens,GPL6801;570,Expression profiling by array; Genome variation profiling by SNP array,156,2015/10/06,26245675;27484801,"CEL, CNCHP",ftp://ftp.ncbi.nlm.nih.gov/geo/series/GSE66nnn/GSE66399/,True,neoadjuvant;chemotherapy
GSE66999,NCIC CTG MA.22  phase I/II trial of epirubicin and docetaxel in locally advanced breast cancer on 2-weekly or 3-weekly schedules,Homo sapiens,GPL6480,Expression profiling by array,76,2015/11/11,26543765,TXT,ftp://ftp.ncbi.nlm.nih.gov/geo/series/GSE66nnn/GSE66999/,True,neoadjuvant;gene expression
GSE67982,ColXα1 and Tumor Infiltrating Lymphocytes: a Marker of Response to Neoadjuvant Therapy in Estrogen Receptor and Human Epidermal Growth Factor Receptor 2 Positive Breast Cancer,Homo sapiens,GPL17586,Expression profiling by array,11,2015/09/08,,CEL,ftp://ftp.ncbi.nlm.nih.gov/geo/series/GSE67nnn/GSE67982/,True,neoadjuvant;chemotherapy;gene expression
GSE6861,Prediction of breast cancer pathological complete response to anthracycline/taxane chemotherapy.,Homo sapiens,GPL1352,Expression profiling by array,161,2007/11/23,18024211;25601208,CEL,ftp://ftp.ncbi.nlm.nih.gov/geo/series/GSE6nnn/GSE6861/,True,pCR;chemotherapy
GSE70233,caArray_harri-00137: Predictors of Resistance to Preoperative Trastuzumab and Vinorelbine for HER2-Positive Early Breast Cancer,Homo sapiens,GPL570,Expression profiling by array,22,2015/06/25,17317830,CEL,ftp://ftp.ncbi.nlm.nih.gov/geo/series/GSE70nnn/GSE70233/,True,pCR
GSE71258,Identification of genes associated with breast cancer micrometastatic disease in bone marrow disseminated tumor cells (DTCs),Homo sapiens,GPL570,Expression profiling by array,128,2015/12/16,26269605,CEL,ftp://ftp.ncbi.nlm.nih.gov/geo/series/GSE71nnn/GSE71258/,True,neoadjuvant;chemotherapy
GSE7513,Gene expression data from CD44+/CD24- cells sorted by flow cytometry,Homo sapiens,GPL570,Expression profiling by array,29,2009/08/15,19666588,CEL,ftp://ftp.ncbi.nlm.nih.gov/geo/series/GSE7nnn/GSE7513/,True,neoadjuvant;pCR;chemotherapy;gene expression;transcriptomic
GSE7515,Gene expression data from cancer mammospheres and bulk tumors,Homo sapiens,GPL570,Expression profiling by array,26,2009/08/15,19666588,CEL,ftp://ftp.ncbi.nlm.nih.gov/geo/series/GSE7nnn/GSE7515/,True,neoadjuvant;pCR;chemotherapy;gene expression;transcriptomic
GSE76726,Tumour sampling method can significantly influence gene expression profiles derived from neoadjuvant window studies I,Homo sapiens,GPL10558,Expression profiling by array,8,2016/08/08,27384960,TXT,ftp://ftp.ncbi.nlm.nih.gov/geo/series/GSE76nnn/GSE76726/,True,neoadjuvant;gene expression;transcriptomic
GSE76727,Tumour sampling method can significantly influence gene expression profiles derived from neoadjuvant window studies II,Homo sapiens,GPL10558,Expression profiling by array,66,2016/08/08,27384960,TXT,ftp://ftp.ncbi.nlm.nih.gov/geo/series/GSE76nnn/GSE76727/,True,neoadjuvant;gene expression;transcriptomic
GSE80077,Preoperative short-term hormone therapy for hormone receptor positive breast cancer,Homo sapiens,GPL571,Expression profiling by array,60,2017/04/19,28412725,CEL,ftp://ftp.ncbi.nlm.nih.gov/geo/series/GSE80nnn/GSE80077/,True,neoadjuvant;gene expression
GSE80333,Spatial proximity to fibroblasts impacts molecular features and therapeutic sensitivity of breast cancer cells influencing clinical outcomes,Homo sapiens,GPL16791;18573,Expression profiling by high throughput sequencing; Other,23,2016/09/28,27671678,TSV,ftp://ftp.ncbi.nlm.nih.gov/geo/series/GSE80nnn/GSE80333/,True,neoadjuvant;gene expression
GSE8465,A Phase II Study of Neoadjuvant Gemcitabine Plus Doxorubicin Followed by Gemcitabine Plus Cisplatin in Breast Cancer,Homo sapiens,GPL1390;887,Expression profiling by array,46,2008/01/12,18382427,,ftp://ftp.ncbi.nlm.nih.gov/geo/series/GSE8nnn/GSE8465/,True,neoadjuvant;pCR;chemotherapy;gene expression
GSE87455,Assessment of tumor pathological and transcriptional biomarkers in pre- and on-treatment core biopsies predictive of response and outcome after neoadjuvant chemotherapy plus Bevacizumab in patients with HER2-negative breast cancer,Homo sapiens,GPL10558,Expression profiling by array,275,2017/09/01,28940389;30228933;29136509,TXT,ftp://ftp.ncbi.nlm.nih.gov/geo/series/GSE87nnn/GSE87455/,True,neoadjuvant;chemotherapy;gene expression;transcriptomic
GSE93710,miR363-3p Mediates Maintenance and Chemoresistance of Breast Cancer Stem Cells,Homo sapiens,GPL22934,Non-coding RNA profiling by array,8,2020/01/13,,TXT,ftp://ftp.ncbi.nlm.nih.gov/geo/series/GSE93nnn/GSE93710/,True,neoadjuvant;chemotherapy
GSE95042,KDM4 inhibition targets breast cancer stem cells,Homo sapiens,GPL10558,Expression profiling by array,12,2018/04/10,28883001,TXT,ftp://ftp.ncbi.nlm.nih.gov/geo/series/GSE95nnn/GSE95042/,True,neoadjuvant;chemotherapy;gene expression
GSE99394,Molecular characterization of breast cancer circulating tumor cells (CTCs) associated with brain metastasis,Homo sapiens,GPL17586,Expression profiling by array,10,2017/05/31,28775303,"CEL, CHP",ftp://ftp.ncbi.nlm.nih.gov/geo/series/GSE99nnn/GSE99394/,True,treatment response
GSE100567,Buparlisib-treated Patient Derived Xenograft (PDX) Reversed Phase Protein Array (RPPA) Data,Homo sapiens,GPL23632,Protein profiling by protein array,288,2018/05/29,,TXT,ftp://ftp.ncbi.nlm.nih.gov/geo/series/GSE100nnn/GSE100567/,False,transcriptomic
GSE102088,Expression data from normal breast tissues,Homo sapiens,GPL17586,Expression profiling by array,114,2017/08/01,29383109,CEL,ftp://ftp.ncbi.nlm.nih.gov/geo/series/GSE102nnn/GSE102088/,False,gene expression;transcriptomic
GSE102367,c-Jun/AP-1 overexpression reprograms ERα signaling related to tamoxifen response in ERα-positive breast cancer [expression profiling],Homo sapiens,GPL23126,Expression profiling by array,18,2018/03/02,29467493,CEL,ftp://ftp.ncbi.nlm.nih.gov/geo/series/GSE102nnn/GSE102367/,False,transcriptomic
GSE10281,Letrozole (Femara) early response to treatment,Homo sapiens,GPL570,Expression profiling by array,36,2009/08/15,19666588,CEL,ftp://ftp.ncbi.nlm.nih.gov/geo/series/GSE10nnn/GSE10281/,False,chemotherapy
GSE103115,Cisplatin-induced gene expression changes in triple-negative breast cancer (TNBC) cells,Homo sapiens,GPL10558,Expression profiling by array,24,2017/08/26,31461651,TXT,ftp://ftp.ncbi.nlm.nih.gov/geo/series/GSE103nnn/GSE103115/,False,chemotherapy;gene expression
GSE103426,"Expression profiling of MDA-MB-231 and MDA-MB-468 after ALDH1A3 manipulation, all-trans retinoic acid treatment, decitabine treatment",Homo sapiens,GPL16686,Expression profiling by array,48,2017/11/06,29192143,"CEL, CHP",ftp://ftp.ncbi.nlm.nih.gov/geo/series/GSE103nnn/GSE103426/,False,gene expression;transcriptomic
GSE103520,Transcriptome-wide response to synthetic chromatin protein PcTF: Breast Cancer,Homo sapiens,GPL11154,Expression profiling by high throughput sequencing,27,2018/01/31,30253781,DIFF,ftp://ftp.ncbi.nlm.nih.gov/geo/series/GSE103nnn/GSE103520/,False,transcriptomic
GSE103744,Identification and validation of single sample breast cancer radiosensitivity gene expression predictors [Illumina HT12 v4 data],Homo sapiens,GPL10558,Expression profiling by array,172,2018/07/01,29973242,"CSV, TXT",ftp://ftp.ncbi.nlm.nih.gov/geo/series/GSE103nnn/GSE103744/,False,gene expression;transcriptomic
GSE103745,Identification and validation of single sample breast cancer radiosensitivity gene expression predictors [Nanostring custom assay data],Homo sapiens,GPL24000,Expression profiling by array,336,2018/07/01,29973242,CSV,ftp://ftp.ncbi.nlm.nih.gov/geo/series/GSE103nnn/GSE103745/,False,gene expression;transcriptomic
GSE104753,The role of LSD1 in Epithelial to Mesenchymal Transition,Homo sapiens,GPL16686,Expression profiling by array,4,2018/01/11,29311580,CEL,ftp://ftp.ncbi.nlm.nih.gov/geo/series/GSE104nnn/GSE104753/,False,chemotherapy;gene expression
GSE104754,LSD1 activation promotes inducible EMT programs and modulates the tumour microenvironment in breast cancer,Homo sapiens,GPL18573,Genome binding/occupancy profiling by high throughput sequencing,3,2018/01/11,29311580,"BED, BEDGRAPH",ftp://ftp.ncbi.nlm.nih.gov/geo/series/GSE104nnn/GSE104754/,False,chemotherapy;gene expression
GSE10510,Comparison between Estrogen receptor positive and Estrogen receptor negative breast cancer samples,Homo sapiens,GPL6486,Expression profiling by array,152,2008/09/17,18592372,GPR,ftp://ftp.ncbi.nlm.nih.gov/geo/series/GSE10nnn/GSE10510/,False,
GSE106782,"Genome-wide analysis of gene expression by IFNβ in Transformed HMEC (Epithelial/non-CSC, Mesenchymal/CSC)",Homo sapiens,GPL10558,Expression profiling by array,8,2017/11/12,29229854,"IDAT, TXT",ftp://ftp.ncbi.nlm.nih.gov/geo/series/GSE106nnn/GSE106782/,False,chemotherapy;gene expression;transcriptomic
GSE10893,"Basal-like Breast Cancer DNA copy number losses identify genes involved in genomic instability, response to therapy, and patient survival",Homo sapiens,GPL885;6607;5325;1390;8864;1708;887,Expression profiling by array; Genome variation profiling by genome tiling array; Genome variation profiling by SNP array,504,2011/11/06,22048815,,ftp://ftp.ncbi.nlm.nih.gov/geo/series/GSE10nnn/GSE10893/,False,gene expression
GSE111688,BRCA1 and BRCA2 classification of ovarian cancer,Homo sapiens,GPL17641,Genome variation profiling by genome tiling array,52,2021/12/31,34593530,PAIR,ftp://ftp.ncbi.nlm.nih.gov/geo/series/GSE111nnn/GSE111688/,False,chemotherapy
GSE113353,DAOY-NERT2 Notch/Hypoxia Transcriptome Analysis,Homo sapiens,GPL11154,Expression profiling by high throughput sequencing,12,2018/04/19,29993038,TXT,ftp://ftp.ncbi.nlm.nih.gov/geo/series/GSE113nnn/GSE113353/,False,transcriptomic
GSE113753,DAOY-Notch1/Notch2 knockout: transcriptome comparison,Homo sapiens,GPL16791,Expression profiling by high throughput sequencing,12,2018/04/28,29993038,TXT,ftp://ftp.ncbi.nlm.nih.gov/geo/series/GSE113nnn/GSE113753/,False,transcriptomic
GSE119937,Molecular Determinants of Post-Mastectomy Breast Cancer Recurrence,Homo sapiens,GPL11154,Expression profiling by high throughput sequencing,131,2018/09/14,30345349,TXT,ftp://ftp.ncbi.nlm.nih.gov/geo/series/GSE119nnn/GSE119937/,False,
GSE120798,Development and Characterisation of Acquired Radioresistant Breast Cancer Cell Lines.,Homo sapiens,GPL21697,Expression profiling by high throughput sequencing,29,2018/10/04,30987655;34442440,TXT,ftp://ftp.ncbi.nlm.nih.gov/geo/series/GSE120nnn/GSE120798/,False,gene expression;transcriptomic
GSE121944,Transcriptomic profiling of MDA-MD-231 and MDA-MB-231-LM1 cells isolated from mouse lungs at micrometastatic stage,Homo sapiens,GPL25741,Expression profiling by array,6,2020/02/17,32198421,CEL,ftp://ftp.ncbi.nlm.nih.gov/geo/series/GSE121nnn/GSE121944/,False,transcriptomic
GSE123603,"IL-6 augments IL-4-induced polarization of primary human macrophages through synergy of STAT3, STAT6 and BATF transcription factors",Homo sapiens,GPL18573,Expression profiling by high throughput sequencing,12,2018/12/11,30288360,XLSX,ftp://ftp.ncbi.nlm.nih.gov/geo/series/GSE123nnn/GSE123603/,False,gene expression;transcriptomic
GSE123631,BRCA2 abrogation triggers innate immune responses potentiated by treatment with PARP inhibitors,Homo sapiens,GPL20301,Expression profiling by high throughput sequencing,48,2018/12/11,31316060,TXT,ftp://ftp.ncbi.nlm.nih.gov/geo/series/GSE123nnn/GSE123631/,False,transcriptomic
GSE123832,"Pharmacogenomic Predictor of Sensitivity to Preoperative Chemotherapy With Paclitaxel and Fluorouracil, Doxorubicin, and Cyclophosphamide in Breast Cancer [MDA4]",Homo sapiens,,Expression profiling by array; Third-party reanalysis,,2018/12/14,,"TXT, XLSX",ftp://ftp.ncbi.nlm.nih.gov/geo/series/GSE123nnn/GSE123832/,False,chemotherapy;gene expression
GSE124027,Genome-wide maps of DNA methylation and gene expression for  multiple  regions  within  a  breast tumor [RRBS],Homo sapiens,GPL16791,Methylation profiling by high throughput sequencing,7,2020/01/01,33754068,TXT,ftp://ftp.ncbi.nlm.nih.gov/geo/series/GSE124nnn/GSE124027/,False,gene expression
GSE124030,Genome-wide maps of DNA methylation and gene expression for  multiple  regions  within  a  breast tumor [RNA-Seq],Homo sapiens,GPL16791,Expression profiling by high throughput sequencing,7,2020/01/01,33754068,TXT,ftp://ftp.ncbi.nlm.nih.gov/geo/series/GSE124nnn/GSE124030/,False,gene expression
GSE124224,ARID1A is a critical regulator of luminal identity and therapeutic response in oestrogen receptor-positive breast cancer (ATAC-Seq),Homo sapiens,GPL11154,Genome binding/occupancy profiling by high throughput sequencing,20,2019/11/13,31932695,BW,ftp://ftp.ncbi.nlm.nih.gov/geo/series/GSE124nnn/GSE124224/,False,gene expression;transcriptomic
GSE124225,ARID1A is a critical regulator of luminal identity and therapeutic response in oestrogen receptor-positive breast cancer (ChIP-Seq),Homo sapiens,GPL11154,Genome binding/occupancy profiling by high throughput sequencing,24,2019/11/13,31932695,BW,ftp://ftp.ncbi.nlm.nih.gov/geo/series/GSE124nnn/GSE124225/,False,gene expression;transcriptomic
GSE124227,ARID1A is a critical regulator of luminal identity and therapeutic response in oestrogen receptor-positive breast cancer (RNA-Seq),Homo sapiens,GPL11154,Expression profiling by high throughput sequencing,10,2019/11/13,31932695,TXT,ftp://ftp.ncbi.nlm.nih.gov/geo/series/GSE124nnn/GSE124227/,False,gene expression;transcriptomic
GSE130503,RNA-seq to profile the transcriptome changes induced by the EZH2 degrader MS1943,Homo sapiens,GPL16791,Expression profiling by high throughput sequencing,4,2019/11/17,31819273,TXT,ftp://ftp.ncbi.nlm.nih.gov/geo/series/GSE130nnn/GSE130503/,False,gene expression;transcriptomic
GSE130903,Short and long-term effects of CDK4/6 inhibition on early stage breast cancer,Homo sapiens,GPL11154,Expression profiling by high throughput sequencing,12,2019/08/30,31451564,TXT,ftp://ftp.ncbi.nlm.nih.gov/geo/series/GSE130nnn/GSE130903/,False,gene expression;transcriptomic
GSE131085,Interpheron-γ signaling is associated with BRCA-1 loss-of-function mutations in high grade serous ovarian cancer [RNA-seq],Homo sapiens,GPL9052,Expression profiling by high throughput sequencing,8,2019/12/31,31840082,CSV,ftp://ftp.ncbi.nlm.nih.gov/geo/series/GSE131nnn/GSE131085/,False,gene expression;transcriptomic
GSE131769,Genomic signature of the standardized uptake value in 18F-fluorodeoxyglucose positron emission tomography in breast cancer,Homo sapiens,GPL6947,Expression profiling by array,301,2020/03/18,32093417,TXT,ftp://ftp.ncbi.nlm.nih.gov/geo/series/GSE131nnn/GSE131769/,False,transcriptomic
GSE132207,Epigenetic remodelling of enhancers in response to estrogen deprivation and re-stimulation [RNA-Seq],Homo sapiens,GPL16791,Expression profiling by high throughput sequencing,15,2020/01/01,34403459,TXT,ftp://ftp.ncbi.nlm.nih.gov/geo/series/GSE132nnn/GSE132207/,False,gene expression;transcriptomic
GSE132288,ADAR1 role on transcriptome stability,Homo sapiens,GPL20301,Expression profiling by high throughput sequencing,18,2020/06/06,,TXT,ftp://ftp.ncbi.nlm.nih.gov/geo/series/GSE132nnn/GSE132288/,False,transcriptomic
GSE132510,Epigenetic remodelling of enhancers in response to estrogen deprivation and re-stimulation [ChIP-Seq],Homo sapiens,GPL18573,Genome binding/occupancy profiling by high throughput sequencing,7,2020/01/01,34403459,"BW, NARROWPEAK",ftp://ftp.ncbi.nlm.nih.gov/geo/series/GSE132nnn/GSE132510/,False,gene expression;transcriptomic
GSE132513,Epigenetic remodelling of enhancers in response to estrogen deprivation and re-stimulation [methylArray],Homo sapiens,GPL21145,Methylation profiling by genome tiling array,18,2020/01/01,34403459,"CSV, IDAT",ftp://ftp.ncbi.nlm.nih.gov/geo/series/GSE132nnn/GSE132513/,False,gene expression;transcriptomic
GSE133987,SUM159 BrCa Decitabine Gene Expression,Homo sapiens,GPL16686,Expression profiling by array,6,2020/06/01,,CEL,ftp://ftp.ncbi.nlm.nih.gov/geo/series/GSE133nnn/GSE133987/,False,chemotherapy;gene expression;transcriptomic
GSE135400,KDM1B is an important regulator of cytokine signaling in the tumor immune microenvironment and response to immune checkpoint therapy (RNA-seq),Homo sapiens; Mus musculus,GPL20795;21273,Expression profiling by high throughput sequencing,19,2021/06/01,,TXT,ftp://ftp.ncbi.nlm.nih.gov/geo/series/GSE135nnn/GSE135400/,False,
GSE135427,Identification of the KDM4B regulated transcriptome in the ER positive breast cancer cell line MCF-7,Homo sapiens,GPL10558,Expression profiling by array,4,2019/08/06,31390833,TXT,ftp://ftp.ncbi.nlm.nih.gov/geo/series/GSE135nnn/GSE135427/,False,gene expression;transcriptomic
GSE135565,Gene expression profiles of the standardized uptake value in 18F-fluorodeoxyglucose positron emission tomography in tripple negative breast cancer,Homo sapiens,GPL570,Expression profiling by array,84,2020/03/18,32093417,CEL,ftp://ftp.ncbi.nlm.nih.gov/geo/series/GSE135nnn/GSE135565/,False,gene expression;transcriptomic
GSE135710,Single-cell RNA-seq of B cell polustion in breast cancer patients,Homo sapiens; Mus musculus,GPL21273;20795,Expression profiling by high throughput sequencing,4,2020/03/13,32142650,"MTX, TSV",ftp://ftp.ncbi.nlm.nih.gov/geo/series/GSE135nnn/GSE135710/,False,neoadjuvant;chemotherapy
GSE135894,HOTAIRM1 suppresses Estrogen Receptor activity in breast cancer by restricting chromatin accessibility of pioneer factor FOXA1,Homo sapiens,GPL21290,Expression profiling by high throughput sequencing; Genome binding/occupancy profiling by high throughput sequencing,18,2023/08/15,,"BW, TSV",ftp://ftp.ncbi.nlm.nih.gov/geo/series/GSE135nnn/GSE135894/,False,gene expression;transcriptomic
GSE137356,Validation of the DNA Damage Immune Response (DDIR) Signature in Triple-Negative Breast Cancer (TNBC) Patients from the SWOG 9313c Trial,Homo sapiens,GPL23985,Expression profiling by array,394,2019/09/13,31657982,CEL,ftp://ftp.ncbi.nlm.nih.gov/geo/series/GSE137nnn/GSE137356/,False,chemotherapy
GSE139364,Drug-induced mitochondrial oxidative stress is responsible for various effects of the survivin inhibitor Sepantronium Bromide (YM155) in triple negative breast cancer cells,Homo sapiens,GPL16791,Expression profiling by high throughput sequencing,4,2020/10/24,,TXT,ftp://ftp.ncbi.nlm.nih.gov/geo/series/GSE139nnn/GSE139364/,False,chemotherapy;transcriptomic
GSE140185,ARID1A is a critical regulator of luminal identity and therapeutic response in oestrogen receptor-positive breast cancer (ChIP-seq II),Homo sapiens,GPL11154,Genome binding/occupancy profiling by high throughput sequencing,17,2019/11/13,31932695,BW,ftp://ftp.ncbi.nlm.nih.gov/geo/series/GSE140nnn/GSE140185/,False,gene expression;transcriptomic
GSE140186,ARID1A is a critical regulator of luminal identity and therapeutic response in oestrogen receptor-positive breast cancer (RNA-seq II),Homo sapiens,GPL11154,Expression profiling by high throughput sequencing,32,2019/11/13,31932695,TXT,ftp://ftp.ncbi.nlm.nih.gov/geo/series/GSE140nnn/GSE140186/,False,gene expression;transcriptomic
GSE140489,STING-dependent paracriny shapes apoptotic priming of breast tumors in response to anti-mitotic treatment,Homo sapiens,GPL570,Expression profiling by array,60,2019/11/21,31937780,CEL,ftp://ftp.ncbi.nlm.nih.gov/geo/series/GSE140nnn/GSE140489/,False,chemotherapy;gene expression
GSE140758,Synergistic targeting of estrogen-receptor positive breast cancers by MDM2 inhibition in combination with endocrine therapy or CDK4/6 inhibition,Homo sapiens,GPL16791,Expression profiling by high throughput sequencing,29,2020/04/01,32787886,CSV,ftp://ftp.ncbi.nlm.nih.gov/geo/series/GSE140nnn/GSE140758/,False,
GSE145325,RNA sequencing of ER+ breast tumor treated with letrozole,Homo sapiens,GPL21290,Expression profiling by high throughput sequencing,58,2020/07/01,33127913,CSV,ftp://ftp.ncbi.nlm.nih.gov/geo/series/GSE145nnn/GSE145325/,False,transcriptomic
GSE14550,Gene expression profiling of MCF7 breast cancer xenografts overexpressing podoplanin (human array),Homo sapiens; Mus musculus,GPL2986,Expression profiling by array,6,2010/05/25,20616339,TXT,ftp://ftp.ncbi.nlm.nih.gov/geo/series/GSE14nnn/GSE14550/,False,gene expression;transcriptomic
GSE14551,Gene expression profiling of tumor stroma of MCF7 breast cancer xenografts overexpressing podoplanin (mouse array),Homo sapiens; Mus musculus,GPL2995,Expression profiling by array,6,2010/05/25,20616339,TXT,ftp://ftp.ncbi.nlm.nih.gov/geo/series/GSE14nnn/GSE14551/,False,gene expression;transcriptomic
GSE14552,Gene expression profiling of MCF7 breast cancer xenografts overexpressing podoplanin,Mus musculus; Homo sapiens,GPL2995;2986,Expression profiling by array,12,2010/05/25,20616339,TXT,ftp://ftp.ncbi.nlm.nih.gov/geo/series/GSE14nnn/GSE14552/,False,gene expression
GSE145618,The STRIPAK complex regulates response to chemotherapy through p21 and p27,Homo sapiens,GPL18573,Expression profiling by high throughput sequencing,6,2020/03/17,32258031,TSV,ftp://ftp.ncbi.nlm.nih.gov/geo/series/GSE145nnn/GSE145618/,False,chemotherapy
GSE147942,Microglia coordinate the anti-tumor immune response to breast cancer brain metastasis [Foxn1 nu/nu 10X data],Homo sapiens; Mus musculus,GPL21103;25431,Expression profiling by high throughput sequencing,6,2023/09/01,37957324,"MTX, TSV, TXT",ftp://ftp.ncbi.nlm.nih.gov/geo/series/GSE147nnn/GSE147942/,False,transcriptomic
GSE147948,Microglia coordinate the anti-tumor immune response to breast cancer brain metastasis [MITRG 10X data],Homo sapiens; Mus musculus,GPL25526;24676,Expression profiling by high throughput sequencing,6,2023/09/01,37957324,TXT,ftp://ftp.ncbi.nlm.nih.gov/geo/series/GSE147nnn/GSE147948/,False,transcriptomic
GSE148186,Inhibition  of O-GlcNAc transferase activates tumor-suppressor gene expression in tamoxifen-resistant breast cancer cells,Homo sapiens,GPL10558,Expression profiling by array,16,2020/10/22,33046784,TXT,ftp://ftp.ncbi.nlm.nih.gov/geo/series/GSE148nnn/GSE148186/,False,gene expression;transcriptomic
GSE148444,Glucocorticoid Receptors are Required Effectors of TGFb1-Induced p38 MAPK Signaling to Advanced Cancer Phenotypes in Triple Negative Breast Cancer,Homo sapiens,GPL16791,Expression profiling by high throughput sequencing,12,2020/05/01,32357907,TXT,ftp://ftp.ncbi.nlm.nih.gov/geo/series/GSE148nnn/GSE148444/,False,transcriptomic
GSE148537,Store Independent Ca2+ Entry Regulates the DNA Damage Response Pathway in Breast Cancer Cells,Homo sapiens,GPL570,Expression profiling by array,4,2022/01/26,35063802,CEL,ftp://ftp.ncbi.nlm.nih.gov/geo/series/GSE148nnn/GSE148537/,False,chemotherapy
GSE149988,Comparative Analysis of the Development of Acquired Radioresistance in Canine and Human Mammary Cancer Cell Lines,Homo sapiens; Canis lupus familiaris,GPL28490,Expression profiling by high throughput sequencing,10,2020/07/08,32851022,TXT,ftp://ftp.ncbi.nlm.nih.gov/geo/series/GSE149nnn/GSE149988/,False,gene expression;transcriptomic
GSE150576,AKT/mTOR/HER/PI3K family genes and phospho-proteins as predictors of pCR for early stage breast cancer patients treated with the AKT inhibitor MK2206 in the I-SPY 2 TRIAL,Homo sapiens,GPL16233;28470;20078,Expression profiling by array; Protein profiling by protein array,288,2020/09/20,33083527;33767190,TXT,ftp://ftp.ncbi.nlm.nih.gov/geo/series/GSE150nnn/GSE150576/,False,
GSE151751,A Patient-Derived Xenograft Preclinical Model for Triple Negative Breast Cancer to Evaluate PDJ Amplicon Heterogeneity and Chemotherapeutic Induction,Homo sapiens,GPL19387,Genome variation profiling by genome tiling array,10,2020/06/04,,TXT,ftp://ftp.ncbi.nlm.nih.gov/geo/series/GSE151nnn/GSE151751/,False,
GSE152322,MiR-302b as a Combinatorial Therapeutic Approach to Improve Cisplatin Chemotherapy Efficacy in Human Triple Negative Breast Cancer,Homo sapiens,GPL10558,Expression profiling by array,23,2020/08/21,32806777,TXT,ftp://ftp.ncbi.nlm.nih.gov/geo/series/GSE152nnn/GSE152322/,False,chemotherapy;transcriptomic
GSE152360,Chromatin Accessibility differentiates Invasive Lobular from Invasive Ductal Breast cancer and Dictates Response to Endocrine Treatment,Homo sapiens,GPL18573,Expression profiling by high throughput sequencing,89,2022/08/31,35950920,BW,ftp://ftp.ncbi.nlm.nih.gov/geo/series/GSE152nnn/GSE152360/,False,chemotherapy;transcriptomic
GSE152361,Chromatin Accessibility differentiates Invasive Lobular from Invasive Ductal Breast cancer and Dictates Response to Endocrine Treatment,Homo sapiens,GPL18573,Genome binding/occupancy profiling by high throughput sequencing,12,2022/08/31,35950920,BW,ftp://ftp.ncbi.nlm.nih.gov/geo/series/GSE152nnn/GSE152361/,False,chemotherapy;transcriptomic
GSE152362,FOXA1 Shapes the Chromatin State of ILC and Drives Differential Response to Aromatase Inhibitors and Tamoxifen [ER ChIP-seq],Homo sapiens,GPL18573,Genome binding/occupancy profiling by high throughput sequencing,29,2022/08/31,35950920,BW,ftp://ftp.ncbi.nlm.nih.gov/geo/series/GSE152nnn/GSE152362/,False,chemotherapy;transcriptomic
GSE152363,FOXA1 Shapes the Chromatin State of ILC and Drives Differential Response to Aromatase Inhibitors and Tamoxifen [FOXA1 ChIP-seq],Homo sapiens,GPL18573,Genome binding/occupancy profiling by high throughput sequencing,9,2022/08/31,35950920,BW,ftp://ftp.ncbi.nlm.nih.gov/geo/series/GSE152nnn/GSE152363/,False,chemotherapy;transcriptomic
GSE152364,FOXA1 Shapes the Chromatin State of ILC and Drives Differential Response to Aromatase Inhibitors and Tamoxifen [GATA3 ChIP-seq],Homo sapiens,GPL18573,Genome binding/occupancy profiling by high throughput sequencing,8,2022/08/31,35950920,BW,ftp://ftp.ncbi.nlm.nih.gov/geo/series/GSE152nnn/GSE152364/,False,chemotherapy;transcriptomic
GSE152365,FOXA1 Shapes the Chromatin State of ILC and Drives Differential Response to Aromatase Inhibitors and Tamoxifen [H3K27ac ChIP-seq],Homo sapiens,GPL18573,Genome binding/occupancy profiling by high throughput sequencing,8,2022/08/31,35950920,BW,ftp://ftp.ncbi.nlm.nih.gov/geo/series/GSE152nnn/GSE152365/,False,chemotherapy;transcriptomic
GSE152366,FOXA1 Shapes the Chromatin State of ILC and Drives Differential Response to Aromatase Inhibitors and Tamoxifen [HiChIP-seq],Homo sapiens,GPL24676,Genome binding/occupancy profiling by high throughput sequencing,4,2022/08/31,35950920,BED,ftp://ftp.ncbi.nlm.nih.gov/geo/series/GSE152nnn/GSE152366/,False,chemotherapy;transcriptomic
GSE152512,FOXA1 Shapes the Chromatin State of ILC and Drives Differential Response to Aromatase Inhibitors and Tamoxifen [WGS],Homo sapiens,GPL20795,Other,4,2022/08/31,35950920,,ftp://ftp.ncbi.nlm.nih.gov/geo/series/GSE152nnn/GSE152512/,False,chemotherapy;transcriptomic
GSE153470,Molecular profiling of aromatase inhibitor-treated post-menopausal breast tumors identifies immunerelated correlates of resistance,Homo sapiens,GPL13376,Expression profiling by array,162,2020/06/29,23493347;24634384,TXT,ftp://ftp.ncbi.nlm.nih.gov/geo/series/GSE153nnn/GSE153470/,False,transcriptomic
GSE155657,m6A-seq assays and analysis of breast cancer MDA-MB-231 cells with or without PRMT5 overexpression and Doxrubicin treatment,Homo sapiens,GPL24676,Other,12,2022/01/01,,BW,ftp://ftp.ncbi.nlm.nih.gov/geo/series/GSE155nnn/GSE155657/,False,transcriptomic
GSE156445,Exploring the molecular mechanism of action of a mono-herbal formulation of Ayurveda Cesamplous pareira ,Homo sapiens,GPL17586,Expression profiling by array,18,2020/09/30,34635729,CEL,ftp://ftp.ncbi.nlm.nih.gov/geo/series/GSE156nnn/GSE156445/,False,gene expression;transcriptomic
GSE156470,Membrane Peptolytic Signals on a Fibroblast Subset Dictate Cancer Stem Cell Fate by Regulating Lipid Metabolism,Homo sapiens,GPL24676,Expression profiling by high throughput sequencing,6,2021/10/19,34363355,TXT,ftp://ftp.ncbi.nlm.nih.gov/geo/series/GSE156nnn/GSE156470/,False,chemotherapy
GSE156915,In-depth clinical and biological exploration of DNA Damage Immune Response (DDIR) as a biomarker for oxaliplatin use in colorectal cancer,Homo sapiens,GPL29069,Expression profiling by array,361,2020/12/31,33028592,CEL,ftp://ftp.ncbi.nlm.nih.gov/geo/series/GSE156nnn/GSE156915/,False,chemotherapy;transcriptomic
GSE157069,Transcriptome analysis of the circadian clock gene BMAL1 deletion with opposite carcinogenic effects,Homo sapiens,GPL20301,Expression profiling by high throughput sequencing,16,2020/08/29,33111200,TXT,ftp://ftp.ncbi.nlm.nih.gov/geo/series/GSE157nnn/GSE157069/,False,transcriptomic
GSE157323,Inhibiting DDX3X triggers tumor-intrinsic type I interferon response and enhances anti-tumor immunity,Homo sapiens,GPL16288,Expression profiling by high throughput sequencing,9,2020/09/03,,TXT,ftp://ftp.ncbi.nlm.nih.gov/geo/series/GSE157nnn/GSE157323/,False,gene expression;transcriptomic
GSE159724,Heat Shock Factor 1 (HSF1) supports the ESR1 action in breast cancer (ChIP-seq),Homo sapiens,GPL18460,Genome binding/occupancy profiling by high throughput sequencing,10,2021/10/21,34783649,"BED, TXT",ftp://ftp.ncbi.nlm.nih.gov/geo/series/GSE159nnn/GSE159724/,False,transcriptomic
GSE159802,Heat Shock Factor 1 (HSF1) supports the ESR1 action in breast cancer (RNA-seq),Homo sapiens,GPL18460,Expression profiling by high throughput sequencing,18,2021/10/19,34783649,TXT,ftp://ftp.ncbi.nlm.nih.gov/geo/series/GSE159nnn/GSE159802/,False,transcriptomic
GSE160497,A tumor suppressive relationship between mineralocorticoid and retinoic receptors activates a transcriptional program consistent with a reverse Warburg effect in breast cancer,Homo sapiens,GPL10558,Expression profiling by array,24,2020/10/31,,TXT,ftp://ftp.ncbi.nlm.nih.gov/geo/series/GSE160nnn/GSE160497/,False,transcriptomic
GSE162670,Laser capture microdissection and miRNA expression profiling of different tissue morphologies in triple-negative breast cancer,Homo sapiens; synthetic construct,GPL19117,Non-coding RNA profiling by array,74,2021/03/04,33664322,"CEL, RDATA, TXT",ftp://ftp.ncbi.nlm.nih.gov/geo/series/GSE162nnn/GSE162670/,False,
GSE163110,MDAMB231 transcriptome response to SKP2 knockdown,Homo sapiens,GPL24676,Expression profiling by high throughput sequencing,9,2020/12/14,,TXT,ftp://ftp.ncbi.nlm.nih.gov/geo/series/GSE163nnn/GSE163110/,False,transcriptomic
GSE16391,GGI: a potential predictor of relapse for endocrine-treated breast cancer patients in the BIG 1-98 trial,Homo sapiens,GPL570,Expression profiling by array,55,2009/07/09,19573224,"CEL, TXT",ftp://ftp.ncbi.nlm.nih.gov/geo/series/GSE16nnn/GSE16391/,False,chemotherapy;gene expression
GSE164385,H3K27me3 conditions chemotolerance in triple-negative breast cancer [scChIP-seq],Homo sapiens,GPL24676,Genome binding/occupancy profiling by high throughput sequencing,13,2022/02/15,37340307,"BW, CSV, TBI, TSV",ftp://ftp.ncbi.nlm.nih.gov/geo/series/GSE164nnn/GSE164385/,False,chemotherapy;transcriptomic
GSE164715,H3K27me3 conditions chemotolerance in triple-negative breast cancer [scRNA-seq],Homo sapiens,GPL24676,Expression profiling by high throughput sequencing,19,2022/02/15,37340307,"CSV, MTX, TSV",ftp://ftp.ncbi.nlm.nih.gov/geo/series/GSE164nnn/GSE164715/,False,chemotherapy;transcriptomic
GSE164716,H3K27me3 conditions chemotolerance in triple-negative breast cancer,Homo sapiens,GPL24676,Expression profiling by high throughput sequencing; Genome binding/occupancy profiling by high throughput sequencing,100,2022/02/15,37340307,"BW, MTX, TBI, TSV, VCF",ftp://ftp.ncbi.nlm.nih.gov/geo/series/GSE164nnn/GSE164716/,False,
GSE165407,Mammary-specific expression of Trim24 establishes a mouse model of human metaplastic breast cancer and nominates c-Met and TRIM24 as therapeutic targets,Homo sapiens,GPL11154,Expression profiling by high throughput sequencing,28,2021/06/25,34508101,TXT,ftp://ftp.ncbi.nlm.nih.gov/geo/series/GSE165nnn/GSE165407/,False,
GSE165914,Olaparib resistance and cisplatin responses in triple negative breast cancer,Homo sapiens,GPL16791,Expression profiling by high throughput sequencing,54,2021/07/22,34367977,CSV,ftp://ftp.ncbi.nlm.nih.gov/geo/series/GSE165nnn/GSE165914/,False,transcriptomic
GSE16716,MicroArray Quality Control Phase II (MAQC-II) Project,Rattus norvegicus; Homo sapiens; Mus musculus,GPL570;1261;96;1355,Expression profiling by array,1343,2010/02/04,20064235;20676074;27363682,"CEL, PDF",ftp://ftp.ncbi.nlm.nih.gov/geo/series/GSE16nnn/GSE16716/,False,neoadjuvant;pCR;chemotherapy;gene expression
GSE167481,Genome-wide synthetic lethal screen unveils novel CAIX – NFS1/xCT axis as a targetable vulnerability in hypoxic solid tumors.,Homo sapiens,GPL16791,Other,8,2021/08/28,34452919,TXT,ftp://ftp.ncbi.nlm.nih.gov/geo/series/GSE167nnn/GSE167481/,False,chemotherapy
GSE168410,Deconvolution of breast tumors for optimal chemotherapy selection,Homo sapiens,GPL18573,Expression profiling by high throughput sequencing,47,2021/12/10,34965952,CSV,ftp://ftp.ncbi.nlm.nih.gov/geo/series/GSE168nnn/GSE168410/,False,chemotherapy
GSE173411,Tepoxalin increases chemotherapy efficacy in drug-resistant breast cancer cells overexpressing the multidrug transporter gene ABCB1,Homo sapiens,GPL24676,Expression profiling by high throughput sequencing,8,2021/08/04,34298440,TXT,ftp://ftp.ncbi.nlm.nih.gov/geo/series/GSE173nnn/GSE173411/,False,chemotherapy
GSE174673,Signature of acquired resistance to fluvastatin,Homo sapiens,GPL23126,Expression profiling by array,6,2022/03/01,35296281,"CEL, CSV",ftp://ftp.ncbi.nlm.nih.gov/geo/series/GSE174nnn/GSE174673/,False,gene expression
GSE174692,MLK4 kinase regulates the DNA damage response and promotes triple-negative breast cancer chemoresistance,Homo sapiens,GPL24676,Expression profiling by high throughput sequencing,12,2021/11/28,,TXT,ftp://ftp.ncbi.nlm.nih.gov/geo/series/GSE174nnn/GSE174692/,False,chemotherapy;gene expression;transcriptomic
GSE175692,Gene expression profiles of breast cancer metastasis according to organ site,Homo sapiens,GPL30206,Expression profiling by array,184,2021/05/28,34051058,TXT,ftp://ftp.ncbi.nlm.nih.gov/geo/series/GSE175nnn/GSE175692/,False,gene expression
GSE176128,Long non-coding RNA landscape of patients biopsies from advanced Triple Negative Breast Cancer,Homo sapiens,GPL16686,Expression profiling by array,55,2021/06/04,34944876;36605097,CEL,ftp://ftp.ncbi.nlm.nih.gov/geo/series/GSE176nnn/GSE176128/,False,gene expression
GSE178235,Genome-wide DNA methylation analysis of HER2-positive breast cancer and stroma,Homo sapiens,GPL13534,Methylation profiling by array,43,2021/06/16,,,ftp://ftp.ncbi.nlm.nih.gov/geo/series/GSE178nnn/GSE178235/,False,
GSE178305,Exosomal-microRNA transcriptome profiling of Parental and CSC-like MDA-MB-231 cells in response to cisplatin treatment [NanoString],Homo sapiens,GPL28943,Non-coding RNA profiling by array,12,2022/06/20,,"RCC, TXT, XLSX",ftp://ftp.ncbi.nlm.nih.gov/geo/series/GSE178nnn/GSE178305/,False,transcriptomic
GSE178307,Exosomal-microRNA transcriptome profiling of Parental and CSC-like MDA-MB-231 cells in response to cisplatin treatment,Homo sapiens,GPL22790,Non-coding RNA profiling by high throughput sequencing,12,2022/06/20,,XLSX,ftp://ftp.ncbi.nlm.nih.gov/geo/series/GSE178nnn/GSE178307/,False,transcriptomic
GSE178310,Exosomal-microRNA transcriptome profiling of Parental and CSC-like MDA-MB-231 cells in response to cisplatin treatment,Homo sapiens,GPL22790;28943,Non-coding RNA profiling by array; Non-coding RNA profiling by high throughput sequencing,24,2022/06/20,,RCC,ftp://ftp.ncbi.nlm.nih.gov/geo/series/GSE178nnn/GSE178310/,False,transcriptomic
GSE179509,Distinctive properties of endothelial cells from tumor and normal tissue in human breast cancer,Homo sapiens,GPL18573,Expression profiling by high throughput sequencing,4,2022/07/05,37261072,TXT,ftp://ftp.ncbi.nlm.nih.gov/geo/series/GSE179nnn/GSE179509/,False,transcriptomic
GSE180878,A human breast transcriptome atlas,Homo sapiens,GPL20795,Expression profiling by high throughput sequencing,16,2022/05/25,35617956,CSV,ftp://ftp.ncbi.nlm.nih.gov/geo/series/GSE180nnn/GSE180878/,False,transcriptomic
GSE182288,Effect of ribociclib on breast cancer cells,Homo sapiens,GPL16791,Expression profiling by high throughput sequencing,12,2022/01/10,34944934,CSV,ftp://ftp.ncbi.nlm.nih.gov/geo/series/GSE182nnn/GSE182288/,False,
GSE18229,Phenotypic and Molecular Characterization of the Claudin-low Intrinsic Subtype of Breast Cancer,Homo sapiens,GPL887;5325;1390;885;6607;7504;1708,Expression profiling by array,372,2010/06/15,20813035,,ftp://ftp.ncbi.nlm.nih.gov/geo/series/GSE18nnn/GSE18229/,False,chemotherapy;gene expression
GSE182606,Dormancy-inducing 3D engineered matrix uncovers mechanosensitive and drug-protective FHL2-p21 signaling axis,Homo sapiens,GPL15520,Expression profiling by high throughput sequencing,9,2024/08/21,39504377,TXT,ftp://ftp.ncbi.nlm.nih.gov/geo/series/GSE182nnn/GSE182606/,False,chemotherapy
GSE18331,A phenotype-based model for rational selection of novel targeted therapies in treating aggressive breast cancer,Homo sapiens,GPL570,Expression profiling by array,14,2011/06/01,21772261,"CEL, CHP",ftp://ftp.ncbi.nlm.nih.gov/geo/series/GSE18nnn/GSE18331/,False,transcriptomic
GSE184156,Targeting metabolic adaptations in the breast cancer–liver metastatic niche using dietary approaches to improve endocrine therapy efficacy,Homo sapiens; Mus musculus,GPL11154;16512,Expression profiling by high throughput sequencing; Genome binding/occupancy profiling by high throughput sequencing,44,2022/06/15,35259269,"BW, CSV, TXT",ftp://ftp.ncbi.nlm.nih.gov/geo/series/GSE184nnn/GSE184156/,False,
GSE184455,Seviteronel plus chemotherapy is a new targeted combination therapy to treat triple-negative breast cancer,Homo sapiens,GPL24676,Expression profiling by high throughput sequencing,12,2023/12/03,,CSV,ftp://ftp.ncbi.nlm.nih.gov/geo/series/GSE184nnn/GSE184455/,False,chemotherapy
GSE184647,Androgen receptor signalling driving cancer stem cells (CSCs) state in triple-negative breast cancer,Homo sapiens,GPL16791,Expression profiling by high throughput sequencing,23,2023/12/03,,CSV,ftp://ftp.ncbi.nlm.nih.gov/geo/series/GSE184nnn/GSE184647/,False,chemotherapy
GSE185865,RNA Binding Protein CELF6 Modulates Expression and Alternative Splicing of Genes associated with Tumorigenesis in Non-small Cell Lung Cancer Cells.,Homo sapiens,GPL24676,Expression profiling by high throughput sequencing,6,2022/07/11,35910766,TXT,ftp://ftp.ncbi.nlm.nih.gov/geo/series/GSE185nnn/GSE185865/,False,gene expression;transcriptomic
GSE186004,Heat Shock Factor 1 (HSF1) regulates ESR1 action in breast cancer,Homo sapiens,GPL18460,Expression profiling by high throughput sequencing,12,2021/12/18,34783649,TXT,ftp://ftp.ncbi.nlm.nih.gov/geo/series/GSE186nnn/GSE186004/,False,transcriptomic
GSE1864,A genomic view of estrogen actions in human breast cancer cells,Homo sapiens,GPL970,Expression profiling by array,25,2004/10/27,15171711,,ftp://ftp.ncbi.nlm.nih.gov/geo/series/GSE1nnn/GSE1864/,False,chemotherapy;gene expression;transcriptomic
GSE186965,H3K27me3 conditions chemotolerance  in triple-negative breast cancer [ChIP-reChIP],Homo sapiens,GPL24676,Genome binding/occupancy profiling by high throughput sequencing,23,2022/02/15,37340307,"BED, BW, CSV",ftp://ftp.ncbi.nlm.nih.gov/geo/series/GSE186nnn/GSE186965/,False,chemotherapy;transcriptomic
GSE186966,H3K27me3 conditions chemotolerance  in triple-negative breast cancer [CUT&TAG],Homo sapiens,GPL24676,Genome binding/occupancy profiling by high throughput sequencing,18,2022/02/15,37340307,"BW, CSV",ftp://ftp.ncbi.nlm.nih.gov/geo/series/GSE186nnn/GSE186966/,False,chemotherapy;transcriptomic
GSE18908,Breast tumor subtypes correlate with prognosis,Homo sapiens,GPL5953,Expression profiling by array,111,2017/12/31,,GPR,ftp://ftp.ncbi.nlm.nih.gov/geo/series/GSE18nnn/GSE18908/,False,gene expression
GSE189274,CDK12 promotes tumorigenesis but induces vulnerability to therapies inhibiting folate one-carbon metabolism in breast cancer.,Mus musculus; Homo sapiens,GPL24247;24676,Expression profiling by high throughput sequencing,8,2022/02/22,35550508,TSV,ftp://ftp.ncbi.nlm.nih.gov/geo/series/GSE189nnn/GSE189274/,False,neoadjuvant;chemotherapy;transcriptomic
GSE190811, Single cell profiling of primary and paired metastatic lymph node tumors in breast cancer patients (10x Visium),Homo sapiens,GPL24676,Expression profiling by high throughput sequencing,4,2022/04/30,36357424,"CSV, H5, JPG, JSON, PNG",ftp://ftp.ncbi.nlm.nih.gov/geo/series/GSE190nnn/GSE190811/,False,
GSE190883,"PCW-1001, a novel pyrazole compound, modulates the expression of DNA damage response genes",Homo sapiens,GPL27026,Other,4,2021/12/15,35425705,RCC,ftp://ftp.ncbi.nlm.nih.gov/geo/series/GSE190nnn/GSE190883/,False,transcriptomic
GSE195712,RBCK1 is an Endogenous Inhibitor for Triple Negative Breast Cancer via Hippo/YAP axis,Homo sapiens,GPL23227,Expression profiling by high throughput sequencing,6,2022/02/05,36280829,XLSX,ftp://ftp.ncbi.nlm.nih.gov/geo/series/GSE195nnn/GSE195712/,False,chemotherapy;gene expression
GSE19594,SNP array data of breast cancer,Homo sapiens,GPL1266,SNP genotyping by SNP array; Genome variation profiling by SNP array,88,2009/12/23,20098429,"CEL, TXT",ftp://ftp.ncbi.nlm.nih.gov/geo/series/GSE19nnn/GSE19594/,False,chemotherapy
GSE196096,I-SPY2-990 mRNA/RPPA Data Resource,Homo sapiens,GPL30493;28470;20078,Expression profiling by array; Protein profiling by protein array,1724,2022/05/25,35623341;40905691,"TXT, XLSX",ftp://ftp.ncbi.nlm.nih.gov/geo/series/GSE196nnn/GSE196096/,False,chemotherapy;gene expression;transcriptomic
GSE199088,A novel small molecule targeting oncogenic PELP1 demonstrates anti-tumor activity in wild type and mutant estrogen receptor alpha-positive breast cancer,Homo sapiens,GPL18573,Expression profiling by high throughput sequencing,6,2022/11/02,35950923,TXT,ftp://ftp.ncbi.nlm.nih.gov/geo/series/GSE199nnn/GSE199088/,False,
GSE200029,FGFR inhibition reverses resistance to endocrine therapy by reducing expression of EMT-related genes,Homo sapiens,GPL24676,Expression profiling by high throughput sequencing,15,2022/08/01,,TXT,ftp://ftp.ncbi.nlm.nih.gov/geo/series/GSE200nnn/GSE200029/,False,gene expression
GSE202536,Doxorubicin response in a triple negative breast cancer cell model: long-term resistance versus short-term stress,Homo sapiens,GPL570,Expression profiling by array,15,2023/02/27,,CEL,ftp://ftp.ncbi.nlm.nih.gov/geo/series/GSE202nnn/GSE202536/,False,chemotherapy;transcriptomic
GSE202595,Diabetes-associated breast cancer has a distinct transcriptome and metabolome and shows DNA repair deficiency [ER positive cell lines],Homo sapiens,GPL21290,Expression profiling by high throughput sequencing,24,2023/11/07,37906280,TXT,ftp://ftp.ncbi.nlm.nih.gov/geo/series/GSE202nnn/GSE202595/,False,gene expression;transcriptomic
GSE202597,Diabetes-associated breast cancer has a distinct transcriptome and metabolome and shows DNA repair deficiency [CML exposed MDAMB231 cells],Homo sapiens,GPL18573,Expression profiling by high throughput sequencing,8,2023/11/07,37906280,TXT,ftp://ftp.ncbi.nlm.nih.gov/geo/series/GSE202nnn/GSE202597/,False,gene expression;transcriptomic
GSE202598,Diabetes-associated breast cancer has a distinct transcriptome and metabolome and shows DNA repair deficiency [MDAMB157 cell lines],Homo sapiens,GPL24676,Expression profiling by high throughput sequencing,8,2023/11/07,37906280,TXT,ftp://ftp.ncbi.nlm.nih.gov/geo/series/GSE202nnn/GSE202598/,False,gene expression;transcriptomic
GSE202599,Diabetes-associated breast cancer has a distinct transcriptome and metabolome and shows DNA repair deficiency [Xenografts],Homo sapiens,GPL18573,Expression profiling by high throughput sequencing,24,2023/11/07,37906280,TXT,ftp://ftp.ncbi.nlm.nih.gov/geo/series/GSE202nnn/GSE202599/,False,gene expression;transcriptomic
GSE202922,Diabetes-associated breast cancer has a distinct transcriptome and metabolome and shows DNA repair deficiency [Breast Tumors],Homo sapiens,GPL21290,Expression profiling by high throughput sequencing,73,2023/11/07,37906280,TXT,ftp://ftp.ncbi.nlm.nih.gov/geo/series/GSE202nnn/GSE202922/,False,gene expression;transcriptomic
GSE20361,Dynamic changes during adaptation to estrogen deprivation in MCF7 cell line,Homo sapiens,GPL570,Expression profiling by array,8,2010/09/01,20711236,CEL,ftp://ftp.ncbi.nlm.nih.gov/geo/series/GSE20nnn/GSE20361/,False,transcriptomic
GSE205243,A novel 3D co-culture model augmented with single-cell sequencing to study the response of breast cancer cells to cisplatin,Homo sapiens,GPL24676,Expression profiling by high throughput sequencing,3,2022/06/04,,TXT,ftp://ftp.ncbi.nlm.nih.gov/geo/series/GSE205nnn/GSE205243/,False,transcriptomic
GSE205568,A pooled treatment-curated breast cancer gene-expression dataset,Homo sapiens,,Expression profiling by array; Third-party reanalysis,,2024/03/09,,TSV,ftp://ftp.ncbi.nlm.nih.gov/geo/series/GSE205nnn/GSE205568/,False,gene expression
GSE20624,Breast Carcinomas arising at a Young Age:  A Unique Biology or a Surrogate for Aggressive Intrinsic Subtypes.,Homo sapiens,GPL887;5325;885;1390,Expression profiling by array,344,2010/09/01,21115855,,ftp://ftp.ncbi.nlm.nih.gov/geo/series/GSE20nnn/GSE20624/,False,gene expression
GSE20685,Microarray-based molecular subtyping of breast cancer,Homo sapiens,GPL570,Expression profiling by array,327,2011/04/24,21501481,CEL,ftp://ftp.ncbi.nlm.nih.gov/geo/series/GSE20nnn/GSE20685/,False,gene expression
GSE209533,Disulfiram/Cu induce ferroptosis in triple-negative breast cancer cells,Homo sapiens,GPL24676,Expression profiling by high throughput sequencing,6,2022/12/30,37664913,TXT,ftp://ftp.ncbi.nlm.nih.gov/geo/series/GSE209nnn/GSE209533/,False,transcriptomic
GSE210306,Integrated transcriptome analysis of radioresistant cells revealed genes and pathways predictive of tumor response to radiotherapy and chemotherapy in breast cancer,Homo sapiens,GPL6244,Expression profiling by array,8,2022/08/09,,"CEL, CHP",ftp://ftp.ncbi.nlm.nih.gov/geo/series/GSE210nnn/GSE210306/,False,chemotherapy;transcriptomic
GSE210680,Engineering Pluripotent DNA Methylation by CpG Island Methylation Response (CIMR) to Synthetic CpG-free ssDNA Insertion,Homo sapiens,GPL23976,Methylation profiling by genome tiling array,47,2023/06/21,37323577,"IDAT, IGV",ftp://ftp.ncbi.nlm.nih.gov/geo/series/GSE210nnn/GSE210680/,False,chemotherapy;transcriptomic
GSE212690,Beneficial effects of mifepristone treatment in breast cancer patients selected by the progesterone receptor isoform ratio: Results from the MIPRA trial,Homo sapiens,GPL24676,Expression profiling by high throughput sequencing,16,2022/10/17,36269797,TXT,ftp://ftp.ncbi.nlm.nih.gov/geo/series/GSE212nnn/GSE212690/,False,
GSE213029,Aerobic Exercise Training Rejuvenates the Human Skeletal Muscle Methylome Ten years after Breast Cancer Treatment and Survival,Homo sapiens,GPL21145,Methylation profiling by array,32,2022/09/12,36542473,"IDAT, TXT",ftp://ftp.ncbi.nlm.nih.gov/geo/series/GSE213nnn/GSE213029/,False,transcriptomic
GSE213228,Targeting IRAK2 in triple-negative breast cancer cells decreases cellular growth in vitro and delays tumor progression in murine models,Homo sapiens,GPL18573,Expression profiling by high throughput sequencing,18,2022/09/15,,"BIGWIG, XLSX",ftp://ftp.ncbi.nlm.nih.gov/geo/series/GSE213nnn/GSE213228/,False,transcriptomic
GSE218973,Spatial Profiling Identifies Prognostic Features of Response to Adjuvant Therapy in Triple Negative Breast Cancer (TNBC),Homo sapiens,GPL32896,Other,50,2022/11/29,35083152,CSV,ftp://ftp.ncbi.nlm.nih.gov/geo/series/GSE218nnn/GSE218973/,False,
GSE21997,Genomic predictors of response to doxorubicin versus docetaxel in breast cancer,Homo sapiens,GPL5325;1390;7504,Expression profiling by array,98,2011/05/27,21465170;22052985;21435434,,ftp://ftp.ncbi.nlm.nih.gov/geo/series/GSE21nnn/GSE21997/,False,
GSE22093,Expression data from breast cancer FNA biopsies from patients,Homo sapiens,GPL96,Expression profiling by array,103,2010/12/31,21191116;23185353,CEL,ftp://ftp.ncbi.nlm.nih.gov/geo/series/GSE22nnn/GSE22093/,False,chemotherapy
GSE221222,ATR/Chk1 interacting lncRNA modulates DNA damage response to induce breast cancer chemoresistance,Homo sapiens,GPL16956,Non-coding RNA profiling by array,12,2024/07/16,39148723,TXT,ftp://ftp.ncbi.nlm.nih.gov/geo/series/GSE221nnn/GSE221222/,False,
GSE225078,"A phase Ib trial evaluating the safety, efficacy, and immunologic effects of pembrolizumab plus paclitaxel or flat-dose capecitabine in 1st/2nd line metastatic triple-negative breast cancer",Homo sapiens,GPL20301,Expression profiling by high throughput sequencing,30,2023/02/17,37344474,CSV,ftp://ftp.ncbi.nlm.nih.gov/geo/series/GSE225nnn/GSE225078/,False,chemotherapy
GSE225762,PCMT1 knockdown attenuates malignant properties by globally regulating transcriptome profiles in triple-negative breast cancer cells,Homo sapiens,GPL24676,Expression profiling by high throughput sequencing,6,2023/10/05,37953789,TXT,ftp://ftp.ncbi.nlm.nih.gov/geo/series/GSE225nnn/GSE225762/,False,transcriptomic
GSE234475,Effect of HORMAD1 and CT83 Cancer/Testis Gene expression on human mammary epithelial cell line (HMLE),Homo sapiens,GPL24676,Expression profiling by high throughput sequencing,12,2024/02/12,,TSV,ftp://ftp.ncbi.nlm.nih.gov/geo/series/GSE234nnn/GSE234475/,False,chemotherapy;gene expression;transcriptomic
GSE236275,"Expression of PVRL4, a molecular target for cancer treatment, is transcriptionally regulated by FOS family protein",Homo sapiens,GPL17303,Expression profiling by high throughput sequencing,9,2023/07/31,38063270,TXT,ftp://ftp.ncbi.nlm.nih.gov/geo/series/GSE236nnn/GSE236275/,False,transcriptomic
GSE236419,Diabetes-associated breast cancer has a distinct transcriptome and metabolome and shows DNA repair deficiency [RNAseq-Hs578T],Homo sapiens,GPL24676,Expression profiling by high throughput sequencing,8,2023/11/07,37906280,TXT,ftp://ftp.ncbi.nlm.nih.gov/geo/series/GSE236nnn/GSE236419/,False,gene expression;transcriptomic
GSE236420,Diabetes-associated breast cancer has a distinct transcriptome and metabolome and shows DNA repair deficiency [RNAseq-MDA-MB-231_and_MDA-MB-468],Homo sapiens,GPL16791,Expression profiling by high throughput sequencing,16,2023/11/07,37906280,TXT,ftp://ftp.ncbi.nlm.nih.gov/geo/series/GSE236nnn/GSE236420/,False,gene expression;transcriptomic
GSE236681,Targeting Metabolic Adaptations in the Breast Cancer–Liver Metastatic Niche Using Dietary Approaches to Improve Endocrine Therapy Efficacy,Mus musculus; Homo sapiens,GPL25526,Expression profiling by high throughput sequencing,4,2023/07/13,35259269,"CSV, JPG, JSON, MTX, PNG, TIFF, TSV",ftp://ftp.ncbi.nlm.nih.gov/geo/series/GSE236nnn/GSE236681/,False,
GSE237984,MAGI1 prevents senescence and promotes the DNA damage response in ER+ breast cancer,Homo sapiens,GPL24676,Expression profiling by high throughput sequencing,13,2023/07/26,37566008,TXT,ftp://ftp.ncbi.nlm.nih.gov/geo/series/GSE237nnn/GSE237984/,False,transcriptomic
GSE23988,Expression data from breast cancer FNA biopsies from patients (US samples),Homo sapiens,GPL96,Expression profiling by array,61,2011/02/07,21191116,CEL,ftp://ftp.ncbi.nlm.nih.gov/geo/series/GSE23nnn/GSE23988/,False,
GSE240138,Bexmarilimab-induced macrophage activation leads to treatment benefit in solid tumors: the phase I/II first-in-human MATINS trial,Homo sapiens,GPL24676,Expression profiling by high throughput sequencing; Other,222,2023/10/26,38056464;40379271,"DCC, XLSX",ftp://ftp.ncbi.nlm.nih.gov/geo/series/GSE240nnn/GSE240138/,False,transcriptomic
GSE241785,Expression of vesicular miRNAs from plasma of Brazilian breast cancer patients diagnosed before 40 years old,Homo sapiens,GPL32484,Non-coding RNA profiling by array,24,2023/09/25,,"CSV, RCC",ftp://ftp.ncbi.nlm.nih.gov/geo/series/GSE241nnn/GSE241785/,False,
GSE241852,"Grainyhead-like-2, an epithelial master programmer, promotes interferon induction and suppresses breast cancer recurrence [RNA-Seq]",Homo sapiens,GPL20301,Expression profiling by high throughput sequencing,12,2024/04/26,38692097,TXT,ftp://ftp.ncbi.nlm.nih.gov/geo/series/GSE241nnn/GSE241852/,False,
GSE243238,Identification of tumor-intrinsic drivers of immune exclusion in acral melanoma,Homo sapiens,GPL18573,Expression profiling by high throughput sequencing,20,2023/10/20,37857525,CSV,ftp://ftp.ncbi.nlm.nih.gov/geo/series/GSE243nnn/GSE243238/,False,gene expression;transcriptomic
GSE243956,Ultradeep targeted methylation sequencing of BRCA1 promoter in paired tumor-normal samples from breast cancer patients,Homo sapiens,GPL15520,Methylation profiling by high throughput sequencing,819,2023/10/26,38053165,"TSV, TXT",ftp://ftp.ncbi.nlm.nih.gov/geo/series/GSE243nnn/GSE243956/,False,
GSE246198,Acidosis-mediated inhibition of cancer cell dissemination is restored by hypoxia via regulation of NHE1-dependent signaling,Homo sapiens,GPL18573,Expression profiling by high throughput sequencing,12,2025/10/24,,TXT,ftp://ftp.ncbi.nlm.nih.gov/geo/series/GSE246nnn/GSE246198/,False,
GSE246613,Single-cell and spatial profiling identify three response trajectories to pembrolizumab and radiation therapy in triple negative breast cancer,Homo sapiens; Mus musculus,GPL24676;24247,Expression profiling by high throughput sequencing,266,2024/01/01,38194915,"CSV, H5AD",ftp://ftp.ncbi.nlm.nih.gov/geo/series/GSE246nnn/GSE246613/,False,chemotherapy;transcriptomic
GSE248460,The micro RNA expression of 5 nomal breast tissues and 15 breast cancer tissues,Homo sapiens,GPL16791,Non-coding RNA profiling by high throughput sequencing,20,2024/11/20,,XLSX,ftp://ftp.ncbi.nlm.nih.gov/geo/series/GSE248nnn/GSE248460/,False,transcriptomic
GSE248830,Unlocking Molecular mechanisms and identifying druggable targets in matched-paired brain metastasis of Breast and Lung cancers ,Homo sapiens,GPL32069,Expression profiling by array,44,2023/12/03,,CSV,ftp://ftp.ncbi.nlm.nih.gov/geo/series/GSE248nnn/GSE248830/,False,gene expression
GSE251707,NRF2 activation by cysteine as a mechanism of survival for Triple Negative Breast Cancer cells,Homo sapiens,GPL18573,Expression profiling by high throughput sequencing,12,2025/03/12,38600165,TXT,ftp://ftp.ncbi.nlm.nih.gov/geo/series/GSE251nnn/GSE251707/,False,chemotherapy;transcriptomic
GSE252175,Multi-Omics molecular subtyping based on commensal microbiome predicts molecular characteristics and therapeutic response in Triple-Negative Breast Cancer [scRNA-seq],Homo sapiens,GPL24676,Expression profiling by high throughput sequencing,2,2024/05/17,38730464,"MTX, TSV",ftp://ftp.ncbi.nlm.nih.gov/geo/series/GSE252nnn/GSE252175/,False,transcriptomic
GSE252176,Multi-Omics molecular subtyping based on commensal microbiome predicts molecular characteristics and therapeutic response in Triple-Negative Breast Cancer [Spatial Transcriptome seq],Homo sapiens,GPL24676,Expression profiling by high throughput sequencing; Other,4,2024/05/17,38730464,"CSV, JPG, JSON, MTX, PNG, TSV",ftp://ftp.ncbi.nlm.nih.gov/geo/series/GSE252nnn/GSE252176/,False,transcriptomic
GSE252315,Basal epithelial subpopulations underlie and predict chemotherapy resistance in Triple-Negative Breast Cancer,Homo sapiens,GPL11154,Expression profiling by high throughput sequencing,21,2024/01/05,38480932,TXT,ftp://ftp.ncbi.nlm.nih.gov/geo/series/GSE252nnn/GSE252315/,False,chemotherapy;transcriptomic
GSE254558,Chemotherapy-driven de novo Wnt pathway activation dictates a dynamic shift to a drug-tolerant state in breast cancer cells,Homo sapiens,GPL20301,Expression profiling by high throughput sequencing,46,2025/09/25,41117706,"CSV, XLSX",ftp://ftp.ncbi.nlm.nih.gov/geo/series/GSE254nnn/GSE254558/,False,chemotherapy;transcriptomic
GSE255068,Tumor cells impair immunological synapse formation via central nervous system-enriched metabolite,Homo sapiens,GPL24676,Expression profiling by high throughput sequencing,3,2024/07/08,38821061,"TAR, TSV",ftp://ftp.ncbi.nlm.nih.gov/geo/series/GSE255nnn/GSE255068/,False,gene expression
GSE255107,STING signalling compensates for low tumour mutation burden to drive anti-tumour immunity,Homo sapiens,GPL24676,Expression profiling by high throughput sequencing,11,2024/02/10,38401418,"MTX, TSV",ftp://ftp.ncbi.nlm.nih.gov/geo/series/GSE255nnn/GSE255107/,False,chemotherapy
GSE255765,MCF-7 ESR1 drug response bulk RNA,Homo sapiens,GPL24676,Expression profiling by high throughput sequencing,64,2025/12/15,,"TAB, TXT",ftp://ftp.ncbi.nlm.nih.gov/geo/series/GSE255nnn/GSE255765/,False,transcriptomic
GSE255766,MCF-7 ESR1 drug response scRNA,Homo sapiens,GPL24676,Expression profiling by high throughput sequencing,6,2025/12/15,,"CSV, MTX, TXT",ftp://ftp.ncbi.nlm.nih.gov/geo/series/GSE255nnn/GSE255766/,False,transcriptomic
GSE259249,ZBTB7A is a modulator of KDM5-driven transcriptional networks in basal breast cancer  (RNA-Seq),Homo sapiens,GPL24676;20301,Expression profiling by high throughput sequencing,63,2024/10/14,39570746,CSV,ftp://ftp.ncbi.nlm.nih.gov/geo/series/GSE259nnn/GSE259249/,False,chemotherapy;gene expression;transcriptomic
GSE261815,"Immune microenvironment of premenopausal estrogen receptor-positive/HER2-negative advanced breast cancer in response to treatment of Pembrolizumab, exemestane, and leuprolide",Homo sapiens,GPL32069,Expression profiling by array,11,2024/10/28,39730000,RCC,ftp://ftp.ncbi.nlm.nih.gov/geo/series/GSE261nnn/GSE261815/,False,chemotherapy
GSE262268,Defects in CDK12 promote epigenetic plasticity through remodeling of the core transcription machinery (MeDIP-seq),Homo sapiens,GPL28038,Methylation profiling by high throughput sequencing,12,2026/05/15,41896195,BW,ftp://ftp.ncbi.nlm.nih.gov/geo/series/GSE262nnn/GSE262268/,False,transcriptomic
GSE263089,ESR1 and p53 Interactome Defines Mechanisms of Therapeutic Response to Tamoxifen Therapy in Luminal Breast Cancer Patients,Homo sapiens,GPL16791,Expression profiling by high throughput sequencing,35,2024/06/28,38868185,CSV,ftp://ftp.ncbi.nlm.nih.gov/geo/series/GSE263nnn/GSE263089/,False,transcriptomic
GSE263161,ZBTB7A is a modulator of KDM5-driven transcriptional networks in basal breast cancer  (scRNA-seq),Homo sapiens,GPL24676,Expression profiling by high throughput sequencing,4,2024/10/14,39570746,H5,ftp://ftp.ncbi.nlm.nih.gov/geo/series/GSE263nnn/GSE263161/,False,chemotherapy;transcriptomic
GSE26338,"Genomic analysis identifies unique signatures predictive of brain, lung, and liver relapse",Homo sapiens,GPL1390;1708;5325;885;1197;6607;887,Expression profiling by array,414,2011/06/20,21671017,,ftp://ftp.ncbi.nlm.nih.gov/geo/series/GSE26nnn/GSE26338/,False,gene expression
GSE26639,Expression Data from 226 patients of the REMAGUS02 trial,Homo sapiens,GPL570,Expression profiling by array,226,2011/06/08,21631949,CEL,ftp://ftp.ncbi.nlm.nih.gov/geo/series/GSE26nnn/GSE26639/,False,transcriptomic
GSE26666,"miR148b is a major coordinator of breast cancer progression in a relapse-associated microRNA signature by targeting ITGA5, ROCK1, PIK3CA, NRAS and CSF1",Homo sapiens,GPL6480;8227,Non-coding RNA profiling by array; Expression profiling by array,102,2012/12/16,23233531,TXT,ftp://ftp.ncbi.nlm.nih.gov/geo/series/GSE26nnn/GSE26666/,False,chemotherapy
GSE266919,Distinct Cellular Mechanisms Underlie Chemotherapies and Their Combinations with PD-L1 Checkpoint Inhibitor in Triple-Negative Breast Cancer [TNBC],Homo sapiens; Mus musculus,GPL24676;24247,Expression profiling by high throughput sequencing,117,2025/02/12,39919737;41629331,"RDS, XLS",ftp://ftp.ncbi.nlm.nih.gov/geo/series/GSE266nnn/GSE266919/,False,chemotherapy
GSE267168,CSF1R inhibition plus chemotherapy induces systemic anti-tumor immune responses in triple negative breast cancer and sensitizes tumors to anti-PD-1 therapy by relieving resident memory T cell dysfunction [luminex],Homo sapiens,GPL34463,Protein profiling by protein array,107,2026/02/23,41894563,TXT,ftp://ftp.ncbi.nlm.nih.gov/geo/series/GSE267nnn/GSE267168/,False,chemotherapy
GSE267582,Epigenome analysis of MTHFD2 as a biomarker for decitabine response in MDA-MB-231 tumours,Homo sapiens,GPL21145,Methylation profiling by array,24,2024/11/01,,"IDAT, XLSX",ftp://ftp.ncbi.nlm.nih.gov/geo/series/GSE267nnn/GSE267582/,False,
GSE268514,Integrative genomic analysis of Korean high-grade serous ovarian cancer,Homo sapiens,GPL24676,Expression profiling by high throughput sequencing,161,2024/06/01,,TXT,ftp://ftp.ncbi.nlm.nih.gov/geo/series/GSE268nnn/GSE268514/,False,chemotherapy;transcriptomic
GSE270235,Responses to checkpoint inhibition in metastatic TNBC driven by divergent myeloid phenotypes,Homo sapiens,GPL24676,Expression profiling by high throughput sequencing,12,2024/10/31,40382442,RDS,ftp://ftp.ncbi.nlm.nih.gov/geo/series/GSE270nnn/GSE270235/,False,chemotherapy;transcriptomic
GSE27120,Characterization and clinical evaluation of CD10+ stroma cells in the breast cancer microenvironment,Homo sapiens,GPL570,Expression profiling by array,79,2012/03/15,22235100,CEL,ftp://ftp.ncbi.nlm.nih.gov/geo/series/GSE27nnn/GSE27120/,False,chemotherapy
GSE271314,"Transcriptome analysis of rigosertib resistant MDA-MB-453 cells, obtained from a CRISPR screen with WNK1 depletion.",Homo sapiens,GPL21697,Expression profiling by high throughput sequencing,5,2024/07/16,39855050,CSV,ftp://ftp.ncbi.nlm.nih.gov/geo/series/GSE271nnn/GSE271314/,False,chemotherapy;transcriptomic
GSE271749,Transient splicing inhibition causes persistent DNA damage and enhances chemotherapy vulnerability in homologous recombination proficient triple-negative breast cancer,Homo sapiens,GPL24676,Expression profiling by high throughput sequencing,9,2025/07/04,39276346,TXT,ftp://ftp.ncbi.nlm.nih.gov/geo/series/GSE271nnn/GSE271749/,False,chemotherapy;transcriptomic
GSE27354,Glycogene expression changes between different passages in the 4T1 Mouse metastatic breast cancer cell line,Homo sapiens; Mus musculus,GPL11094,Expression profiling by array,12,2011/02/17,,CEL,ftp://ftp.ncbi.nlm.nih.gov/geo/series/GSE27nnn/GSE27354/,False,gene expression
GSE273622,TRIB3 inhibition by palbociclib sensitizes prostate cancer to ferroptosis via SOX2-mediated SLC7A11 downregulation,Homo sapiens,GPL24676,Expression profiling by high throughput sequencing,6,2024/10/31,,XLSX,ftp://ftp.ncbi.nlm.nih.gov/geo/series/GSE273nnn/GSE273622/,False,
GSE27463,"Global Analysis of the Immediate Transcriptional Effects of Estrogen Signaling Reveals a Rapid, Extensive, and Transient Response",Homo sapiens,GPL9052,Expression profiling by high throughput sequencing,8,2011/05/06,21549415,"BED, TSV",ftp://ftp.ncbi.nlm.nih.gov/geo/series/GSE27nnn/GSE27463/,False,transcriptomic
GSE278231,Transcriptomic analysis of human breast cancer cells upon carboplatin treatment,Homo sapiens,GPL24676,Expression profiling by high throughput sequencing,6,2025/12/31,,TXT,ftp://ftp.ncbi.nlm.nih.gov/geo/series/GSE278nnn/GSE278231/,False,transcriptomic
GSE279294,Transcriptomic profiling of MDA-MB-453 breast cancer cells following ZNF207 overexpression,Homo sapiens,GPL24676,Expression profiling by high throughput sequencing,6,2024/10/16,,TXT,ftp://ftp.ncbi.nlm.nih.gov/geo/series/GSE279nnn/GSE279294/,False,chemotherapy;transcriptomic
GSE279443,Transcriptomic profiling of MCF-7 breast cancer cells under normoxic and hypoxic conditions,Homo sapiens,GPL34284,Expression profiling by high throughput sequencing,6,2024/10/21,,TXT,ftp://ftp.ncbi.nlm.nih.gov/geo/series/GSE279nnn/GSE279443/,False,chemotherapy;transcriptomic
GSE280454,Identification of a shared drug-tolerant persister program in triple-negative breast cancer across treatments and patients [CUT&Tag],Homo sapiens,GPL24676,Genome binding/occupancy profiling by high throughput sequencing,23,2025/09/22,41196808,BW,ftp://ftp.ncbi.nlm.nih.gov/geo/series/GSE280nnn/GSE280454/,False,transcriptomic
GSE280455,Identification of a shared drug-tolerant persister program in triple-negative breast cancer across treatments and patients [CITE-seq],Homo sapiens,GPL24676,Expression profiling by high throughput sequencing; Other,5,2025/09/22,41196808,"CSV, MTX, TSV",ftp://ftp.ncbi.nlm.nih.gov/geo/series/GSE280nnn/GSE280455/,False,transcriptomic
GSE280810,Macrophages expressing chimeric cytokine receptors have an inflammatory phenotype and anti-tumoral activity upon IL-10 or TGFβ stimulation,Homo sapiens,GPL24676,Expression profiling by high throughput sequencing,30,2025/10/06,41093623,TXT,ftp://ftp.ncbi.nlm.nih.gov/geo/series/GSE280nnn/GSE280810/,False,transcriptomic
GSE28330,Telomeric Allelic Imbalance Indicates Defective DNA Repair and Sensitivity to DNA-Damaging Agents ,Homo sapiens,GPL13270;13362,Genome variation profiling by SNP array; SNP genotyping by SNP array,107,2012/03/22,22576213,"CEL, TXT",ftp://ftp.ncbi.nlm.nih.gov/geo/series/GSE28nnn/GSE28330/,False,chemotherapy
GSE284115,Single-cell transcriptomics of myeloid milieu reveals an angiogenic niche in triple-negative breast cancer,Homo sapiens; Mus musculus,GPL20795;21273,Expression profiling by high throughput sequencing,6,2025/12/17,41203997,"MTX, TSV",ftp://ftp.ncbi.nlm.nih.gov/geo/series/GSE284nnn/GSE284115/,False,transcriptomic
GSE28583,Differentially expressed genes after treatment with chemotherapy in breast cancer and their correlation with pathologic mid-response (Miller & Payne grade 3),Homo sapiens,GPL570,Expression profiling by array,20,2012/12/12,23326553,CEL,ftp://ftp.ncbi.nlm.nih.gov/geo/series/GSE28nnn/GSE28583/,False,chemotherapy;gene expression
GSE28694,Differentially expressed genes after treatment with chemotherapy in breast cancer and their correlation with pathologic good response (Miller & Payne grades 4 and 5),Homo sapiens,GPL570,Expression profiling by array,13,2012/12/12,23326553,CEL,ftp://ftp.ncbi.nlm.nih.gov/geo/series/GSE28nnn/GSE28694/,False,chemotherapy;gene expression
GSE287429,Drug Repurposing Identifies Proteasome Inhibitors as Antiproliferative Agents Counteracting Inflammation-Driven Chemoresistance in Triple-Negative Breast Cancer Organoids,Homo sapiens,GPL34284,Expression profiling by high throughput sequencing,12,2026/01/18,,TXT,ftp://ftp.ncbi.nlm.nih.gov/geo/series/GSE287nnn/GSE287429/,False,chemotherapy;transcriptomic
GSE28826,Differentially expressed genes after treatment with chemotherapy in breast cancer and their correlation with pathologic bad response (Miller & Payne grades 1 and 2),Homo sapiens,GPL570,Expression profiling by array,28,2012/12/12,23326553,CEL,ftp://ftp.ncbi.nlm.nih.gov/geo/series/GSE28nnn/GSE28826/,False,chemotherapy;gene expression
GSE28844,Differentially expressed genes after treatment with chemotherapy in breast cancer and their correlation with pathologic response,Homo sapiens,GPL570,Expression profiling by array,61,2012/12/12,23326553,CEL,ftp://ftp.ncbi.nlm.nih.gov/geo/series/GSE28nnn/GSE28844/,False,chemotherapy
GSE289189,Histone H4 lysine 20 tri-methylation safeguards breast cancer lineage fidelity and unfolded protein response [Bulk RNA-seq],Homo sapiens,GPL24676,Expression profiling by high throughput sequencing,22,2026/04/26,,CSV,ftp://ftp.ncbi.nlm.nih.gov/geo/series/GSE289nnn/GSE289189/,False,transcriptomic
GSE289193,Histone H4 lysine 20 tri-methylation safeguards breast cancer lineage fidelity and unfolded protein response,Mus musculus; Homo sapiens,GPL24676;24247,Expression profiling by high throughput sequencing,160,2026/04/26,,"BW, MTX, TSV",ftp://ftp.ncbi.nlm.nih.gov/geo/series/GSE289nnn/GSE289193/,False,
GSE290733,Molecular Portraits of Social Adversity in Breast Cancer [RNA-Seq],Homo sapiens,GPL24676,Expression profiling by high throughput sequencing,66,2025/08/15,40810618,TXT,ftp://ftp.ncbi.nlm.nih.gov/geo/series/GSE290nnn/GSE290733/,False,gene expression;transcriptomic
GSE290735,Molecular Portraits of Social Adversity in Breast Cancer [smallRNA-Seq],Homo sapiens,GPL24676,Non-coding RNA profiling by high throughput sequencing,61,2025/08/15,40810618,TXT,ftp://ftp.ncbi.nlm.nih.gov/geo/series/GSE290nnn/GSE290735/,False,gene expression;transcriptomic
GSE290736,Molecular Portraits of Social Adversity in Breast Cancer [RRBS],Homo sapiens,GPL24676,Methylation profiling by high throughput sequencing,55,2025/08/15,40810618,TXT,ftp://ftp.ncbi.nlm.nih.gov/geo/series/GSE290nnn/GSE290736/,False,gene expression;transcriptomic
GSE291188,Unravelling the antitumor mechanism of Ocoxin through cancer cell genomics,Homo sapiens,GPL24676,Expression profiling by high throughput sequencing,24,2025/04/09,40176904,TXT,ftp://ftp.ncbi.nlm.nih.gov/geo/series/GSE291nnn/GSE291188/,False,
GSE292476,Cancer stem cells are hyper-responsive sensors of tumor microenvironment in orchestrating metastasis dynamics,Homo sapiens,GPL30173,Expression profiling by high throughput sequencing,4,2026/05/11,42509263,TXT,ftp://ftp.ncbi.nlm.nih.gov/geo/series/GSE292nnn/GSE292476/,False,chemotherapy
GSE292485,Cancer stem cells are hyper-responsive sensors of tumor microenvironment in orchestrating metastasis dynamics,Homo sapiens,GPL16791,Expression profiling by high throughput sequencing,8,2026/05/11,42509263,TXT,ftp://ftp.ncbi.nlm.nih.gov/geo/series/GSE292nnn/GSE292485/,False,chemotherapy
GSE292487,FADS2 Mediated Nrf2-SLC7A11 Axis Activation Promotes Breast Ductal Carcinoma in Situ Progression via Glutamate Efflux,Homo sapiens,GPL24676,Expression profiling by high throughput sequencing,25,2025/03/26,,TXT,ftp://ftp.ncbi.nlm.nih.gov/geo/series/GSE292nnn/GSE292487/,False,
GSE292539,Cancer stem cells are hyper-responsive sensors of tumor microenvironment in orchestrating metastasis dynamics,Homo sapiens,GPL24676,Genome binding/occupancy profiling by high throughput sequencing,4,2026/05/12,42509263,TXT,ftp://ftp.ncbi.nlm.nih.gov/geo/series/GSE292nnn/GSE292539/,False,chemotherapy
GSE292946,A Pilot Phase II Study of Neoadjuvant Fulvestrant plus Abemaciclib in Women with Advanced Low--Grade Serous Carcinoma,Homo sapiens; synthetic construct,GPL26526;24676,Other,88,2026/03/12,42374029,"CSV, DCC, PKC",ftp://ftp.ncbi.nlm.nih.gov/geo/series/GSE292nnn/GSE292946/,False,neoadjuvant;pCR;chemotherapy
GSE29338,Benign Breast Cores from Healthy Women Treated with Tamoxifen or Placebo,Homo sapiens,GPL13376,Expression profiling by array,80,2011/07/22,21778330,TXT,ftp://ftp.ncbi.nlm.nih.gov/geo/series/GSE29nnn/GSE29338/,False,gene expression
GSE293933,Effect of decitabine on therapeutic response in doxorubicin- and paclitaxel-resistant breast cancer cell lines,Homo sapiens,GPL30173,Expression profiling by high throughput sequencing,29,2026/04/01,41529624,TXT,ftp://ftp.ncbi.nlm.nih.gov/geo/series/GSE293nnn/GSE293933/,False,chemotherapy
GSE295602,SF3B6 promotes the cellular proliferation by extensively interacting with and regulating transcripts expression and alternative splicing in MDA-MB-231 cells [RIP-seq],Homo sapiens,GPL24676,Other,4,2025/12/04,41233405,TXT,ftp://ftp.ncbi.nlm.nih.gov/geo/series/GSE295nnn/GSE295602/,False,gene expression;transcriptomic
GSE295603,SF3B6 promotes the cellular proliferation by extensively interacting with and regulating transcripts expression and alternative splicing in MDA-MB-231 cells [RNA-seq],Homo sapiens,GPL24676,Expression profiling by high throughput sequencing,6,2025/12/04,41233405,TXT,ftp://ftp.ncbi.nlm.nih.gov/geo/series/GSE295nnn/GSE295603/,False,gene expression;transcriptomic
GSE295858,Spatially distinct cellular and molecular landscapes define prognosis in triple negative breast cancer [1],Homo sapiens; synthetic construct,GPL30173;32628,Other,991,2025/12/19,39990419,"DCC, PNG",ftp://ftp.ncbi.nlm.nih.gov/geo/series/GSE295nnn/GSE295858/,False,treatment response;transcriptomic
GSE295918,TREM2+ Macrophage Infiltration Underlies Breast Cancer Lung Metastasis due to Paclitaxel Treatment [ATAC-seq],Mus musculus; Homo sapiens,GPL34290;34284,Genome binding/occupancy profiling by high throughput sequencing,8,2025/12/31,41629331,BW,ftp://ftp.ncbi.nlm.nih.gov/geo/series/GSE295nnn/GSE295918/,False,neoadjuvant;chemotherapy;transcriptomic
GSE295927,Spatially distinct cellular and molecular landscapes define prognosis in triple negative breast cancer [2],synthetic construct; Homo sapiens,GPL32628;30173,Other,449,2025/12/19,39990419,"DCC, PNG",ftp://ftp.ncbi.nlm.nih.gov/geo/series/GSE295nnn/GSE295927/,False,treatment response;transcriptomic
GSE297299,Polyploid cisplatin-resistant cancer cells have altered nuclear organization and epigenomic status,Homo sapiens,GPL34281;24676,Expression profiling by high throughput sequencing,16,2025/05/19,41570447,"CSV, MTX",ftp://ftp.ncbi.nlm.nih.gov/geo/series/GSE297nnn/GSE297299/,False,chemotherapy;transcriptomic
GSE298286,In silico reconstruction of primary and metastatic tumor architecture using GIS-augmented spatial transcriptomics,Homo sapiens,GPL24676,Expression profiling by high throughput sequencing; Other,16,2026/02/17,41734374,"CSV, JPG, JSON, MTX, PNG, TSV",ftp://ftp.ncbi.nlm.nih.gov/geo/series/GSE298nnn/GSE298286/,False,transcriptomic
GSE298840,EMT-ciliary signaling in quasi-mesenchymal-stem-like cells drives therapeutic resistance and is a druggable vulnerability in triple-negative breast cancer,Homo sapiens,GPL24676,Expression profiling by high throughput sequencing,6,2025/06/30,40859055,"MTX, TSV",ftp://ftp.ncbi.nlm.nih.gov/geo/series/GSE298nnn/GSE298840/,False,chemotherapy
GSE298905,Polyploid cisplatin-resistant cancer cells have altered nuclear organization and epigenomic status,Homo sapiens,GPL24676,Genome binding/occupancy profiling by high throughput sequencing,54,2025/06/30,41570447,NARROWPEAK,ftp://ftp.ncbi.nlm.nih.gov/geo/series/GSE298nnn/GSE298905/,False,chemotherapy;transcriptomic
GSE299631,Spatiotemporal organisation of residual disease in mouse and human BRCA1-deficient mammary tumors and breast cancer,Homo sapiens; Mus musculus,GPL24676;24247,Expression profiling by high throughput sequencing; Other,50,2025/06/19,,"CSV, JPG, JSON, MTX, PNG, TSV",ftp://ftp.ncbi.nlm.nih.gov/geo/series/GSE299nnn/GSE299631/,False,transcriptomic
GSE302088,Inhibition of Acetyl-CoA-carboxylase induces endoplasmic reticulum stress and has synergistic effects with anti-cancer therapies,Homo sapiens,GPL24676,Expression profiling by high throughput sequencing,5,2026/05/10,42545737,"MTX, TSV",ftp://ftp.ncbi.nlm.nih.gov/geo/series/GSE302nnn/GSE302088/,False,chemotherapy
GSE303200,Identification of a shared drug-tolerant persister program in triple-negactive breast cancer across treatments and patients [RNA-Seq],Homo sapiens,GPL24676,Expression profiling by high throughput sequencing,18,2025/09/22,,CSV,ftp://ftp.ncbi.nlm.nih.gov/geo/series/GSE303nnn/GSE303200/,False,transcriptomic
GSE303201,Identification of a shared drug-tolerant persister program in triple-negactive breast cancer across treatments and patients [scRNA-Seq],Homo sapiens,GPL24676,Expression profiling by high throughput sequencing,10,2025/09/22,41196808,"MTX, TSV",ftp://ftp.ncbi.nlm.nih.gov/geo/series/GSE303nnn/GSE303201/,False,transcriptomic
GSE303203,Identification of a shared drug-tolerant persister program in triple-negactive breast cancer across treatments and patients [array],Homo sapiens,GPL570,Expression profiling by array,59,2025/09/22,,CSV,ftp://ftp.ncbi.nlm.nih.gov/geo/series/GSE303nnn/GSE303203/,False,transcriptomic
GSE304108,Drug Screening in 3D Microtumors Reveals DDR1/2-MAPK12-GLI1 as a Vulnerability in Cancer-Associated Fibroblasts,Mus musculus; Homo sapiens,GPL16791;17021,Expression profiling by high throughput sequencing,29,2025/08/04,40975064,XLSX,ftp://ftp.ncbi.nlm.nih.gov/geo/series/GSE304nnn/GSE304108/,False,chemotherapy;treatment response
GSE30516,Dynamic re-wiring of apoptotic signaling networks enhances tumor cell killing by DNA damage,Homo sapiens,GPL570,Expression profiling by array,25,2012/05/15,22579283,CEL,ftp://ftp.ncbi.nlm.nih.gov/geo/series/GSE30nnn/GSE30516/,False,chemotherapy;gene expression
GSE306824,Nuclear accumulation of ADAMTS1 zymogen: A novel mechanism promoting chemoresistance and metastasis in breast cancer,Homo sapiens,GPL24676,Genome binding/occupancy profiling by high throughput sequencing,2,2025/09/03,,BIGWIG,ftp://ftp.ncbi.nlm.nih.gov/geo/series/GSE306nnn/GSE306824/,False,chemotherapy;transcriptomic
GSE307248,Nuclear accumulation of ADAMTS1 zymogen: A novel mechanism promoting chemoresistance and metastasis in breast cancer [RNA-Seq],Homo sapiens,GPL24676,Expression profiling by high throughput sequencing,6,2025/09/04,,XLSX,ftp://ftp.ncbi.nlm.nih.gov/geo/series/GSE307nnn/GSE307248/,False,chemotherapy;transcriptomic
GSE309800,OR7A10 GPCR engineering boosts CAR-NK therapy against solid tumors [Primary Screen],Homo sapiens,GPL24676,Other,15,2025/12/17,41741641,TXT,ftp://ftp.ncbi.nlm.nih.gov/geo/series/GSE309nnn/GSE309800/,False,
GSE309801,OR7A10 GPCR engineering boosts CAR-NK therapy against solid tumors [mini screen],Homo sapiens,GPL24676,Other,25,2025/12/17,41741641,TXT,ftp://ftp.ncbi.nlm.nih.gov/geo/series/GSE309nnn/GSE309801/,False,
GSE310422,Determinants of long-term response to patritumab deruxtecan (HER3-DXd) in breast cancer patient-derived xenografts [NanoString],Mus musculus; Homo sapiens,GPL36324,Other,109,2025/11/28,41272064,RCC,ftp://ftp.ncbi.nlm.nih.gov/geo/series/GSE310nnn/GSE310422/,False,chemotherapy;treatment response;transcriptomic
GSE312599,Altered MDC1 Interactions and Dysfunctional DNA Repair in Lobular Breast Cancer Confers Sensitivity to PARP Inhibition,Homo sapiens,GPL24676,Expression profiling by high throughput sequencing; Other,4,2025/12/17,41512199,TSV,ftp://ftp.ncbi.nlm.nih.gov/geo/series/GSE312nnn/GSE312599/,False,transcriptomic
GSE313244,Multidimensional Single-Cell Transcriptomic Profiling of Uterine Leiomyosarcomas Identifies Molecular Subtypes with Distinct Therapeutic Vulnerabilities [Spatial Transcriptomics],Homo sapiens,GPL24676,Other,26,2026/08/11,,"H5AD, TIFF, ZIP",ftp://ftp.ncbi.nlm.nih.gov/geo/series/GSE313nnn/GSE313244/,False,chemotherapy;transcriptomic
GSE31432,"Defining the molecular response to trastuzumab, pertuzumab and combination therapy in ovarian cancer",Homo sapiens,GPL6947,Expression profiling by array,23,2012/05/03,22549178,TXT,ftp://ftp.ncbi.nlm.nih.gov/geo/series/GSE31nnn/GSE31432/,False,transcriptomic
GSE314549,Chemotherapeutic Induction of Single-Stranded DNA Accumulation Sensitizes Triple-Negative Breast Cancer to Immunotherapy [RNA-Seq],Homo sapiens,GPL24676,Expression profiling by high throughput sequencing,6,2026/06/20,42373131,"CSV, TXT",ftp://ftp.ncbi.nlm.nih.gov/geo/series/GSE314nnn/GSE314549/,False,chemotherapy;transcriptomic
GSE315149,"Nuclear FGF2, Androgen Receptor and Wnt Pathway Activation Define a Targetable Subset of Antiprogestin-Resistant Luminal Breast Cancer",Homo sapiens,GPL16791,Expression profiling by high throughput sequencing,6,2026/04/01,41935240,CSV,ftp://ftp.ncbi.nlm.nih.gov/geo/series/GSE315nnn/GSE315149/,False,transcriptomic
GSE31519,A Clinically Relevant Gene Signature in Triple-Negative and Basal-Like Breast Cancer,Homo sapiens,GPL96,Expression profiling by array; Third-party reanalysis,67,2011/09/13,21978456;22220191;21741824;26484129,"CEL, TXT",ftp://ftp.ncbi.nlm.nih.gov/geo/series/GSE31nnn/GSE31519/,False,gene expression
GSE31870,Maintenance of Hormone Responsiveness in Luminal Breast Cancers by Suppression of Notch,Homo sapiens,GPL10481,Expression profiling by array,24,2011/12/21,21969591,,ftp://ftp.ncbi.nlm.nih.gov/geo/series/GSE31nnn/GSE31870/,False,chemotherapy
GSE323120,Integrating transcription factor networks with chromatin accessibility as markers of survival outcome and drug response in triple-negative breast cancer,Homo sapiens,GPL16791,Genome binding/occupancy profiling by high throughput sequencing,48,2026/06/24,42749733,NARROWPEAK,ftp://ftp.ncbi.nlm.nih.gov/geo/series/GSE323nnn/GSE323120/,False,chemotherapy;transcriptomic
GSE325338,ATR and PKMYT1inhibition re-sensitize a subset of TNBC patient-derived models to carboplatin and induce mitotic catastrophe,Homo sapiens,GPL18573,Expression profiling by high throughput sequencing,18,2026/03/27,41973002,TSV,ftp://ftp.ncbi.nlm.nih.gov/geo/series/GSE325nnn/GSE325338/,False,chemotherapy
GSE326056,CCR5 Governs DNA Damage Repair and Breast Cancer Stem Cell Expansion,Homo sapiens,GPL11154,Expression profiling by high throughput sequencing,2,2026/03/27,,TXT,ftp://ftp.ncbi.nlm.nih.gov/geo/series/GSE326nnn/GSE326056/,False,chemotherapy;gene expression
GSE328422,Spatio-temporal mapping of immune cell dynamics during human sequential lymph node metastasis,Homo sapiens,GPL33762,Other,6,2026/06/27,,"H5, PARQUET, RDS, TIFF",ftp://ftp.ncbi.nlm.nih.gov/geo/series/GSE328nnn/GSE328422/,False,transcriptomic
GSE328823,"Innate and Acquired Transcriptional Programs Shape Heterogeneous Tumor Cell Responses to PARP, Akt, and CDK4/6 Inhibitors",Homo sapiens,GPL24676,Expression profiling by high throughput sequencing; Other,16,2026/05/01,,"CSV, H5AD",ftp://ftp.ncbi.nlm.nih.gov/geo/series/GSE328nnn/GSE328823/,False,chemotherapy;transcriptomic
GSE35535,TIMP1 overexpression mediates resistance of MCF-7 human breast cancer cells to fulvestrant and down-regulates progesterone receptor expression,Homo sapiens,GPL13497,Expression profiling by array,10,2013/08/22,23881388,TXT,ftp://ftp.ncbi.nlm.nih.gov/geo/series/GSE35nnn/GSE35535/,False,chemotherapy;gene expression
GSE37751,Molecular Profiles of Human Breast Cancer and Their Association with Tumor Subtypes and Disease Prognosis (Affymetrix),Homo sapiens,GPL6244,Expression profiling by array,108,2013/11/01,24316975;30501643;25016594,CEL,ftp://ftp.ncbi.nlm.nih.gov/geo/series/GSE37nnn/GSE37751/,False,gene expression
GSE37754,Molecular Profiles of Human Breast Cancer and Their Association with Tumor Subtypes and Disease Prognosis (Illumina),Homo sapiens,GPL13534,Methylation profiling by array,72,2013/11/01,24316975;30501643;25016594,TXT,ftp://ftp.ncbi.nlm.nih.gov/geo/series/GSE37nnn/GSE37754/,False,gene expression
GSE38278,microRNAs and their target proteins are associated with characteristics of estrogen receptor-positive breast cancer (miRNA data),Homo sapiens,GPL13746,Non-coding RNA profiling by array,8,2013/03/04,23183268,GPR,ftp://ftp.ncbi.nlm.nih.gov/geo/series/GSE38nnn/GSE38278/,False,chemotherapy
GSE38279,microRNAs and their target proteins associated with characteristics of estrogen receptor-positive breast cancer (mRNA data),Homo sapiens,GPL5639,Expression profiling by array,8,2013/03/04,23183268,GPR,ftp://ftp.ncbi.nlm.nih.gov/geo/series/GSE38nnn/GSE38279/,False,chemotherapy
GSE38901,HSF1 drives a transcriptional program distinct from heat shock to support highly malignant human cancers [ChIP-Seq],Homo sapiens,GPL9052;15433;11154,Genome binding/occupancy profiling by high throughput sequencing,63,2012/08/07,22863008,XLS,ftp://ftp.ncbi.nlm.nih.gov/geo/series/GSE38nnn/GSE38901/,False,transcriptomic
GSE39004,Molecular Profiles of Human Breast Cancer and Their Association with Tumor Subtypes and Disease Prognosis,Homo sapiens,GPL13534;6244,Expression profiling by array; Methylation profiling by array,180,2013/11/01,24316975;30501643;25016594,CEL,ftp://ftp.ncbi.nlm.nih.gov/geo/series/GSE39nnn/GSE39004/,False,
GSE39130,Profiles of genomic instability in high-grade serous ovarian cancer (HGSC) predict treatment outcome,Homo sapiens,GPL3718,Genome variation profiling by SNP array; SNP genotyping by SNP array,65,2012/11/06,22912389,CEL,ftp://ftp.ncbi.nlm.nih.gov/geo/series/GSE39nnn/GSE39130/,False,chemotherapy
GSE40640,A radiation-induced gene expression signature as a tool to predict acute radiotherapy-induced adverse side effects,Homo sapiens,GPL6104,Expression profiling by array,48,2012/09/06,23110060;21236564,TXT,ftp://ftp.ncbi.nlm.nih.gov/geo/series/GSE40nnn/GSE40640/,False,gene expression
GSE41112,Predictors of depression in breast cancer patients during and after radiotherapy: Role of chemotherapy and the inflammatory response,Homo sapiens,GPL10558,Expression profiling by array,61,2013/01/01,,TXT,ftp://ftp.ncbi.nlm.nih.gov/geo/series/GSE41nnn/GSE41112/,False,chemotherapy
GSE41678,System-Wide Analysis Reveals a Complex Network of Tumor-Fibroblast Interactions Involved in Tumorigenicity,Homo sapiens,GPL6244,Expression profiling by array,80,2013/11/21,24068959,"CEL, TXT",ftp://ftp.ncbi.nlm.nih.gov/geo/series/GSE41nnn/GSE41678/,False,
GSE42347,Integrative genomics of gene and metabolic regulation by estrogen receptors α and β and coregulators [expression],Homo sapiens,GPL571,Expression profiling by array,4,2013/07/05,23774759,CEL,ftp://ftp.ncbi.nlm.nih.gov/geo/series/GSE42nnn/GSE42347/,False,gene expression;transcriptomic
GSE43296,Polysome-associated mRNA profiling of cancer cells in response to CXCL12 and IGF1,Homo sapiens,GPL11154,Expression profiling by high throughput sequencing,6,2013/11/01,23993096,TXT,ftp://ftp.ncbi.nlm.nih.gov/geo/series/GSE43nnn/GSE43296/,False,transcriptomic
GSE44272,The Long-HER Study,Homo sapiens,GPL13667,Expression profiling by array,53,2016/02/11,25330188,CEL,ftp://ftp.ncbi.nlm.nih.gov/geo/series/GSE44nnn/GSE44272/,False,
GSE45898,Gene Expression analysis of therapeutical response in Triple Negative Breast tumors.,Homo sapiens,GPL11532,Expression profiling by array,10,2016/03/24,27006338,CEL,ftp://ftp.ncbi.nlm.nih.gov/geo/series/GSE45nnn/GSE45898/,False,gene expression;transcriptomic
GSE46350,Potential Biomarkers of Long-term Benefit from Single-agent Trastuzumab or Lapatinib in HER2-positive Metastatic Breast Cancer,Homo sapiens,GPL17071,Other,21,2013/10/25,,TXT,ftp://ftp.ncbi.nlm.nih.gov/geo/series/GSE46nnn/GSE46350/,False,chemotherapy;gene expression
GSE4668,Expression data from hormone-starved MCF7/BUS cell culture,Homo sapiens,GPL96,Expression profiling by array,34,2006/04/14,14610279,,ftp://ftp.ncbi.nlm.nih.gov/geo/series/GSE4nnn/GSE4668/,False,transcriptomic
GSE47009,Hypoxia/Anoxia,Homo sapiens,GPL16686,Expression profiling by array,4,2014/05/04,,CEL,ftp://ftp.ncbi.nlm.nih.gov/geo/series/GSE47nnn/GSE47009/,False,gene expression
GSE47013,Deficiency in tumor suppressor p53 is required for doxorubicin induced transcriptional upregulation of NF-kB target genes in human breast cancer,Homo sapiens,GPL5175,Expression profiling by array,12,2013/12/31,24344116,CEL,ftp://ftp.ncbi.nlm.nih.gov/geo/series/GSE47nnn/GSE47013/,False,chemotherapy;gene expression;transcriptomic
GSE47066,Reverse phase protein array based protein profiling of breast cancer specimens,Homo sapiens,GPL17176,Protein profiling by protein array,128,2014/02/18,,GPR,ftp://ftp.ncbi.nlm.nih.gov/geo/series/GSE47nnn/GSE47066/,False,
GSE47358,Novel role of Engrailed 1 as pro-survival transcription factor in basal-like breast cancer and engineering of interference peptides to block its oncogenic function,Homo sapiens,GPL10481,Expression profiling by array,5,2013/12/31,24141779,,ftp://ftp.ncbi.nlm.nih.gov/geo/series/GSE47nnn/GSE47358/,False,chemotherapy;gene expression;transcriptomic
GSE48088,Expression of miRNAs in breast tumor from very youn women (<36) and women above 65 years old,Homo sapiens; synthetic construct,GPL14613,Non-coding RNA profiling by array,36,2014/09/12,25047087,CEL,ftp://ftp.ncbi.nlm.nih.gov/geo/series/GSE48nnn/GSE48088/,False,
GSE49035,De novo sequencing of circulating microRNAs in locally advanced breast cancer,Homo sapiens,GPL16791,Non-coding RNA profiling by high throughput sequencing,42,2013/07/20,,TXT,ftp://ftp.ncbi.nlm.nih.gov/geo/series/GSE49nnn/GSE49035/,False,
GSE50567,BRCA1-related gene signature in breast cancer: the role of ER status and molecular type,Homo sapiens,GPL570,Expression profiling by array,41,2013/09/05,21196292,CEL,ftp://ftp.ncbi.nlm.nih.gov/geo/series/GSE50nnn/GSE50567/,False,gene expression
GSE50693,Endocrine response in invasive lobular carcinoma is characterized by unique estrogen-mediated gene expression and de novo tamoxifen resistance (MM134),Homo sapiens,GPL571,Expression profiling by array,20,2014/01/16,24425047,CEL,ftp://ftp.ncbi.nlm.nih.gov/geo/series/GSE50nnn/GSE50693/,False,gene expression;transcriptomic
GSE50694,Endocrine response in invasive lobular carcinoma is characterized by unique estrogen-mediated gene expression and de novo tamoxifen resistance (SUM44),Homo sapiens,GPL571,Expression profiling by array,20,2014/01/16,24425047,CEL,ftp://ftp.ncbi.nlm.nih.gov/geo/series/GSE50nnn/GSE50694/,False,gene expression;transcriptomic
GSE50861,Reverse phase protein array based protein profiling of breast cancer specimens (2),Homo sapiens,GPL17727,Protein profiling by protein array,4,2014/02/18,,GPR,ftp://ftp.ncbi.nlm.nih.gov/geo/series/GSE50nnn/GSE50861/,False,
GSE52072,Genomic polymorphism is genotyped to determine the association between genotypes and treatment outcomes,Homo sapiens,GPL17886,SNP genotyping by SNP array,192,2015/05/30,,TXT,ftp://ftp.ncbi.nlm.nih.gov/geo/series/GSE52nnn/GSE52072/,False,
GSE52621,Detection of hypermethylated circulating serum DNA in metastatic breast cancer and confirmation by the cMethDNA assay,Homo sapiens,GPL8490,Methylation profiling by array,36,2014/03/01,,TXT,ftp://ftp.ncbi.nlm.nih.gov/geo/series/GSE52nnn/GSE52621/,False,chemotherapy
GSE53031,Gene expression profiling of human breast cancer during pregnancy,Homo sapiens,GPL13667,Expression profiling by array,167,2014/09/09,24825746,CEL,ftp://ftp.ncbi.nlm.nih.gov/geo/series/GSE53nnn/GSE53031/,False,gene expression;transcriptomic
GSE54025,Epigenome study of normal human epithelial tissues,Homo sapiens,GPL8490,Methylation profiling by array,23,2014/01/14,24651077,TXT,ftp://ftp.ncbi.nlm.nih.gov/geo/series/GSE54nnn/GSE54025/,False,
GSE54091,Docetaxel-loaded solid lipid nanoparticles suppress breast cancer cells growth with reduced myelosuppression toxicity,Homo sapiens,GPL17811,Expression profiling by array,8,2014/12/31,25378924,CEL,ftp://ftp.ncbi.nlm.nih.gov/geo/series/GSE54nnn/GSE54091/,False,chemotherapy;gene expression;transcriptomic
GSE56022,Ligand-dependent genomic function of glucocorticoid receptor in triple-negative breast cancer,Homo sapiens,GPL16791;11154,Genome binding/occupancy profiling by high throughput sequencing; Expression profiling by high throughput sequencing,22,2015/09/18,26374485,"BW, TXT",ftp://ftp.ncbi.nlm.nih.gov/geo/series/GSE56nnn/GSE56022/,False,
GSE56259,The expression profile of cytochromes P450 (CYPs) and aldo-keto reductases (AKRs) in post-treatment breast carcinomas,Homo sapiens,GPL19914,Expression profiling by RT-PCR,111,2014/08/31,25526449,TXT,ftp://ftp.ncbi.nlm.nih.gov/geo/series/GSE56nnn/GSE56259/,False,gene expression
GSE56985,The C10orf10 protein profiling of breast cancer specimens based on a tissue array,Homo sapiens,GPL18600,Protein profiling by protein array,1,2017/02/09,24936657,,ftp://ftp.ncbi.nlm.nih.gov/geo/series/GSE56nnn/GSE56985/,False,
GSE57703,SSEA4 is a marker for chemotherapy resistance [mRNA],Homo sapiens,GPL17077,Expression profiling by array,12,2015/11/19,26607327,TXT,ftp://ftp.ncbi.nlm.nih.gov/geo/series/GSE57nnn/GSE57703/,False,chemotherapy;gene expression
GSE57704,SSEA4 is a marker for chemotherapy resistance [miRNA],Homo sapiens,GPL18402,Non-coding RNA profiling by array,12,2015/11/19,26607327,TXT,ftp://ftp.ncbi.nlm.nih.gov/geo/series/GSE57nnn/GSE57704/,False,chemotherapy;gene expression
GSE58837,Expression data from breast cancer tumors treated with a single window of the antiangiogenic agent Sunitinib,Homo sapiens,GPL6244,Expression profiling by array,31,2016/12/31,,CEL,ftp://ftp.ncbi.nlm.nih.gov/geo/series/GSE58nnn/GSE58837/,False,transcriptomic
GSE58990,Activation of IFN/STAT1 signaling is a hallmark of response to chemotherapy in patient-derived xenografts of triple-negative breast cancer,Homo sapiens,GPL5175,Expression profiling by array,28,2015/12/31,,CEL,ftp://ftp.ncbi.nlm.nih.gov/geo/series/GSE58nnn/GSE58990/,False,chemotherapy;gene expression
GSE59780,"Expression data from menadione, PERK inhibitor, or control-treated HMLE-shGFP and HMLE-Twist human mammary epithelial cells",Homo sapiens,GPL570,Expression profiling by array,6,2014/10/01,25203443,CEL,ftp://ftp.ncbi.nlm.nih.gov/geo/series/GSE59nnn/GSE59780/,False,chemotherapy;transcriptomic
GSE60182,Integrative transcriptome-wide analyses reveal critical HER2-regulated mRNAs and lincRNAs in HER2+ breast cancer,Homo sapiens,GPL16791,Expression profiling by high throughput sequencing; Non-coding RNA profiling by high throughput sequencing,6,2015/03/10,25749757,TXT,ftp://ftp.ncbi.nlm.nih.gov/geo/series/GSE60nnn/GSE60182/,False,gene expression;transcriptomic
GSE60964,YB-1 affects response to paclitaxel in TNBCs by modulation of EGR1,Homo sapiens,GPL15207,Expression profiling by array,15,2015/09/02,27072400,CEL,ftp://ftp.ncbi.nlm.nih.gov/geo/series/GSE60nnn/GSE60964/,False,chemotherapy
GSE6130,Agreement in Breast Cancer Classification between Microarray and qRT-PCR from Fresh-Frozen and Formalin-Fixed Tissues,Homo sapiens,GPL885;1390;887,Expression profiling by array,159,2007/04/20,17525107,,ftp://ftp.ncbi.nlm.nih.gov/geo/series/GSE6nnn/GSE6130/,False,
GSE6448,Deletion of chromosome 11q predicts response to anthracycline-based chemotherapy in early breast cancer,Homo sapiens,GPL3632,Genome variation profiling by array,185,2007/02/07,17234794,"PDF, TXT",ftp://ftp.ncbi.nlm.nih.gov/geo/series/GSE6nnn/GSE6448/,False,chemotherapy
GSE65238,Transcriptome analysis of Wnt3a-treated triple-negative breast cancer cell lines.,Homo sapiens,GPL15640,Expression profiling by array,36,2015/01/24,25848952,CEL,ftp://ftp.ncbi.nlm.nih.gov/geo/series/GSE65nnn/GSE65238/,False,transcriptomic
GSE65505,Gene expression profiling in response to radiation treatment in human breast cancer,Homo sapiens,GPL17586,Expression profiling by array,62,2015/10/31,26488758,CEL,ftp://ftp.ncbi.nlm.nih.gov/geo/series/GSE65nnn/GSE65505/,False,gene expression
GSE67295,Inflammatory cytokines activate unliganded estrogen receptor and alter the sensitivity of breast cancer cells to tamoxifen,Homo sapiens,GPL11154,Genome binding/occupancy profiling by high throughput sequencing; Expression profiling by high throughput sequencing,56,2017/02/20,28306507,"BED, TXT",ftp://ftp.ncbi.nlm.nih.gov/geo/series/GSE67nnn/GSE67295/,False,transcriptomic
GSE6800,Effects of Cimicfuga racemosa (black cohosh) in MCF-7 cells,Homo sapiens,GPL570,Expression profiling by array,8,2007/09/28,17880733,CEL,ftp://ftp.ncbi.nlm.nih.gov/geo/series/GSE6nnn/GSE6800/,False,transcriptomic
GSE7017,Establishment of a predictive clinicogenomic model for FEC100 regimen in node-positive breast cancer patients,Homo sapiens,GPL4819,Expression profiling by array,150,2007/10/18,17659439,TXT,ftp://ftp.ncbi.nlm.nih.gov/geo/series/GSE7nnn/GSE7017/,False,chemotherapy;gene expression;transcriptomic
GSE70404,Investigation about Monocytes in metastatic breast cancer patients under chemotherapy +/- Avastin,Homo sapiens,GPL16791,Expression profiling by high throughput sequencing,8,2017/02/09,26840567,TXT,ftp://ftp.ncbi.nlm.nih.gov/geo/series/GSE70nnn/GSE70404/,False,chemotherapy
GSE70690,Expression data for triple-negative breast cancer (TNBC) cells following chemotherapy,Homo sapiens,GPL570,Expression profiling by array,4,2015/07/10,,"CEL, CHP",ftp://ftp.ncbi.nlm.nih.gov/geo/series/GSE70nnn/GSE70690/,False,chemotherapy;gene expression
GSE70754,The prognostic significance of the dynamic changes of miRNA expression in locally advanced BC during neo-adjuvant chemotherapy treatment,Homo sapiens; synthetic construct,GPL14613,Expression profiling by array,66,2015/10/31,27064979,"CEL, XLSX",ftp://ftp.ncbi.nlm.nih.gov/geo/series/GSE70nnn/GSE70754/,False,chemotherapy;transcriptomic
GSE71915,Genome-wide profiling of inflammatory cistrome reveals AP-1/c-Jun as a key regulator of TNFalpha-mediated triple-negative breast cancer progression [microarray],Homo sapiens,GPL11532,Expression profiling by array,12,2016/01/20,26792858,CEL,ftp://ftp.ncbi.nlm.nih.gov/geo/series/GSE71nnn/GSE71915/,False,transcriptomic
GSE71976,Genome-wide profiling of inflammatory cistrome reveals AP-1/c-Jun as a key regulator of TNFalpha-mediated triple-negative breast cancer progression [ChIP-seq],Homo sapiens,GPL9052,Genome binding/occupancy profiling by high throughput sequencing,4,2016/01/20,26792858,BED,ftp://ftp.ncbi.nlm.nih.gov/geo/series/GSE71nnn/GSE71976/,False,transcriptomic
GSE72245,DNA methylation-based immune response signature improves patient diagnosis in multiple cancers (Cohort 1),Homo sapiens,GPL13534,Methylation profiling by array,118,2017/07/16,28714863,"IDAT, TXT",ftp://ftp.ncbi.nlm.nih.gov/geo/series/GSE72nnn/GSE72245/,False,chemotherapy
GSE72251,DNA methylation-based immune response signature improves patient diagnosis in multiple cancers (Cohort 2),Homo sapiens,GPL13534,Methylation profiling by array,119,2017/07/16,28714863,"IDAT, TXT",ftp://ftp.ncbi.nlm.nih.gov/geo/series/GSE72nnn/GSE72251/,False,chemotherapy
GSE72254,DNA methylation-based immune response signature improves patient diagnosis in multiple cancers (TOP Cohort),Homo sapiens,GPL13534,Methylation profiling by array,58,2017/07/16,28714863,"IDAT, TXT",ftp://ftp.ncbi.nlm.nih.gov/geo/series/GSE72nnn/GSE72254/,False,chemotherapy
GSE73388,"Ctr9, a key subunit of PAFc, affects global estrogen signaling and drives ERalpha-positive breast tumorigenesis",Homo sapiens,GPL17586,Expression profiling by array,12,2015/09/25,26494790;26981377;35137163,"CEL, CHP",ftp://ftp.ncbi.nlm.nih.gov/geo/series/GSE73nnn/GSE73388/,False,transcriptomic
GSE73736,MicroRNA microarray identifies a miRNA signature to predict chemotherapy response in breast cancers,Homo sapiens,GPL20986,Non-coding RNA profiling by array,20,2017/12/31,,TXT,ftp://ftp.ncbi.nlm.nih.gov/geo/series/GSE73nnn/GSE73736/,False,chemotherapy
GSE763,Cell-type specific responses to chemotherapeutics in breast cancer,Homo sapiens,GPL550,Expression profiling by array,75,2004/04/18,15205334,,ftp://ftp.ncbi.nlm.nih.gov/geo/series/GSEnnn/GSE763/,False,chemotherapy;gene expression
GSE76314,Human Induced Pluripotent Stem Cells Recapitulate Breast Cancer Patients’ Predilection to Doxorubicin-Induced Cardiotoxicity,Homo sapiens,GPL11154,Expression profiling by high throughput sequencing,12,2016/04/18,27089514,CSV,ftp://ftp.ncbi.nlm.nih.gov/geo/series/GSE76nnn/GSE76314/,False,chemotherapy;gene expression
GSE76360,03-311 Trastzumab preoperative Trial of Early Stage HER2+ BRCA,Homo sapiens,GPL6947,Expression profiling by array,100,2016/02/09,26842237,"IDAT, TXT",ftp://ftp.ncbi.nlm.nih.gov/geo/series/GSE76nnn/GSE76360/,False,gene expression;transcriptomic
GSE76728,Tumour sampling method can significantly influence gene expression profiles derived from neoadjuvant window studies,Homo sapiens,GPL10558,Expression profiling by array,74,2016/08/08,27384960,,ftp://ftp.ncbi.nlm.nih.gov/geo/series/GSE76nnn/GSE76728/,False,neoadjuvant;gene expression
GSE77308,Loss of CSL unlocks a hypoxic response and enhanced tumor growth potential in breast cancer cells,Homo sapiens,GPL11154,Expression profiling by high throughput sequencing,404,2016/02/28,27066863,TXT,ftp://ftp.ncbi.nlm.nih.gov/geo/series/GSE77nnn/GSE77308/,False,transcriptomic
GSE78512,Identification Of Candidate Anti-Cancer Molecular Mechanisms Of Compound Kushen Injection Using Functional Genomics,Homo sapiens,GPL16791,Expression profiling by high throughput sequencing; Non-coding RNA profiling by high throughput sequencing,27,2016/09/14,27602759,"GTF, TXT",ftp://ftp.ncbi.nlm.nih.gov/geo/series/GSE78nnn/GSE78512/,False,gene expression;transcriptomic
GSE79256,Carcinoma-astrocyte gap junctions promote brain metastasis by cytosolic dsDNA response transfer,Homo sapiens,GPL11154,Expression profiling by high throughput sequencing,8,2017/02/09,27225120,TXT,ftp://ftp.ncbi.nlm.nih.gov/geo/series/GSE79nnn/GSE79256/,False,chemotherapy
GSE81853,CD95/Fas increases stemness in cancer cells by inducing a STAT1 dependent Type I interferon response [array],Homo sapiens,GPL10558,Expression profiling by array,4,2017/02/16,28273453,TXT,ftp://ftp.ncbi.nlm.nih.gov/geo/series/GSE81nnn/GSE81853/,False,chemotherapy
GSE81859,CD95/Fas increases stemness in cancer cells by inducing a STAT1 dependent Type I interferon response [ChIP-seq],Homo sapiens,GPL15456,Genome binding/occupancy profiling by high throughput sequencing,2,2017/02/16,28273453,"BEDGRAPH, TXT",ftp://ftp.ncbi.nlm.nih.gov/geo/series/GSE81nnn/GSE81859/,False,chemotherapy;transcriptomic
GSE83937,Identification of three subtypes of triple negative breast cancer with potential therapeutic implications,Homo sapiens,GPL570,Expression profiling by array,131,2019/05/26,31101122,CEL,ftp://ftp.ncbi.nlm.nih.gov/geo/series/GSE83nnn/GSE83937/,False,gene expression;transcriptomic
GSE84863,RNA sequencing of MDA-MB231 and U2OS cancer cell lines exposed to the alkylating agent methyl methanesufonate (MMS) and classical chemotherapeutics ,Homo sapiens,GPL11154,Expression profiling by high throughput sequencing,11,2017/02/13,27638861,TXT,ftp://ftp.ncbi.nlm.nih.gov/geo/series/GSE84nnn/GSE84863/,False,
GSE85206,Expression of oxysterol pathway genes in estrogen positive breast carcinomas-second phase,Homo sapiens,GPL19921,Expression profiling by RT-PCR,164,2017/04/06,28342201,TXT,ftp://ftp.ncbi.nlm.nih.gov/geo/series/GSE85nnn/GSE85206/,False,gene expression;transcriptomic
GSE87006,CDK4 phosphorylation status and a linked gene expression profile predict sensitivity to Palbociclib [lines],Homo sapiens,GPL570,Expression profiling by array,20,2017/01/01,28566333,CEL,ftp://ftp.ncbi.nlm.nih.gov/geo/series/GSE87nnn/GSE87006/,False,gene expression
GSE87007,CDK4 phosphorylation status and a linked gene expression profile predict sensitivity to Palbociclib [tumors],Homo sapiens,GPL570,Expression profiling by array,31,2017/01/01,28566333,CEL,ftp://ftp.ncbi.nlm.nih.gov/geo/series/GSE87nnn/GSE87007/,False,gene expression
GSE87377,Implication of an Immune Score in Molecular Subtypes and Distant Metastasis of Breast Cancer: Comparison between Western and Chinese Han Patients,Homo sapiens,GPL570,Expression profiling by array,71,2016/10/10,,CEL,ftp://ftp.ncbi.nlm.nih.gov/geo/series/GSE87nnn/GSE87377/,False,chemotherapy
GSE89891,Inhibition of the H3K9 methyltransferase epigenetic regulator G9A attenuates oncogenicity but provokes a survival response via activation of the hypoxia pathway,Homo sapiens,GPL10558,Expression profiling by array,27,2017/12/20,29145444,TXT,ftp://ftp.ncbi.nlm.nih.gov/geo/series/GSE89nnn/GSE89891/,False,transcriptomic
GSE92598,mTORC1 and -2 Coordinate Transcriptional and Translational Reprogramming in Resistance to DNA Damage and Replicative Stress in Breast Cancer Cells,Homo sapiens,GPL17586,Expression profiling by array,35,2016/12/20,27956700,CEL,ftp://ftp.ncbi.nlm.nih.gov/geo/series/GSE92nnn/GSE92598/,False,transcriptomic
GSE93636,WT1 expression in breast cancer disrupts the epithelial/mesenchymal balance of tumour cells and correlates with the metabolic response to docetaxel,Homo sapiens,GPL11154,Expression profiling by high throughput sequencing,3,2017/03/27,28345629,TXT,ftp://ftp.ncbi.nlm.nih.gov/geo/series/GSE93nnn/GSE93636/,False,gene expression;transcriptomic
GSE96570,Integrated Molecular Analysis of Tamoxifen-Resistant Invasive Lobular Breast Cancer Cells,Homo sapiens,GPL96,Expression profiling by array,6,2018/03/05,28935545,"CEL, CHP",ftp://ftp.ncbi.nlm.nih.gov/geo/series/GSE96nnn/GSE96570/,False,gene expression;transcriptomic
GSE97221,Molecular changes in premenopausal estrogen receptor-positive primary breast cancer after oophorectomy,Homo sapiens,GPL10558,Expression profiling by array,88,2018/02/14,29214214,TXT,ftp://ftp.ncbi.nlm.nih.gov/geo/series/GSE97nnn/GSE97221/,False,gene expression;transcriptomic
GSE97317,Hypoxia is a Key Driver of Alternative Splicing in Human Breast Cancer Cells,Homo sapiens,GPL11154,Expression profiling by high throughput sequencing,3,2017/06/27,28642487,BW,ftp://ftp.ncbi.nlm.nih.gov/geo/series/GSE97nnn/GSE97317/,False,chemotherapy;transcriptomic
GSE98238,Gene expression data in MDA231-LM2 breast cancer cells exposed to paclitaxel chemotherapy,Homo sapiens,GPL570,Expression profiling by array,6,2018/08/26,30190333,CEL,ftp://ftp.ncbi.nlm.nih.gov/geo/series/GSE98nnn/GSE98238/,False,chemotherapy;gene expression;transcriptomic
GSE98824,BKM120 Treated PDX's,Homo sapiens,GPL6480,Expression profiling by array,30,2018/05/29,,TXT,ftp://ftp.ncbi.nlm.nih.gov/geo/series/GSE98nnn/GSE98824/,False,gene expression
GSE99766,MDA-MB-231 gene expression upon IRE1 RNase inhibition with MKC-8866,Homo sapiens,GPL16686,Expression profiling by array,18,2018/08/15,30111846,CEL,ftp://ftp.ncbi.nlm.nih.gov/geo/series/GSE99nnn/GSE99766/,False,gene expression;transcriptomic
GSE99986,Low and High Dose Progestins Elicit Distinct Breast Cancer Biology,Homo sapiens,GPL18573,Expression profiling by high throughput sequencing; Genome binding/occupancy profiling by high throughput sequencing,47,2020/06/13,,"BROADPEAK, CSV",ftp://ftp.ncbi.nlm.nih.gov/geo/series/GSE99nnn/GSE99986/,False,gene expression;transcriptomic
