accession,screen_status,n_samples,platforms,data_type,title,pubmed_ids,supplementary_file_types,screen_reasons,geo_url
GSE25055,mandatory_seed_review,310,GPL96,Expression profiling by array,Discovery cohort for genomic predictor of response and survival following neoadjuvant taxane-anthracycline chemotherapy in breast cancer,21558518;36293478,CEL,known or suspected source/derivative relationship,https://www.ncbi.nlm.nih.gov/geo/query/acc.cgi?acc=GSE25055
GSE41998,mandatory_seed_review,279,GPL571,Expression profiling by array,Biomarker analysis of neoadjuvant Doxorubicin/Cyclophosphamide followed by Ixabepilone or Paclitaxel in early-stage breast cancer,23340299,CEL,known or suspected source/derivative relationship,https://www.ncbi.nlm.nih.gov/geo/query/acc.cgi?acc=GSE41998
GSE20194,mandatory_seed_review,278,GPL96,Expression profiling by array,MAQC-II Project: human breast cancer (BR) data set,20064235;20676074,"CEL, XLS",known or suspected source/derivative relationship,https://www.ncbi.nlm.nih.gov/geo/query/acc.cgi?acc=GSE20194
GSE25065,mandatory_seed_review,198,GPL96,Expression profiling by array,Validation cohort for genomic predictor of response and survival following neoadjuvant taxane-anthracycline chemotherapy in breast cancer,21558518;36293478,CEL,known or suspected source/derivative relationship,https://www.ncbi.nlm.nih.gov/geo/query/acc.cgi?acc=GSE25065
GSE20271,mandatory_seed_review,178,GPL96,Expression profiling by array,Expression data from breast cancer FNA biopsies from patients,20829329;23185353,CEL,known or suspected source/derivative relationship,https://www.ncbi.nlm.nih.gov/geo/query/acc.cgi?acc=GSE20271
GSE34138,mandatory_seed_review,178,GPL6884,Expression profiling by array,"SERPINA6, BEX1, AGTR1, SLC26A3, and LAPTM4B are markers of resistance to neoadjuvant chemotherapy in HER2-negative breast cancer",23203637;28919995,TXT,known or suspected source/derivative relationship,https://www.ncbi.nlm.nih.gov/geo/query/acc.cgi?acc=GSE34138
GSE50948,mandatory_seed_review,156,GPL570,Expression profiling by array,Expression Data from transNOAH breast cancer trial,24443618,CEL,known or suspected source/derivative relationship,https://www.ncbi.nlm.nih.gov/geo/query/acc.cgi?acc=GSE50948
GSE32646,mandatory_seed_review,115,GPL570,Expression profiling by array,GSTP1 expression predicts poor pathological complete response to neoadjuvant chemotherapy in ER-negative breast cancer,22320227,CEL,known or suspected source/derivative relationship,https://www.ncbi.nlm.nih.gov/geo/query/acc.cgi?acc=GSE32646
GSE22093,mandatory_seed_review,103,GPL96,Expression profiling by array,Expression data from breast cancer FNA biopsies from patients,21191116;23185353,CEL,known or suspected source/derivative relationship,https://www.ncbi.nlm.nih.gov/geo/query/acc.cgi?acc=GSE22093
GSE42822,mandatory_seed_review,91,GPL96,Expression profiling by array,Expression data from breast cancer FNA biopsies from patients ( (USO samples),23158478,CEL,known or suspected source/derivative relationship,https://www.ncbi.nlm.nih.gov/geo/query/acc.cgi?acc=GSE42822
GSE23988,mandatory_seed_review,61,GPL96,Expression profiling by array,Expression data from breast cancer FNA biopsies from patients (US samples),21191116,CEL,known or suspected source/derivative relationship,https://www.ncbi.nlm.nih.gov/geo/query/acc.cgi?acc=GSE23988
GSE283522,priority_review,1254,GPL24676,Expression profiling by high throughput sequencing,The spatially informed mFISHseq assay resolves biomarker discordance and predicts treatment response in breast cancer,39747865,TXT,human expression series; response context; patient/tumor context,https://www.ncbi.nlm.nih.gov/geo/query/acc.cgi?acc=GSE283522
GSE194040,priority_review,988,GPL30493;20078,Expression profiling by array,I-SPY2-990 mRNA/RPPA Data Resource: mRNA component,35623341;40905691,TXT,human expression series; response context; patient/tumor context,https://www.ncbi.nlm.nih.gov/geo/query/acc.cgi?acc=GSE194040
GSE186102,priority_review,473,GPL30877,Expression profiling by array,"Neoadjuvant eribulin in HER2-negative early-stage breast cancer (SOLTI-1007-NeoEribulin): a multicenter, two-cohort, non-randomized phase II trial",34824288,TXT,human expression series; response context; patient/tumor context,https://www.ncbi.nlm.nih.gov/geo/query/acc.cgi?acc=GSE186102
GSE319641,priority_review,401,GPL18573,Expression profiling by high throughput sequencing,RNA-Seq profiling of pre- and on-treatment tumor samples from breast cancer patients enrolled in the NeoTRIP trial.,42162664,TXT,human expression series; response context; patient/tumor context,https://www.ncbi.nlm.nih.gov/geo/query/acc.cgi?acc=GSE319641
GSE154524,priority_review,389,GPL11154;16791,Expression profiling by high throughput sequencing,CALGB 40603: Randomized Phase II 2 x 2 Factorial Trial of the Addition of Carboplatin +/- Bevacizumab to Neoadjuvant Weekly Paclitaxel Followed by Dose-Dense AC in Hormone Receptor-Poor/HER2-Negative Resectable Breast Cancer,35044810;38948758,TXT,human expression series; response context; patient/tumor context,https://www.ncbi.nlm.nih.gov/geo/query/acc.cgi?acc=GSE154524
GSE156915,priority_review,361,GPL29069,Expression profiling by array,In-depth clinical and biological exploration of DNA Damage Immune Response (DDIR) as a biomarker for oxaliplatin use in colorectal cancer,33028592,CEL,human expression series; response context; patient/tumor context,https://www.ncbi.nlm.nih.gov/geo/query/acc.cgi?acc=GSE156915
GSE243375,priority_review,287,GPL24676,Expression profiling by high throughput sequencing,HER2 heterogeneity and treatment response-associated profiles in HER2-positive breast cancer in the NCT02326974 clinical trial ,38300710,CSV,human expression series; response context; patient/tumor context,https://www.ncbi.nlm.nih.gov/geo/query/acc.cgi?acc=GSE243375
GSE87455,priority_review,275,GPL10558,Expression profiling by array,Assessment of tumor pathological and transcriptional biomarkers in pre- and on-treatment core biopsies predictive of response and outcome after neoadjuvant chemotherapy plus Bevacizumab in patients with HER2-negative breast cancer,28940389;30228933;29136509,TXT,human expression series; response context; patient/tumor context,https://www.ncbi.nlm.nih.gov/geo/query/acc.cgi?acc=GSE87455
GSE116335,priority_review,265,GPL11154;16791,Expression profiling by high throughput sequencing,"CALGB 40601: Randomized Phase III Trial of Paclitaxel Combined With Trastuzumab, Lapatinib, or Both As Neoadjuvant Treatment of HER2-Positive Primary Breast Cancer",30037817;34412669;37923752,"TSV, TXT, XLS",human expression series; response context; patient/tumor context,https://www.ncbi.nlm.nih.gov/geo/query/acc.cgi?acc=GSE116335
GSE230881,priority_review,263,GPL570,Expression profiling by array,IRSN-23 Prospective Analyses,40128415,CEL,human expression series; response context; patient/tumor context,https://www.ncbi.nlm.nih.gov/geo/query/acc.cgi?acc=GSE230881
GSE32603,priority_review,248,GPL14668,Expression profiling by array,Serial gene expression analysis in locally advanced breast cancer patients who failed to respond to neoadjuvant chemotherapy,26021444,GPR,human expression series; response context; patient/tumor context,https://www.ncbi.nlm.nih.gov/geo/query/acc.cgi?acc=GSE32603
GSE234519,priority_review,245,GPL24676,Expression profiling by high throughput sequencing,NSABP B-41: A Study of AC Followed by a Combination of Paclitaxel Plus Trastuzumab or Lapatinib or Both Given Before Surgery to Patients With Operable HER2 Positive Invasive Breast Cancer,38546612,TXT,human expression series; response context; patient/tumor context,https://www.ncbi.nlm.nih.gov/geo/query/acc.cgi?acc=GSE234519
GSE10886,priority_review,226,GPL885;1390;887,Expression profiling by array,A Supervised Risk Predictor of Breast Cancer Based on Biological Subtypes,19204204,,human expression series; response context; patient/tumor context,https://www.ncbi.nlm.nih.gov/geo/query/acc.cgi?acc=GSE10886
GSE163882,priority_review,222,GPL18573,Expression profiling by high throughput sequencing,Multi-center retrospective evaluation of a RNA expression classifier to predict pathological complete response to neoadjuvant chemotherapy in breast cancer biopsies,35935976,CSV,human expression series; response context; patient/tumor context,https://www.ncbi.nlm.nih.gov/geo/query/acc.cgi?acc=GSE163882
GSE130788,priority_review,199,GPL6480,Expression profiling by array,"A Phase II Randomized Trial of Neoadjuvant Trastuzumab or Lapatinib or the Combination of Trastuzumab and Lapatinib, Followed by Docetaxel and Carboplatin with Trastuzumab and/or Lapatinib in Patients with HER2+ Breast Cancer",33951110,TXT,human expression series; response context; patient/tumor context,https://www.ncbi.nlm.nih.gov/geo/query/acc.cgi?acc=GSE130788
GSE234181,priority_review,184,GPL24676,Expression profiling by high throughput sequencing,Long-term multi-modal recording reveals epigenetic adaptation routes in dormant breast cancer cells [scRNA-Seq],38527495,ZIP,human expression series; response context; patient/tumor context,https://www.ncbi.nlm.nih.gov/geo/query/acc.cgi?acc=GSE234181
GSE284956,priority_review,180,GPL24676,Expression profiling by high throughput sequencing,Overcoming intrinsic mechanisms of cell cycle inhibitor resistance in estrogen receptor-positive (ER+) breast cancer,,TSV,human expression series; response context; patient/tumor context,https://www.ncbi.nlm.nih.gov/geo/query/acc.cgi?acc=GSE284956
GSE109710,priority_review,173,GPL24546,Expression profiling by array,Tumor infiltrating lymphocytes in patients receiving trastuzumab/pertuzumab-based chemotherapy: A TRYPHAENA substudy,29788230,TXT,human expression series; response context; patient/tumor context,https://www.ncbi.nlm.nih.gov/geo/query/acc.cgi?acc=GSE109710
GSE4382,priority_review,167,GPL3045;180;2776;2777;3507;3047;2778;3147,Expression profiling by array,Repeated observation of breast tumor subtypes in independent gene expression data sets,12829800,,human expression series; response context; patient/tumor context,https://www.ncbi.nlm.nih.gov/geo/query/acc.cgi?acc=GSE4382
GSE149322,priority_review,150,GPL16233;20078,Expression profiling by array,AKT/mTOR/HER/PI3K family genes as predictors of pCR for early stage breast cancer patients treated with the AKT inhibitor MK2206 in the I-SPY 2 TRIAL (NCT01042379),33083527;33767190,TXT,human expression series; response context; patient/tumor context,https://www.ncbi.nlm.nih.gov/geo/query/acc.cgi?acc=GSE149322
GSE22226,priority_review,150,GPL1708;4133,Expression profiling by array,Heterogeneity of Response to Chemotherapy and Recurrence-free Survival in Neoadjuvant Breast Cancer: Results from the I-SPY 1 TRIAL,22198468;36997615,,human expression series; response context; patient/tumor context,https://www.ncbi.nlm.nih.gov/geo/query/acc.cgi?acc=GSE22226
GSE63471,priority_review,142,GPL571,Expression profiling by array,Implementing whole genome array for clinical use in academic centers: A randomized trial comparing neoadjuvant standard chemotherapy to genomic-driven chemotherapy in operable breast cancer (REMAGUS04 trial),,CEL,human expression series; response context; patient/tumor context,https://www.ncbi.nlm.nih.gov/geo/query/acc.cgi?acc=GSE63471
GSE240671,priority_review,122,GPL24676,Expression profiling by high throughput sequencing,Stranded bulk Illumina RNASeq of human mammary tumors before and after neoadjuvant chemotherapy treatment,38374113,CSV,human expression series; response context; patient/tumor context,https://www.ncbi.nlm.nih.gov/geo/query/acc.cgi?acc=GSE240671
GSE4335,priority_review,122,GPL180;2777;3047;3147;2778;2776;3045,Expression profiling by array,Norway/Stanford Breast Tumors,12829800,,human expression series; response context; patient/tumor context,https://www.ncbi.nlm.nih.gov/geo/query/acc.cgi?acc=GSE4335
GSE16446,priority_review,120,GPL570,Expression profiling by array,Multifactorial Approach to Predicting Resistance to Anthracyclines,21422418;20098429;20189874;26484051,"CEL, TXT",human expression series; response context; patient/tumor context,https://www.ncbi.nlm.nih.gov/geo/query/acc.cgi?acc=GSE16446
GSE185507,priority_review,115,GPL30829,Expression profiling by array,An immunological signature to predict outcome in patients with triple-negative breast cancer patients with residual disease after neoadjuvant chemotherapy,35759853,RCC,human expression series; response context; patient/tumor context,https://www.ncbi.nlm.nih.gov/geo/query/acc.cgi?acc=GSE185507
GSE43807,priority_review,111,GPL16556,Expression profiling by RT-PCR,The expression profile of ABC transporter genes in post-treatment breast carcinomas,23556449,TXT,human expression series; response context; patient/tumor context,https://www.ncbi.nlm.nih.gov/geo/query/acc.cgi?acc=GSE43807
GSE130786,priority_review,110,GPL6480,Expression profiling by array,"A Phase II Randomized Trial of Neoadjuvant Trastuzumab or Lapatinib or the Combination of Trastuzumab and Lapatinib, Followed by Docetaxel and Carboplatin with Trastuzumab and/or Lapatinib in Patients with HER2+ Breast Cancer [Baseline]",33951110,TXT,human expression series; response context; patient/tumor context,https://www.ncbi.nlm.nih.gov/geo/query/acc.cgi?acc=GSE130786
GSE231629,priority_review,109,GPL570,Expression profiling by array,Microarray gene expression profiles from female ER-positive HER2-normal breast cancer patients,37258527,CEL,human expression series; response context; patient/tumor context,https://www.ncbi.nlm.nih.gov/geo/query/acc.cgi?acc=GSE231629
GSE255359,priority_review,108,GPL21697,Expression profiling by high throughput sequencing,High mechanical conditioning by tumor extracellular matrix stiffness is a predictive biomarker for anti-fibrotic therapy in HER2-negative breast cancer,39283720,CSV,human expression series; response context; patient/tumor context,https://www.ncbi.nlm.nih.gov/geo/query/acc.cgi?acc=GSE255359
GSE181548,priority_review,105,GPL17784,Expression profiling by array,Pam50 of a Triple-Negative Breast Cancer Cohort Treated with Neoadjuvant Carboplatin and Docetaxel According to Lehmann's Refined Classification,,"RCC, TXT",human expression series; response context; patient/tumor context,https://www.ncbi.nlm.nih.gov/geo/query/acc.cgi?acc=GSE181548
GSE4779,priority_review,102,GPL1352,Expression profiling by array,A stroma-related gene signature predicts sensitivity to epirubicin-containing neoadjuvant chemotherapy in breast cancer.,19122658,CEL,human expression series; response context; patient/tumor context,https://www.ncbi.nlm.nih.gov/geo/query/acc.cgi?acc=GSE4779
GSE111563,priority_review,101,GPL10558,Expression profiling by array,Gene expression analysis of breast tumours from dormant and acquired resistant patients,30616553,TXT,human expression series; response context; patient/tumor context,https://www.ncbi.nlm.nih.gov/geo/query/acc.cgi?acc=GSE111563
GSE114403,priority_review,100,GPL24993,Expression profiling by array,Immune profiling of pre- and post-treatment breast cancer tissues from the SOWG S0800 randomized neoadjuvant trail of weekly nab-paclitaxel with or without bevacizumab and dose dense doxorubicin and cyclophosphamide,30967156,TXT,human expression series; response context; patient/tumor context,https://www.ncbi.nlm.nih.gov/geo/query/acc.cgi?acc=GSE114403
GSE181466,priority_review,97,GPL16791,Expression profiling by high throughput sequencing,RNAseq of a Triple-Negative Breast Cancer Cohort Treated with Neoadjuvant Carboplatin and Docetaxel According to Lehmann's Refined Classification,,TXT,human expression series; response context; patient/tumor context,https://www.ncbi.nlm.nih.gov/geo/query/acc.cgi?acc=GSE181466
GSE48906,priority_review,96,GPL570,Expression profiling by array,Neoadjuvant anastrozole alone or with gefitinib in early breast cancer,24505287,CEL,human expression series; response context; patient/tumor context,https://www.ncbi.nlm.nih.gov/geo/query/acc.cgi?acc=GSE48906
GSE122630,priority_review,95,GPL17303,Expression profiling by high throughput sequencing,On-Treatment Biomarkers Improve Prediction of Response to Neoadjuvant Chemotherapy in Breast Cancer,31200764,TXT,human expression series; response context; patient/tumor context,https://www.ncbi.nlm.nih.gov/geo/query/acc.cgi?acc=GSE122630
GSE158724,priority_review,95,GPL24676;16791,Expression profiling by high throughput sequencing,Convergent evolution of resistance pathways during early stage breast cancer treatment with combination cell cycle (CDK) and endocrine signalling inhibitors ,34712959,TXT,human expression series; response context; patient/tumor context,https://www.ncbi.nlm.nih.gov/geo/query/acc.cgi?acc=GSE158724
GSE140494,priority_review,91,GPL570,Expression profiling by array,Gene expression-based prediction of neodjuvant chemotherapy response in early breast cancer,33542080,CEL,human expression series; response context; patient/tumor context,https://www.ncbi.nlm.nih.gov/geo/query/acc.cgi?acc=GSE140494
GSE130787,priority_review,89,GPL6480,Expression profiling by array,"A Phase II Randomized Trial of Neoadjuvant Trastuzumab or Lapatinib or the Combination of Trastuzumab and Lapatinib, Followed by Docetaxel and Carboplatin with Trastuzumab and/or Lapatinib in Patients with HER2+ Breast Cancer [treatments]",33951110,TXT,human expression series; response context; patient/tumor context,https://www.ncbi.nlm.nih.gov/geo/query/acc.cgi?acc=GSE130787
GSE152360,priority_review,89,GPL18573,Expression profiling by high throughput sequencing,Chromatin Accessibility differentiates Invasive Lobular from Invasive Ductal Breast cancer and Dictates Response to Endocrine Treatment,35950920,BW,human expression series; response context; patient/tumor context,https://www.ncbi.nlm.nih.gov/geo/query/acc.cgi?acc=GSE152360
GSE119262,priority_review,88,GPL6104,Expression profiling by array,Gene expression profiling of pre-operative mTOR inhibitor everolimus treatment in breast cancer,20480226,TXT,human expression series; response context; patient/tumor context,https://www.ncbi.nlm.nih.gov/geo/query/acc.cgi?acc=GSE119262
GSE66305,priority_review,88,GPL570,Expression profiling by array,Prospective biomarker analysis of the randomized CHER-LOB study evaluating the dual anti-HER2 treatment with chemotherapy plus trastuzumab and lapatinib as neoadjuvant therapy for HER2-positive breast cancer [expression],26245675,CEL,human expression series; response context; patient/tumor context,https://www.ncbi.nlm.nih.gov/geo/query/acc.cgi?acc=GSE66305
GSE192341,priority_review,87,GPL11154,Expression profiling by high throughput sequencing,RNAseq gene expression profiles of 87 pre-treatment biopsies of breast cancer patients to study neoadjuvant treatment response,35523804,TXT,human expression series; response context; patient/tumor context,https://www.ncbi.nlm.nih.gov/geo/query/acc.cgi?acc=GSE192341
GSE271080,priority_review,86,GPL20301,Expression profiling by high throughput sequencing,Randomized phase II trial of preoperative fulvestrant with or without enzalutamide for ER+/Her2- primary breast cancer,39368973,TXT,human expression series; response context; patient/tumor context,https://www.ncbi.nlm.nih.gov/geo/query/acc.cgi?acc=GSE271080
GSE18864,priority_review,84,GPL570,Expression profiling by array,Tumor expression data from neoadjuvant trial of cisplatin monotherapy in triple negative breast cancer patients,20100965;20098429;20189874,CEL,human expression series; response context; patient/tumor context,https://www.ncbi.nlm.nih.gov/geo/query/acc.cgi?acc=GSE18864
GSE27120,priority_review,79,GPL570,Expression profiling by array,Characterization and clinical evaluation of CD10+ stroma cells in the breast cancer microenvironment,22235100,CEL,human expression series; response context; patient/tumor context,https://www.ncbi.nlm.nih.gov/geo/query/acc.cgi?acc=GSE27120
GSE59515,priority_review,75,GPL10558,Expression profiling by array,Accurate prediction and validation of response to endocrine therapy in breast cancer,26033813,TXT,human expression series; response context; patient/tumor context,https://www.ncbi.nlm.nih.gov/geo/query/acc.cgi?acc=GSE59515
GSE260693,priority_review,73,GPL24676,Expression profiling by high throughput sequencing,Breast cancer-subtype and infiltrating macrophage signatures predict chemotherapy-response and survival,,CSV,human expression series; response context; patient/tumor context,https://www.ncbi.nlm.nih.gov/geo/query/acc.cgi?acc=GSE260693
GSE87377,priority_review,71,GPL570,Expression profiling by array,Implication of an Immune Score in Molecular Subtypes and Distant Metastasis of Breast Cancer: Comparison between Western and Chinese Han Patients,,CEL,human expression series; response context; patient/tumor context,https://www.ncbi.nlm.nih.gov/geo/query/acc.cgi?acc=GSE87377
GSE76727,priority_review,66,GPL10558,Expression profiling by array,Tumour sampling method can significantly influence gene expression profiles derived from neoadjuvant window studies II,27384960,TXT,human expression series; response context; patient/tumor context,https://www.ncbi.nlm.nih.gov/geo/query/acc.cgi?acc=GSE76727
GSE245132,priority_review,64,GPL23159,Expression profiling by array,Gene expression profiling of HER2-positive breast cancer samples collected at baseline and at surgery from patients who did not achieve pathological complete response after trastuzumab-based neoadjuvant biochemotherapy.,39833955,CEL,human expression series; response context; patient/tumor context,https://www.ncbi.nlm.nih.gov/geo/query/acc.cgi?acc=GSE245132
GSE18728,priority_review,61,GPL570,Expression profiling by array,Expression data from human breast cancers pre and post chemothrapy,20012355,CEL,human expression series; response context; patient/tumor context,https://www.ncbi.nlm.nih.gov/geo/query/acc.cgi?acc=GSE18728
GSE18378,priority_review,60,GPL6480;6848,Expression profiling by array,Gene profiling and prediction of response to anastrozole neoadjuvant treatment in breast cancer,20428938,TXT,human expression series; response context; patient/tumor context,https://www.ncbi.nlm.nih.gov/geo/query/acc.cgi?acc=GSE18378
GSE41656,priority_review,60,GPL6884,Expression profiling by array,Gene expression analysis of a series of HER2+ of breast tumors,24062158,TXT,human expression series; response context; patient/tumor context,https://www.ncbi.nlm.nih.gov/geo/query/acc.cgi?acc=GSE41656
GSE80077,priority_review,60,GPL571,Expression profiling by array,Preoperative short-term hormone therapy for hormone receptor positive breast cancer,28412725,CEL,human expression series; response context; patient/tumor context,https://www.ncbi.nlm.nih.gov/geo/query/acc.cgi?acc=GSE80077
GSE201085,priority_review,58,GPL24676,Expression profiling by high throughput sequencing,Peripheral Blood Monocyte Abundance Predicts Outcomes in Breast Cancer Patients,36304942,"CSV, XLSX",human expression series; response context; patient/tumor context,https://www.ncbi.nlm.nih.gov/geo/query/acc.cgi?acc=GSE201085
GSE280902,priority_review,58,GPL30173,Expression profiling by high throughput sequencing,Identification of neoadjuvant chemotherapy response transcriptomic meta-signatures in invasive breast cancer in Latino patients,41366282,TXT,human expression series; response context; patient/tumor context,https://www.ncbi.nlm.nih.gov/geo/query/acc.cgi?acc=GSE280902
GSE21974,priority_review,57,GPL6480,Expression profiling by array,Molecular Subtype Predicts Response to Neoadjuvant Chemotherapy in Breast Cancer,21769435,TXT,human expression series; response context; patient/tumor context,https://www.ncbi.nlm.nih.gov/geo/query/acc.cgi?acc=GSE21974
GSE309004,priority_review,54,GPL18573,Expression profiling by high throughput sequencing,Molecular determinants of neoadjuvant chemotherapy resistance in breast cancer: An analysis of gene expression and tumor microenvironment,41086192,TXT,human expression series; response context; patient/tumor context,https://www.ncbi.nlm.nih.gov/geo/query/acc.cgi?acc=GSE309004
GSE234171,priority_review,51,GPL24676,Expression profiling by high throughput sequencing,Long-term multi-modal recording reveals epigenetic adaptation routes in dormant breast cancer cells [RNA-Seq],38527495,TSV,human expression series; response context; patient/tumor context,https://www.ncbi.nlm.nih.gov/geo/query/acc.cgi?acc=GSE234171
GSE296805,priority_review,50,GPL24676,Expression profiling by high throughput sequencing,An immunological mechanism of resistance to CDK4/6 inhibitors in breast cancer,40702362;40624238,H5AD,human expression series; response context; patient/tumor context,https://www.ncbi.nlm.nih.gov/geo/query/acc.cgi?acc=GSE296805
GSE32072,priority_review,50,GPL96,Expression profiling by array,Expression data from breast cancer FNA and surgical specimens from patients,22235097,CEL,human expression series; response context; patient/tumor context,https://www.ncbi.nlm.nih.gov/geo/query/acc.cgi?acc=GSE32072
GSE37946,priority_review,50,GPL96,Expression profiling by array,HER2-enriched tumor initiating cell (HTIC) genomic predictor of response following neoadjuvant trastuzumab-based chemotherapy in HER2+ breast cancer,,CEL,human expression series; response context; patient/tumor context,https://www.ncbi.nlm.nih.gov/geo/query/acc.cgi?acc=GSE37946
GSE180295,priority_review,46,GPL30404,Expression profiling by array,Array data from neoDDRD clinical trial,34728791,"CEL, TXT",human expression series; response context; patient/tumor context,https://www.ncbi.nlm.nih.gov/geo/query/acc.cgi?acc=GSE180295
GSE8465,priority_review,46,GPL1390;887,Expression profiling by array,A Phase II Study of Neoadjuvant Gemcitabine Plus Doxorubicin Followed by Gemcitabine Plus Cisplatin in Breast Cancer,18382427,,human expression series; response context; patient/tumor context,https://www.ncbi.nlm.nih.gov/geo/query/acc.cgi?acc=GSE8465
GSE143846,priority_review,44,GPL14550,Expression profiling by array,Stromal cell signature associated with response to neoadjuvant chemotherapy in locally advanced breast cancer,31817155,TXT,human expression series; response context; patient/tumor context,https://www.ncbi.nlm.nih.gov/geo/query/acc.cgi?acc=GSE143846
GSE189757,priority_review,44,GPL16791,Expression profiling by high throughput sequencing,Novel dynamic network analysis approach characterizes progressive and complex effects of weight gain and obesity on breast cancer signaling,,TXT,human expression series; response context; patient/tumor context,https://www.ncbi.nlm.nih.gov/geo/query/acc.cgi?acc=GSE189757
GSE207248,priority_review,44,GPL18573,Expression profiling by high throughput sequencing,On-treatment transcriptional profiling in HER2+ inflammatory breast cancer,,CSV,human expression series; response context; patient/tumor context,https://www.ncbi.nlm.nih.gov/geo/query/acc.cgi?acc=GSE207248
GSE48905,priority_review,42,GPL570,Expression profiling by array,The NEWEST trial,24505287,CEL,human expression series; response context; patient/tumor context,https://www.ncbi.nlm.nih.gov/geo/query/acc.cgi?acc=GSE48905
GSE180775,priority_review,41,GPL13607,Expression profiling by array,Recurrence biomarkers of triple negative breast cancer treated with neoadjuvant chemotherapy combined with anti-EGFR antibodies [Agilent],34535679,TXT,human expression series; response context; patient/tumor context,https://www.ncbi.nlm.nih.gov/geo/query/acc.cgi?acc=GSE180775
GSE191127,priority_review,40,GPL11154,Expression profiling by high throughput sequencing,Comprehensive characterization of pre- and post-treatment samples of breast cancer reveal potential mechanisms of chemotherapy resistance,35523804,TXT,human expression series; response context; patient/tumor context,https://www.ncbi.nlm.nih.gov/geo/query/acc.cgi?acc=GSE191127
GSE52322,priority_review,37,GPL570,Expression profiling by array,Novel linkages between DCE-MRI and genomic profiling in locally advanced and inflammatory breast cancer,16467094;25811737,CEL,human expression series; response context; patient/tumor context,https://www.ncbi.nlm.nih.gov/geo/query/acc.cgi?acc=GSE52322
GSE114082,priority_review,34,GPL14951,Expression profiling by array,Gene expression profiling of primary HER2-positive breast cancers before and after brief exposure to single agent neoadjuvant trastuzumab,30478407,"PDF, TXT",human expression series; response context; patient/tumor context,https://www.ncbi.nlm.nih.gov/geo/query/acc.cgi?acc=GSE114082
GSE161830,priority_review,29,GPL13376,Expression profiling by array,Molecular profiling of 16 week aromatase inhibitor-treated post-menopausal breast tumors,,TXT,human expression series; response context; patient/tumor context,https://www.ncbi.nlm.nih.gov/geo/query/acc.cgi?acc=GSE161830
GSE28826,priority_review,28,GPL570,Expression profiling by array,Differentially expressed genes after treatment with chemotherapy in breast cancer and their correlation with pathologic bad response (Miller & Payne grades 1 and 2),23326553,CEL,human expression series; response context; patient/tumor context,https://www.ncbi.nlm.nih.gov/geo/query/acc.cgi?acc=GSE28826
GSE180717,priority_review,27,GPL23845,Expression profiling by array,Recurrence biomarkers of triple negative breast cancer treated with neoadjuvant chemotherapy combined with anti-EGFR antibodies [Nanostring],34535679,TXT,human expression series; response context; patient/tumor context,https://www.ncbi.nlm.nih.gov/geo/query/acc.cgi?acc=GSE180717
GSE275065,priority_review,27,GPL24676,Expression profiling by high throughput sequencing,NSABP B-41: A Study of AC Followed by a Combination of Paclitaxel Plus Trastuzumab or Lapatinib or Both Given Before Surgery to Patients With Operable HER2 Positive Invasive Breast Cancer [B41_27_POST],39706338,TXT,human expression series; response context; patient/tumor context,https://www.ncbi.nlm.nih.gov/geo/query/acc.cgi?acc=GSE275065
GSE43502,priority_review,25,GPL570,Expression profiling by array,Identification of Prognosis-Relevant Subgroups in Patients with Chemoresistant Triple Negative Breast Cancer,23549873,CEL,human expression series; response context; patient/tumor context,https://www.ncbi.nlm.nih.gov/geo/query/acc.cgi?acc=GSE43502
GSE19697,priority_review,24,GPL570,Expression profiling by array,An expression profile that predicts the therapeutic response of the basal-like breast cancer to neoadjuvant chemotherapy,19967557,CEL,human expression series; response context; patient/tumor context,https://www.ncbi.nlm.nih.gov/geo/query/acc.cgi?acc=GSE19697
GSE279219,priority_review,24,GPL24676,Expression profiling by high throughput sequencing,Early downmodulation of tumor glycolysis predicts response to fasting-mimicking diet in triple-negative breast cancer patients,39694040,"MTX, TSV",human expression series; response context; patient/tumor context,https://www.ncbi.nlm.nih.gov/geo/query/acc.cgi?acc=GSE279219
GSE28796,priority_review,24,GPL570,Expression profiling by array,Gene expression profiles of pretreatment biopsies from dose-dense-docetaxel-treated breast cancers,21633166,CEL,human expression series; response context; patient/tumor context,https://www.ncbi.nlm.nih.gov/geo/query/acc.cgi?acc=GSE28796
GSE324721,priority_review,24,GPL34284,Expression profiling by high throughput sequencing,Neoadjuvant Palbociclib Treatment Impacts Cell Cycle Progression of DCIS,42649946,CSV,human expression series; response context; patient/tumor context,https://www.ncbi.nlm.nih.gov/geo/query/acc.cgi?acc=GSE324721
GSE62327,priority_review,24,GPL14951,Expression profiling by array,Gene expression profiling of primary HER2-positive breast cancers treated with neoadjuvant trastuzumab,26334217,"PDF, TXT",human expression series; response context; patient/tumor context,https://www.ncbi.nlm.nih.gov/geo/query/acc.cgi?acc=GSE62327
GSE80333,priority_review,23,GPL16791;18573,Expression profiling by high throughput sequencing; Other,Spatial proximity to fibroblasts impacts molecular features and therapeutic sensitivity of breast cancer cells influencing clinical outcomes,27671678,TSV,human expression series; response context; patient/tumor context,https://www.ncbi.nlm.nih.gov/geo/query/acc.cgi?acc=GSE80333
GSE162187,priority_review,22,GPL20301,Expression profiling by high throughput sequencing,Transcriptomic analysis of breast cancer patients sensitive and resistant to chemotherapy: Looking for overall survival and drug resistance biomarkers,36338974,TSV,human expression series; response context; patient/tumor context,https://www.ncbi.nlm.nih.gov/geo/query/acc.cgi?acc=GSE162187
GSE33658,priority_review,22,GPL570,Expression profiling by array,"A phase II neoadjuvant trial of anastrozole (A), fulvestrant (F) and gefitinib (I - iressa) in patients with newly diagnosed estrogen receptor positive breast cancer",21792626,CEL,human expression series; response context; patient/tumor context,https://www.ncbi.nlm.nih.gov/geo/query/acc.cgi?acc=GSE33658
GSE70233,priority_review,22,GPL570,Expression profiling by array,caArray_harri-00137: Predictors of Resistance to Preoperative Trastuzumab and Vinorelbine for HER2-Positive Early Breast Cancer,17317830,CEL,human expression series; response context; patient/tumor context,https://www.ncbi.nlm.nih.gov/geo/query/acc.cgi?acc=GSE70233
GSE103668,priority_review,21,GPL570,Expression profiling by array,Pre-treatment expression data from neoadjuvant platinum & bevacizumab treated triple negative breast cancer patients,29452344,CEL,human expression series; response context; patient/tumor context,https://www.ncbi.nlm.nih.gov/geo/query/acc.cgi?acc=GSE103668
GSE252315,priority_review,21,GPL11154,Expression profiling by high throughput sequencing,Basal epithelial subpopulations underlie and predict chemotherapy resistance in Triple-Negative Breast Cancer,38480932,TXT,human expression series; response context; patient/tumor context,https://www.ncbi.nlm.nih.gov/geo/query/acc.cgi?acc=GSE252315
GSE261774,priority_review,21,GPL24676,Expression profiling by high throughput sequencing,SPP1+ macrophages in HR+ breast cancer are associated with tumour-infiltrating lymphocytes.,39349495,H5,human expression series; response context; patient/tumor context,https://www.ncbi.nlm.nih.gov/geo/query/acc.cgi?acc=GSE261774
GSE197894,priority_review,20,GPL20301,Expression profiling by high throughput sequencing,An alternatively spliced p62 isoform promotes breast cancer chemoresistance,,XLSX,human expression series; response context; patient/tumor context,https://www.ncbi.nlm.nih.gov/geo/query/acc.cgi?acc=GSE197894
GSE270967,priority_review,20,GPL16791,Expression profiling by high throughput sequencing,LncRNA expression profile is associated with neoadjuvant chemotherapy resistance in luminal B breast cancer,39125649,CSV,human expression series; response context; patient/tumor context,https://www.ncbi.nlm.nih.gov/geo/query/acc.cgi?acc=GSE270967
GSE28583,priority_review,20,GPL570,Expression profiling by array,Differentially expressed genes after treatment with chemotherapy in breast cancer and their correlation with pathologic mid-response (Miller & Payne grade 3),23326553,CEL,human expression series; response context; patient/tumor context,https://www.ncbi.nlm.nih.gov/geo/query/acc.cgi?acc=GSE28583
GSE149283,priority_review,18,GPL23159,Expression profiling by array,Gene expression profiling of primary HER2-positive breast cancers treated with neoadjuvant trastuzumab,,CEL,human expression series; response context; patient/tumor context,https://www.ncbi.nlm.nih.gov/geo/query/acc.cgi?acc=GSE149283
GSE160568,priority_review,18,GPL11154,Expression profiling by high throughput sequencing,Identification of biomarkers of response to preoperative talazoparib monotherapy   in treatment naïve gBRCA+ breast cancers,35538088,TXT,human expression series; response context; patient/tumor context,https://www.ncbi.nlm.nih.gov/geo/query/acc.cgi?acc=GSE160568
GSE232764,priority_review,17,GPL24676,Expression profiling by high throughput sequencing,TBCRC 039: A phase II study of preoperative ruxolitinib with or without paclitaxel for triple-negative inflammatory breast cancer,38297352,CSV,human expression series; response context; patient/tumor context,https://www.ncbi.nlm.nih.gov/geo/query/acc.cgi?acc=GSE232764
GSE336193,priority_review,16,GPL34284,Expression profiling by high throughput sequencing,Zanidatamab in Patients with Early Stage HER2-positive Breast Cancer: The NeoZanHER Phase 2 Single-Arm Open-Label Trial,,CSV,human expression series; response context; patient/tumor context,https://www.ncbi.nlm.nih.gov/geo/query/acc.cgi?acc=GSE336193
GSE230536,priority_review,15,GPL18573,Expression profiling by high throughput sequencing,NK cell-triggered CCL5/IFN?-CXCL9/10 axis underlies the clinical efficacy of HER2-targeted antibodies in primary HER2 positive breast cancer [RNA-seq],38167224,CSV,human expression series; response context; patient/tumor context,https://www.ncbi.nlm.nih.gov/geo/query/acc.cgi?acc=GSE230536
GSE260989,priority_review,14,GPL24676,Expression profiling by high throughput sequencing,Phase 1 Trial Combining Neoadjuvant Chemotherapy with Chemokine Modulatory Regimen for Triple Negative Breast Cancer,39542655,CSV,human expression series; response context; patient/tumor context,https://www.ncbi.nlm.nih.gov/geo/query/acc.cgi?acc=GSE260989
GSE43816,priority_review,14,GPL11532,Expression profiling by array,Response to Neoadjuvant Chemotherapy in Triple Negative Breast tumors.,27006338,CEL,human expression series; response context; patient/tumor context,https://www.ncbi.nlm.nih.gov/geo/query/acc.cgi?acc=GSE43816
GSE28694,priority_review,13,GPL570,Expression profiling by array,Differentially expressed genes after treatment with chemotherapy in breast cancer and their correlation with pathologic good response (Miller & Payne grades 4 and 5),23326553,CEL,human expression series; response context; patient/tumor context,https://www.ncbi.nlm.nih.gov/geo/query/acc.cgi?acc=GSE28694
GSE310900,priority_review,13,GPL23126,Expression profiling by array,Gene expression profile of FFPE primary Her2-positive breast cancer samples from patient who were subjected to  neoadjuvant therapy,41790341,"CEL, CHP",human expression series; response context; patient/tumor context,https://www.ncbi.nlm.nih.gov/geo/query/acc.cgi?acc=GSE310900
GSE159448,priority_review,12,GPL16791,Expression profiling by high throughput sequencing,RNA-Seq analysis identifies to GATA3-AS1 as a lncRNA associated with resistance to neoadjuvant chemotherapy in locally advanced breast cancer patients,34358678;38003293,TXT,human expression series; response context; patient/tumor context,https://www.ncbi.nlm.nih.gov/geo/query/acc.cgi?acc=GSE159448
GSE230521,priority_review,12,GPL23159,Expression profiling by array,NK cell-triggered CCL5/IFNg-CXCL9/10 axis underlies the clinical efficacy of HER2-targeted antibodies in primary HER2-positive breast cancer [array],38167224,CEL,human expression series; response context; patient/tumor context,https://www.ncbi.nlm.nih.gov/geo/query/acc.cgi?acc=GSE230521
GSE300749,priority_review,12,GPL24676,Expression profiling by high throughput sequencing,Cannabinoid CB2 receptor drives trastuzumab resistance and predicts durable anti-HER2 response,42115409,SF,human expression series; response context; patient/tumor context,https://www.ncbi.nlm.nih.gov/geo/query/acc.cgi?acc=GSE300749
GSE255107,priority_review,11,GPL24676,Expression profiling by high throughput sequencing,STING signalling compensates for low tumour mutation burden to drive anti-tumour immunity,38401418,"MTX, TSV",human expression series; response context; patient/tumor context,https://www.ncbi.nlm.nih.gov/geo/query/acc.cgi?acc=GSE255107
GSE67982,priority_review,11,GPL17586,Expression profiling by array,ColXα1 and Tumor Infiltrating Lymphocytes: a Marker of Response to Neoadjuvant Therapy in Estrogen Receptor and Human Epidermal Growth Factor Receptor 2 Positive Breast Cancer,,CEL,human expression series; response context; patient/tumor context,https://www.ncbi.nlm.nih.gov/geo/query/acc.cgi?acc=GSE67982
GSE35535,priority_review,10,GPL13497,Expression profiling by array,TIMP1 overexpression mediates resistance of MCF-7 human breast cancer cells to fulvestrant and down-regulates progesterone receptor expression,23881388,TXT,human expression series; response context; patient/tumor context,https://www.ncbi.nlm.nih.gov/geo/query/acc.cgi?acc=GSE35535
GSE136644,secondary_review,603,GPL6480,Expression profiling by array,POL and Z1031 Gene Expression_Final,31665365,TXT,human expression series; response context; patient context unclear,https://www.ncbi.nlm.nih.gov/geo/query/acc.cgi?acc=GSE136644
GSE25066,secondary_review,508,GPL96,Expression profiling by array,Genomic predictor of response and survival following neoadjuvant taxane-anthracycline chemotherapy in breast cancer,21558518;24337596;36293478,"CEL, TXT",human expression series; response context; patient context unclear,https://www.ncbi.nlm.nih.gov/geo/query/acc.cgi?acc=GSE25066
GSE180962,secondary_review,233,GPL16233;20078,Expression profiling by array,Ganitumab and Metformin plus Standard Neoadjuvant Therapy in Stage 2/3 Breast Cancer: Results from the I-SPY2 Adaptively Randomized Platform Trial,34611148,"CSV, TXT",human expression series; response context; patient context unclear,https://www.ncbi.nlm.nih.gov/geo/query/acc.cgi?acc=GSE180962
GSE123845,secondary_review,227,GPL16791,Expression profiling by high throughput sequencing,Multi-omics and immune profiling of breast cancers undergoing neoadjuvant chemotherapy identified dynamic cellular and molecular changes associated with clinical response,33268821,CSV,human expression series; response context; patient context unclear,https://www.ncbi.nlm.nih.gov/geo/query/acc.cgi?acc=GSE123845
GSE20181,secondary_review,176,GPL96,Expression profiling by array,Letrozole (Femara) early and late responses to treatment,20697427;20646288,CEL,human expression series; response context; patient context unclear,https://www.ncbi.nlm.nih.gov/geo/query/acc.cgi?acc=GSE20181
GSE16987,secondary_review,161,GPL6104,Expression profiling by array,"A new gene expression signature, the ClinicoMolecular Triad Classification, may improve prediction and prognostication of breast cancer at the time of diagnosis",21939527;24996446,TXT,human expression series; response context; patient context unclear,https://www.ncbi.nlm.nih.gov/geo/query/acc.cgi?acc=GSE16987
GSE66399,secondary_review,156,GPL6801;570,Expression profiling by array; Genome variation profiling by SNP array,Prospective biomarker analysis of the randomized CHER-LOB study evaluating the dual anti-HER2 treatment with chemotherapy plus trastuzumab and lapatinib as neoadjuvant therapy for HER2-positive breast cancer,26245675;27484801,"CEL, CNCHP",human expression series; response context; patient context unclear,https://www.ncbi.nlm.nih.gov/geo/query/acc.cgi?acc=GSE66399
GSE71258,secondary_review,128,GPL570,Expression profiling by array,Identification of genes associated with breast cancer micrometastatic disease in bone marrow disseminated tumor cells (DTCs),26269605,CEL,human expression series; response context; patient context unclear,https://www.ncbi.nlm.nih.gov/geo/query/acc.cgi?acc=GSE71258
GSE181574,secondary_review,127,GPL20078;30493,Expression profiling by array,Neoadjuvant T-DM1/pertuzumab and paclitaxel/trastuzumab/pertuzumab for HER2-positive breast cancer in the adaptively randomized I-SPY2 trial.,34741023,TXT,human expression series; response context; patient context unclear,https://www.ncbi.nlm.nih.gov/geo/query/acc.cgi?acc=GSE181574
GSE106977,secondary_review,119,GPL17586,Expression profiling by array,Triple negative breast cancer subtypes and pathologic complete response rate to neoadjuvant chemotherapy,29899867,CEL,human expression series; response context; patient context unclear,https://www.ncbi.nlm.nih.gov/geo/query/acc.cgi?acc=GSE106977
GSE5462,secondary_review,116,GPL96,Expression profiling by array,Letrozole (Femara) early response to treatment,17885619;20646288,CEL,human expression series; response context; patient context unclear,https://www.ncbi.nlm.nih.gov/geo/query/acc.cgi?acc=GSE5462
GSE173839,secondary_review,105,GPL20078,Expression profiling by array,Durvalumab with olaparib and paclitaxel for high-risk HER2-negative stage II/III breast cancer: Results from the adaptively randomized I-SPY2 platform trial ,34143979,"CSV, TXT",human expression series; response context; patient context unclear,https://www.ncbi.nlm.nih.gov/geo/query/acc.cgi?acc=GSE173839
GSE189371,secondary_review,96,GPL29480,Expression profiling by high throughput sequencing,Radiomics Predicts High or Low Recurrence Risk and is Associated with LncRNAs in Breast Cancer,37915093;38756447;39669975,CSV,human expression series; response context; patient context unclear,https://www.ncbi.nlm.nih.gov/geo/query/acc.cgi?acc=GSE189371
GSE66999,secondary_review,76,GPL6480,Expression profiling by array,NCIC CTG MA.22  phase I/II trial of epirubicin and docetaxel in locally advanced breast cancer on 2-weekly or 3-weekly schedules,26543765,TXT,human expression series; response context; patient context unclear,https://www.ncbi.nlm.nih.gov/geo/query/acc.cgi?acc=GSE66999
GSE76728,secondary_review,74,GPL10558,Expression profiling by array,Tumour sampling method can significantly influence gene expression profiles derived from neoadjuvant window studies,27384960,,human expression series; response context; patient context unclear,https://www.ncbi.nlm.nih.gov/geo/query/acc.cgi?acc=GSE76728
GSE190275,secondary_review,60,GPL31028,Expression profiling by array,TP53 signature predicts survival outcome in triple-negative breast cancer with neoadjuvant chemotherapy,,RCC,human expression series; response context; patient context unclear,https://www.ncbi.nlm.nih.gov/geo/query/acc.cgi?acc=GSE190275
GSE180280,secondary_review,57,GPL18573,Expression profiling by high throughput sequencing,Activation of a cGAS-STING-mediated immune response predicts response to neoadjuvant chemotherapy in early breast cancer,34728791,TXT,human expression series; response context; patient context unclear,https://www.ncbi.nlm.nih.gov/geo/query/acc.cgi?acc=GSE180280
GSE55374,secondary_review,36,GPL10558,Expression profiling by array,Molecular changes in lobular breast cancers in response to endocrine therapy,25100562;26033813,TXT,human expression series; response context; patient context unclear,https://www.ncbi.nlm.nih.gov/geo/query/acc.cgi?acc=GSE55374
GSE184647,secondary_review,23,GPL16791,Expression profiling by high throughput sequencing,Androgen receptor signalling driving cancer stem cells (CSCs) state in triple-negative breast cancer,,CSV,human expression series; response context; patient context unclear,https://www.ncbi.nlm.nih.gov/geo/query/acc.cgi?acc=GSE184647
GSE29561,secondary_review,22,GPL96,Expression profiling by array,Response prediction to neoadjuvant chemotherapy,,CEL,human expression series; response context; patient context unclear,https://www.ncbi.nlm.nih.gov/geo/query/acc.cgi?acc=GSE29561
GSE205472,secondary_review,13,GPL24676,Expression profiling by high throughput sequencing,A Single-Cell Atlas of HR+ Breast  Cancer Reveals the Shifting of the Tumor Microenvironment in Response to Neoadjuvant Chemotherapy,38266804,"MTX, TSV",human expression series; response context; patient context unclear,https://www.ncbi.nlm.nih.gov/geo/query/acc.cgi?acc=GSE205472
GSE184455,secondary_review,12,GPL24676,Expression profiling by high throughput sequencing,Seviteronel plus chemotherapy is a new targeted combination therapy to treat triple-negative breast cancer,,CSV,human expression series; response context; patient context unclear,https://www.ncbi.nlm.nih.gov/geo/query/acc.cgi?acc=GSE184455
GSE196096,screen_out,1724,GPL30493;28470;20078,Expression profiling by array; Protein profiling by protein array,I-SPY2-990 mRNA/RPPA Data Resource,35623341;40905691,"TXT, XLSX",no explicit neoadjuvant/response context,https://www.ncbi.nlm.nih.gov/geo/query/acc.cgi?acc=GSE196096
GSE16716,screen_out,1343,GPL570;1261;96;1355,Expression profiling by array,MicroArray Quality Control Phase II (MAQC-II) Project,20064235;20676074;27363682,"CEL, PDF",cell-line/model-system indication,https://www.ncbi.nlm.nih.gov/geo/query/acc.cgi?acc=GSE16716
GSE295858,screen_out,991,GPL30173;32628,Other,Spatially distinct cellular and molecular landscapes define prognosis in triple negative breast cancer [1],39990419,"DCC, PNG",not expression profiling; no explicit neoadjuvant/response context,https://www.ncbi.nlm.nih.gov/geo/query/acc.cgi?acc=GSE295858
GSE243956,screen_out,819,GPL15520,Methylation profiling by high throughput sequencing,Ultradeep targeted methylation sequencing of BRCA1 promoter in paired tumor-normal samples from breast cancer patients,38053165,"TSV, TXT",not expression profiling; no explicit neoadjuvant/response context,https://www.ncbi.nlm.nih.gov/geo/query/acc.cgi?acc=GSE243956
GSE196093,screen_out,736,GPL28470,Protein profiling by protein array,I-SPY2-990 mRNA/RPPA Data Resource: RPPA component,35623341;40905691,CSV,not expression profiling,https://www.ncbi.nlm.nih.gov/geo/query/acc.cgi?acc=GSE196093
GSE10893,screen_out,504,GPL885;6607;5325;1390;8864;1708;887,Expression profiling by array; Genome variation profiling by genome tiling array; Genome variation profiling by SNP array,"Basal-like Breast Cancer DNA copy number losses identify genes involved in genomic instability, response to therapy, and patient survival",22048815,,no explicit neoadjuvant/response context,https://www.ncbi.nlm.nih.gov/geo/query/acc.cgi?acc=GSE10893
GSE295927,screen_out,449,GPL32628;30173,Other,Spatially distinct cellular and molecular landscapes define prognosis in triple negative breast cancer [2],39990419,"DCC, PNG",not expression profiling; no explicit neoadjuvant/response context,https://www.ncbi.nlm.nih.gov/geo/query/acc.cgi?acc=GSE295927
GSE26338,screen_out,414,GPL1390;1708;5325;885;1197;6607;887,Expression profiling by array,"Genomic analysis identifies unique signatures predictive of brain, lung, and liver relapse",21671017,,no explicit neoadjuvant/response context,https://www.ncbi.nlm.nih.gov/geo/query/acc.cgi?acc=GSE26338
GSE77308,screen_out,404,GPL11154,Expression profiling by high throughput sequencing,Loss of CSL unlocks a hypoxic response and enhanced tumor growth potential in breast cancer cells,27066863,TXT,no explicit neoadjuvant/response context; cell-line/model-system indication,https://www.ncbi.nlm.nih.gov/geo/query/acc.cgi?acc=GSE77308
GSE137356,screen_out,394,GPL23985,Expression profiling by array,Validation of the DNA Damage Immune Response (DDIR) Signature in Triple-Negative Breast Cancer (TNBC) Patients from the SWOG 9313c Trial,31657982,CEL,no explicit neoadjuvant/response context,https://www.ncbi.nlm.nih.gov/geo/query/acc.cgi?acc=GSE137356
GSE18229,screen_out,372,GPL887;5325;1390;885;6607;7504;1708,Expression profiling by array,Phenotypic and Molecular Characterization of the Claudin-low Intrinsic Subtype of Breast Cancer,20813035,,no explicit neoadjuvant/response context; cell-line/model-system indication,https://www.ncbi.nlm.nih.gov/geo/query/acc.cgi?acc=GSE18229
GSE20624,screen_out,344,GPL887;5325;885;1390,Expression profiling by array,Breast Carcinomas arising at a Young Age:  A Unique Biology or a Surrogate for Aggressive Intrinsic Subtypes.,21115855,,no explicit neoadjuvant/response context,https://www.ncbi.nlm.nih.gov/geo/query/acc.cgi?acc=GSE20624
GSE103745,screen_out,336,GPL24000,Expression profiling by array,Identification and validation of single sample breast cancer radiosensitivity gene expression predictors [Nanostring custom assay data],29973242,CSV,no explicit neoadjuvant/response context,https://www.ncbi.nlm.nih.gov/geo/query/acc.cgi?acc=GSE103745
GSE20685,screen_out,327,GPL570,Expression profiling by array,Microarray-based molecular subtyping of breast cancer,21501481,CEL,no explicit neoadjuvant/response context,https://www.ncbi.nlm.nih.gov/geo/query/acc.cgi?acc=GSE20685
GSE131769,screen_out,301,GPL6947,Expression profiling by array,Genomic signature of the standardized uptake value in 18F-fluorodeoxyglucose positron emission tomography in breast cancer,32093417,TXT,no explicit neoadjuvant/response context,https://www.ncbi.nlm.nih.gov/geo/query/acc.cgi?acc=GSE131769
GSE207460,screen_out,290,GPL13534,Methylation profiling by genome tiling array,An integrated ’omics approach highlights the role of epigenetic events to explain and predict response to neoadjuvant chemotherapy and bevacizumab in breast cancer,38671580,"IDAT, TXT",not expression profiling,https://www.ncbi.nlm.nih.gov/geo/query/acc.cgi?acc=GSE207460
GSE100567,screen_out,288,GPL23632,Protein profiling by protein array,Buparlisib-treated Patient Derived Xenograft (PDX) Reversed Phase Protein Array (RPPA) Data,,TXT,not expression profiling; no explicit neoadjuvant/response context; cell-line/model-system indication,https://www.ncbi.nlm.nih.gov/geo/query/acc.cgi?acc=GSE100567
GSE150576,screen_out,288,GPL16233;28470;20078,Expression profiling by array; Protein profiling by protein array,AKT/mTOR/HER/PI3K family genes and phospho-proteins as predictors of pCR for early stage breast cancer patients treated with the AKT inhibitor MK2206 in the I-SPY 2 TRIAL,33083527;33767190,TXT,no explicit neoadjuvant/response context,https://www.ncbi.nlm.nih.gov/geo/query/acc.cgi?acc=GSE150576
GSE246613,screen_out,266,GPL24676;24247,Expression profiling by high throughput sequencing,Single-cell and spatial profiling identify three response trajectories to pembrolizumab and radiation therapy in triple negative breast cancer,38194915,"CSV, H5AD",no explicit neoadjuvant/response context; cell-line/model-system indication,https://www.ncbi.nlm.nih.gov/geo/query/acc.cgi?acc=GSE246613
GSE26639,screen_out,226,GPL570,Expression profiling by array,Expression Data from 226 patients of the REMAGUS02 trial,21631949,CEL,no explicit neoadjuvant/response context,https://www.ncbi.nlm.nih.gov/geo/query/acc.cgi?acc=GSE26639
GSE240138,screen_out,222,GPL24676,Expression profiling by high throughput sequencing; Other,Bexmarilimab-induced macrophage activation leads to treatment benefit in solid tumors: the phase I/II first-in-human MATINS trial,38056464;40379271,"DCC, XLSX",no explicit neoadjuvant/response context,https://www.ncbi.nlm.nih.gov/geo/query/acc.cgi?acc=GSE240138
GSE298828,screen_out,221,GPL35911,Protein profiling by protein array,I-SPY2 TRIAL RPPA data for ganitumab arm (and control arm),40905691,CSV,not expression profiling,https://www.ncbi.nlm.nih.gov/geo/query/acc.cgi?acc=GSE298828
GSE216333,screen_out,207,GPL96,Expression profiling by array,Predictors of success in establishing orthotopic patient-derived xenograft models of triple negative breast cancer,36627285,CEL,cell-line/model-system indication,https://www.ncbi.nlm.nih.gov/geo/query/acc.cgi?acc=GSE216333
GSE52072,screen_out,192,GPL17886,SNP genotyping by SNP array,Genomic polymorphism is genotyped to determine the association between genotypes and treatment outcomes,,TXT,not expression profiling; no explicit neoadjuvant/response context,https://www.ncbi.nlm.nih.gov/geo/query/acc.cgi?acc=GSE52072
GSE6448,screen_out,185,GPL3632,Genome variation profiling by array,Deletion of chromosome 11q predicts response to anthracycline-based chemotherapy in early breast cancer,17234794,"PDF, TXT",not expression profiling,https://www.ncbi.nlm.nih.gov/geo/query/acc.cgi?acc=GSE6448
GSE175692,screen_out,184,GPL30206,Expression profiling by array,Gene expression profiles of breast cancer metastasis according to organ site,34051058,TXT,no explicit neoadjuvant/response context,https://www.ncbi.nlm.nih.gov/geo/query/acc.cgi?acc=GSE175692
GSE39004,screen_out,180,GPL13534;6244,Expression profiling by array; Methylation profiling by array,Molecular Profiles of Human Breast Cancer and Their Association with Tumor Subtypes and Disease Prognosis,24316975;30501643;25016594,CEL,no explicit neoadjuvant/response context,https://www.ncbi.nlm.nih.gov/geo/query/acc.cgi?acc=GSE39004
GSE103744,screen_out,172,GPL10558,Expression profiling by array,Identification and validation of single sample breast cancer radiosensitivity gene expression predictors [Illumina HT12 v4 data],29973242,"CSV, TXT",no explicit neoadjuvant/response context,https://www.ncbi.nlm.nih.gov/geo/query/acc.cgi?acc=GSE103744
GSE53031,screen_out,167,GPL13667,Expression profiling by array,Gene expression profiling of human breast cancer during pregnancy,24825746,CEL,no explicit neoadjuvant/response context,https://www.ncbi.nlm.nih.gov/geo/query/acc.cgi?acc=GSE53031
GSE85206,screen_out,164,GPL19921,Expression profiling by RT-PCR,Expression of oxysterol pathway genes in estrogen positive breast carcinomas-second phase,28342201,TXT,no explicit neoadjuvant/response context,https://www.ncbi.nlm.nih.gov/geo/query/acc.cgi?acc=GSE85206
GSE153470,screen_out,162,GPL13376,Expression profiling by array,Molecular profiling of aromatase inhibitor-treated post-menopausal breast tumors identifies immunerelated correlates of resistance,23493347;24634384,TXT,no explicit neoadjuvant/response context,https://www.ncbi.nlm.nih.gov/geo/query/acc.cgi?acc=GSE153470
GSE22290,screen_out,162,GPL9183,Methylation profiling by array,Breast tumor DNA methylation,20686660,TXT,not expression profiling,https://www.ncbi.nlm.nih.gov/geo/query/acc.cgi?acc=GSE22290
GSE268514,screen_out,161,GPL24676,Expression profiling by high throughput sequencing,Integrative genomic analysis of Korean high-grade serous ovarian cancer,,TXT,no explicit neoadjuvant/response context,https://www.ncbi.nlm.nih.gov/geo/query/acc.cgi?acc=GSE268514
GSE6861,screen_out,161,GPL1352,Expression profiling by array,Prediction of breast cancer pathological complete response to anthracycline/taxane chemotherapy.,18024211;25601208,CEL,cell-line/model-system indication,https://www.ncbi.nlm.nih.gov/geo/query/acc.cgi?acc=GSE6861
GSE289193,screen_out,160,GPL24676;24247,Expression profiling by high throughput sequencing,Histone H4 lysine 20 tri-methylation safeguards breast cancer lineage fidelity and unfolded protein response,,"BW, MTX, TSV",no explicit neoadjuvant/response context,https://www.ncbi.nlm.nih.gov/geo/query/acc.cgi?acc=GSE289193
GSE6130,screen_out,159,GPL885;1390;887,Expression profiling by array,Agreement in Breast Cancer Classification between Microarray and qRT-PCR from Fresh-Frozen and Formalin-Fixed Tissues,17525107,,no explicit neoadjuvant/response context,https://www.ncbi.nlm.nih.gov/geo/query/acc.cgi?acc=GSE6130
GSE235052,screen_out,155,GPL16791,Expression profiling by high throughput sequencing,Identification of a Notch transcriptomic signature for breast cancer [dataset1],38172915,TXT,cell-line/model-system indication,https://www.ncbi.nlm.nih.gov/geo/query/acc.cgi?acc=GSE235052
GSE10510,screen_out,152,GPL6486,Expression profiling by array,Comparison between Estrogen receptor positive and Estrogen receptor negative breast cancer samples,18592372,GPR,no explicit neoadjuvant/response context,https://www.ncbi.nlm.nih.gov/geo/query/acc.cgi?acc=GSE10510
GSE7017,screen_out,150,GPL4819,Expression profiling by array,Establishment of a predictive clinicogenomic model for FEC100 regimen in node-positive breast cancer patients,17659439,TXT,no explicit neoadjuvant/response context,https://www.ncbi.nlm.nih.gov/geo/query/acc.cgi?acc=GSE7017
GSE150575,screen_out,138,GPL28470,Protein profiling by protein array,AKT/mTOR/HER/PI3K family proteins and phospho-proteins as predictors of pCR for early stage breast cancer patients treated with the AKT inhibitor MK2206 in the I-SPY 2 TRIAL (NCT01042379),33083527;33767190,"CSV, TXT",not expression profiling,https://www.ncbi.nlm.nih.gov/geo/query/acc.cgi?acc=GSE150575
GSE119937,screen_out,131,GPL11154,Expression profiling by high throughput sequencing,Molecular Determinants of Post-Mastectomy Breast Cancer Recurrence,30345349,TXT,no explicit neoadjuvant/response context,https://www.ncbi.nlm.nih.gov/geo/query/acc.cgi?acc=GSE119937
GSE83937,screen_out,131,GPL570,Expression profiling by array,Identification of three subtypes of triple negative breast cancer with potential therapeutic implications,31101122,CEL,no explicit neoadjuvant/response context,https://www.ncbi.nlm.nih.gov/geo/query/acc.cgi?acc=GSE83937
GSE47066,screen_out,128,GPL17176,Protein profiling by protein array,Reverse phase protein array based protein profiling of breast cancer specimens,,GPR,not expression profiling; no explicit neoadjuvant/response context,https://www.ncbi.nlm.nih.gov/geo/query/acc.cgi?acc=GSE47066
GSE72251,screen_out,119,GPL13534,Methylation profiling by array,DNA methylation-based immune response signature improves patient diagnosis in multiple cancers (Cohort 2),28714863,"IDAT, TXT",not expression profiling,https://www.ncbi.nlm.nih.gov/geo/query/acc.cgi?acc=GSE72251
GSE72245,screen_out,118,GPL13534,Methylation profiling by array,DNA methylation-based immune response signature improves patient diagnosis in multiple cancers (Cohort 1),28714863,"IDAT, TXT",not expression profiling,https://www.ncbi.nlm.nih.gov/geo/query/acc.cgi?acc=GSE72245
GSE266919,screen_out,117,GPL24676;24247,Expression profiling by high throughput sequencing,Distinct Cellular Mechanisms Underlie Chemotherapies and Their Combinations with PD-L1 Checkpoint Inhibitor in Triple-Negative Breast Cancer [TNBC],39919737;41629331,"RDS, XLS",no explicit neoadjuvant/response context; cell-line/model-system indication,https://www.ncbi.nlm.nih.gov/geo/query/acc.cgi?acc=GSE266919
GSE102088,screen_out,114,GPL17586,Expression profiling by array,Expression data from normal breast tissues,29383109,CEL,no explicit neoadjuvant/response context,https://www.ncbi.nlm.nih.gov/geo/query/acc.cgi?acc=GSE102088
GSE18908,screen_out,111,GPL5953,Expression profiling by array,Breast tumor subtypes correlate with prognosis,,GPR,no explicit neoadjuvant/response context,https://www.ncbi.nlm.nih.gov/geo/query/acc.cgi?acc=GSE18908
GSE56259,screen_out,111,GPL19914,Expression profiling by RT-PCR,The expression profile of cytochromes P450 (CYPs) and aldo-keto reductases (AKRs) in post-treatment breast carcinomas,25526449,TXT,no explicit neoadjuvant/response context,https://www.ncbi.nlm.nih.gov/geo/query/acc.cgi?acc=GSE56259
GSE310422,screen_out,109,GPL36324,Other,Determinants of long-term response to patritumab deruxtecan (HER3-DXd) in breast cancer patient-derived xenografts [NanoString],41272064,RCC,not expression profiling; no explicit neoadjuvant/response context; cell-line/model-system indication,https://www.ncbi.nlm.nih.gov/geo/query/acc.cgi?acc=GSE310422
GSE37751,screen_out,108,GPL6244,Expression profiling by array,Molecular Profiles of Human Breast Cancer and Their Association with Tumor Subtypes and Disease Prognosis (Affymetrix),24316975;30501643;25016594,CEL,no explicit neoadjuvant/response context,https://www.ncbi.nlm.nih.gov/geo/query/acc.cgi?acc=GSE37751
GSE267168,screen_out,107,GPL34463,Protein profiling by protein array,CSF1R inhibition plus chemotherapy induces systemic anti-tumor immune responses in triple negative breast cancer and sensitizes tumors to anti-PD-1 therapy by relieving resident memory T cell dysfunction [luminex],41894563,TXT,not expression profiling; no explicit neoadjuvant/response context; cell-line/model-system indication,https://www.ncbi.nlm.nih.gov/geo/query/acc.cgi?acc=GSE267168
GSE28330,screen_out,107,GPL13270;13362,Genome variation profiling by SNP array; SNP genotyping by SNP array,Telomeric Allelic Imbalance Indicates Defective DNA Repair and Sensitivity to DNA-Damaging Agents ,22576213,"CEL, TXT",not expression profiling; no explicit neoadjuvant/response context; cell-line/model-system indication,https://www.ncbi.nlm.nih.gov/geo/query/acc.cgi?acc=GSE28330
GSE236749,screen_out,106,GPL24676,Expression profiling by high throughput sequencing,Identification of a Notch transcriptomic signature for breast cancer [dataset2],38172915,"TSV, TXT",cell-line/model-system indication,https://www.ncbi.nlm.nih.gov/geo/query/acc.cgi?acc=GSE236749
GSE26666,screen_out,102,GPL6480;8227,Non-coding RNA profiling by array; Expression profiling by array,"miR148b is a major coordinator of breast cancer progression in a relapse-associated microRNA signature by targeting ITGA5, ROCK1, PIK3CA, NRAS and CSF1",23233531,TXT,not expression profiling; cell-line/model-system indication,https://www.ncbi.nlm.nih.gov/geo/query/acc.cgi?acc=GSE26666
GSE267543,screen_out,101,GPL25134,Non-coding RNA profiling by array,Integrative miRNOMe profiling reveals the miR-195-5p-CHEK1 axis and its impact on luminal breast cancer outcomes ,,TXT,not expression profiling; cell-line/model-system indication,https://www.ncbi.nlm.nih.gov/geo/query/acc.cgi?acc=GSE267543
GSE164716,screen_out,100,GPL24676,Expression profiling by high throughput sequencing; Genome binding/occupancy profiling by high throughput sequencing,H3K27me3 conditions chemotolerance in triple-negative breast cancer,37340307,"BW, MTX, TBI, TSV, VCF",no explicit neoadjuvant/response context,https://www.ncbi.nlm.nih.gov/geo/query/acc.cgi?acc=GSE164716
GSE76360,screen_out,100,GPL6947,Expression profiling by array,03-311 Trastzumab preoperative Trial of Early Stage HER2+ BRCA,26842237,"IDAT, TXT",no explicit neoadjuvant/response context,https://www.ncbi.nlm.nih.gov/geo/query/acc.cgi?acc=GSE76360
GSE21997,screen_out,98,GPL5325;1390;7504,Expression profiling by array,Genomic predictors of response to doxorubicin versus docetaxel in breast cancer,21465170;22052985;21435434,,no explicit neoadjuvant/response context,https://www.ncbi.nlm.nih.gov/geo/query/acc.cgi?acc=GSE21997
GSE291966,screen_out,92,GPL20301;11154,Expression profiling by high throughput sequencing,An annotated biobank of triple negative breast cancer patient-derived xenografts featuring treatment-naïve and longitudinal samples throughout neoadjuvant chemotherapy,40801311,TXT,cell-line/model-system indication,https://www.ncbi.nlm.nih.gov/geo/query/acc.cgi?acc=GSE291966
GSE19594,screen_out,88,GPL1266,SNP genotyping by SNP array; Genome variation profiling by SNP array,SNP array data of breast cancer,20098429,"CEL, TXT",not expression profiling,https://www.ncbi.nlm.nih.gov/geo/query/acc.cgi?acc=GSE19594
GSE292946,screen_out,88,GPL26526;24676,Other,A Pilot Phase II Study of Neoadjuvant Fulvestrant plus Abemaciclib in Women with Advanced Low--Grade Serous Carcinoma,42374029,"CSV, DCC, PKC",not expression profiling,https://www.ncbi.nlm.nih.gov/geo/query/acc.cgi?acc=GSE292946
GSE97221,screen_out,88,GPL10558,Expression profiling by array,Molecular changes in premenopausal estrogen receptor-positive primary breast cancer after oophorectomy,29214214,TXT,no explicit neoadjuvant/response context,https://www.ncbi.nlm.nih.gov/geo/query/acc.cgi?acc=GSE97221
GSE135565,screen_out,84,GPL570,Expression profiling by array,Gene expression profiles of the standardized uptake value in 18F-fluorodeoxyglucose positron emission tomography in tripple negative breast cancer,32093417,CEL,no explicit neoadjuvant/response context,https://www.ncbi.nlm.nih.gov/geo/query/acc.cgi?acc=GSE135565
GSE211434,screen_out,81,GPL16791,Expression profiling by high throughput sequencing,Diverse immune suppressing cancer communications with myeloid cells prevent T cell activation and recruitment and provide resistance to cell cycle inhibitor therapy,40032842;40341770,TXT,no explicit neoadjuvant/response context,https://www.ncbi.nlm.nih.gov/geo/query/acc.cgi?acc=GSE211434
GSE29338,screen_out,80,GPL13376,Expression profiling by array,Benign Breast Cores from Healthy Women Treated with Tamoxifen or Placebo,21778330,TXT,no explicit neoadjuvant/response context,https://www.ncbi.nlm.nih.gov/geo/query/acc.cgi?acc=GSE29338
GSE41678,screen_out,80,GPL6244,Expression profiling by array,System-Wide Analysis Reveals a Complex Network of Tumor-Fibroblast Interactions Involved in Tumorigenicity,24068959,"CEL, TXT",no explicit neoadjuvant/response context,https://www.ncbi.nlm.nih.gov/geo/query/acc.cgi?acc=GSE41678
GSE763,screen_out,75,GPL550,Expression profiling by array,Cell-type specific responses to chemotherapeutics in breast cancer,15205334,,cell-line/model-system indication,https://www.ncbi.nlm.nih.gov/geo/query/acc.cgi?acc=GSE763
GSE162670,screen_out,74,GPL19117,Non-coding RNA profiling by array,Laser capture microdissection and miRNA expression profiling of different tissue morphologies in triple-negative breast cancer,33664322,"CEL, RDATA, TXT",not expression profiling; no explicit neoadjuvant/response context,https://www.ncbi.nlm.nih.gov/geo/query/acc.cgi?acc=GSE162670
GSE202922,screen_out,73,GPL21290,Expression profiling by high throughput sequencing,Diabetes-associated breast cancer has a distinct transcriptome and metabolome and shows DNA repair deficiency [Breast Tumors],37906280,TXT,no explicit neoadjuvant/response context; cell-line/model-system indication,https://www.ncbi.nlm.nih.gov/geo/query/acc.cgi?acc=GSE202922
GSE37754,screen_out,72,GPL13534,Methylation profiling by array,Molecular Profiles of Human Breast Cancer and Their Association with Tumor Subtypes and Disease Prognosis (Illumina),24316975;30501643;25016594,TXT,not expression profiling; no explicit neoadjuvant/response context,https://www.ncbi.nlm.nih.gov/geo/query/acc.cgi?acc=GSE37754
GSE58479,screen_out,69,GPL18800,Other,Predicting Response and Survival in Chemotherapy-Treated Triple-Negative Breast Cancer,25101563,"RCC, TXT",not expression profiling,https://www.ncbi.nlm.nih.gov/geo/query/acc.cgi?acc=GSE58479
GSE66398,screen_out,68,GPL6801,Genome variation profiling by SNP array,Prospective biomarker analysis of the randomized CHER-LOB study evaluating the dual anti-HER2 treatment with chemotherapy plus trastuzumab and lapatinib as neoadjuvant therapy for HER2-positive breast cancer [copy number],26245675,"CEL, CNCHP, TXT",not expression profiling,https://www.ncbi.nlm.nih.gov/geo/query/acc.cgi?acc=GSE66398
GSE31519,screen_out,67,GPL96,Expression profiling by array; Third-party reanalysis,A Clinically Relevant Gene Signature in Triple-Negative and Basal-Like Breast Cancer,21978456;22220191;21741824;26484129,"CEL, TXT",no explicit neoadjuvant/response context,https://www.ncbi.nlm.nih.gov/geo/query/acc.cgi?acc=GSE31519
GSE290733,screen_out,66,GPL24676,Expression profiling by high throughput sequencing,Molecular Portraits of Social Adversity in Breast Cancer [RNA-Seq],40810618,TXT,no explicit neoadjuvant/response context,https://www.ncbi.nlm.nih.gov/geo/query/acc.cgi?acc=GSE290733
GSE70754,screen_out,66,GPL14613,Expression profiling by array,The prognostic significance of the dynamic changes of miRNA expression in locally advanced BC during neo-adjuvant chemotherapy treatment,27064979,"CEL, XLSX",no explicit neoadjuvant/response context,https://www.ncbi.nlm.nih.gov/geo/query/acc.cgi?acc=GSE70754
GSE39130,screen_out,65,GPL3718,Genome variation profiling by SNP array; SNP genotyping by SNP array,Profiles of genomic instability in high-grade serous ovarian cancer (HGSC) predict treatment outcome,22912389,CEL,not expression profiling; no explicit neoadjuvant/response context,https://www.ncbi.nlm.nih.gov/geo/query/acc.cgi?acc=GSE39130
GSE204825,screen_out,64,GPL18573,Expression profiling by high throughput sequencing,Identification of Src Family Kinases as potential therapeutic targets for chemotherapy-resistant triple negative breast cancer,36077757,TXT,cell-line/model-system indication,https://www.ncbi.nlm.nih.gov/geo/query/acc.cgi?acc=GSE204825
GSE255765,screen_out,64,GPL24676,Expression profiling by high throughput sequencing,MCF-7 ESR1 drug response bulk RNA,,"TAB, TXT",no explicit neoadjuvant/response context,https://www.ncbi.nlm.nih.gov/geo/query/acc.cgi?acc=GSE255765
GSE184159,screen_out,63,GPL23976,Methylation profiling by array,Identification of DNA methylation biomarkers for prediction of response to neoadjuvant chemotherapy in triple-negative breast cancer [EPIC Array],34922619,CSV,not expression profiling,https://www.ncbi.nlm.nih.gov/geo/query/acc.cgi?acc=GSE184159
GSE259249,screen_out,63,GPL24676;20301,Expression profiling by high throughput sequencing,ZBTB7A is a modulator of KDM5-driven transcriptional networks in basal breast cancer  (RNA-Seq),39570746,CSV,no explicit neoadjuvant/response context,https://www.ncbi.nlm.nih.gov/geo/query/acc.cgi?acc=GSE259249
GSE38901,screen_out,63,GPL9052;15433;11154,Genome binding/occupancy profiling by high throughput sequencing,HSF1 drives a transcriptional program distinct from heat shock to support highly malignant human cancers [ChIP-Seq],22863008,XLS,not expression profiling; no explicit neoadjuvant/response context,https://www.ncbi.nlm.nih.gov/geo/query/acc.cgi?acc=GSE38901
GSE65505,screen_out,62,GPL17586,Expression profiling by array,Gene expression profiling in response to radiation treatment in human breast cancer,26488758,CEL,no explicit neoadjuvant/response context,https://www.ncbi.nlm.nih.gov/geo/query/acc.cgi?acc=GSE65505
GSE28844,screen_out,61,GPL570,Expression profiling by array,Differentially expressed genes after treatment with chemotherapy in breast cancer and their correlation with pathologic response,23326553,CEL,no explicit neoadjuvant/response context,https://www.ncbi.nlm.nih.gov/geo/query/acc.cgi?acc=GSE28844
GSE290735,screen_out,61,GPL24676,Non-coding RNA profiling by high throughput sequencing,Molecular Portraits of Social Adversity in Breast Cancer [smallRNA-Seq],40810618,TXT,not expression profiling; no explicit neoadjuvant/response context,https://www.ncbi.nlm.nih.gov/geo/query/acc.cgi?acc=GSE290735
GSE41112,screen_out,61,GPL10558,Expression profiling by array,Predictors of depression in breast cancer patients during and after radiotherapy: Role of chemotherapy and the inflammatory response,,TXT,no explicit neoadjuvant/response context,https://www.ncbi.nlm.nih.gov/geo/query/acc.cgi?acc=GSE41112
GSE140489,screen_out,60,GPL570,Expression profiling by array,STING-dependent paracriny shapes apoptotic priming of breast tumors in response to anti-mitotic treatment,31937780,CEL,no explicit neoadjuvant/response context; cell-line/model-system indication,https://www.ncbi.nlm.nih.gov/geo/query/acc.cgi?acc=GSE140489
GSE37543,screen_out,60,GPL6480,Expression profiling by array,Subtype-specific response to bevacizumab is reflected in the metabolome and transcriptome of breast cancer xenografts,23142657;31088535,TXT,no explicit neoadjuvant/response context; cell-line/model-system indication,https://www.ncbi.nlm.nih.gov/geo/query/acc.cgi?acc=GSE37543
GSE303203,screen_out,59,GPL570,Expression profiling by array,Identification of a shared drug-tolerant persister program in triple-negactive breast cancer across treatments and patients [array],,CSV,no explicit neoadjuvant/response context,https://www.ncbi.nlm.nih.gov/geo/query/acc.cgi?acc=GSE303203
GSE145325,screen_out,58,GPL21290,Expression profiling by high throughput sequencing,RNA sequencing of ER+ breast tumor treated with letrozole,33127913,CSV,no explicit neoadjuvant/response context,https://www.ncbi.nlm.nih.gov/geo/query/acc.cgi?acc=GSE145325
GSE307574,screen_out,58,GPL24676,Expression profiling by high throughput sequencing,Determinants of long-term response to patritumab deruxtecan (HER3-DXd) in breast cancer patient-derived xenografts,41272064,XLSX,no explicit neoadjuvant/response context; cell-line/model-system indication,https://www.ncbi.nlm.nih.gov/geo/query/acc.cgi?acc=GSE307574
GSE72254,screen_out,58,GPL13534,Methylation profiling by array,DNA methylation-based immune response signature improves patient diagnosis in multiple cancers (TOP Cohort),28714863,"IDAT, TXT",not expression profiling,https://www.ncbi.nlm.nih.gov/geo/query/acc.cgi?acc=GSE72254
GSE10129,screen_out,56,GPL5772,Genome variation profiling by genome tiling array,Genomic copy number alterations as predictive markers of neoadjuvant chemotherapy response in breast cancer,18314908;22977578,GPR,not expression profiling,https://www.ncbi.nlm.nih.gov/geo/query/acc.cgi?acc=GSE10129
GSE67295,screen_out,56,GPL11154,Genome binding/occupancy profiling by high throughput sequencing; Expression profiling by high throughput sequencing,Inflammatory cytokines activate unliganded estrogen receptor and alter the sensitivity of breast cancer cells to tamoxifen,28306507,"BED, TXT",not expression profiling; no explicit neoadjuvant/response context,https://www.ncbi.nlm.nih.gov/geo/query/acc.cgi?acc=GSE67295
GSE16391,screen_out,55,GPL570,Expression profiling by array,GGI: a potential predictor of relapse for endocrine-treated breast cancer patients in the BIG 1-98 trial,19573224,"CEL, TXT",no explicit neoadjuvant/response context,https://www.ncbi.nlm.nih.gov/geo/query/acc.cgi?acc=GSE16391
GSE176128,screen_out,55,GPL16686,Expression profiling by array,Long non-coding RNA landscape of patients biopsies from advanced Triple Negative Breast Cancer,34944876;36605097,CEL,no explicit neoadjuvant/response context,https://www.ncbi.nlm.nih.gov/geo/query/acc.cgi?acc=GSE176128
GSE290736,screen_out,55,GPL24676,Methylation profiling by high throughput sequencing,Molecular Portraits of Social Adversity in Breast Cancer [RRBS],40810618,TXT,not expression profiling; no explicit neoadjuvant/response context,https://www.ncbi.nlm.nih.gov/geo/query/acc.cgi?acc=GSE290736
GSE165914,screen_out,54,GPL16791,Expression profiling by high throughput sequencing,Olaparib resistance and cisplatin responses in triple negative breast cancer,34367977,CSV,no explicit neoadjuvant/response context,https://www.ncbi.nlm.nih.gov/geo/query/acc.cgi?acc=GSE165914
GSE298905,screen_out,54,GPL24676,Genome binding/occupancy profiling by high throughput sequencing,Polyploid cisplatin-resistant cancer cells have altered nuclear organization and epigenomic status,41570447,NARROWPEAK,not expression profiling; no explicit neoadjuvant/response context; cell-line/model-system indication,https://www.ncbi.nlm.nih.gov/geo/query/acc.cgi?acc=GSE298905
GSE44272,screen_out,53,GPL13667,Expression profiling by array,The Long-HER Study,25330188,CEL,no explicit neoadjuvant/response context,https://www.ncbi.nlm.nih.gov/geo/query/acc.cgi?acc=GSE44272
GSE111688,screen_out,52,GPL17641,Genome variation profiling by genome tiling array,BRCA1 and BRCA2 classification of ovarian cancer,34593530,PAIR,not expression profiling; no explicit neoadjuvant/response context,https://www.ncbi.nlm.nih.gov/geo/query/acc.cgi?acc=GSE111688
GSE123712,screen_out,50,GPL17301,Methylation profiling by high throughput sequencing,XmaI-RRBS on triple negative breast carcinoma samples taken prior to chemotherapy,,COV,not expression profiling,https://www.ncbi.nlm.nih.gov/geo/query/acc.cgi?acc=GSE123712
GSE123828,screen_out,50,GPL17301,Methylation profiling by high throughput sequencing,XmaI-RRBS on Luminal B breast carcinoma samples taken prior to chemotherapy,,COV,not expression profiling,https://www.ncbi.nlm.nih.gov/geo/query/acc.cgi?acc=GSE123828
GSE218973,screen_out,50,GPL32896,Other,Spatial Profiling Identifies Prognostic Features of Response to Adjuvant Therapy in Triple Negative Breast Cancer (TNBC),35083152,CSV,not expression profiling; no explicit neoadjuvant/response context,https://www.ncbi.nlm.nih.gov/geo/query/acc.cgi?acc=GSE218973
GSE299631,screen_out,50,GPL24676;24247,Expression profiling by high throughput sequencing; Other,Spatiotemporal organisation of residual disease in mouse and human BRCA1-deficient mammary tumors and breast cancer,,"CSV, JPG, JSON, MTX, PNG, TSV",no explicit neoadjuvant/response context,https://www.ncbi.nlm.nih.gov/geo/query/acc.cgi?acc=GSE299631
GSE103426,screen_out,48,GPL16686,Expression profiling by array,"Expression profiling of MDA-MB-231 and MDA-MB-468 after ALDH1A3 manipulation, all-trans retinoic acid treatment, decitabine treatment",29192143,"CEL, CHP",no explicit neoadjuvant/response context; cell-line/model-system indication,https://www.ncbi.nlm.nih.gov/geo/query/acc.cgi?acc=GSE103426
GSE123631,screen_out,48,GPL20301,Expression profiling by high throughput sequencing,BRCA2 abrogation triggers innate immune responses potentiated by treatment with PARP inhibitors,31316060,TXT,no explicit neoadjuvant/response context,https://www.ncbi.nlm.nih.gov/geo/query/acc.cgi?acc=GSE123631
GSE323120,screen_out,48,GPL16791,Genome binding/occupancy profiling by high throughput sequencing,Integrating transcription factor networks with chromatin accessibility as markers of survival outcome and drug response in triple-negative breast cancer,42749733,NARROWPEAK,not expression profiling; no explicit neoadjuvant/response context; cell-line/model-system indication,https://www.ncbi.nlm.nih.gov/geo/query/acc.cgi?acc=GSE323120
GSE40640,screen_out,48,GPL6104,Expression profiling by array,A radiation-induced gene expression signature as a tool to predict acute radiotherapy-induced adverse side effects,23110060;21236564,TXT,no explicit neoadjuvant/response context,https://www.ncbi.nlm.nih.gov/geo/query/acc.cgi?acc=GSE40640
GSE106360,screen_out,47,GPL13534,Methylation profiling by genome tiling array,Epigenome analysis of pre- and post-neoadjuvant chemotherapy breast tumor samples,30774927,IDAT,not expression profiling,https://www.ncbi.nlm.nih.gov/geo/query/acc.cgi?acc=GSE106360
GSE168410,screen_out,47,GPL18573,Expression profiling by high throughput sequencing,Deconvolution of breast tumors for optimal chemotherapy selection,34965952,CSV,no explicit neoadjuvant/response context,https://www.ncbi.nlm.nih.gov/geo/query/acc.cgi?acc=GSE168410
GSE210680,screen_out,47,GPL23976,Methylation profiling by genome tiling array,Engineering Pluripotent DNA Methylation by CpG Island Methylation Response (CIMR) to Synthetic CpG-free ssDNA Insertion,37323577,"IDAT, IGV",not expression profiling; no explicit neoadjuvant/response context,https://www.ncbi.nlm.nih.gov/geo/query/acc.cgi?acc=GSE210680
GSE307770,screen_out,47,GPL21145,Methylation profiling by genome tiling array,Epigenetic markers of tumor progression in breast cancer patients with high nodal involvement,,"IDAT, TXT",not expression profiling,https://www.ncbi.nlm.nih.gov/geo/query/acc.cgi?acc=GSE307770
GSE99986,screen_out,47,GPL18573,Expression profiling by high throughput sequencing; Genome binding/occupancy profiling by high throughput sequencing,Low and High Dose Progestins Elicit Distinct Breast Cancer Biology,,"BROADPEAK, CSV",no explicit neoadjuvant/response context,https://www.ncbi.nlm.nih.gov/geo/query/acc.cgi?acc=GSE99986
GSE254558,screen_out,46,GPL20301,Expression profiling by high throughput sequencing,Chemotherapy-driven de novo Wnt pathway activation dictates a dynamic shift to a drug-tolerant state in breast cancer cells,41117706,"CSV, XLSX",cell-line/model-system indication,https://www.ncbi.nlm.nih.gov/geo/query/acc.cgi?acc=GSE254558
GSE184156,screen_out,44,GPL11154;16512,Expression profiling by high throughput sequencing; Genome binding/occupancy profiling by high throughput sequencing,Targeting metabolic adaptations in the breast cancer–liver metastatic niche using dietary approaches to improve endocrine therapy efficacy,35259269,"BW, CSV, TXT",no explicit neoadjuvant/response context; cell-line/model-system indication,https://www.ncbi.nlm.nih.gov/geo/query/acc.cgi?acc=GSE184156
GSE248830,screen_out,44,GPL32069,Expression profiling by array,Unlocking Molecular mechanisms and identifying druggable targets in matched-paired brain metastasis of Breast and Lung cancers ,,CSV,no explicit neoadjuvant/response context,https://www.ncbi.nlm.nih.gov/geo/query/acc.cgi?acc=GSE248830
GSE178235,screen_out,43,GPL13534,Methylation profiling by array,Genome-wide DNA methylation analysis of HER2-positive breast cancer and stroma,,,not expression profiling; no explicit neoadjuvant/response context,https://www.ncbi.nlm.nih.gov/geo/query/acc.cgi?acc=GSE178235
GSE49035,screen_out,42,GPL16791,Non-coding RNA profiling by high throughput sequencing,De novo sequencing of circulating microRNAs in locally advanced breast cancer,,TXT,not expression profiling; no explicit neoadjuvant/response context,https://www.ncbi.nlm.nih.gov/geo/query/acc.cgi?acc=GSE49035
GSE50567,screen_out,41,GPL570,Expression profiling by array,BRCA1-related gene signature in breast cancer: the role of ER status and molecular type,21196292,CEL,no explicit neoadjuvant/response context,https://www.ncbi.nlm.nih.gov/geo/query/acc.cgi?acc=GSE50567
GSE182951,screen_out,40,GPL18573,Non-coding RNA profiling by high throughput sequencing,Circulating exosomal microRNAs as predictive biomarkers of neoadjuvant chemotherapy response in breast cancer,35200555,XLSX,not expression profiling,https://www.ncbi.nlm.nih.gov/geo/query/acc.cgi?acc=GSE182951
GSE202402,screen_out,40,GPL17301,Methylation profiling by high throughput sequencing,Xmal-RRBS on breast carcinoma samples taken before and after neoadjuvant chemotherapy,,COV,not expression profiling,https://www.ncbi.nlm.nih.gov/geo/query/acc.cgi?acc=GSE202402
GSE318780,screen_out,40,GPL24676,Expression profiling by high throughput sequencing,Transcriptome analysis of breast tumour tissue and adjacent normal,42303597,CSV,no explicit neoadjuvant/response context,https://www.ncbi.nlm.nih.gov/geo/query/acc.cgi?acc=GSE318780
GSE40049,screen_out,38,GPL13393,Non-coding RNA profiling by high throughput sequencing,Deregulated microRNAs in triple-negative breast cancer revealed by deep sequencing,25888956,TXT,not expression profiling,https://www.ncbi.nlm.nih.gov/geo/query/acc.cgi?acc=GSE40049
GSE10281,screen_out,36,GPL570,Expression profiling by array,Letrozole (Femara) early response to treatment,19666588,CEL,no explicit neoadjuvant/response context,https://www.ncbi.nlm.nih.gov/geo/query/acc.cgi?acc=GSE10281
GSE48088,screen_out,36,GPL14613,Non-coding RNA profiling by array,Expression of miRNAs in breast tumor from very youn women (<36) and women above 65 years old,25047087,CEL,not expression profiling; no explicit neoadjuvant/response context,https://www.ncbi.nlm.nih.gov/geo/query/acc.cgi?acc=GSE48088
GSE52621,screen_out,36,GPL8490,Methylation profiling by array,Detection of hypermethylated circulating serum DNA in metastatic breast cancer and confirmation by the cMethDNA assay,,TXT,not expression profiling,https://www.ncbi.nlm.nih.gov/geo/query/acc.cgi?acc=GSE52621
GSE65238,screen_out,36,GPL15640,Expression profiling by array,Transcriptome analysis of Wnt3a-treated triple-negative breast cancer cell lines.,25848952,CEL,no explicit neoadjuvant/response context; cell-line/model-system indication,https://www.ncbi.nlm.nih.gov/geo/query/acc.cgi?acc=GSE65238
GSE263089,screen_out,35,GPL16791,Expression profiling by high throughput sequencing,ESR1 and p53 Interactome Defines Mechanisms of Therapeutic Response to Tamoxifen Therapy in Luminal Breast Cancer Patients,38868185,CSV,no explicit neoadjuvant/response context,https://www.ncbi.nlm.nih.gov/geo/query/acc.cgi?acc=GSE263089
GSE92598,screen_out,35,GPL17586,Expression profiling by array,mTORC1 and -2 Coordinate Transcriptional and Translational Reprogramming in Resistance to DNA Damage and Replicative Stress in Breast Cancer Cells,27956700,CEL,no explicit neoadjuvant/response context,https://www.ncbi.nlm.nih.gov/geo/query/acc.cgi?acc=GSE92598
GSE264252,screen_out,34,GPL24676,Expression profiling by high throughput sequencing,Targeting neddylation and sumoylation in chemoresistant triple negative breast cancer,38802426,TXT,cell-line/model-system indication,https://www.ncbi.nlm.nih.gov/geo/query/acc.cgi?acc=GSE264252
GSE4668,screen_out,34,GPL96,Expression profiling by array,Expression data from hormone-starved MCF7/BUS cell culture,14610279,,no explicit neoadjuvant/response context,https://www.ncbi.nlm.nih.gov/geo/query/acc.cgi?acc=GSE4668
GSE150997,screen_out,33,GPL18573,Expression profiling by high throughput sequencing,Activation of the interferon signaling pathway is associated with resistance to CDK4/6 inhibitors and immune checkpoint activation in ER-positive breast cancer [RNA-seq],,"BW, CSV",cell-line/model-system indication,https://www.ncbi.nlm.nih.gov/geo/query/acc.cgi?acc=GSE150997
GSE140186,screen_out,32,GPL11154,Expression profiling by high throughput sequencing,ARID1A is a critical regulator of luminal identity and therapeutic response in oestrogen receptor-positive breast cancer (RNA-seq II),31932695,TXT,no explicit neoadjuvant/response context; cell-line/model-system indication,https://www.ncbi.nlm.nih.gov/geo/query/acc.cgi?acc=GSE140186
GSE213029,screen_out,32,GPL21145,Methylation profiling by array,Aerobic Exercise Training Rejuvenates the Human Skeletal Muscle Methylome Ten years after Breast Cancer Treatment and Survival,36542473,"IDAT, TXT",not expression profiling; no explicit neoadjuvant/response context,https://www.ncbi.nlm.nih.gov/geo/query/acc.cgi?acc=GSE213029
GSE22386,screen_out,32,GPL506,Expression profiling by array,Dynamic changes in gene expression in vivo predict prognosis of tamoxifen-treated patients with breast cancer,20569502,TXT,cell-line/model-system indication,https://www.ncbi.nlm.nih.gov/geo/query/acc.cgi?acc=GSE22386
GSE300475,screen_out,32,GPL24676,Other; Expression profiling by high throughput sequencing,Single cell RNA sequencing for longitudinal human peripheral blood from HR+ breast cancer patients treated with immunotherapy,40610460,"CSV, MTX, TSV, XLSX",not expression profiling,https://www.ncbi.nlm.nih.gov/geo/query/acc.cgi?acc=GSE300475
GSE58837,screen_out,31,GPL6244,Expression profiling by array,Expression data from breast cancer tumors treated with a single window of the antiangiogenic agent Sunitinib,,CEL,no explicit neoadjuvant/response context; cell-line/model-system indication,https://www.ncbi.nlm.nih.gov/geo/query/acc.cgi?acc=GSE58837
GSE60994,screen_out,31,GPL6244,Expression profiling by array,Exosome Transfer from Stromal to Breast Cancer Cells Regulates Therapy Resistance Pathways [set 1],25417103,CEL,no explicit neoadjuvant/response context,https://www.ncbi.nlm.nih.gov/geo/query/acc.cgi?acc=GSE60994
GSE87007,screen_out,31,GPL570,Expression profiling by array,CDK4 phosphorylation status and a linked gene expression profile predict sensitivity to Palbociclib [tumors],28566333,CEL,no explicit neoadjuvant/response context; cell-line/model-system indication,https://www.ncbi.nlm.nih.gov/geo/query/acc.cgi?acc=GSE87007
GSE225078,screen_out,30,GPL20301,Expression profiling by high throughput sequencing,"A phase Ib trial evaluating the safety, efficacy, and immunologic effects of pembrolizumab plus paclitaxel or flat-dose capecitabine in 1st/2nd line metastatic triple-negative breast cancer",37344474,CSV,no explicit neoadjuvant/response context,https://www.ncbi.nlm.nih.gov/geo/query/acc.cgi?acc=GSE225078
GSE280810,screen_out,30,GPL24676,Expression profiling by high throughput sequencing,Macrophages expressing chimeric cytokine receptors have an inflammatory phenotype and anti-tumoral activity upon IL-10 or TGFβ stimulation,41093623,TXT,no explicit neoadjuvant/response context,https://www.ncbi.nlm.nih.gov/geo/query/acc.cgi?acc=GSE280810
GSE98824,screen_out,30,GPL6480,Expression profiling by array,BKM120 Treated PDX's,,TXT,no explicit neoadjuvant/response context; cell-line/model-system indication,https://www.ncbi.nlm.nih.gov/geo/query/acc.cgi?acc=GSE98824
GSE120798,screen_out,29,GPL21697,Expression profiling by high throughput sequencing,Development and Characterisation of Acquired Radioresistant Breast Cancer Cell Lines.,30987655;34442440,TXT,no explicit neoadjuvant/response context; cell-line/model-system indication,https://www.ncbi.nlm.nih.gov/geo/query/acc.cgi?acc=GSE120798
GSE140758,screen_out,29,GPL16791,Expression profiling by high throughput sequencing,Synergistic targeting of estrogen-receptor positive breast cancers by MDM2 inhibition in combination with endocrine therapy or CDK4/6 inhibition,32787886,CSV,no explicit neoadjuvant/response context,https://www.ncbi.nlm.nih.gov/geo/query/acc.cgi?acc=GSE140758
GSE152362,screen_out,29,GPL18573,Genome binding/occupancy profiling by high throughput sequencing,FOXA1 Shapes the Chromatin State of ILC and Drives Differential Response to Aromatase Inhibitors and Tamoxifen [ER ChIP-seq],35950920,BW,not expression profiling,https://www.ncbi.nlm.nih.gov/geo/query/acc.cgi?acc=GSE152362
GSE293933,screen_out,29,GPL30173,Expression profiling by high throughput sequencing,Effect of decitabine on therapeutic response in doxorubicin- and paclitaxel-resistant breast cancer cell lines,41529624,TXT,no explicit neoadjuvant/response context; cell-line/model-system indication,https://www.ncbi.nlm.nih.gov/geo/query/acc.cgi?acc=GSE293933
GSE304108,screen_out,29,GPL16791;17021,Expression profiling by high throughput sequencing,Drug Screening in 3D Microtumors Reveals DDR1/2-MAPK12-GLI1 as a Vulnerability in Cancer-Associated Fibroblasts,40975064,XLSX,no explicit neoadjuvant/response context; cell-line/model-system indication,https://www.ncbi.nlm.nih.gov/geo/query/acc.cgi?acc=GSE304108
GSE7513,screen_out,29,GPL570,Expression profiling by array,Gene expression data from CD44+/CD24- cells sorted by flow cytometry,19666588,CEL,cell-line/model-system indication,https://www.ncbi.nlm.nih.gov/geo/query/acc.cgi?acc=GSE7513
GSE165407,screen_out,28,GPL11154,Expression profiling by high throughput sequencing,Mammary-specific expression of Trim24 establishes a mouse model of human metaplastic breast cancer and nominates c-Met and TRIM24 as therapeutic targets,34508101,TXT,no explicit neoadjuvant/response context; cell-line/model-system indication,https://www.ncbi.nlm.nih.gov/geo/query/acc.cgi?acc=GSE165407
GSE22513,screen_out,28,GPL570,Expression profiling by array,Markers of Taxane Sensitivity in Breast Cancer,20068102;21633166;20878462,CEL,cell-line/model-system indication,https://www.ncbi.nlm.nih.gov/geo/query/acc.cgi?acc=GSE22513
GSE58990,screen_out,28,GPL5175,Expression profiling by array,Activation of IFN/STAT1 signaling is a hallmark of response to chemotherapy in patient-derived xenografts of triple-negative breast cancer,,CEL,cell-line/model-system indication,https://www.ncbi.nlm.nih.gov/geo/query/acc.cgi?acc=GSE58990
GSE103520,screen_out,27,GPL11154,Expression profiling by high throughput sequencing,Transcriptome-wide response to synthetic chromatin protein PcTF: Breast Cancer,30253781,DIFF,no explicit neoadjuvant/response context; cell-line/model-system indication,https://www.ncbi.nlm.nih.gov/geo/query/acc.cgi?acc=GSE103520
GSE78512,screen_out,27,GPL16791,Expression profiling by high throughput sequencing; Non-coding RNA profiling by high throughput sequencing,Identification Of Candidate Anti-Cancer Molecular Mechanisms Of Compound Kushen Injection Using Functional Genomics,27602759,"GTF, TXT",no explicit neoadjuvant/response context; cell-line/model-system indication,https://www.ncbi.nlm.nih.gov/geo/query/acc.cgi?acc=GSE78512
GSE89891,screen_out,27,GPL10558,Expression profiling by array,Inhibition of the H3K9 methyltransferase epigenetic regulator G9A attenuates oncogenicity but provokes a survival response via activation of the hypoxia pathway,29145444,TXT,no explicit neoadjuvant/response context,https://www.ncbi.nlm.nih.gov/geo/query/acc.cgi?acc=GSE89891
GSE313244,screen_out,26,GPL24676,Other,Multidimensional Single-Cell Transcriptomic Profiling of Uterine Leiomyosarcomas Identifies Molecular Subtypes with Distinct Therapeutic Vulnerabilities [Spatial Transcriptomics],,"H5AD, TIFF, ZIP",not expression profiling; no explicit neoadjuvant/response context,https://www.ncbi.nlm.nih.gov/geo/query/acc.cgi?acc=GSE313244
GSE7515,screen_out,26,GPL570,Expression profiling by array,Gene expression data from cancer mammospheres and bulk tumors,19666588,CEL,cell-line/model-system indication,https://www.ncbi.nlm.nih.gov/geo/query/acc.cgi?acc=GSE7515
GSE144221,screen_out,25,GPL17301,Methylation profiling by high throughput sequencing,DNA methylation markers panel can improve prediction of response to neoadjuvant chemotherapy in luminal B breast cancer,32514046,COV,not expression profiling,https://www.ncbi.nlm.nih.gov/geo/query/acc.cgi?acc=GSE144221
GSE1864,screen_out,25,GPL970,Expression profiling by array,A genomic view of estrogen actions in human breast cancer cells,15171711,,no explicit neoadjuvant/response context,https://www.ncbi.nlm.nih.gov/geo/query/acc.cgi?acc=GSE1864
GSE292487,screen_out,25,GPL24676,Expression profiling by high throughput sequencing,FADS2 Mediated Nrf2-SLC7A11 Axis Activation Promotes Breast Ductal Carcinoma in Situ Progression via Glutamate Efflux,,TXT,no explicit neoadjuvant/response context,https://www.ncbi.nlm.nih.gov/geo/query/acc.cgi?acc=GSE292487
GSE30516,screen_out,25,GPL570,Expression profiling by array,Dynamic re-wiring of apoptotic signaling networks enhances tumor cell killing by DNA damage,22579283,CEL,no explicit neoadjuvant/response context,https://www.ncbi.nlm.nih.gov/geo/query/acc.cgi?acc=GSE30516
GSE309801,screen_out,25,GPL24676,Other,OR7A10 GPCR engineering boosts CAR-NK therapy against solid tumors [mini screen],41741641,TXT,not expression profiling; no explicit neoadjuvant/response context,https://www.ncbi.nlm.nih.gov/geo/query/acc.cgi?acc=GSE309801
GSE103115,screen_out,24,GPL10558,Expression profiling by array,Cisplatin-induced gene expression changes in triple-negative breast cancer (TNBC) cells,31461651,TXT,no explicit neoadjuvant/response context; cell-line/model-system indication,https://www.ncbi.nlm.nih.gov/geo/query/acc.cgi?acc=GSE103115
GSE124225,screen_out,24,GPL11154,Genome binding/occupancy profiling by high throughput sequencing,ARID1A is a critical regulator of luminal identity and therapeutic response in oestrogen receptor-positive breast cancer (ChIP-Seq),31932695,BW,not expression profiling; no explicit neoadjuvant/response context; cell-line/model-system indication,https://www.ncbi.nlm.nih.gov/geo/query/acc.cgi?acc=GSE124225
GSE138233,screen_out,24,GPL14550,Expression profiling by array,Transcriptomic analysis of DOXO-Resistant cells compared to parental DOXO-Sensitive mda-mb-436 cell line,31537618,"TXT, XLSX",cell-line/model-system indication,https://www.ncbi.nlm.nih.gov/geo/query/acc.cgi?acc=GSE138233
GSE160497,screen_out,24,GPL10558,Expression profiling by array,A tumor suppressive relationship between mineralocorticoid and retinoic receptors activates a transcriptional program consistent with a reverse Warburg effect in breast cancer,,TXT,no explicit neoadjuvant/response context,https://www.ncbi.nlm.nih.gov/geo/query/acc.cgi?acc=GSE160497
GSE178310,screen_out,24,GPL22790;28943,Non-coding RNA profiling by array; Non-coding RNA profiling by high throughput sequencing,Exosomal-microRNA transcriptome profiling of Parental and CSC-like MDA-MB-231 cells in response to cisplatin treatment,,RCC,not expression profiling; no explicit neoadjuvant/response context; cell-line/model-system indication,https://www.ncbi.nlm.nih.gov/geo/query/acc.cgi?acc=GSE178310
GSE202595,screen_out,24,GPL21290,Expression profiling by high throughput sequencing,Diabetes-associated breast cancer has a distinct transcriptome and metabolome and shows DNA repair deficiency [ER positive cell lines],37906280,TXT,no explicit neoadjuvant/response context; cell-line/model-system indication,https://www.ncbi.nlm.nih.gov/geo/query/acc.cgi?acc=GSE202595
GSE202599,screen_out,24,GPL18573,Expression profiling by high throughput sequencing,Diabetes-associated breast cancer has a distinct transcriptome and metabolome and shows DNA repair deficiency [Xenografts],37906280,TXT,no explicit neoadjuvant/response context; cell-line/model-system indication,https://www.ncbi.nlm.nih.gov/geo/query/acc.cgi?acc=GSE202599
GSE202772,screen_out,24,GPL18573,Genome binding/occupancy profiling by high throughput sequencing,Epigenetic heterogeneity and transcriptional drivers of triple-negative breast cancer (PDX H3K27ac ChIP-Seq),38100350,"BW, NARROWPEAK",not expression profiling; no explicit neoadjuvant/response context; cell-line/model-system indication,https://www.ncbi.nlm.nih.gov/geo/query/acc.cgi?acc=GSE202772
GSE241785,screen_out,24,GPL32484,Non-coding RNA profiling by array,Expression of vesicular miRNAs from plasma of Brazilian breast cancer patients diagnosed before 40 years old,,"CSV, RCC",not expression profiling; no explicit neoadjuvant/response context,https://www.ncbi.nlm.nih.gov/geo/query/acc.cgi?acc=GSE241785
GSE267582,screen_out,24,GPL21145,Methylation profiling by array,Epigenome analysis of MTHFD2 as a biomarker for decitabine response in MDA-MB-231 tumours,,"IDAT, XLSX",not expression profiling; no explicit neoadjuvant/response context,https://www.ncbi.nlm.nih.gov/geo/query/acc.cgi?acc=GSE267582
GSE291188,screen_out,24,GPL24676,Expression profiling by high throughput sequencing,Unravelling the antitumor mechanism of Ocoxin through cancer cell genomics,40176904,TXT,no explicit neoadjuvant/response context,https://www.ncbi.nlm.nih.gov/geo/query/acc.cgi?acc=GSE291188
GSE31870,screen_out,24,GPL10481,Expression profiling by array,Maintenance of Hormone Responsiveness in Luminal Breast Cancers by Suppression of Notch,21969591,,no explicit neoadjuvant/response context; cell-line/model-system indication,https://www.ncbi.nlm.nih.gov/geo/query/acc.cgi?acc=GSE31870
GSE152322,screen_out,23,GPL10558,Expression profiling by array,MiR-302b as a Combinatorial Therapeutic Approach to Improve Cisplatin Chemotherapy Efficacy in Human Triple Negative Breast Cancer,32806777,TXT,cell-line/model-system indication,https://www.ncbi.nlm.nih.gov/geo/query/acc.cgi?acc=GSE152322
GSE186965,screen_out,23,GPL24676,Genome binding/occupancy profiling by high throughput sequencing,H3K27me3 conditions chemotolerance  in triple-negative breast cancer [ChIP-reChIP],37340307,"BED, BW, CSV",not expression profiling; no explicit neoadjuvant/response context,https://www.ncbi.nlm.nih.gov/geo/query/acc.cgi?acc=GSE186965
GSE280454,screen_out,23,GPL24676,Genome binding/occupancy profiling by high throughput sequencing,Identification of a shared drug-tolerant persister program in triple-negative breast cancer across treatments and patients [CUT&Tag],41196808,BW,not expression profiling; no explicit neoadjuvant/response context,https://www.ncbi.nlm.nih.gov/geo/query/acc.cgi?acc=GSE280454
GSE31432,screen_out,23,GPL6947,Expression profiling by array,"Defining the molecular response to trastuzumab, pertuzumab and combination therapy in ovarian cancer",22549178,TXT,no explicit neoadjuvant/response context; cell-line/model-system indication,https://www.ncbi.nlm.nih.gov/geo/query/acc.cgi?acc=GSE31432
GSE331245,screen_out,23,GPL18573,Other,SMART: A Spatio-Molecular Atlas of Response Trajectories in Triple-Negative Breast Cancer,,"CSV, DCC, PKC",not expression profiling,https://www.ncbi.nlm.nih.gov/geo/query/acc.cgi?acc=GSE331245
GSE54025,screen_out,23,GPL8490,Methylation profiling by array,Epigenome study of normal human epithelial tissues,24651077,TXT,not expression profiling; no explicit neoadjuvant/response context; cell-line/model-system indication,https://www.ncbi.nlm.nih.gov/geo/query/acc.cgi?acc=GSE54025
GSE24717,screen_out,22,GPL571,Expression profiling by array,Using a Stem Cell-Based Signature to Guide Therapeutic Selection in Cancer,21169407,CEL,cell-line/model-system indication,https://www.ncbi.nlm.nih.gov/geo/query/acc.cgi?acc=GSE24717
GSE283272,screen_out,22,GPL21145,Methylation profiling by genome tiling array,Neoadjuvant HER2 inhibition induces ESR1 DNA methylation alterations resulting in clinically relevant ER expression changes in breast cancer,39676516,"IDAT, TXT",not expression profiling,https://www.ncbi.nlm.nih.gov/geo/query/acc.cgi?acc=GSE283272
GSE289189,screen_out,22,GPL24676,Expression profiling by high throughput sequencing,Histone H4 lysine 20 tri-methylation safeguards breast cancer lineage fidelity and unfolded protein response [Bulk RNA-seq],,CSV,no explicit neoadjuvant/response context,https://www.ncbi.nlm.nih.gov/geo/query/acc.cgi?acc=GSE289189
GSE56022,screen_out,22,GPL16791;11154,Genome binding/occupancy profiling by high throughput sequencing; Expression profiling by high throughput sequencing,Ligand-dependent genomic function of glucocorticoid receptor in triple-negative breast cancer,26374485,"BW, TXT",not expression profiling; no explicit neoadjuvant/response context,https://www.ncbi.nlm.nih.gov/geo/query/acc.cgi?acc=GSE56022
GSE46350,screen_out,21,GPL17071,Other,Potential Biomarkers of Long-term Benefit from Single-agent Trastuzumab or Lapatinib in HER2-positive Metastatic Breast Cancer,,TXT,not expression profiling; no explicit neoadjuvant/response context,https://www.ncbi.nlm.nih.gov/geo/query/acc.cgi?acc=GSE46350
GSE124224,screen_out,20,GPL11154,Genome binding/occupancy profiling by high throughput sequencing,ARID1A is a critical regulator of luminal identity and therapeutic response in oestrogen receptor-positive breast cancer (ATAC-Seq),31932695,BW,not expression profiling; no explicit neoadjuvant/response context; cell-line/model-system indication,https://www.ncbi.nlm.nih.gov/geo/query/acc.cgi?acc=GSE124224
GSE243238,screen_out,20,GPL18573,Expression profiling by high throughput sequencing,Identification of tumor-intrinsic drivers of immune exclusion in acral melanoma,37857525,CSV,no explicit neoadjuvant/response context,https://www.ncbi.nlm.nih.gov/geo/query/acc.cgi?acc=GSE243238
GSE248460,screen_out,20,GPL16791,Non-coding RNA profiling by high throughput sequencing,The micro RNA expression of 5 nomal breast tissues and 15 breast cancer tissues,,XLSX,not expression profiling; no explicit neoadjuvant/response context,https://www.ncbi.nlm.nih.gov/geo/query/acc.cgi?acc=GSE248460
GSE50693,screen_out,20,GPL571,Expression profiling by array,Endocrine response in invasive lobular carcinoma is characterized by unique estrogen-mediated gene expression and de novo tamoxifen resistance (MM134),24425047,CEL,no explicit neoadjuvant/response context; cell-line/model-system indication,https://www.ncbi.nlm.nih.gov/geo/query/acc.cgi?acc=GSE50693
GSE50694,screen_out,20,GPL571,Expression profiling by array,Endocrine response in invasive lobular carcinoma is characterized by unique estrogen-mediated gene expression and de novo tamoxifen resistance (SUM44),24425047,CEL,no explicit neoadjuvant/response context; cell-line/model-system indication,https://www.ncbi.nlm.nih.gov/geo/query/acc.cgi?acc=GSE50694
GSE73736,screen_out,20,GPL20986,Non-coding RNA profiling by array,MicroRNA microarray identifies a miRNA signature to predict chemotherapy response in breast cancers,,TXT,not expression profiling,https://www.ncbi.nlm.nih.gov/geo/query/acc.cgi?acc=GSE73736
GSE87006,screen_out,20,GPL570,Expression profiling by array,CDK4 phosphorylation status and a linked gene expression profile predict sensitivity to Palbociclib [lines],28566333,CEL,no explicit neoadjuvant/response context; cell-line/model-system indication,https://www.ncbi.nlm.nih.gov/geo/query/acc.cgi?acc=GSE87006
GSE135400,screen_out,19,GPL20795;21273,Expression profiling by high throughput sequencing,KDM1B is an important regulator of cytokine signaling in the tumor immune microenvironment and response to immune checkpoint therapy (RNA-seq),,TXT,no explicit neoadjuvant/response context,https://www.ncbi.nlm.nih.gov/geo/query/acc.cgi?acc=GSE135400
GSE164715,screen_out,19,GPL24676,Expression profiling by high throughput sequencing,H3K27me3 conditions chemotolerance in triple-negative breast cancer [scRNA-seq],37340307,"CSV, MTX, TSV",no explicit neoadjuvant/response context,https://www.ncbi.nlm.nih.gov/geo/query/acc.cgi?acc=GSE164715
GSE102367,screen_out,18,GPL23126,Expression profiling by array,c-Jun/AP-1 overexpression reprograms ERα signaling related to tamoxifen response in ERα-positive breast cancer [expression profiling],29467493,CEL,no explicit neoadjuvant/response context,https://www.ncbi.nlm.nih.gov/geo/query/acc.cgi?acc=GSE102367
GSE132288,screen_out,18,GPL20301,Expression profiling by high throughput sequencing,ADAR1 role on transcriptome stability,,TXT,no explicit neoadjuvant/response context,https://www.ncbi.nlm.nih.gov/geo/query/acc.cgi?acc=GSE132288
GSE132513,screen_out,18,GPL21145,Methylation profiling by genome tiling array,Epigenetic remodelling of enhancers in response to estrogen deprivation and re-stimulation [methylArray],34403459,"CSV, IDAT",not expression profiling; no explicit neoadjuvant/response context,https://www.ncbi.nlm.nih.gov/geo/query/acc.cgi?acc=GSE132513
GSE135894,screen_out,18,GPL21290,Expression profiling by high throughput sequencing; Genome binding/occupancy profiling by high throughput sequencing,HOTAIRM1 suppresses Estrogen Receptor activity in breast cancer by restricting chromatin accessibility of pioneer factor FOXA1,,"BW, TSV",no explicit neoadjuvant/response context; cell-line/model-system indication,https://www.ncbi.nlm.nih.gov/geo/query/acc.cgi?acc=GSE135894
GSE156445,screen_out,18,GPL17586,Expression profiling by array,Exploring the molecular mechanism of action of a mono-herbal formulation of Ayurveda Cesamplous pareira ,34635729,CEL,no explicit neoadjuvant/response context; cell-line/model-system indication,https://www.ncbi.nlm.nih.gov/geo/query/acc.cgi?acc=GSE156445
GSE159802,screen_out,18,GPL18460,Expression profiling by high throughput sequencing,Heat Shock Factor 1 (HSF1) supports the ESR1 action in breast cancer (RNA-seq),34783649,TXT,no explicit neoadjuvant/response context; cell-line/model-system indication,https://www.ncbi.nlm.nih.gov/geo/query/acc.cgi?acc=GSE159802
GSE186966,screen_out,18,GPL24676,Genome binding/occupancy profiling by high throughput sequencing,H3K27me3 conditions chemotolerance  in triple-negative breast cancer [CUT&TAG],37340307,"BW, CSV",not expression profiling; no explicit neoadjuvant/response context,https://www.ncbi.nlm.nih.gov/geo/query/acc.cgi?acc=GSE186966
GSE213228,screen_out,18,GPL18573,Expression profiling by high throughput sequencing,Targeting IRAK2 in triple-negative breast cancer cells decreases cellular growth in vitro and delays tumor progression in murine models,,"BIGWIG, XLSX",no explicit neoadjuvant/response context; cell-line/model-system indication,https://www.ncbi.nlm.nih.gov/geo/query/acc.cgi?acc=GSE213228
GSE303200,screen_out,18,GPL24676,Expression profiling by high throughput sequencing,Identification of a shared drug-tolerant persister program in triple-negactive breast cancer across treatments and patients [RNA-Seq],,CSV,no explicit neoadjuvant/response context,https://www.ncbi.nlm.nih.gov/geo/query/acc.cgi?acc=GSE303200
GSE325338,screen_out,18,GPL18573,Expression profiling by high throughput sequencing,ATR and PKMYT1inhibition re-sensitize a subset of TNBC patient-derived models to carboplatin and induce mitotic catastrophe,41973002,TSV,no explicit neoadjuvant/response context; cell-line/model-system indication,https://www.ncbi.nlm.nih.gov/geo/query/acc.cgi?acc=GSE325338
GSE99766,screen_out,18,GPL16686,Expression profiling by array,MDA-MB-231 gene expression upon IRE1 RNase inhibition with MKC-8866,30111846,CEL,no explicit neoadjuvant/response context,https://www.ncbi.nlm.nih.gov/geo/query/acc.cgi?acc=GSE99766
GSE140185,screen_out,17,GPL11154,Genome binding/occupancy profiling by high throughput sequencing,ARID1A is a critical regulator of luminal identity and therapeutic response in oestrogen receptor-positive breast cancer (ChIP-seq II),31932695,BW,not expression profiling; no explicit neoadjuvant/response context; cell-line/model-system indication,https://www.ncbi.nlm.nih.gov/geo/query/acc.cgi?acc=GSE140185
GSE148186,screen_out,16,GPL10558,Expression profiling by array,Inhibition  of O-GlcNAc transferase activates tumor-suppressor gene expression in tamoxifen-resistant breast cancer cells,33046784,TXT,no explicit neoadjuvant/response context,https://www.ncbi.nlm.nih.gov/geo/query/acc.cgi?acc=GSE148186
GSE157069,screen_out,16,GPL20301,Expression profiling by high throughput sequencing,Transcriptome analysis of the circadian clock gene BMAL1 deletion with opposite carcinogenic effects,33111200,TXT,no explicit neoadjuvant/response context,https://www.ncbi.nlm.nih.gov/geo/query/acc.cgi?acc=GSE157069
GSE180878,screen_out,16,GPL20795,Expression profiling by high throughput sequencing,A human breast transcriptome atlas,35617956,CSV,no explicit neoadjuvant/response context; cell-line/model-system indication,https://www.ncbi.nlm.nih.gov/geo/query/acc.cgi?acc=GSE180878
GSE212690,screen_out,16,GPL24676,Expression profiling by high throughput sequencing,Beneficial effects of mifepristone treatment in breast cancer patients selected by the progesterone receptor isoform ratio: Results from the MIPRA trial,36269797,TXT,no explicit neoadjuvant/response context,https://www.ncbi.nlm.nih.gov/geo/query/acc.cgi?acc=GSE212690
GSE236420,screen_out,16,GPL16791,Expression profiling by high throughput sequencing,Diabetes-associated breast cancer has a distinct transcriptome and metabolome and shows DNA repair deficiency [RNAseq-MDA-MB-231_and_MDA-MB-468],37906280,TXT,no explicit neoadjuvant/response context; cell-line/model-system indication,https://www.ncbi.nlm.nih.gov/geo/query/acc.cgi?acc=GSE236420
GSE297299,screen_out,16,GPL34281;24676,Expression profiling by high throughput sequencing,Polyploid cisplatin-resistant cancer cells have altered nuclear organization and epigenomic status,41570447,"CSV, MTX",no explicit neoadjuvant/response context; cell-line/model-system indication,https://www.ncbi.nlm.nih.gov/geo/query/acc.cgi?acc=GSE297299
GSE298286,screen_out,16,GPL24676,Expression profiling by high throughput sequencing; Other,In silico reconstruction of primary and metastatic tumor architecture using GIS-augmented spatial transcriptomics,41734374,"CSV, JPG, JSON, MTX, PNG, TSV",no explicit neoadjuvant/response context,https://www.ncbi.nlm.nih.gov/geo/query/acc.cgi?acc=GSE298286
GSE328823,screen_out,16,GPL24676,Expression profiling by high throughput sequencing; Other,"Innate and Acquired Transcriptional Programs Shape Heterogeneous Tumor Cell Responses to PARP, Akt, and CDK4/6 Inhibitors",,"CSV, H5AD",no explicit neoadjuvant/response context,https://www.ncbi.nlm.nih.gov/geo/query/acc.cgi?acc=GSE328823
GSE60995,screen_out,16,GPL6244,Expression profiling by array,Exosome Transfer from Stromal to Breast Cancer Cells Regulates Therapy Resistance Pathways [set 2],25417103,CEL,no explicit neoadjuvant/response context,https://www.ncbi.nlm.nih.gov/geo/query/acc.cgi?acc=GSE60995
GSE132207,screen_out,15,GPL16791,Expression profiling by high throughput sequencing,Epigenetic remodelling of enhancers in response to estrogen deprivation and re-stimulation [RNA-Seq],34403459,TXT,no explicit neoadjuvant/response context,https://www.ncbi.nlm.nih.gov/geo/query/acc.cgi?acc=GSE132207
GSE200029,screen_out,15,GPL24676,Expression profiling by high throughput sequencing,FGFR inhibition reverses resistance to endocrine therapy by reducing expression of EMT-related genes,,TXT,no explicit neoadjuvant/response context; cell-line/model-system indication,https://www.ncbi.nlm.nih.gov/geo/query/acc.cgi?acc=GSE200029
GSE202536,screen_out,15,GPL570,Expression profiling by array,Doxorubicin response in a triple negative breast cancer cell model: long-term resistance versus short-term stress,,CEL,no explicit neoadjuvant/response context,https://www.ncbi.nlm.nih.gov/geo/query/acc.cgi?acc=GSE202536
GSE202773,screen_out,15,GPL18573,Expression profiling by high throughput sequencing,Epigenetic heterogeneity and transcriptional drivers of triple-negative breast cancer (PDX  RNA-Seq),38100350,CSV,no explicit neoadjuvant/response context; cell-line/model-system indication,https://www.ncbi.nlm.nih.gov/geo/query/acc.cgi?acc=GSE202773
GSE202775,screen_out,15,GPL13534,Methylation profiling by array,Epigenetic heterogeneity and transcriptional drivers of triple-negative breast cancer (PDX Methylation),38100350,"IDAT, TSV",not expression profiling; no explicit neoadjuvant/response context; cell-line/model-system indication,https://www.ncbi.nlm.nih.gov/geo/query/acc.cgi?acc=GSE202775
GSE309800,screen_out,15,GPL24676,Other,OR7A10 GPCR engineering boosts CAR-NK therapy against solid tumors [Primary Screen],41741641,TXT,not expression profiling; no explicit neoadjuvant/response context,https://www.ncbi.nlm.nih.gov/geo/query/acc.cgi?acc=GSE309800
GSE60964,screen_out,15,GPL15207,Expression profiling by array,YB-1 affects response to paclitaxel in TNBCs by modulation of EGR1,27072400,CEL,no explicit neoadjuvant/response context,https://www.ncbi.nlm.nih.gov/geo/query/acc.cgi?acc=GSE60964
GSE18331,screen_out,14,GPL570,Expression profiling by array,A phenotype-based model for rational selection of novel targeted therapies in treating aggressive breast cancer,21772261,"CEL, CHP",no explicit neoadjuvant/response context; cell-line/model-system indication,https://www.ncbi.nlm.nih.gov/geo/query/acc.cgi?acc=GSE18331
GSE24578,screen_out,14,GPL571,Expression profiling by array,Basal gene expression of breast cancer cell lines,21169407,CEL,cell-line/model-system indication,https://www.ncbi.nlm.nih.gov/geo/query/acc.cgi?acc=GSE24578
GSE164385,screen_out,13,GPL24676,Genome binding/occupancy profiling by high throughput sequencing,H3K27me3 conditions chemotolerance in triple-negative breast cancer [scChIP-seq],37340307,"BW, CSV, TBI, TSV",not expression profiling; no explicit neoadjuvant/response context,https://www.ncbi.nlm.nih.gov/geo/query/acc.cgi?acc=GSE164385
GSE237984,screen_out,13,GPL24676,Expression profiling by high throughput sequencing,MAGI1 prevents senescence and promotes the DNA damage response in ER+ breast cancer,37566008,TXT,no explicit neoadjuvant/response context; cell-line/model-system indication,https://www.ncbi.nlm.nih.gov/geo/query/acc.cgi?acc=GSE237984
GSE102121,screen_out,12,GPL17692,Expression profiling by array,Clinical and biological impact of miR-18a expression in breast cancer after neoadjuvant chemotherapy,31115881,"CEL, CHP",cell-line/model-system indication,https://www.ncbi.nlm.nih.gov/geo/query/acc.cgi?acc=GSE102121
GSE113353,screen_out,12,GPL11154,Expression profiling by high throughput sequencing,DAOY-NERT2 Notch/Hypoxia Transcriptome Analysis,29993038,TXT,no explicit neoadjuvant/response context; cell-line/model-system indication,https://www.ncbi.nlm.nih.gov/geo/query/acc.cgi?acc=GSE113353
GSE113753,screen_out,12,GPL16791,Expression profiling by high throughput sequencing,DAOY-Notch1/Notch2 knockout: transcriptome comparison,29993038,TXT,no explicit neoadjuvant/response context; cell-line/model-system indication,https://www.ncbi.nlm.nih.gov/geo/query/acc.cgi?acc=GSE113753
GSE123603,screen_out,12,GPL18573,Expression profiling by high throughput sequencing,"IL-6 augments IL-4-induced polarization of primary human macrophages through synergy of STAT3, STAT6 and BATF transcription factors",30288360,XLSX,no explicit neoadjuvant/response context,https://www.ncbi.nlm.nih.gov/geo/query/acc.cgi?acc=GSE123603
GSE130903,screen_out,12,GPL11154,Expression profiling by high throughput sequencing,Short and long-term effects of CDK4/6 inhibition on early stage breast cancer,31451564,TXT,no explicit neoadjuvant/response context; cell-line/model-system indication,https://www.ncbi.nlm.nih.gov/geo/query/acc.cgi?acc=GSE130903
GSE14552,screen_out,12,GPL2995;2986,Expression profiling by array,Gene expression profiling of MCF7 breast cancer xenografts overexpressing podoplanin,20616339,TXT,no explicit neoadjuvant/response context; cell-line/model-system indication,https://www.ncbi.nlm.nih.gov/geo/query/acc.cgi?acc=GSE14552
GSE148444,screen_out,12,GPL16791,Expression profiling by high throughput sequencing,Glucocorticoid Receptors are Required Effectors of TGFb1-Induced p38 MAPK Signaling to Advanced Cancer Phenotypes in Triple Negative Breast Cancer,32357907,TXT,no explicit neoadjuvant/response context,https://www.ncbi.nlm.nih.gov/geo/query/acc.cgi?acc=GSE148444
GSE152361,screen_out,12,GPL18573,Genome binding/occupancy profiling by high throughput sequencing,Chromatin Accessibility differentiates Invasive Lobular from Invasive Ductal Breast cancer and Dictates Response to Endocrine Treatment,35950920,BW,not expression profiling,https://www.ncbi.nlm.nih.gov/geo/query/acc.cgi?acc=GSE152361
GSE155657,screen_out,12,GPL24676,Other,m6A-seq assays and analysis of breast cancer MDA-MB-231 cells with or without PRMT5 overexpression and Doxrubicin treatment,,BW,not expression profiling; no explicit neoadjuvant/response context,https://www.ncbi.nlm.nih.gov/geo/query/acc.cgi?acc=GSE155657
GSE174692,screen_out,12,GPL24676,Expression profiling by high throughput sequencing,MLK4 kinase regulates the DNA damage response and promotes triple-negative breast cancer chemoresistance,,TXT,no explicit neoadjuvant/response context,https://www.ncbi.nlm.nih.gov/geo/query/acc.cgi?acc=GSE174692
GSE178305,screen_out,12,GPL28943,Non-coding RNA profiling by array,Exosomal-microRNA transcriptome profiling of Parental and CSC-like MDA-MB-231 cells in response to cisplatin treatment [NanoString],,"RCC, TXT, XLSX",not expression profiling; no explicit neoadjuvant/response context; cell-line/model-system indication,https://www.ncbi.nlm.nih.gov/geo/query/acc.cgi?acc=GSE178305
GSE178307,screen_out,12,GPL22790,Non-coding RNA profiling by high throughput sequencing,Exosomal-microRNA transcriptome profiling of Parental and CSC-like MDA-MB-231 cells in response to cisplatin treatment,,XLSX,not expression profiling; no explicit neoadjuvant/response context; cell-line/model-system indication,https://www.ncbi.nlm.nih.gov/geo/query/acc.cgi?acc=GSE178307
GSE182288,screen_out,12,GPL16791,Expression profiling by high throughput sequencing,Effect of ribociclib on breast cancer cells,34944934,CSV,no explicit neoadjuvant/response context,https://www.ncbi.nlm.nih.gov/geo/query/acc.cgi?acc=GSE182288
GSE186004,screen_out,12,GPL18460,Expression profiling by high throughput sequencing,Heat Shock Factor 1 (HSF1) regulates ESR1 action in breast cancer,34783649,TXT,no explicit neoadjuvant/response context; cell-line/model-system indication,https://www.ncbi.nlm.nih.gov/geo/query/acc.cgi?acc=GSE186004
GSE202682,screen_out,12,GPL16791,Expression profiling by high throughput sequencing,Breast Cancer Chemotherapy Induces Vascular Dysfunction and Hypertension,35617030,CSV,cell-line/model-system indication,https://www.ncbi.nlm.nih.gov/geo/query/acc.cgi?acc=GSE202682
GSE221222,screen_out,12,GPL16956,Non-coding RNA profiling by array,ATR/Chk1 interacting lncRNA modulates DNA damage response to induce breast cancer chemoresistance,39148723,TXT,not expression profiling; no explicit neoadjuvant/response context,https://www.ncbi.nlm.nih.gov/geo/query/acc.cgi?acc=GSE221222
GSE234475,screen_out,12,GPL24676,Expression profiling by high throughput sequencing,Effect of HORMAD1 and CT83 Cancer/Testis Gene expression on human mammary epithelial cell line (HMLE),,TSV,cell-line/model-system indication,https://www.ncbi.nlm.nih.gov/geo/query/acc.cgi?acc=GSE234475
GSE241852,screen_out,12,GPL20301,Expression profiling by high throughput sequencing,"Grainyhead-like-2, an epithelial master programmer, promotes interferon induction and suppresses breast cancer recurrence [RNA-Seq]",38692097,TXT,no explicit neoadjuvant/response context,https://www.ncbi.nlm.nih.gov/geo/query/acc.cgi?acc=GSE241852
GSE246198,screen_out,12,GPL18573,Expression profiling by high throughput sequencing,Acidosis-mediated inhibition of cancer cell dissemination is restored by hypoxia via regulation of NHE1-dependent signaling,,TXT,no explicit neoadjuvant/response context; cell-line/model-system indication,https://www.ncbi.nlm.nih.gov/geo/query/acc.cgi?acc=GSE246198
GSE251707,screen_out,12,GPL18573,Expression profiling by high throughput sequencing,NRF2 activation by cysteine as a mechanism of survival for Triple Negative Breast Cancer cells,38600165,TXT,no explicit neoadjuvant/response context,https://www.ncbi.nlm.nih.gov/geo/query/acc.cgi?acc=GSE251707
GSE262268,screen_out,12,GPL28038,Methylation profiling by high throughput sequencing,Defects in CDK12 promote epigenetic plasticity through remodeling of the core transcription machinery (MeDIP-seq),41896195,BW,not expression profiling; no explicit neoadjuvant/response context,https://www.ncbi.nlm.nih.gov/geo/query/acc.cgi?acc=GSE262268
GSE270235,screen_out,12,GPL24676,Expression profiling by high throughput sequencing,Responses to checkpoint inhibition in metastatic TNBC driven by divergent myeloid phenotypes,40382442,RDS,no explicit neoadjuvant/response context,https://www.ncbi.nlm.nih.gov/geo/query/acc.cgi?acc=GSE270235
GSE27354,screen_out,12,GPL11094,Expression profiling by array,Glycogene expression changes between different passages in the 4T1 Mouse metastatic breast cancer cell line,,CEL,no explicit neoadjuvant/response context; cell-line/model-system indication,https://www.ncbi.nlm.nih.gov/geo/query/acc.cgi?acc=GSE27354
GSE287429,screen_out,12,GPL34284,Expression profiling by high throughput sequencing,Drug Repurposing Identifies Proteasome Inhibitors as Antiproliferative Agents Counteracting Inflammation-Driven Chemoresistance in Triple-Negative Breast Cancer Organoids,,TXT,no explicit neoadjuvant/response context; cell-line/model-system indication,https://www.ncbi.nlm.nih.gov/geo/query/acc.cgi?acc=GSE287429
GSE319840,screen_out,12,GPL24676,Expression profiling by high throughput sequencing,Patient-derived cell lines unveil COL1A2 as a predictor of docetaxel resistance in breast cancer,41846871,TXT,cell-line/model-system indication,https://www.ncbi.nlm.nih.gov/geo/query/acc.cgi?acc=GSE319840
GSE328653,screen_out,12,GPL30173,Expression profiling by high throughput sequencing,Analysis of transcriptional changes associated with acquired resistance to taxanes and anthracyclines in HR+/HER2- breast cancer cell lines MCF-7 and ZR-75-1,42729982,XLS,cell-line/model-system indication,https://www.ncbi.nlm.nih.gov/geo/query/acc.cgi?acc=GSE328653
GSE47013,screen_out,12,GPL5175,Expression profiling by array,Deficiency in tumor suppressor p53 is required for doxorubicin induced transcriptional upregulation of NF-kB target genes in human breast cancer,24344116,CEL,no explicit neoadjuvant/response context,https://www.ncbi.nlm.nih.gov/geo/query/acc.cgi?acc=GSE47013
GSE57703,screen_out,12,GPL17077,Expression profiling by array,SSEA4 is a marker for chemotherapy resistance [mRNA],26607327,TXT,no explicit neoadjuvant/response context; cell-line/model-system indication,https://www.ncbi.nlm.nih.gov/geo/query/acc.cgi?acc=GSE57703
GSE57704,screen_out,12,GPL18402,Non-coding RNA profiling by array,SSEA4 is a marker for chemotherapy resistance [miRNA],26607327,TXT,not expression profiling; no explicit neoadjuvant/response context; cell-line/model-system indication,https://www.ncbi.nlm.nih.gov/geo/query/acc.cgi?acc=GSE57704
GSE71915,screen_out,12,GPL11532,Expression profiling by array,Genome-wide profiling of inflammatory cistrome reveals AP-1/c-Jun as a key regulator of TNFalpha-mediated triple-negative breast cancer progression [microarray],26792858,CEL,no explicit neoadjuvant/response context,https://www.ncbi.nlm.nih.gov/geo/query/acc.cgi?acc=GSE71915
GSE73388,screen_out,12,GPL17586,Expression profiling by array,"Ctr9, a key subunit of PAFc, affects global estrogen signaling and drives ERalpha-positive breast tumorigenesis",26494790;26981377;35137163,"CEL, CHP",no explicit neoadjuvant/response context,https://www.ncbi.nlm.nih.gov/geo/query/acc.cgi?acc=GSE73388
GSE76314,screen_out,12,GPL11154,Expression profiling by high throughput sequencing,Human Induced Pluripotent Stem Cells Recapitulate Breast Cancer Patients’ Predilection to Doxorubicin-Induced Cardiotoxicity,27089514,CSV,no explicit neoadjuvant/response context,https://www.ncbi.nlm.nih.gov/geo/query/acc.cgi?acc=GSE76314
GSE95042,screen_out,12,GPL10558,Expression profiling by array,KDM4 inhibition targets breast cancer stem cells,28883001,TXT,cell-line/model-system indication,https://www.ncbi.nlm.nih.gov/geo/query/acc.cgi?acc=GSE95042
GSE261815,screen_out,11,GPL32069,Expression profiling by array,"Immune microenvironment of premenopausal estrogen receptor-positive/HER2-negative advanced breast cancer in response to treatment of Pembrolizumab, exemestane, and leuprolide",39730000,RCC,no explicit neoadjuvant/response context,https://www.ncbi.nlm.nih.gov/geo/query/acc.cgi?acc=GSE261815
GSE84863,screen_out,11,GPL11154,Expression profiling by high throughput sequencing,RNA sequencing of MDA-MB231 and U2OS cancer cell lines exposed to the alkylating agent methyl methanesufonate (MMS) and classical chemotherapeutics ,27638861,TXT,no explicit neoadjuvant/response context; cell-line/model-system indication,https://www.ncbi.nlm.nih.gov/geo/query/acc.cgi?acc=GSE84863
GSE124227,screen_out,10,GPL11154,Expression profiling by high throughput sequencing,ARID1A is a critical regulator of luminal identity and therapeutic response in oestrogen receptor-positive breast cancer (RNA-Seq),31932695,TXT,no explicit neoadjuvant/response context; cell-line/model-system indication,https://www.ncbi.nlm.nih.gov/geo/query/acc.cgi?acc=GSE124227
GSE149988,screen_out,10,GPL28490,Expression profiling by high throughput sequencing,Comparative Analysis of the Development of Acquired Radioresistance in Canine and Human Mammary Cancer Cell Lines,32851022,TXT,no explicit neoadjuvant/response context; cell-line/model-system indication,https://www.ncbi.nlm.nih.gov/geo/query/acc.cgi?acc=GSE149988
GSE151751,screen_out,10,GPL19387,Genome variation profiling by genome tiling array,A Patient-Derived Xenograft Preclinical Model for Triple Negative Breast Cancer to Evaluate PDJ Amplicon Heterogeneity and Chemotherapeutic Induction,,TXT,not expression profiling; no explicit neoadjuvant/response context; cell-line/model-system indication,https://www.ncbi.nlm.nih.gov/geo/query/acc.cgi?acc=GSE151751
GSE159724,screen_out,10,GPL18460,Genome binding/occupancy profiling by high throughput sequencing,Heat Shock Factor 1 (HSF1) supports the ESR1 action in breast cancer (ChIP-seq),34783649,"BED, TXT",not expression profiling; no explicit neoadjuvant/response context; cell-line/model-system indication,https://www.ncbi.nlm.nih.gov/geo/query/acc.cgi?acc=GSE159724
GSE303201,screen_out,10,GPL24676,Expression profiling by high throughput sequencing,Identification of a shared drug-tolerant persister program in triple-negactive breast cancer across treatments and patients [scRNA-Seq],41196808,"MTX, TSV",no explicit neoadjuvant/response context,https://www.ncbi.nlm.nih.gov/geo/query/acc.cgi?acc=GSE303201
GSE45898,screen_out,10,GPL11532,Expression profiling by array,Gene Expression analysis of therapeutical response in Triple Negative Breast tumors.,27006338,CEL,no explicit neoadjuvant/response context,https://www.ncbi.nlm.nih.gov/geo/query/acc.cgi?acc=GSE45898
GSE99394,screen_out,10,GPL17586,Expression profiling by array,Molecular characterization of breast cancer circulating tumor cells (CTCs) associated with brain metastasis,28775303,"CEL, CHP",no explicit neoadjuvant/response context,https://www.ncbi.nlm.nih.gov/geo/query/acc.cgi?acc=GSE99394
GSE152363,screen_out,9,GPL18573,Genome binding/occupancy profiling by high throughput sequencing,FOXA1 Shapes the Chromatin State of ILC and Drives Differential Response to Aromatase Inhibitors and Tamoxifen [FOXA1 ChIP-seq],35950920,BW,not expression profiling; fewer than 10 deposited samples,https://www.ncbi.nlm.nih.gov/geo/query/acc.cgi?acc=GSE152363
GSE157323,screen_out,9,GPL16288,Expression profiling by high throughput sequencing,Inhibiting DDX3X triggers tumor-intrinsic type I interferon response and enhances anti-tumor immunity,,TXT,fewer than 10 deposited samples; no explicit neoadjuvant/response context,https://www.ncbi.nlm.nih.gov/geo/query/acc.cgi?acc=GSE157323
GSE163110,screen_out,9,GPL24676,Expression profiling by high throughput sequencing,MDAMB231 transcriptome response to SKP2 knockdown,,TXT,fewer than 10 deposited samples; no explicit neoadjuvant/response context,https://www.ncbi.nlm.nih.gov/geo/query/acc.cgi?acc=GSE163110
GSE17460,screen_out,9,GPL5175,Expression profiling by array,Expression data from MCF-7 cells transfected with miR-26a and treated or not with estradiol,19826037,CEL,fewer than 10 deposited samples; cell-line/model-system indication,https://www.ncbi.nlm.nih.gov/geo/query/acc.cgi?acc=GSE17460
GSE182606,screen_out,9,GPL15520,Expression profiling by high throughput sequencing,Dormancy-inducing 3D engineered matrix uncovers mechanosensitive and drug-protective FHL2-p21 signaling axis,39504377,TXT,fewer than 10 deposited samples; no explicit neoadjuvant/response context; cell-line/model-system indication,https://www.ncbi.nlm.nih.gov/geo/query/acc.cgi?acc=GSE182606
GSE236275,screen_out,9,GPL17303,Expression profiling by high throughput sequencing,"Expression of PVRL4, a molecular target for cancer treatment, is transcriptionally regulated by FOS family protein",38063270,TXT,fewer than 10 deposited samples; no explicit neoadjuvant/response context,https://www.ncbi.nlm.nih.gov/geo/query/acc.cgi?acc=GSE236275
GSE264197,screen_out,9,GPL18573,Expression profiling by high throughput sequencing,Inosine Monophosphate Dehydrogenase 2 (IMPDH2) Modulates Response to Therapy and Chemo-Resistance in Triple Negative Breast Cancer,39774345,TXT,fewer than 10 deposited samples,https://www.ncbi.nlm.nih.gov/geo/query/acc.cgi?acc=GSE264197
GSE268662,screen_out,9,GPL24676,Expression profiling by high throughput sequencing,Multi-omic analysis identifies metabolic biomarkers for early detection of breast cancer and prediction of therapeutic responses,39252976,"MTX, TSV",fewer than 10 deposited samples,https://www.ncbi.nlm.nih.gov/geo/query/acc.cgi?acc=GSE268662
GSE271749,screen_out,9,GPL24676,Expression profiling by high throughput sequencing,Transient splicing inhibition causes persistent DNA damage and enhances chemotherapy vulnerability in homologous recombination proficient triple-negative breast cancer,39276346,TXT,fewer than 10 deposited samples; no explicit neoadjuvant/response context; cell-line/model-system indication,https://www.ncbi.nlm.nih.gov/geo/query/acc.cgi?acc=GSE271749
GSE314386,screen_out,9,GPL24676,Expression profiling by high throughput sequencing,Regulation of mitochondrial ROS by C15ORF48 in a basal cell subpopulation contributes to chemotherapy resistance in triple negative breast cancer,41931605,"MTX, TSV",fewer than 10 deposited samples; cell-line/model-system indication,https://www.ncbi.nlm.nih.gov/geo/query/acc.cgi?acc=GSE314386
GSE341330,screen_out,9,GPL24676,Expression profiling by high throughput sequencing,Tracking CDK1 dynamics with a novel biosensor mouse and clinical cohorts to predict CDK4/6 inhibitor sensitivity in ER+ breast cancer,,TSV,fewer than 10 deposited samples; cell-line/model-system indication,https://www.ncbi.nlm.nih.gov/geo/query/acc.cgi?acc=GSE341330
GSE106782,screen_out,8,GPL10558,Expression profiling by array,"Genome-wide analysis of gene expression by IFNβ in Transformed HMEC (Epithelial/non-CSC, Mesenchymal/CSC)",29229854,"IDAT, TXT",fewer than 10 deposited samples; no explicit neoadjuvant/response context; cell-line/model-system indication,https://www.ncbi.nlm.nih.gov/geo/query/acc.cgi?acc=GSE106782
GSE131085,screen_out,8,GPL9052,Expression profiling by high throughput sequencing,Interpheron-γ signaling is associated with BRCA-1 loss-of-function mutations in high grade serous ovarian cancer [RNA-seq],31840082,CSV,fewer than 10 deposited samples; no explicit neoadjuvant/response context,https://www.ncbi.nlm.nih.gov/geo/query/acc.cgi?acc=GSE131085
GSE152364,screen_out,8,GPL18573,Genome binding/occupancy profiling by high throughput sequencing,FOXA1 Shapes the Chromatin State of ILC and Drives Differential Response to Aromatase Inhibitors and Tamoxifen [GATA3 ChIP-seq],35950920,BW,not expression profiling; fewer than 10 deposited samples,https://www.ncbi.nlm.nih.gov/geo/query/acc.cgi?acc=GSE152364
GSE152365,screen_out,8,GPL18573,Genome binding/occupancy profiling by high throughput sequencing,FOXA1 Shapes the Chromatin State of ILC and Drives Differential Response to Aromatase Inhibitors and Tamoxifen [H3K27ac ChIP-seq],35950920,BW,not expression profiling; fewer than 10 deposited samples,https://www.ncbi.nlm.nih.gov/geo/query/acc.cgi?acc=GSE152365
GSE167481,screen_out,8,GPL16791,Other,Genome-wide synthetic lethal screen unveils novel CAIX – NFS1/xCT axis as a targetable vulnerability in hypoxic solid tumors.,34452919,TXT,not expression profiling; fewer than 10 deposited samples; no explicit neoadjuvant/response context,https://www.ncbi.nlm.nih.gov/geo/query/acc.cgi?acc=GSE167481
GSE173411,screen_out,8,GPL24676,Expression profiling by high throughput sequencing,Tepoxalin increases chemotherapy efficacy in drug-resistant breast cancer cells overexpressing the multidrug transporter gene ABCB1,34298440,TXT,fewer than 10 deposited samples; no explicit neoadjuvant/response context; cell-line/model-system indication,https://www.ncbi.nlm.nih.gov/geo/query/acc.cgi?acc=GSE173411
GSE189274,screen_out,8,GPL24247;24676,Expression profiling by high throughput sequencing,CDK12 promotes tumorigenesis but induces vulnerability to therapies inhibiting folate one-carbon metabolism in breast cancer.,35550508,TSV,fewer than 10 deposited samples; cell-line/model-system indication,https://www.ncbi.nlm.nih.gov/geo/query/acc.cgi?acc=GSE189274
GSE202597,screen_out,8,GPL18573,Expression profiling by high throughput sequencing,Diabetes-associated breast cancer has a distinct transcriptome and metabolome and shows DNA repair deficiency [CML exposed MDAMB231 cells],37906280,TXT,fewer than 10 deposited samples; no explicit neoadjuvant/response context; cell-line/model-system indication,https://www.ncbi.nlm.nih.gov/geo/query/acc.cgi?acc=GSE202597
GSE202598,screen_out,8,GPL24676,Expression profiling by high throughput sequencing,Diabetes-associated breast cancer has a distinct transcriptome and metabolome and shows DNA repair deficiency [MDAMB157 cell lines],37906280,TXT,fewer than 10 deposited samples; no explicit neoadjuvant/response context; cell-line/model-system indication,https://www.ncbi.nlm.nih.gov/geo/query/acc.cgi?acc=GSE202598
GSE20361,screen_out,8,GPL570,Expression profiling by array,Dynamic changes during adaptation to estrogen deprivation in MCF7 cell line,20711236,CEL,fewer than 10 deposited samples; no explicit neoadjuvant/response context; cell-line/model-system indication,https://www.ncbi.nlm.nih.gov/geo/query/acc.cgi?acc=GSE20361
GSE210306,screen_out,8,GPL6244,Expression profiling by array,Integrated transcriptome analysis of radioresistant cells revealed genes and pathways predictive of tumor response to radiotherapy and chemotherapy in breast cancer,,"CEL, CHP",fewer than 10 deposited samples; no explicit neoadjuvant/response context; cell-line/model-system indication,https://www.ncbi.nlm.nih.gov/geo/query/acc.cgi?acc=GSE210306
GSE236419,screen_out,8,GPL24676,Expression profiling by high throughput sequencing,Diabetes-associated breast cancer has a distinct transcriptome and metabolome and shows DNA repair deficiency [RNAseq-Hs578T],37906280,TXT,fewer than 10 deposited samples; no explicit neoadjuvant/response context; cell-line/model-system indication,https://www.ncbi.nlm.nih.gov/geo/query/acc.cgi?acc=GSE236419
GSE24716,screen_out,8,GPL571,Expression profiling by array,Expression data from CD133+ and CD133- glioma cells,21169407,CEL,fewer than 10 deposited samples; cell-line/model-system indication,https://www.ncbi.nlm.nih.gov/geo/query/acc.cgi?acc=GSE24716
GSE250157,screen_out,8,GPL24676,Expression profiling by high throughput sequencing,An inflamed tumor cell subpopulation promotes chemotherapy resistance in triple negative breast cancer [RNA-Seq],38355954,TXT,fewer than 10 deposited samples; cell-line/model-system indication,https://www.ncbi.nlm.nih.gov/geo/query/acc.cgi?acc=GSE250157
GSE27463,screen_out,8,GPL9052,Expression profiling by high throughput sequencing,"Global Analysis of the Immediate Transcriptional Effects of Estrogen Signaling Reveals a Rapid, Extensive, and Transient Response",21549415,"BED, TSV",fewer than 10 deposited samples; no explicit neoadjuvant/response context,https://www.ncbi.nlm.nih.gov/geo/query/acc.cgi?acc=GSE27463
GSE292485,screen_out,8,GPL16791,Expression profiling by high throughput sequencing,Cancer stem cells are hyper-responsive sensors of tumor microenvironment in orchestrating metastasis dynamics,42509263,TXT,fewer than 10 deposited samples; no explicit neoadjuvant/response context,https://www.ncbi.nlm.nih.gov/geo/query/acc.cgi?acc=GSE292485
GSE295918,screen_out,8,GPL34290;34284,Genome binding/occupancy profiling by high throughput sequencing,TREM2+ Macrophage Infiltration Underlies Breast Cancer Lung Metastasis due to Paclitaxel Treatment [ATAC-seq],41629331,BW,not expression profiling; fewer than 10 deposited samples; cell-line/model-system indication,https://www.ncbi.nlm.nih.gov/geo/query/acc.cgi?acc=GSE295918
GSE38278,screen_out,8,GPL13746,Non-coding RNA profiling by array,microRNAs and their target proteins are associated with characteristics of estrogen receptor-positive breast cancer (miRNA data),23183268,GPR,not expression profiling; fewer than 10 deposited samples; no explicit neoadjuvant/response context,https://www.ncbi.nlm.nih.gov/geo/query/acc.cgi?acc=GSE38278
GSE38279,screen_out,8,GPL5639,Expression profiling by array,microRNAs and their target proteins associated with characteristics of estrogen receptor-positive breast cancer (mRNA data),23183268,GPR,fewer than 10 deposited samples; no explicit neoadjuvant/response context,https://www.ncbi.nlm.nih.gov/geo/query/acc.cgi?acc=GSE38279
GSE54091,screen_out,8,GPL17811,Expression profiling by array,Docetaxel-loaded solid lipid nanoparticles suppress breast cancer cells growth with reduced myelosuppression toxicity,25378924,CEL,fewer than 10 deposited samples; no explicit neoadjuvant/response context; cell-line/model-system indication,https://www.ncbi.nlm.nih.gov/geo/query/acc.cgi?acc=GSE54091
GSE6800,screen_out,8,GPL570,Expression profiling by array,Effects of Cimicfuga racemosa (black cohosh) in MCF-7 cells,17880733,CEL,fewer than 10 deposited samples; no explicit neoadjuvant/response context,https://www.ncbi.nlm.nih.gov/geo/query/acc.cgi?acc=GSE6800
GSE70404,screen_out,8,GPL16791,Expression profiling by high throughput sequencing,Investigation about Monocytes in metastatic breast cancer patients under chemotherapy +/- Avastin,26840567,TXT,fewer than 10 deposited samples; no explicit neoadjuvant/response context,https://www.ncbi.nlm.nih.gov/geo/query/acc.cgi?acc=GSE70404
GSE76726,screen_out,8,GPL10558,Expression profiling by array,Tumour sampling method can significantly influence gene expression profiles derived from neoadjuvant window studies I,27384960,TXT,fewer than 10 deposited samples,https://www.ncbi.nlm.nih.gov/geo/query/acc.cgi?acc=GSE76726
GSE79256,screen_out,8,GPL11154,Expression profiling by high throughput sequencing,Carcinoma-astrocyte gap junctions promote brain metastasis by cytosolic dsDNA response transfer,27225120,TXT,fewer than 10 deposited samples; no explicit neoadjuvant/response context,https://www.ncbi.nlm.nih.gov/geo/query/acc.cgi?acc=GSE79256
GSE93710,screen_out,8,GPL22934,Non-coding RNA profiling by array,miR363-3p Mediates Maintenance and Chemoresistance of Breast Cancer Stem Cells,,TXT,not expression profiling; fewer than 10 deposited samples; cell-line/model-system indication,https://www.ncbi.nlm.nih.gov/geo/query/acc.cgi?acc=GSE93710
GSE124027,screen_out,7,GPL16791,Methylation profiling by high throughput sequencing,Genome-wide maps of DNA methylation and gene expression for  multiple  regions  within  a  breast tumor [RRBS],33754068,TXT,not expression profiling; fewer than 10 deposited samples; no explicit neoadjuvant/response context,https://www.ncbi.nlm.nih.gov/geo/query/acc.cgi?acc=GSE124027
GSE124030,screen_out,7,GPL16791,Expression profiling by high throughput sequencing,Genome-wide maps of DNA methylation and gene expression for  multiple  regions  within  a  breast tumor [RNA-Seq],33754068,TXT,fewer than 10 deposited samples; no explicit neoadjuvant/response context,https://www.ncbi.nlm.nih.gov/geo/query/acc.cgi?acc=GSE124030
GSE132510,screen_out,7,GPL18573,Genome binding/occupancy profiling by high throughput sequencing,Epigenetic remodelling of enhancers in response to estrogen deprivation and re-stimulation [ChIP-Seq],34403459,"BW, NARROWPEAK",not expression profiling; fewer than 10 deposited samples; no explicit neoadjuvant/response context,https://www.ncbi.nlm.nih.gov/geo/query/acc.cgi?acc=GSE132510
GSE298644,screen_out,7,GPL20301,Expression profiling by high throughput sequencing,Resistance to neoadjuvant talazoparib in triple-negative breast cancer mediated by BRN2-induced ATR/STAT3 pathways or Shieldin 2 subclone expansion,41961819,TXT,fewer than 10 deposited samples; cell-line/model-system indication,https://www.ncbi.nlm.nih.gov/geo/query/acc.cgi?acc=GSE298644
GSE121944,screen_out,6,GPL25741,Expression profiling by array,Transcriptomic profiling of MDA-MD-231 and MDA-MB-231-LM1 cells isolated from mouse lungs at micrometastatic stage,32198421,CEL,fewer than 10 deposited samples; no explicit neoadjuvant/response context; cell-line/model-system indication,https://www.ncbi.nlm.nih.gov/geo/query/acc.cgi?acc=GSE121944
GSE133987,screen_out,6,GPL16686,Expression profiling by array,SUM159 BrCa Decitabine Gene Expression,,CEL,fewer than 10 deposited samples; cell-line/model-system indication,https://www.ncbi.nlm.nih.gov/geo/query/acc.cgi?acc=GSE133987
GSE14550,screen_out,6,GPL2986,Expression profiling by array,Gene expression profiling of MCF7 breast cancer xenografts overexpressing podoplanin (human array),20616339,TXT,fewer than 10 deposited samples; no explicit neoadjuvant/response context; cell-line/model-system indication,https://www.ncbi.nlm.nih.gov/geo/query/acc.cgi?acc=GSE14550
GSE14551,screen_out,6,GPL2995,Expression profiling by array,Gene expression profiling of tumor stroma of MCF7 breast cancer xenografts overexpressing podoplanin (mouse array),20616339,TXT,fewer than 10 deposited samples; no explicit neoadjuvant/response context; cell-line/model-system indication,https://www.ncbi.nlm.nih.gov/geo/query/acc.cgi?acc=GSE14551
GSE145618,screen_out,6,GPL18573,Expression profiling by high throughput sequencing,The STRIPAK complex regulates response to chemotherapy through p21 and p27,32258031,TSV,fewer than 10 deposited samples,https://www.ncbi.nlm.nih.gov/geo/query/acc.cgi?acc=GSE145618
GSE147942,screen_out,6,GPL21103;25431,Expression profiling by high throughput sequencing,Microglia coordinate the anti-tumor immune response to breast cancer brain metastasis [Foxn1 nu/nu 10X data],37957324,"MTX, TSV, TXT",fewer than 10 deposited samples; no explicit neoadjuvant/response context; cell-line/model-system indication,https://www.ncbi.nlm.nih.gov/geo/query/acc.cgi?acc=GSE147942
GSE147948,screen_out,6,GPL25526;24676,Expression profiling by high throughput sequencing,Microglia coordinate the anti-tumor immune response to breast cancer brain metastasis [MITRG 10X data],37957324,TXT,fewer than 10 deposited samples; no explicit neoadjuvant/response context; cell-line/model-system indication,https://www.ncbi.nlm.nih.gov/geo/query/acc.cgi?acc=GSE147948
GSE156470,screen_out,6,GPL24676,Expression profiling by high throughput sequencing,Membrane Peptolytic Signals on a Fibroblast Subset Dictate Cancer Stem Cell Fate by Regulating Lipid Metabolism,34363355,TXT,fewer than 10 deposited samples; no explicit neoadjuvant/response context,https://www.ncbi.nlm.nih.gov/geo/query/acc.cgi?acc=GSE156470
GSE174673,screen_out,6,GPL23126,Expression profiling by array,Signature of acquired resistance to fluvastatin,35296281,"CEL, CSV",fewer than 10 deposited samples; no explicit neoadjuvant/response context; cell-line/model-system indication,https://www.ncbi.nlm.nih.gov/geo/query/acc.cgi?acc=GSE174673
GSE185865,screen_out,6,GPL24676,Expression profiling by high throughput sequencing,RNA Binding Protein CELF6 Modulates Expression and Alternative Splicing of Genes associated with Tumorigenesis in Non-small Cell Lung Cancer Cells.,35910766,TXT,fewer than 10 deposited samples; no explicit neoadjuvant/response context,https://www.ncbi.nlm.nih.gov/geo/query/acc.cgi?acc=GSE185865
GSE188743,screen_out,6,GPL26963,Non-coding RNA profiling by array,"A three lncRNA set: AC009975.1, POTEH-AS1 and AL390243.1 as nodal efficacy biomarker of neoadjuvant therapy for HER-2 positive breast cancer",,TXT,not expression profiling; fewer than 10 deposited samples,https://www.ncbi.nlm.nih.gov/geo/query/acc.cgi?acc=GSE188743
GSE195712,screen_out,6,GPL23227,Expression profiling by high throughput sequencing,RBCK1 is an Endogenous Inhibitor for Triple Negative Breast Cancer via Hippo/YAP axis,36280829,XLSX,fewer than 10 deposited samples; no explicit neoadjuvant/response context,https://www.ncbi.nlm.nih.gov/geo/query/acc.cgi?acc=GSE195712
GSE197931,screen_out,6,GPL11154,Expression profiling by high throughput sequencing,A novel signature of twelve-gene to evaluate neoadjuvant chemotherapy response and predict prognosis in breast cancer,36341435,TXT,fewer than 10 deposited samples; cell-line/model-system indication,https://www.ncbi.nlm.nih.gov/geo/query/acc.cgi?acc=GSE197931
GSE199088,screen_out,6,GPL18573,Expression profiling by high throughput sequencing,A novel small molecule targeting oncogenic PELP1 demonstrates anti-tumor activity in wild type and mutant estrogen receptor alpha-positive breast cancer,35950923,TXT,fewer than 10 deposited samples; no explicit neoadjuvant/response context,https://www.ncbi.nlm.nih.gov/geo/query/acc.cgi?acc=GSE199088
GSE206998,screen_out,6,GPL24676,Expression profiling by high throughput sequencing,RNAseq of triple negative breast cancer samples,36405725,TXT,fewer than 10 deposited samples,https://www.ncbi.nlm.nih.gov/geo/query/acc.cgi?acc=GSE206998
GSE209533,screen_out,6,GPL24676,Expression profiling by high throughput sequencing,Disulfiram/Cu induce ferroptosis in triple-negative breast cancer cells,37664913,TXT,fewer than 10 deposited samples; no explicit neoadjuvant/response context,https://www.ncbi.nlm.nih.gov/geo/query/acc.cgi?acc=GSE209533
GSE216413,screen_out,6,GPL24676,Expression profiling by high throughput sequencing,Effect of GATA3 suppression gene expression in breast cancer cells.,,TXT,fewer than 10 deposited samples; cell-line/model-system indication,https://www.ncbi.nlm.nih.gov/geo/query/acc.cgi?acc=GSE216413
GSE221060,screen_out,6,GPL16956,Non-coding RNA profiling by array,Long noncoding RNA expression profile of chemotherapy-sensitive and resistant breast cancer tissues,39148723,TXT,not expression profiling; fewer than 10 deposited samples,https://www.ncbi.nlm.nih.gov/geo/query/acc.cgi?acc=GSE221060
GSE221061,screen_out,6,GPL16956,Non-coding RNA profiling by array,Long noncoding RNA expression profile of breast cancer tissues pre- and post-neoadjuvant chemotherapy,39148723,TXT,not expression profiling; fewer than 10 deposited samples,https://www.ncbi.nlm.nih.gov/geo/query/acc.cgi?acc=GSE221061
GSE225762,screen_out,6,GPL24676,Expression profiling by high throughput sequencing,PCMT1 knockdown attenuates malignant properties by globally regulating transcriptome profiles in triple-negative breast cancer cells,37953789,TXT,fewer than 10 deposited samples; no explicit neoadjuvant/response context; cell-line/model-system indication,https://www.ncbi.nlm.nih.gov/geo/query/acc.cgi?acc=GSE225762
GSE255766,screen_out,6,GPL24676,Expression profiling by high throughput sequencing,MCF-7 ESR1 drug response scRNA,,"CSV, MTX, TXT",fewer than 10 deposited samples; no explicit neoadjuvant/response context,https://www.ncbi.nlm.nih.gov/geo/query/acc.cgi?acc=GSE255766
GSE273622,screen_out,6,GPL24676,Expression profiling by high throughput sequencing,TRIB3 inhibition by palbociclib sensitizes prostate cancer to ferroptosis via SOX2-mediated SLC7A11 downregulation,,XLSX,fewer than 10 deposited samples; no explicit neoadjuvant/response context; cell-line/model-system indication,https://www.ncbi.nlm.nih.gov/geo/query/acc.cgi?acc=GSE273622
GSE278231,screen_out,6,GPL24676,Expression profiling by high throughput sequencing,Transcriptomic analysis of human breast cancer cells upon carboplatin treatment,,TXT,fewer than 10 deposited samples; no explicit neoadjuvant/response context,https://www.ncbi.nlm.nih.gov/geo/query/acc.cgi?acc=GSE278231
GSE279294,screen_out,6,GPL24676,Expression profiling by high throughput sequencing,Transcriptomic profiling of MDA-MB-453 breast cancer cells following ZNF207 overexpression,,TXT,fewer than 10 deposited samples,https://www.ncbi.nlm.nih.gov/geo/query/acc.cgi?acc=GSE279294
GSE279443,screen_out,6,GPL34284,Expression profiling by high throughput sequencing,Transcriptomic profiling of MCF-7 breast cancer cells under normoxic and hypoxic conditions,,TXT,fewer than 10 deposited samples,https://www.ncbi.nlm.nih.gov/geo/query/acc.cgi?acc=GSE279443
GSE283791,screen_out,6,GPL24676,Expression profiling by high throughput sequencing,A Pilot Phase II Study of Neoadjuvant Fulvestrant plus Abemaciclib in Women with Advanced Low-Grade Serous Carcinoma,42374029,TSV,fewer than 10 deposited samples,https://www.ncbi.nlm.nih.gov/geo/query/acc.cgi?acc=GSE283791
GSE284115,screen_out,6,GPL20795;21273,Expression profiling by high throughput sequencing,Single-cell transcriptomics of myeloid milieu reveals an angiogenic niche in triple-negative breast cancer,41203997,"MTX, TSV",fewer than 10 deposited samples; no explicit neoadjuvant/response context; cell-line/model-system indication,https://www.ncbi.nlm.nih.gov/geo/query/acc.cgi?acc=GSE284115
GSE285485,screen_out,6,GPL24676,Expression profiling by high throughput sequencing,TREM2+ Macrophage Infiltration Underlies Breast Cancer Lung Metastasis due to Paclitaxel Treatment,41629331,XLSX,fewer than 10 deposited samples; cell-line/model-system indication,https://www.ncbi.nlm.nih.gov/geo/query/acc.cgi?acc=GSE285485
GSE295603,screen_out,6,GPL24676,Expression profiling by high throughput sequencing,SF3B6 promotes the cellular proliferation by extensively interacting with and regulating transcripts expression and alternative splicing in MDA-MB-231 cells [RNA-seq],41233405,TXT,fewer than 10 deposited samples; no explicit neoadjuvant/response context,https://www.ncbi.nlm.nih.gov/geo/query/acc.cgi?acc=GSE295603
GSE298840,screen_out,6,GPL24676,Expression profiling by high throughput sequencing,EMT-ciliary signaling in quasi-mesenchymal-stem-like cells drives therapeutic resistance and is a druggable vulnerability in triple-negative breast cancer,40859055,"MTX, TSV",fewer than 10 deposited samples; cell-line/model-system indication,https://www.ncbi.nlm.nih.gov/geo/query/acc.cgi?acc=GSE298840
GSE307248,screen_out,6,GPL24676,Expression profiling by high throughput sequencing,Nuclear accumulation of ADAMTS1 zymogen: A novel mechanism promoting chemoresistance and metastasis in breast cancer [RNA-Seq],,XLSX,fewer than 10 deposited samples; no explicit neoadjuvant/response context,https://www.ncbi.nlm.nih.gov/geo/query/acc.cgi?acc=GSE307248
GSE309752,screen_out,6,GPL29480,Expression profiling by high throughput sequencing,ATP6V0D2 drives triple-negative breast cancer progression and inhibits cisplatin sensitivity by promoting PHLPP2 lysosomal degradation,41312388,XLSX,fewer than 10 deposited samples; cell-line/model-system indication,https://www.ncbi.nlm.nih.gov/geo/query/acc.cgi?acc=GSE309752
GSE314549,screen_out,6,GPL24676,Expression profiling by high throughput sequencing,Chemotherapeutic Induction of Single-Stranded DNA Accumulation Sensitizes Triple-Negative Breast Cancer to Immunotherapy [RNA-Seq],42373131,"CSV, TXT",fewer than 10 deposited samples; no explicit neoadjuvant/response context,https://www.ncbi.nlm.nih.gov/geo/query/acc.cgi?acc=GSE314549
GSE315149,screen_out,6,GPL16791,Expression profiling by high throughput sequencing,"Nuclear FGF2, Androgen Receptor and Wnt Pathway Activation Define a Targetable Subset of Antiprogestin-Resistant Luminal Breast Cancer",41935240,CSV,fewer than 10 deposited samples; no explicit neoadjuvant/response context; cell-line/model-system indication,https://www.ncbi.nlm.nih.gov/geo/query/acc.cgi?acc=GSE315149
GSE327278,screen_out,6,GPL30173,Expression profiling by high throughput sequencing,Analysis of transcriptional changes associated with acquired resistance to docetaxel in HR+/HER2- breast cancer cell line MCF-7,42729982,XLS,fewer than 10 deposited samples; cell-line/model-system indication,https://www.ncbi.nlm.nih.gov/geo/query/acc.cgi?acc=GSE327278
GSE328422,screen_out,6,GPL33762,Other,Spatio-temporal mapping of immune cell dynamics during human sequential lymph node metastasis,,"H5, PARQUET, RDS, TIFF",not expression profiling; fewer than 10 deposited samples; no explicit neoadjuvant/response context,https://www.ncbi.nlm.nih.gov/geo/query/acc.cgi?acc=GSE328422
GSE43296,screen_out,6,GPL11154,Expression profiling by high throughput sequencing,Polysome-associated mRNA profiling of cancer cells in response to CXCL12 and IGF1,23993096,TXT,fewer than 10 deposited samples; no explicit neoadjuvant/response context,https://www.ncbi.nlm.nih.gov/geo/query/acc.cgi?acc=GSE43296
GSE59780,screen_out,6,GPL570,Expression profiling by array,"Expression data from menadione, PERK inhibitor, or control-treated HMLE-shGFP and HMLE-Twist human mammary epithelial cells",25203443,CEL,fewer than 10 deposited samples; no explicit neoadjuvant/response context; cell-line/model-system indication,https://www.ncbi.nlm.nih.gov/geo/query/acc.cgi?acc=GSE59780
GSE60182,screen_out,6,GPL16791,Expression profiling by high throughput sequencing; Non-coding RNA profiling by high throughput sequencing,Integrative transcriptome-wide analyses reveal critical HER2-regulated mRNAs and lincRNAs in HER2+ breast cancer,25749757,TXT,fewer than 10 deposited samples; no explicit neoadjuvant/response context,https://www.ncbi.nlm.nih.gov/geo/query/acc.cgi?acc=GSE60182
GSE96570,screen_out,6,GPL96,Expression profiling by array,Integrated Molecular Analysis of Tamoxifen-Resistant Invasive Lobular Breast Cancer Cells,28935545,"CEL, CHP",fewer than 10 deposited samples; no explicit neoadjuvant/response context,https://www.ncbi.nlm.nih.gov/geo/query/acc.cgi?acc=GSE96570
GSE98238,screen_out,6,GPL570,Expression profiling by array,Gene expression data in MDA231-LM2 breast cancer cells exposed to paclitaxel chemotherapy,30190333,CEL,fewer than 10 deposited samples; cell-line/model-system indication,https://www.ncbi.nlm.nih.gov/geo/query/acc.cgi?acc=GSE98238
GSE250156,screen_out,5,GPL16791,Expression profiling by high throughput sequencing,An inflamed tumor cell subpopulation promotes chemotherapy resistance in triple negative breast cancer [scRNA-Seq],38355954,"MTX, TSV",fewer than 10 deposited samples; cell-line/model-system indication,https://www.ncbi.nlm.nih.gov/geo/query/acc.cgi?acc=GSE250156
GSE271314,screen_out,5,GPL21697,Expression profiling by high throughput sequencing,"Transcriptome analysis of rigosertib resistant MDA-MB-453 cells, obtained from a CRISPR screen with WNK1 depletion.",39855050,CSV,fewer than 10 deposited samples,https://www.ncbi.nlm.nih.gov/geo/query/acc.cgi?acc=GSE271314
GSE280455,screen_out,5,GPL24676,Expression profiling by high throughput sequencing; Other,Identification of a shared drug-tolerant persister program in triple-negative breast cancer across treatments and patients [CITE-seq],41196808,"CSV, MTX, TSV",fewer than 10 deposited samples; no explicit neoadjuvant/response context,https://www.ncbi.nlm.nih.gov/geo/query/acc.cgi?acc=GSE280455
GSE302088,screen_out,5,GPL24676,Expression profiling by high throughput sequencing,Inhibition of Acetyl-CoA-carboxylase induces endoplasmic reticulum stress and has synergistic effects with anti-cancer therapies,42545737,"MTX, TSV",fewer than 10 deposited samples; no explicit neoadjuvant/response context; cell-line/model-system indication,https://www.ncbi.nlm.nih.gov/geo/query/acc.cgi?acc=GSE302088
GSE47358,screen_out,5,GPL10481,Expression profiling by array,Novel role of Engrailed 1 as pro-survival transcription factor in basal-like breast cancer and engineering of interference peptides to block its oncogenic function,24141779,,fewer than 10 deposited samples; no explicit neoadjuvant/response context,https://www.ncbi.nlm.nih.gov/geo/query/acc.cgi?acc=GSE47358
GSE104753,screen_out,4,GPL16686,Expression profiling by array,The role of LSD1 in Epithelial to Mesenchymal Transition,29311580,CEL,fewer than 10 deposited samples; no explicit neoadjuvant/response context,https://www.ncbi.nlm.nih.gov/geo/query/acc.cgi?acc=GSE104753
GSE130503,screen_out,4,GPL16791,Expression profiling by high throughput sequencing,RNA-seq to profile the transcriptome changes induced by the EZH2 degrader MS1943,31819273,TXT,fewer than 10 deposited samples; no explicit neoadjuvant/response context,https://www.ncbi.nlm.nih.gov/geo/query/acc.cgi?acc=GSE130503
GSE135427,screen_out,4,GPL10558,Expression profiling by array,Identification of the KDM4B regulated transcriptome in the ER positive breast cancer cell line MCF-7,31390833,TXT,fewer than 10 deposited samples; no explicit neoadjuvant/response context; cell-line/model-system indication,https://www.ncbi.nlm.nih.gov/geo/query/acc.cgi?acc=GSE135427
GSE135710,screen_out,4,GPL21273;20795,Expression profiling by high throughput sequencing,Single-cell RNA-seq of B cell polustion in breast cancer patients,32142650,"MTX, TSV",fewer than 10 deposited samples; cell-line/model-system indication,https://www.ncbi.nlm.nih.gov/geo/query/acc.cgi?acc=GSE135710
GSE136300,screen_out,4,GPL16791,Expression profiling by high throughput sequencing,Deep sequencing of GSK-126 treated HER2+ PDX tumours,31597089,GTF,fewer than 10 deposited samples; cell-line/model-system indication,https://www.ncbi.nlm.nih.gov/geo/query/acc.cgi?acc=GSE136300
GSE139364,screen_out,4,GPL16791,Expression profiling by high throughput sequencing,Drug-induced mitochondrial oxidative stress is responsible for various effects of the survivin inhibitor Sepantronium Bromide (YM155) in triple negative breast cancer cells,,TXT,fewer than 10 deposited samples; no explicit neoadjuvant/response context; cell-line/model-system indication,https://www.ncbi.nlm.nih.gov/geo/query/acc.cgi?acc=GSE139364
GSE148537,screen_out,4,GPL570,Expression profiling by array,Store Independent Ca2+ Entry Regulates the DNA Damage Response Pathway in Breast Cancer Cells,35063802,CEL,fewer than 10 deposited samples; no explicit neoadjuvant/response context,https://www.ncbi.nlm.nih.gov/geo/query/acc.cgi?acc=GSE148537
GSE152366,screen_out,4,GPL24676,Genome binding/occupancy profiling by high throughput sequencing,FOXA1 Shapes the Chromatin State of ILC and Drives Differential Response to Aromatase Inhibitors and Tamoxifen [HiChIP-seq],35950920,BED,not expression profiling; fewer than 10 deposited samples,https://www.ncbi.nlm.nih.gov/geo/query/acc.cgi?acc=GSE152366
GSE152512,screen_out,4,GPL20795,Other,FOXA1 Shapes the Chromatin State of ILC and Drives Differential Response to Aromatase Inhibitors and Tamoxifen [WGS],35950920,,not expression profiling; fewer than 10 deposited samples,https://www.ncbi.nlm.nih.gov/geo/query/acc.cgi?acc=GSE152512
GSE179509,screen_out,4,GPL18573,Expression profiling by high throughput sequencing,Distinctive properties of endothelial cells from tumor and normal tissue in human breast cancer,37261072,TXT,fewer than 10 deposited samples; no explicit neoadjuvant/response context,https://www.ncbi.nlm.nih.gov/geo/query/acc.cgi?acc=GSE179509
GSE190811,screen_out,4,GPL24676,Expression profiling by high throughput sequencing, Single cell profiling of primary and paired metastatic lymph node tumors in breast cancer patients (10x Visium),36357424,"CSV, H5, JPG, JSON, PNG",fewer than 10 deposited samples; no explicit neoadjuvant/response context,https://www.ncbi.nlm.nih.gov/geo/query/acc.cgi?acc=GSE190811
GSE190883,screen_out,4,GPL27026,Other,"PCW-1001, a novel pyrazole compound, modulates the expression of DNA damage response genes",35425705,RCC,not expression profiling; fewer than 10 deposited samples; no explicit neoadjuvant/response context; cell-line/model-system indication,https://www.ncbi.nlm.nih.gov/geo/query/acc.cgi?acc=GSE190883
GSE236681,screen_out,4,GPL25526,Expression profiling by high throughput sequencing,Targeting Metabolic Adaptations in the Breast Cancer–Liver Metastatic Niche Using Dietary Approaches to Improve Endocrine Therapy Efficacy,35259269,"CSV, JPG, JSON, MTX, PNG, TIFF, TSV",fewer than 10 deposited samples; no explicit neoadjuvant/response context; cell-line/model-system indication,https://www.ncbi.nlm.nih.gov/geo/query/acc.cgi?acc=GSE236681
GSE252176,screen_out,4,GPL24676,Expression profiling by high throughput sequencing; Other,Multi-Omics molecular subtyping based on commensal microbiome predicts molecular characteristics and therapeutic response in Triple-Negative Breast Cancer [Spatial Transcriptome seq],38730464,"CSV, JPG, JSON, MTX, PNG, TSV",fewer than 10 deposited samples; no explicit neoadjuvant/response context,https://www.ncbi.nlm.nih.gov/geo/query/acc.cgi?acc=GSE252176
GSE263161,screen_out,4,GPL24676,Expression profiling by high throughput sequencing,ZBTB7A is a modulator of KDM5-driven transcriptional networks in basal breast cancer  (scRNA-seq),39570746,H5,fewer than 10 deposited samples; no explicit neoadjuvant/response context,https://www.ncbi.nlm.nih.gov/geo/query/acc.cgi?acc=GSE263161
GSE292476,screen_out,4,GPL30173,Expression profiling by high throughput sequencing,Cancer stem cells are hyper-responsive sensors of tumor microenvironment in orchestrating metastasis dynamics,42509263,TXT,fewer than 10 deposited samples; no explicit neoadjuvant/response context,https://www.ncbi.nlm.nih.gov/geo/query/acc.cgi?acc=GSE292476
GSE292539,screen_out,4,GPL24676,Genome binding/occupancy profiling by high throughput sequencing,Cancer stem cells are hyper-responsive sensors of tumor microenvironment in orchestrating metastasis dynamics,42509263,TXT,not expression profiling; fewer than 10 deposited samples; no explicit neoadjuvant/response context,https://www.ncbi.nlm.nih.gov/geo/query/acc.cgi?acc=GSE292539
GSE295602,screen_out,4,GPL24676,Other,SF3B6 promotes the cellular proliferation by extensively interacting with and regulating transcripts expression and alternative splicing in MDA-MB-231 cells [RIP-seq],41233405,TXT,not expression profiling; fewer than 10 deposited samples; no explicit neoadjuvant/response context,https://www.ncbi.nlm.nih.gov/geo/query/acc.cgi?acc=GSE295602
GSE312599,screen_out,4,GPL24676,Expression profiling by high throughput sequencing; Other,Altered MDC1 Interactions and Dysfunctional DNA Repair in Lobular Breast Cancer Confers Sensitivity to PARP Inhibition,41512199,TSV,fewer than 10 deposited samples; no explicit neoadjuvant/response context; cell-line/model-system indication,https://www.ncbi.nlm.nih.gov/geo/query/acc.cgi?acc=GSE312599
GSE344585,screen_out,4,GPL29480,Expression profiling by high throughput sequencing,Gene expression analysis of HSD17B4 knock-out breast cancer cells,,RESULTS,fewer than 10 deposited samples,https://www.ncbi.nlm.nih.gov/geo/query/acc.cgi?acc=GSE344585
GSE42347,screen_out,4,GPL571,Expression profiling by array,Integrative genomics of gene and metabolic regulation by estrogen receptors α and β and coregulators [expression],23774759,CEL,fewer than 10 deposited samples; no explicit neoadjuvant/response context,https://www.ncbi.nlm.nih.gov/geo/query/acc.cgi?acc=GSE42347
GSE47009,screen_out,4,GPL16686,Expression profiling by array,Hypoxia/Anoxia,,CEL,fewer than 10 deposited samples; no explicit neoadjuvant/response context; cell-line/model-system indication,https://www.ncbi.nlm.nih.gov/geo/query/acc.cgi?acc=GSE47009
GSE50861,screen_out,4,GPL17727,Protein profiling by protein array,Reverse phase protein array based protein profiling of breast cancer specimens (2),,GPR,not expression profiling; fewer than 10 deposited samples; no explicit neoadjuvant/response context,https://www.ncbi.nlm.nih.gov/geo/query/acc.cgi?acc=GSE50861
GSE60997,screen_out,4,GPL15520,Other; Expression profiling by high throughput sequencing,Analysis of exosome RNA from co-culture of cancer cell and stroma cell,25417103,TXT,not expression profiling; fewer than 10 deposited samples; no explicit neoadjuvant/response context,https://www.ncbi.nlm.nih.gov/geo/query/acc.cgi?acc=GSE60997
GSE6304,screen_out,4,GPL2895,Expression profiling by array,Gene Expression Profiles of Epigenetic treatment in primary breast cancer.,17183730,TXT,fewer than 10 deposited samples,https://www.ncbi.nlm.nih.gov/geo/query/acc.cgi?acc=GSE6304
GSE70690,screen_out,4,GPL570,Expression profiling by array,Expression data for triple-negative breast cancer (TNBC) cells following chemotherapy,,"CEL, CHP",fewer than 10 deposited samples; no explicit neoadjuvant/response context,https://www.ncbi.nlm.nih.gov/geo/query/acc.cgi?acc=GSE70690
GSE71976,screen_out,4,GPL9052,Genome binding/occupancy profiling by high throughput sequencing,Genome-wide profiling of inflammatory cistrome reveals AP-1/c-Jun as a key regulator of TNFalpha-mediated triple-negative breast cancer progression [ChIP-seq],26792858,BED,not expression profiling; fewer than 10 deposited samples; no explicit neoadjuvant/response context,https://www.ncbi.nlm.nih.gov/geo/query/acc.cgi?acc=GSE71976
GSE81853,screen_out,4,GPL10558,Expression profiling by array,CD95/Fas increases stemness in cancer cells by inducing a STAT1 dependent Type I interferon response [array],28273453,TXT,fewer than 10 deposited samples; no explicit neoadjuvant/response context; cell-line/model-system indication,https://www.ncbi.nlm.nih.gov/geo/query/acc.cgi?acc=GSE81853
GSE104754,screen_out,3,GPL18573,Genome binding/occupancy profiling by high throughput sequencing,LSD1 activation promotes inducible EMT programs and modulates the tumour microenvironment in breast cancer,29311580,"BED, BEDGRAPH",not expression profiling; fewer than 10 deposited samples; no explicit neoadjuvant/response context,https://www.ncbi.nlm.nih.gov/geo/query/acc.cgi?acc=GSE104754
GSE154932,screen_out,3,GPL24676,Expression profiling by high throughput sequencing,Integrating multimodal data sets into a mathematical framework to describe and predict therapeutic resistance in cancer,33215611,"H5AD, MTX, TSV",fewer than 10 deposited samples; no explicit neoadjuvant/response context,https://www.ncbi.nlm.nih.gov/geo/query/acc.cgi?acc=GSE154932
GSE205243,screen_out,3,GPL24676,Expression profiling by high throughput sequencing,A novel 3D co-culture model augmented with single-cell sequencing to study the response of breast cancer cells to cisplatin,,TXT,fewer than 10 deposited samples; no explicit neoadjuvant/response context; cell-line/model-system indication,https://www.ncbi.nlm.nih.gov/geo/query/acc.cgi?acc=GSE205243
GSE255068,screen_out,3,GPL24676,Expression profiling by high throughput sequencing,Tumor cells impair immunological synapse formation via central nervous system-enriched metabolite,38821061,"TAR, TSV",fewer than 10 deposited samples; no explicit neoadjuvant/response context,https://www.ncbi.nlm.nih.gov/geo/query/acc.cgi?acc=GSE255068
GSE93636,screen_out,3,GPL11154,Expression profiling by high throughput sequencing,WT1 expression in breast cancer disrupts the epithelial/mesenchymal balance of tumour cells and correlates with the metabolic response to docetaxel,28345629,TXT,fewer than 10 deposited samples; no explicit neoadjuvant/response context; cell-line/model-system indication,https://www.ncbi.nlm.nih.gov/geo/query/acc.cgi?acc=GSE93636
GSE97317,screen_out,3,GPL11154,Expression profiling by high throughput sequencing,Hypoxia is a Key Driver of Alternative Splicing in Human Breast Cancer Cells,28642487,BW,fewer than 10 deposited samples; no explicit neoadjuvant/response context,https://www.ncbi.nlm.nih.gov/geo/query/acc.cgi?acc=GSE97317
GSE252175,screen_out,2,GPL24676,Expression profiling by high throughput sequencing,Multi-Omics molecular subtyping based on commensal microbiome predicts molecular characteristics and therapeutic response in Triple-Negative Breast Cancer [scRNA-seq],38730464,"MTX, TSV",fewer than 10 deposited samples; no explicit neoadjuvant/response context,https://www.ncbi.nlm.nih.gov/geo/query/acc.cgi?acc=GSE252175
GSE286213,screen_out,2,GPL24676,Expression profiling by high throughput sequencing,Mapping cell-cell fusion at single-cell resolution [scRNA-seq],,"CSV, MTX, RDS, TXT",fewer than 10 deposited samples; no explicit neoadjuvant/response context,https://www.ncbi.nlm.nih.gov/geo/query/acc.cgi?acc=GSE286213
GSE289825,screen_out,2,GPL30173,Expression profiling by high throughput sequencing,Single-cell transcriptomic profiling of immune landscape in triple-negative breast cancer during neoadjuvant chemotherapy,40624003,"TSV, TXT, ZIP",fewer than 10 deposited samples,https://www.ncbi.nlm.nih.gov/geo/query/acc.cgi?acc=GSE289825
GSE306386,screen_out,2,GPL24676,Expression profiling by high throughput sequencing,BRMS1L promotes chemotherapy sensitivity by inhibiting autophagy in breast cancer,41282485,CSV,fewer than 10 deposited samples; cell-line/model-system indication,https://www.ncbi.nlm.nih.gov/geo/query/acc.cgi?acc=GSE306386
GSE306824,screen_out,2,GPL24676,Genome binding/occupancy profiling by high throughput sequencing,Nuclear accumulation of ADAMTS1 zymogen: A novel mechanism promoting chemoresistance and metastasis in breast cancer,,BIGWIG,not expression profiling; fewer than 10 deposited samples; no explicit neoadjuvant/response context,https://www.ncbi.nlm.nih.gov/geo/query/acc.cgi?acc=GSE306824
GSE326056,screen_out,2,GPL11154,Expression profiling by high throughput sequencing,CCR5 Governs DNA Damage Repair and Breast Cancer Stem Cell Expansion,,TXT,fewer than 10 deposited samples; no explicit neoadjuvant/response context; cell-line/model-system indication,https://www.ncbi.nlm.nih.gov/geo/query/acc.cgi?acc=GSE326056
GSE81859,screen_out,2,GPL15456,Genome binding/occupancy profiling by high throughput sequencing,CD95/Fas increases stemness in cancer cells by inducing a STAT1 dependent Type I interferon response [ChIP-seq],28273453,"BEDGRAPH, TXT",not expression profiling; fewer than 10 deposited samples; no explicit neoadjuvant/response context; cell-line/model-system indication,https://www.ncbi.nlm.nih.gov/geo/query/acc.cgi?acc=GSE81859
GSE56985,screen_out,1,GPL18600,Protein profiling by protein array,The C10orf10 protein profiling of breast cancer specimens based on a tissue array,24936657,,not expression profiling; fewer than 10 deposited samples; no explicit neoadjuvant/response context,https://www.ncbi.nlm.nih.gov/geo/query/acc.cgi?acc=GSE56985
GSE123832,screen_out,0,,Expression profiling by array; Third-party reanalysis,"Pharmacogenomic Predictor of Sensitivity to Preoperative Chemotherapy With Paclitaxel and Fluorouracil, Doxorubicin, and Cyclophosphamide in Breast Cancer [MDA4]",,"TXT, XLSX",fewer than 10 deposited samples; no explicit neoadjuvant/response context,https://www.ncbi.nlm.nih.gov/geo/query/acc.cgi?acc=GSE123832
GSE205568,screen_out,0,,Expression profiling by array; Third-party reanalysis,A pooled treatment-curated breast cancer gene-expression dataset,,TSV,fewer than 10 deposited samples; no explicit neoadjuvant/response context,https://www.ncbi.nlm.nih.gov/geo/query/acc.cgi?acc=GSE205568
