normalized_title,series_a,sample_a,title_a,series_b,sample_b,title_b
231control24hr1,GSE161911,GSM4923297,231-Control-24hr-1,GSE72363,GSM1861047,231-Control-24hr-1
231control24hr2,GSE161911,GSM4923300,231-Control-24hr-2,GSE72363,GSM1861049,231-Control-24hr-2
a12,GSE43306,GSM1060359,A12,GSE48408,GSM1177293,A12
a13,GSE43306,GSM1060360,A13,GSE48408,GSM1177295,A13
a2780,GSE172159,GSM5243018,A2780,GSE217579,GSM6721988,A2780
a431,GSE172159,GSM5243044,A431,GSE57083,GSM1374384,A431
a549,GSE57083,GSM1374386,A549,GSE65314,GSM1592336,A549
au565,GSE152908,GSM4629422,AU-565,GSE173634,GSM5272796,AU565
au565,GSE152908,GSM4629422,AU-565,GSE212143,GSM6510134,AU565
au565,GSE152908,GSM4629422,AU-565,GSE59242,GSM1431199,AU565
au565,GSE152908,GSM4629422,AU-565,GSE72955,GSM1875302,AU565
au565,GSE152908,GSM4629422,AU-565,GSE73526,GSM1897278,AU565
au565,GSE173634,GSM5272796,AU565,GSE212143,GSM6510134,AU565
au565,GSE173634,GSM5272796,AU565,GSE59242,GSM1431199,AU565
au565,GSE173634,GSM5272796,AU565,GSE72955,GSM1875302,AU565
au565,GSE173634,GSM5272796,AU565,GSE73526,GSM1897278,AU565
au565,GSE212143,GSM6510134,AU565,GSE59242,GSM1431199,AU565
au565,GSE212143,GSM6510134,AU565,GSE72955,GSM1875302,AU565
au565,GSE212143,GSM6510134,AU565,GSE73526,GSM1897278,AU565
au565,GSE59242,GSM1431199,AU565,GSE72955,GSM1875302,AU565
au565,GSE59242,GSM1431199,AU565,GSE73526,GSM1897278,AU565
au565,GSE72955,GSM1875302,AU565,GSE73526,GSM1897278,AU565
b16,GSE5460,GSM125039,B16,GSE86945,GSM2310629,B16
b16,GSE5460,GSM125039,B16,GSE86948,GSM2310629,B16
b22,GSE5460,GSM125045,B22,GSE86945,GSM2310630,B22
b22,GSE5460,GSM125045,B22,GSE86948,GSM2310630,B22
b43,GSE5460,GSM125062,B43,GSE86945,GSM2310631,B43
b43,GSE5460,GSM125062,B43,GSE86948,GSM2310631,B43
b63,GSE5460,GSM125073,B63,GSE86945,GSM2310632,B63
b63,GSE5460,GSM125073,B63,GSE86948,GSM2310632,B63
b89,GSE5460,GSM125094,B89,GSE86945,GSM2310633,B89
b89,GSE5460,GSM125094,B89,GSE86948,GSM2310633,B89
b91,GSE5460,GSM125096,B91,GSE86945,GSM2310634,B91
b91,GSE5460,GSM125096,B91,GSE86948,GSM2310634,B91
bc00043,GSE10884,GSM80227,BC00043,GSE35629,GSM870174,BC00043
bc00043,GSE10885,GSM80227,BC00043,GSE35629,GSM870174,BC00043
bc00043,GSE10893,GSM80227,BC00043,GSE35629,GSM870174,BC00043
bc00043,GSE18229,GSM80227,BC00043,GSE35629,GSM870174,BC00043
bc00043,GSE20624,GSM80227,BC00043,GSE35629,GSM870174,BC00043
bc00043,GSE22049,GSM80227,BC00043,GSE35629,GSM870174,BC00043
bc00043,GSE26338,GSM80227,BC00043,GSE35629,GSM870174,BC00043
bc00043,GSE3165,GSM80227,BC00043,GSE35629,GSM870174,BC00043
bc00043,GSE3521,GSM80227,BC00043,GSE35629,GSM870174,BC00043
bc00094new,GSE10884,GSM275918,BC00094-new,GSE35629,GSM871587,BC00094-new
bc00094new,GSE20624,GSM275918,BC00094-new,GSE35629,GSM871587,BC00094-new
bc00094new,GSE22049,GSM275918,BC00094-new,GSE35629,GSM871587,BC00094-new
bc10,GSE148848,GSM4483895,BC10,GSE149156,GSM4491160,BC10
bc10,GSE148848,GSM4483895,BC10,GSE159448,GSM4829987,BC10
bc10,GSE148848,GSM4483895,BC10,GSE21653,GSM540117,BC10
bc10,GSE148848,GSM4483895,BC10,GSE43615,GSM1067144,BC_10
bc10,GSE149156,GSM4491160,BC10,GSE159448,GSM4829987,BC10
bc10,GSE149156,GSM4491160,BC10,GSE21653,GSM540117,BC10
bc10,GSE149156,GSM4491160,BC10,GSE43615,GSM1067144,BC_10
bc10,GSE159448,GSM4829987,BC10,GSE21653,GSM540117,BC10
bc10,GSE159448,GSM4829987,BC10,GSE43615,GSM1067144,BC_10
bc10,GSE21653,GSM540117,BC10,GSE43615,GSM1067144,BC_10
bc11,GSE148848,GSM4483893,BC11,GSE159448,GSM4829988,BC11
bc11,GSE148848,GSM4483893,BC11,GSE21653,GSM540118,BC11
bc11,GSE148848,GSM4483893,BC11,GSE43615,GSM1067160,BC_11
bc11,GSE159448,GSM4829988,BC11,GSE21653,GSM540118,BC11
bc11,GSE159448,GSM4829988,BC11,GSE43615,GSM1067160,BC_11
bc11,GSE21653,GSM540118,BC11,GSE43615,GSM1067160,BC_11
bc12,GSE148848,GSM4483891,BC12,GSE159448,GSM4829989,BC12
bc12,GSE148848,GSM4483891,BC12,GSE21653,GSM540119,BC12
bc12,GSE148848,GSM4483891,BC12,GSE43615,GSM1067108,BC_12
bc12,GSE159448,GSM4829989,BC12,GSE21653,GSM540119,BC12
bc12,GSE159448,GSM4829989,BC12,GSE43615,GSM1067108,BC_12
bc12,GSE21653,GSM540119,BC12,GSE43615,GSM1067108,BC_12
bc13,GSE148848,GSM4483889,BC13,GSE21653,GSM540120,BC13
bc13,GSE148848,GSM4483889,BC13,GSE43615,GSM1067148,BC_13
bc13,GSE21653,GSM540120,BC13,GSE43615,GSM1067148,BC_13
bc14,GSE148848,GSM4483887,BC14,GSE21653,GSM540121,BC14
bc14,GSE148848,GSM4483887,BC14,GSE3193,GSM1852,BC14
bc14,GSE148848,GSM4483887,BC14,GSE3281,GSM1852,BC14
bc14,GSE148848,GSM4483887,BC14,GSE4335,GSM1852,BC14
bc14,GSE148848,GSM4483887,BC14,GSE43615,GSM1067149,BC_14
bc14,GSE148848,GSM4483887,BC14,GSE4382,GSM1852,BC14
bc14,GSE148848,GSM4483887,BC14,GSE61,GSM1852,BC14
bc14,GSE21653,GSM540121,BC14,GSE3193,GSM1852,BC14
bc14,GSE21653,GSM540121,BC14,GSE3281,GSM1852,BC14
bc14,GSE21653,GSM540121,BC14,GSE4335,GSM1852,BC14
bc14,GSE21653,GSM540121,BC14,GSE43615,GSM1067149,BC_14
bc14,GSE21653,GSM540121,BC14,GSE4382,GSM1852,BC14
bc14,GSE21653,GSM540121,BC14,GSE61,GSM1852,BC14
bc14,GSE3193,GSM1852,BC14,GSE43615,GSM1067149,BC_14
bc14,GSE3281,GSM1852,BC14,GSE43615,GSM1067149,BC_14
bc14,GSE4335,GSM1852,BC14,GSE43615,GSM1067149,BC_14
bc14,GSE43615,GSM1067149,BC_14,GSE4382,GSM1852,BC14
bc14,GSE43615,GSM1067149,BC_14,GSE61,GSM1852,BC14
bc15,GSE148848,GSM4483909,BC15,GSE21653,GSM540122,BC15
bc15,GSE148848,GSM4483909,BC15,GSE43615,GSM1067161,BC_15
bc15,GSE21653,GSM540122,BC15,GSE43615,GSM1067161,BC_15
bc16,GSE148848,GSM4483907,BC16,GSE21653,GSM540123,BC16
bc16,GSE148848,GSM4483907,BC16,GSE281492,GSM8623993,BC16
bc16,GSE148848,GSM4483907,BC16,GSE281580,GSM8623993,BC16
bc16,GSE148848,GSM4483907,BC16,GSE3193,GSM1854,BC16
bc16,GSE148848,GSM4483907,BC16,GSE3281,GSM1854,BC16
bc16,GSE148848,GSM4483907,BC16,GSE4335,GSM1854,BC16
bc16,GSE148848,GSM4483907,BC16,GSE43615,GSM1067165,BC_16
bc16,GSE148848,GSM4483907,BC16,GSE4382,GSM1854,BC16
bc16,GSE148848,GSM4483907,BC16,GSE61,GSM1854,BC16
bc16,GSE21653,GSM540123,BC16,GSE281492,GSM8623993,BC16
bc16,GSE21653,GSM540123,BC16,GSE281580,GSM8623993,BC16
bc16,GSE21653,GSM540123,BC16,GSE3193,GSM1854,BC16
bc16,GSE21653,GSM540123,BC16,GSE3281,GSM1854,BC16
bc16,GSE21653,GSM540123,BC16,GSE4335,GSM1854,BC16
bc16,GSE21653,GSM540123,BC16,GSE43615,GSM1067165,BC_16
bc16,GSE21653,GSM540123,BC16,GSE4382,GSM1854,BC16
bc16,GSE21653,GSM540123,BC16,GSE61,GSM1854,BC16
bc16,GSE281492,GSM8623993,BC16,GSE3193,GSM1854,BC16
bc16,GSE281492,GSM8623993,BC16,GSE3281,GSM1854,BC16
bc16,GSE281492,GSM8623993,BC16,GSE4335,GSM1854,BC16
bc16,GSE281492,GSM8623993,BC16,GSE43615,GSM1067165,BC_16
bc16,GSE281492,GSM8623993,BC16,GSE4382,GSM1854,BC16
bc16,GSE281492,GSM8623993,BC16,GSE61,GSM1854,BC16
bc16,GSE281580,GSM8623993,BC16,GSE3193,GSM1854,BC16
bc16,GSE281580,GSM8623993,BC16,GSE3281,GSM1854,BC16
bc16,GSE281580,GSM8623993,BC16,GSE4335,GSM1854,BC16
bc16,GSE281580,GSM8623993,BC16,GSE43615,GSM1067165,BC_16
bc16,GSE281580,GSM8623993,BC16,GSE4382,GSM1854,BC16
bc16,GSE281580,GSM8623993,BC16,GSE61,GSM1854,BC16
bc16,GSE3193,GSM1854,BC16,GSE43615,GSM1067165,BC_16
bc16,GSE3281,GSM1854,BC16,GSE43615,GSM1067165,BC_16
bc16,GSE4335,GSM1854,BC16,GSE43615,GSM1067165,BC_16
bc16,GSE43615,GSM1067165,BC_16,GSE4382,GSM1854,BC16
bc16,GSE43615,GSM1067165,BC_16,GSE61,GSM1854,BC16
bc17,GSE21653,GSM540124,BC17,GSE3193,GSM1871,BC17
bc17,GSE21653,GSM540124,BC17,GSE3281,GSM1871,BC17
bc17,GSE21653,GSM540124,BC17,GSE4335,GSM1871,BC17
bc17,GSE21653,GSM540124,BC17,GSE43615,GSM1067143,BC_17
bc17,GSE21653,GSM540124,BC17,GSE4382,GSM1871,BC17
bc17,GSE21653,GSM540124,BC17,GSE61,GSM1871,BC17
bc17,GSE3193,GSM1871,BC17,GSE43615,GSM1067143,BC_17
bc17,GSE3281,GSM1871,BC17,GSE43615,GSM1067143,BC_17
bc17,GSE4335,GSM1871,BC17,GSE43615,GSM1067143,BC_17
bc17,GSE43615,GSM1067143,BC_17,GSE4382,GSM1871,BC17
bc17,GSE43615,GSM1067143,BC_17,GSE61,GSM1871,BC17
bc18,GSE21653,GSM540125,BC18,GSE3193,GSM71811,BC18
bc18,GSE21653,GSM540125,BC18,GSE4335,GSM71811,BC18
bc18,GSE21653,GSM540125,BC18,GSE43615,GSM1067155,BC_18
bc18,GSE21653,GSM540125,BC18,GSE4382,GSM71811,BC18
bc18,GSE3193,GSM71811,BC18,GSE43615,GSM1067155,BC_18
bc18,GSE4335,GSM71811,BC18,GSE43615,GSM1067155,BC_18
bc18,GSE43615,GSM1067155,BC_18,GSE4382,GSM71811,BC18
bc19,GSE148848,GSM4483905,BC19,GSE21653,GSM540126,BC19
bc19,GSE148848,GSM4483905,BC19,GSE43615,GSM1067154,BC_19
bc19,GSE21653,GSM540126,BC19,GSE43615,GSM1067154,BC_19
bc20,GSE21653,GSM540127,BC20,GSE43615,GSM1067113,BC_20
bc21,GSE148848,GSM4483903,BC21,GSE21653,GSM540128,BC21
bc21,GSE148848,GSM4483903,BC21,GSE43615,GSM1067110,BC_21
bc21,GSE21653,GSM540128,BC21,GSE43615,GSM1067110,BC_21
bc22,GSE21653,GSM540129,BC22,GSE43615,GSM1067153,BC_22
bc23,GSE21653,GSM540130,BC23,GSE3193,GSM1916,BC23
bc23,GSE21653,GSM540130,BC23,GSE3281,GSM1916,BC23
bc23,GSE21653,GSM540130,BC23,GSE4335,GSM1916,BC23
bc23,GSE21653,GSM540130,BC23,GSE43615,GSM1067147,BC_23
bc23,GSE21653,GSM540130,BC23,GSE4382,GSM1916,BC23
bc23,GSE21653,GSM540130,BC23,GSE61,GSM1916,BC23
bc23,GSE3193,GSM1916,BC23,GSE43615,GSM1067147,BC_23
bc23,GSE3281,GSM1916,BC23,GSE43615,GSM1067147,BC_23
bc23,GSE4335,GSM1916,BC23,GSE43615,GSM1067147,BC_23
bc23,GSE43615,GSM1067147,BC_23,GSE4382,GSM1916,BC23
bc23,GSE43615,GSM1067147,BC_23,GSE61,GSM1916,BC23
bc24,GSE21653,GSM540131,BC24,GSE3193,GSM1874,BC24
bc24,GSE21653,GSM540131,BC24,GSE3281,GSM1874,BC24
bc24,GSE21653,GSM540131,BC24,GSE4335,GSM1874,BC24
bc24,GSE21653,GSM540131,BC24,GSE43615,GSM1067162,BC_24
bc24,GSE21653,GSM540131,BC24,GSE4382,GSM1874,BC24
bc24,GSE21653,GSM540131,BC24,GSE61,GSM1874,BC24
bc24,GSE3193,GSM1874,BC24,GSE43615,GSM1067162,BC_24
bc24,GSE3281,GSM1874,BC24,GSE43615,GSM1067162,BC_24
bc24,GSE4335,GSM1874,BC24,GSE43615,GSM1067162,BC_24
bc24,GSE43615,GSM1067162,BC_24,GSE4382,GSM1874,BC24
bc24,GSE43615,GSM1067162,BC_24,GSE61,GSM1874,BC24
bc25,GSE21653,GSM540132,BC25,GSE43615,GSM1067111,BC_25
bc26,GSE21653,GSM540133,BC26,GSE43615,GSM1067151,BC_26
bc27,GSE21653,GSM540134,BC27,GSE43615,GSM1067115,BC_27
bc28,GSE21653,GSM540135,BC28,GSE43615,GSM1067114,BC_28
bc29,GSE21653,GSM540136,BC29,GSE43615,GSM1067116,BC_29
bc30,GSE21653,GSM540137,BC30,GSE43615,GSM1067146,BC_30
bc31,GSE21653,GSM540138,BC31,GSE43615,GSM1067163,BC_31
bc32,GSE21653,GSM540139,BC32,GSE43615,GSM1067152,BC_32
bc33,GSE21653,GSM540140,BC33,GSE43615,GSM1067159,BC_33
bc34,GSE21653,GSM540141,BC34,GSE43615,GSM1067112,BC_34
bc35,GSE21653,GSM540142,BC35,GSE43615,GSM1067129,BC_35
bc36,GSE21653,GSM540143,BC36,GSE43615,GSM1067122,BC_36
bc37,GSE21653,GSM540144,BC37,GSE43615,GSM1067136,BC_37
bc38,GSE21653,GSM540145,BC38,GSE3193,GSM1892,BC38
bc38,GSE21653,GSM540145,BC38,GSE3281,GSM1892,BC38
bc38,GSE21653,GSM540145,BC38,GSE4335,GSM1892,BC38
bc38,GSE21653,GSM540145,BC38,GSE43615,GSM1067134,BC_38
bc38,GSE21653,GSM540145,BC38,GSE4382,GSM1892,BC38
bc38,GSE21653,GSM540145,BC38,GSE61,GSM1892,BC38
bc38,GSE3193,GSM1892,BC38,GSE43615,GSM1067134,BC_38
bc38,GSE3281,GSM1892,BC38,GSE43615,GSM1067134,BC_38
bc38,GSE4335,GSM1892,BC38,GSE43615,GSM1067134,BC_38
bc38,GSE43615,GSM1067134,BC_38,GSE4382,GSM1892,BC38
bc38,GSE43615,GSM1067134,BC_38,GSE61,GSM1892,BC38
bc39,GSE21653,GSM540146,BC39,GSE43615,GSM1067132,BC_39
bc40,GSE21653,GSM540147,BC40,GSE3193,GSM97243,BC40
bc40,GSE21653,GSM540147,BC40,GSE4335,GSM97243,BC40
bc40,GSE21653,GSM540147,BC40,GSE43615,GSM1067123,BC_40
bc40,GSE21653,GSM540147,BC40,GSE4382,GSM97243,BC40
bc40,GSE3193,GSM97243,BC40,GSE43615,GSM1067123,BC_40
bc40,GSE4335,GSM97243,BC40,GSE43615,GSM1067123,BC_40
bc40,GSE43615,GSM1067123,BC_40,GSE4382,GSM97243,BC40
bc41,GSE21653,GSM540148,BC41,GSE43615,GSM1067127,BC_41
bc42,GSE21653,GSM540149,BC42,GSE43615,GSM1067131,BC_42
bc43,GSE21653,GSM540150,BC43,GSE43615,GSM1067120,BC_43
bc44,GSE21653,GSM540151,BC44,GSE3193,GSM71751,BC44
bc44,GSE21653,GSM540151,BC44,GSE4335,GSM71751,BC44
bc44,GSE21653,GSM540151,BC44,GSE43615,GSM1067135,BC_44
bc44,GSE21653,GSM540151,BC44,GSE4382,GSM71751,BC44
bc44,GSE3193,GSM71751,BC44,GSE43615,GSM1067135,BC_44
bc44,GSE4335,GSM71751,BC44,GSE43615,GSM1067135,BC_44
bc44,GSE43615,GSM1067135,BC_44,GSE4382,GSM71751,BC44
bc45,GSE21653,GSM540152,BC45,GSE3193,GSM71781,BC45
bc45,GSE21653,GSM540152,BC45,GSE4335,GSM71781,BC45
bc45,GSE21653,GSM540152,BC45,GSE43615,GSM1067125,BC_45
bc45,GSE21653,GSM540152,BC45,GSE4382,GSM71781,BC45
bc45,GSE3193,GSM71781,BC45,GSE43615,GSM1067125,BC_45
bc45,GSE4335,GSM71781,BC45,GSE43615,GSM1067125,BC_45
bc45,GSE43615,GSM1067125,BC_45,GSE4382,GSM71781,BC45
bc46,GSE21653,GSM540153,BC46,GSE43615,GSM1067121,BC_46
bc47,GSE21653,GSM540154,BC47,GSE43615,GSM1067128,BC_47
bc48,GSE21653,GSM540155,BC48,GSE43615,GSM1067130,BC_48
bc49,GSE21653,GSM540156,BC49,GSE43615,GSM1067124,BC_49
bc50,GSE21653,GSM540157,BC50,GSE43615,GSM1067126,BC_50
bc51,GSE21653,GSM540158,BC51,GSE43615,GSM1067133,BC_51
bc52,GSE21653,GSM540159,BC52,GSE43615,GSM1067137,BC_52
bc53,GSE21653,GSM540160,BC53,GSE43615,GSM1067138,BC_53
bc54,GSE21653,GSM540161,BC54,GSE43615,GSM1067119,BC_54
bc55,GSE21653,GSM540162,BC55,GSE43615,GSM1067139,BC_55
bc56,GSE21653,GSM540163,BC56,GSE43615,GSM1067140,BC_56
bc57,GSE21653,GSM540164,BC57,GSE43615,GSM1067141,BC_57
bc58,GSE21653,GSM540165,BC58,GSE43615,GSM1067142,BC_58
bc59,GSE21653,GSM540166,BC59,GSE43615,GSM1067103,BC_59
bc60,GSE21653,GSM540167,BC60,GSE288482,GSM8768630,BC_60
bc60,GSE21653,GSM540167,BC60,GSE43615,GSM1067104,BC_60
bc60,GSE288482,GSM8768630,BC_60,GSE43615,GSM1067104,BC_60
bc61,GSE21653,GSM540168,BC61,GSE43615,GSM1067105,BC_61
bc62,GSE21653,GSM540169,BC62,GSE43615,GSM1067106,BC_62
bc63,GSE21653,GSM540170,BC63,GSE43615,GSM1067107,BC_63
bc64,GSE21653,GSM540171,BC64,GSE43615,GSM1067166,BC_64
bc65,GSE21653,GSM540172,BC65,GSE43615,GSM1067167,BC_65
bc66,GSE21653,GSM540173,BC66,GSE288482,GSM8768628,BC_66
bc66,GSE21653,GSM540173,BC66,GSE43615,GSM1067168,BC_66
bc66,GSE288482,GSM8768628,BC_66,GSE43615,GSM1067168,BC_66
bc67,GSE21653,GSM540174,BC67,GSE43615,GSM1067169,BC_67
bc68,GSE21653,GSM540175,BC68,GSE43615,GSM1067170,BC_68
bc69,GSE21653,GSM540176,BC69,GSE43615,GSM1067171,BC_69
bc70,GSE21653,GSM540177,BC70,GSE288482,GSM8768629,BC_70
bc70,GSE21653,GSM540177,BC70,GSE43615,GSM1067172,BC_70
bc70,GSE288482,GSM8768629,BC_70,GSE43615,GSM1067172,BC_70
bc71,GSE21653,GSM540178,BC71,GSE43615,GSM1067173,BC_71
bc72,GSE21653,GSM540179,BC72,GSE43615,GSM1067174,BC_72
bc73,GSE21653,GSM540180,BC73,GSE43615,GSM1067175,BC_73
bc74,GSE21653,GSM540181,BC74,GSE43615,GSM1067176,BC_74
bc75,GSE21653,GSM540182,BC75,GSE43615,GSM1067177,BC_75
bc76,GSE21653,GSM540183,BC76,GSE43615,GSM1067178,BC_76
bc77,GSE21653,GSM540184,BC77,GSE43615,GSM1067179,BC_77
bc78,GSE21653,GSM540185,BC78,GSE43615,GSM1067180,BC_78
bc79,GSE21653,GSM540186,BC79,GSE43615,GSM1067181,BC_79
bc80,GSE21653,GSM540187,BC80,GSE43615,GSM1067182,BC_80
bc81,GSE21653,GSM540188,BC81,GSE43615,GSM1067183,BC_81
bc82,GSE21653,GSM540189,BC82,GSE43615,GSM1067184,BC_82
bc83,GSE21653,GSM540190,BC83,GSE43615,GSM1067185,BC_83
bc84,GSE21653,GSM540191,BC84,GSE43615,GSM1067186,BC_84
bc85,GSE21653,GSM540192,BC85,GSE43615,GSM1067187,BC_85
bc86,GSE21653,GSM540193,BC86,GSE43615,GSM1067188,BC_86
bm12,GSE173661,GSM5273253,BM12,GSE184869,GSM5598609,BM12
bm17,GSE173661,GSM5273255,BM17,GSE184869,GSM5598611,BM17
bm192,GSE173661,GSM5273257,BM19-2,GSE184869,GSM5598613,BM19-2
bm25,GSE173661,GSM5273261,BM25,GSE184869,GSM5598617,BM25
bm29,GSE173661,GSM5273263,BM29,GSE184869,GSM5598619,BM29
bm47,GSE173661,GSM5273269,BM47,GSE184869,GSM5598625,BM47
bm51,GSE173661,GSM5273273,BM51,GSE184869,GSM5598629,BM51
bm52,GSE173661,GSM5273275,BM52,GSE184869,GSM5598631,BM52
bm62,GSE173661,GSM5273281,BM62,GSE184869,GSM5598637,BM62
bm64,GSE173661,GSM5273283,BM64,GSE184869,GSM5598639,BM64
bm68,GSE173661,GSM5273285,BM68,GSE184869,GSM5598641,BM68
bm71,GSE173661,GSM5273289,BM71,GSE184869,GSM5598645,BM71
bm72,GSE173661,GSM5273291,BM72,GSE184869,GSM5598647,BM72
bp12,GSE173661,GSM5273254,BP12,GSE184869,GSM5598610,BP12
bp17,GSE173661,GSM5273256,BP17,GSE184869,GSM5598612,BP17
bp192,GSE173661,GSM5273258,BP19-2,GSE184869,GSM5598614,BP19-2
bp25,GSE173661,GSM5273262,BP25,GSE184869,GSM5598618,BP25
bp29,GSE173661,GSM5273264,BP29,GSE184869,GSM5598620,BP29
bp47,GSE173661,GSM5273270,BP47,GSE184869,GSM5598626,BP47
bp51,GSE173661,GSM5273274,BP51,GSE184869,GSM5598630,BP51
bp51,GSE173661,GSM5273274,BP51,GSE86945,GSM2310641,BP51
bp51,GSE173661,GSM5273274,BP51,GSE86948,GSM2310641,BP51
bp51,GSE184869,GSM5598630,BP51,GSE86945,GSM2310641,BP51
bp51,GSE184869,GSM5598630,BP51,GSE86948,GSM2310641,BP51
bp52,GSE173661,GSM5273276,BP52,GSE184869,GSM5598632,BP52
bp52,GSE173661,GSM5273276,BP52,GSE86945,GSM2310642,BP52
bp52,GSE173661,GSM5273276,BP52,GSE86948,GSM2310642,BP52
bp52,GSE184869,GSM5598632,BP52,GSE86945,GSM2310642,BP52
bp52,GSE184869,GSM5598632,BP52,GSE86948,GSM2310642,BP52
bp62,GSE173661,GSM5273282,BP62,GSE184869,GSM5598638,BP62
bp62,GSE173661,GSM5273282,BP62,GSE86945,GSM2310651,BP62
bp62,GSE173661,GSM5273282,BP62,GSE86948,GSM2310651,BP62
bp62,GSE184869,GSM5598638,BP62,GSE86945,GSM2310651,BP62
bp62,GSE184869,GSM5598638,BP62,GSE86948,GSM2310651,BP62
bp64,GSE173661,GSM5273284,BP64,GSE184869,GSM5598640,BP64
bp68,GSE173661,GSM5273286,BP68,GSE184869,GSM5598642,BP68
bp71,GSE173661,GSM5273290,BP71,GSE184869,GSM5598646,BP71
bp71,GSE173661,GSM5273290,BP71,GSE86945,GSM2310657,BP71
bp71,GSE173661,GSM5273290,BP71,GSE86948,GSM2310657,BP71
bp71,GSE184869,GSM5598646,BP71,GSE86945,GSM2310657,BP71
bp71,GSE184869,GSM5598646,BP71,GSE86948,GSM2310657,BP71
bp72,GSE173661,GSM5273292,BP72,GSE184869,GSM5598648,BP72
bp72,GSE173661,GSM5273292,BP72,GSE86945,GSM2310658,BP72
bp72,GSE173661,GSM5273292,BP72,GSE86948,GSM2310658,BP72
bp72,GSE184869,GSM5598648,BP72,GSE86945,GSM2310658,BP72
bp72,GSE184869,GSM5598648,BP72,GSE86948,GSM2310658,BP72
br000284custom,GSE20624,GSM140984,BR00-0284-Custom,GSE35629,GSM870182,BR00-0284-Custom
br000284custom,GSE35629,GSM870182,BR00-0284-Custom,GSE6128,GSM140984,BR00-0284-Custom
br000587bunc1x44k,GSE20624,GSM517035,BR00-0587B-UNC1X44K,GSE35629,GSM871588,BR00-0587B-UNC1X44K
br010123,GSE10884,GSM34495,BR01-0123,GSE35629,GSM870150,BR01-0123
br010123,GSE10885,GSM34495,BR01-0123,GSE35629,GSM870150,BR01-0123
br010123,GSE10893,GSM34495,BR01-0123,GSE35629,GSM870150,BR01-0123
br010123,GSE18229,GSM34495,BR01-0123,GSE35629,GSM870150,BR01-0123
br010123,GSE1992,GSM34495,BR01-0123,GSE35629,GSM870150,BR01-0123
br010123,GSE20624,GSM34495,BR01-0123,GSE35629,GSM870150,BR01-0123
br010123,GSE26338,GSM34495,BR01-0123,GSE35629,GSM870150,BR01-0123
br010123,GSE2740,GSM34495,BR01-0123,GSE35629,GSM870150,BR01-0123
br010123,GSE2741,GSM34495,BR01-0123,GSE35629,GSM870150,BR01-0123
br010123,GSE3165,GSM34495,BR01-0123,GSE35629,GSM870150,BR01-0123
br010123,GSE35629,GSM870150,BR01-0123,GSE6130,GSM34495,BR01-0123
br950017lumb,GSE20624,GSM140987,BR95-0017-LumB,GSE35629,GSM870183,BR95-0017-LumB
br950017lumb,GSE26338,GSM140987,BR95-0017-LumB,GSE35629,GSM870183,BR95-0017-LumB
br950017lumb,GSE35629,GSM870183,BR95-0017-LumB,GSE6128,GSM140987,BR95-0017-LumB
br970137custom,GSE10884,GSM275776,BR97-0137-Custom,GSE35629,GSM870202,BR97-0137-Custom
brca10,GSE174588,GSM5320172,BRCA10,GSE95700,GSM2522305,BRCA10
brca11,GSE174588,GSM5320173,BRCA11,GSE95700,GSM2522306,BRCA11
breastcancer10cancer,GSE146558,GSM4392868,Breast cancer_10 cancer,GSE48390,GSM1176873,Breast cancer_10 cancer
breastcancer10cancer,GSE146558,GSM4392868,Breast cancer_10 cancer,GSE48391,GSM1176873,Breast cancer_10 cancer
breastcancer111t,GSE146558,GSM4392903,Breast cancer_111T,GSE48390,GSM1176874,Breast cancer_111T
breastcancer111t,GSE146558,GSM4392903,Breast cancer_111T,GSE48391,GSM1176874,Breast cancer_111T
breastcancer112t,GSE146558,GSM4392904,Breast cancer_112T,GSE48390,GSM1176875,Breast cancer_112T
breastcancer112t,GSE146558,GSM4392904,Breast cancer_112T,GSE48391,GSM1176875,Breast cancer_112T
breastcancer120t,GSE146558,GSM4392906,Breast cancer_120T,GSE48390,GSM1176877,Breast cancer_120T
breastcancer120t,GSE146558,GSM4392906,Breast cancer_120T,GSE48391,GSM1176877,Breast cancer_120T
breastcancer128t,GSE146558,GSM4392907,Breast cancer_128T,GSE48390,GSM1176878,Breast cancer_128T
breastcancer128t,GSE146558,GSM4392907,Breast cancer_128T,GSE48391,GSM1176878,Breast cancer_128T
breastcancer129t,GSE146558,GSM4392909,Breast cancer_129T,GSE48390,GSM1176879,Breast cancer_129T
breastcancer129t,GSE146558,GSM4392909,Breast cancer_129T,GSE48391,GSM1176879,Breast cancer_129T
breastcancer12cancer,GSE146558,GSM4392869,Breast cancer_12 cancer,GSE48390,GSM1176876,Breast cancer_12 cancer
breastcancer12cancer,GSE146558,GSM4392869,Breast cancer_12 cancer,GSE48391,GSM1176876,Breast cancer_12 cancer
breastcancer133t,GSE146558,GSM4392910,Breast cancer_133T,GSE48390,GSM1176881,Breast cancer_133T
breastcancer133t,GSE146558,GSM4392910,Breast cancer_133T,GSE48391,GSM1176881,Breast cancer_133T
breastcancer134t,GSE146558,GSM4392911,Breast cancer_134T,GSE48390,GSM1176882,Breast cancer_134T
breastcancer134t,GSE146558,GSM4392911,Breast cancer_134T,GSE48391,GSM1176882,Breast cancer_134T
breastcancer135t,GSE146558,GSM4392913,Breast cancer_135T,GSE48390,GSM1176883,Breast cancer_135T
breastcancer135t,GSE146558,GSM4392913,Breast cancer_135T,GSE48391,GSM1176883,Breast cancer_135T
breastcancer136t,GSE146558,GSM4392914,Breast cancer_136T,GSE48390,GSM1176884,Breast cancer_136T
breastcancer136t,GSE146558,GSM4392914,Breast cancer_136T,GSE48391,GSM1176884,Breast cancer_136T
breastcancer13cancer,GSE146558,GSM4392870,Breast cancer_13 cancer,GSE48390,GSM1176880,Breast cancer_13 cancer
breastcancer13cancer,GSE146558,GSM4392870,Breast cancer_13 cancer,GSE48391,GSM1176880,Breast cancer_13 cancer
breastcancer140t,GSE146558,GSM4392916,Breast cancer_140T,GSE48390,GSM1176886,Breast cancer_140T
breastcancer140t,GSE146558,GSM4392916,Breast cancer_140T,GSE48391,GSM1176886,Breast cancer_140T
breastcancer142t,GSE146558,GSM4392917,Breast cancer_142T,GSE48390,GSM1176887,Breast cancer_142T
breastcancer142t,GSE146558,GSM4392917,Breast cancer_142T,GSE48391,GSM1176887,Breast cancer_142T
breastcancer14cancer,GSE146558,GSM4392872,Breast cancer_14 cancer,GSE48390,GSM1176885,Breast cancer_14 cancer
breastcancer14cancer,GSE146558,GSM4392872,Breast cancer_14 cancer,GSE48391,GSM1176885,Breast cancer_14 cancer
breastcancer151t,GSE146558,GSM4392919,Breast cancer_151T,GSE48390,GSM1176889,Breast cancer_151T
breastcancer151t,GSE146558,GSM4392919,Breast cancer_151T,GSE48391,GSM1176889,Breast cancer_151T
breastcancer153t,GSE146558,GSM4392920,Breast cancer_153T,GSE48390,GSM1176890,Breast cancer_153T
breastcancer153t,GSE146558,GSM4392920,Breast cancer_153T,GSE48391,GSM1176890,Breast cancer_153T
breastcancer154t,GSE146558,GSM4392922,Breast cancer_154T,GSE48390,GSM1176891,Breast cancer_154T
breastcancer154t,GSE146558,GSM4392922,Breast cancer_154T,GSE48391,GSM1176891,Breast cancer_154T
breastcancer15cancer,GSE146558,GSM4392873,Breast cancer_15 cancer,GSE48390,GSM1176888,Breast cancer_15 cancer
breastcancer15cancer,GSE146558,GSM4392873,Breast cancer_15 cancer,GSE48391,GSM1176888,Breast cancer_15 cancer
breastcancer22cancer,GSE146558,GSM4392875,Breast cancer_22 cancer,GSE48390,GSM1176892,Breast cancer_22 cancer
breastcancer22cancer,GSE146558,GSM4392875,Breast cancer_22 cancer,GSE48391,GSM1176892,Breast cancer_22 cancer
breastcancer23cancer,GSE146558,GSM4392876,Breast cancer_23 cancer,GSE48390,GSM1176893,Breast cancer_23 cancer
breastcancer23cancer,GSE146558,GSM4392876,Breast cancer_23 cancer,GSE48391,GSM1176893,Breast cancer_23 cancer
breastcancer45cancer,GSE146558,GSM4392879,Breast cancer_45 cancer,GSE48390,GSM1176895,Breast cancer_45 cancer
breastcancer45cancer,GSE146558,GSM4392879,Breast cancer_45 cancer,GSE48391,GSM1176895,Breast cancer_45 cancer
breastcancer48cancer,GSE146558,GSM4392881,Breast cancer_48 cancer,GSE48390,GSM1176896,Breast cancer_48 cancer
breastcancer48cancer,GSE146558,GSM4392881,Breast cancer_48 cancer,GSE48391,GSM1176896,Breast cancer_48 cancer
breastcancer58cancer,GSE146558,GSM4392882,Breast cancer_58 cancer,GSE48390,GSM1176897,Breast cancer_58 cancer
breastcancer58cancer,GSE146558,GSM4392882,Breast cancer_58 cancer,GSE48391,GSM1176897,Breast cancer_58 cancer
breastcancer59cancer,GSE146558,GSM4392883,Breast cancer_59 cancer,GSE48390,GSM1176898,Breast cancer_59 cancer
breastcancer59cancer,GSE146558,GSM4392883,Breast cancer_59 cancer,GSE48391,GSM1176898,Breast cancer_59 cancer
breastcancer62cancer,GSE146558,GSM4392885,Breast cancer_62 cancer,GSE48390,GSM1176899,Breast cancer_62 cancer
breastcancer62cancer,GSE146558,GSM4392885,Breast cancer_62 cancer,GSE48391,GSM1176899,Breast cancer_62 cancer
breastcancer64cancer,GSE146558,GSM4392886,Breast cancer_64 cancer,GSE48390,GSM1176900,Breast cancer_64 cancer
breastcancer64cancer,GSE146558,GSM4392886,Breast cancer_64 cancer,GSE48391,GSM1176900,Breast cancer_64 cancer
breastcancer65cancer,GSE146558,GSM4392888,Breast cancer_65 cancer,GSE48390,GSM1176901,Breast cancer_65 cancer
breastcancer65cancer,GSE146558,GSM4392888,Breast cancer_65 cancer,GSE48391,GSM1176901,Breast cancer_65 cancer
breastcancer66cancer,GSE146558,GSM4392890,Breast cancer_66 cancer,GSE48390,GSM1176902,Breast cancer_66 cancer
breastcancer66cancer,GSE146558,GSM4392890,Breast cancer_66 cancer,GSE48391,GSM1176902,Breast cancer_66 cancer
breastcancer69cancer,GSE146558,GSM4392891,Breast cancer_69 cancer,GSE48390,GSM1176903,Breast cancer_69 cancer
breastcancer69cancer,GSE146558,GSM4392891,Breast cancer_69 cancer,GSE48391,GSM1176903,Breast cancer_69 cancer
breastcancer70cancer,GSE146558,GSM4392893,Breast cancer_70 cancer,GSE48390,GSM1176905,Breast cancer_70 cancer
breastcancer70cancer,GSE146558,GSM4392893,Breast cancer_70 cancer,GSE48391,GSM1176905,Breast cancer_70 cancer
breastcancer72cancer,GSE146558,GSM4392895,Breast cancer_72 cancer,GSE48390,GSM1176906,Breast cancer_72 cancer
breastcancer72cancer,GSE146558,GSM4392895,Breast cancer_72 cancer,GSE48391,GSM1176906,Breast cancer_72 cancer
breastcancer75cancer,GSE146558,GSM4392897,Breast cancer_75 cancer,GSE48390,GSM1176907,Breast cancer_75 cancer
breastcancer75cancer,GSE146558,GSM4392897,Breast cancer_75 cancer,GSE48391,GSM1176907,Breast cancer_75 cancer
breastcancer76cancer,GSE146558,GSM4392899,Breast cancer_76 cancer,GSE48390,GSM1176908,Breast cancer_76 cancer
breastcancer76cancer,GSE146558,GSM4392899,Breast cancer_76 cancer,GSE48391,GSM1176908,Breast cancer_76 cancer
breastcancer78cancer2,GSE146558,GSM4392900,Breast cancer_78 cancer2,GSE48390,GSM1176909,Breast cancer_78 cancer2
breastcancer78cancer2,GSE146558,GSM4392900,Breast cancer_78 cancer2,GSE48391,GSM1176909,Breast cancer_78 cancer2
breastcancer90t,GSE146558,GSM4392902,Breast cancer_90T,GSE48390,GSM1176912,Breast cancer_90T
breastcancer90t,GSE146558,GSM4392902,Breast cancer_90T,GSE48391,GSM1176912,Breast cancer_90T
breastcancerbh031210,GSE146558,GSM4392932,Breast cancer_BH0312-10,GSE48390,GSM1176913,Breast cancer_BH0312-10
breastcancerbh031210,GSE146558,GSM4392932,Breast cancer_BH0312-10,GSE48391,GSM1176913,Breast cancer_BH0312-10
breastcancerbh031211,GSE146558,GSM4392933,Breast cancer_BH0312-11,GSE48390,GSM1176914,Breast cancer_BH0312-11
breastcancerbh031211,GSE146558,GSM4392933,Breast cancer_BH0312-11,GSE48391,GSM1176914,Breast cancer_BH0312-11
breastcancerbh031212,GSE146558,GSM4392935,Breast cancer_BH0312-12,GSE48390,GSM1176915,Breast cancer_BH0312-12
breastcancerbh031212,GSE146558,GSM4392935,Breast cancer_BH0312-12,GSE48391,GSM1176915,Breast cancer_BH0312-12
breastcancerbh031213,GSE146558,GSM4392936,Breast cancer_BH0312-13,GSE48390,GSM1176916,Breast cancer_BH0312-13
breastcancerbh031213,GSE146558,GSM4392936,Breast cancer_BH0312-13,GSE48391,GSM1176916,Breast cancer_BH0312-13
breastcancerbh03123,GSE146558,GSM4392923,Breast cancer_BH0312-3,GSE48390,GSM1176917,Breast cancer_BH0312-3
breastcancerbh03123,GSE146558,GSM4392923,Breast cancer_BH0312-3,GSE48391,GSM1176917,Breast cancer_BH0312-3
breastcancerbh03124,GSE146558,GSM4392925,Breast cancer_BH0312-4,GSE48390,GSM1176918,Breast cancer_BH0312-4
breastcancerbh03124,GSE146558,GSM4392925,Breast cancer_BH0312-4,GSE48391,GSM1176918,Breast cancer_BH0312-4
breastcancerbh03126,GSE146558,GSM4392926,Breast cancer_BH0312-6,GSE48390,GSM1176919,Breast cancer_BH0312-6
breastcancerbh03126,GSE146558,GSM4392926,Breast cancer_BH0312-6,GSE48391,GSM1176919,Breast cancer_BH0312-6
breastcancerbh03127,GSE146558,GSM4392928,Breast cancer_BH0312-7,GSE48390,GSM1176920,Breast cancer_BH0312-7
breastcancerbh03127,GSE146558,GSM4392928,Breast cancer_BH0312-7,GSE48391,GSM1176920,Breast cancer_BH0312-7
breastcancerbh03128,GSE146558,GSM4392929,Breast cancer_BH0312-8,GSE48390,GSM1176921,Breast cancer_BH0312-8
breastcancerbh03128,GSE146558,GSM4392929,Breast cancer_BH0312-8,GSE48391,GSM1176921,Breast cancer_BH0312-8
breastcancerbh03129,GSE146558,GSM4392930,Breast cancer_BH0312-9,GSE48390,GSM1176922,Breast cancer_BH0312-9
breastcancerbh03129,GSE146558,GSM4392930,Breast cancer_BH0312-9,GSE48391,GSM1176922,Breast cancer_BH0312-9
breastcancerbh034410,GSE146558,GSM4392945,Breast cancer_BH0344-10,GSE48390,GSM1176923,Breast cancer_BH0344-10
breastcancerbh034410,GSE146558,GSM4392945,Breast cancer_BH0344-10,GSE48391,GSM1176923,Breast cancer_BH0344-10
breastcancerbh03442,GSE146558,GSM4392938,Breast cancer_BH0344-2,GSE48390,GSM1176924,Breast cancer_BH0344-2
breastcancerbh03442,GSE146558,GSM4392938,Breast cancer_BH0344-2,GSE48391,GSM1176924,Breast cancer_BH0344-2
breastcancerbh03443,GSE146558,GSM4392939,Breast cancer_BH0344-3,GSE48390,GSM1176925,Breast cancer_BH0344-3
breastcancerbh03443,GSE146558,GSM4392939,Breast cancer_BH0344-3,GSE48391,GSM1176925,Breast cancer_BH0344-3
breastcancerbh03444,GSE146558,GSM4392941,Breast cancer_BH0344-4,GSE48390,GSM1176926,Breast cancer_BH0344-4
breastcancerbh03444,GSE146558,GSM4392941,Breast cancer_BH0344-4,GSE48391,GSM1176926,Breast cancer_BH0344-4
breastcancerbh03447,GSE146558,GSM4392942,Breast cancer_BH0344-7,GSE48390,GSM1176927,Breast cancer_BH0344-7
breastcancerbh03447,GSE146558,GSM4392942,Breast cancer_BH0344-7,GSE48391,GSM1176927,Breast cancer_BH0344-7
breastcancerbh03449,GSE146558,GSM4392943,Breast cancer_BH0344-9,GSE48390,GSM1176928,Breast cancer_BH0344-9
breastcancerbh03449,GSE146558,GSM4392943,Breast cancer_BH0344-9,GSE48391,GSM1176928,Breast cancer_BH0344-9
breastcancerbh03541,GSE146558,GSM4392946,Breast cancer_BH0354-1,GSE48390,GSM1176929,Breast cancer_BH0354-1
breastcancerbh03541,GSE146558,GSM4392946,Breast cancer_BH0354-1,GSE48391,GSM1176929,Breast cancer_BH0354-1
breastcancerbh03542,GSE146558,GSM4392948,Breast cancer_BH0354-2,GSE48390,GSM1176930,Breast cancer_BH0354-2
breastcancerbh03542,GSE146558,GSM4392948,Breast cancer_BH0354-2,GSE48391,GSM1176930,Breast cancer_BH0354-2
breastcancerbh03543,GSE146558,GSM4392949,Breast cancer_BH0354-3,GSE48390,GSM1176931,Breast cancer_BH0354-3
breastcancerbh03543,GSE146558,GSM4392949,Breast cancer_BH0354-3,GSE48391,GSM1176931,Breast cancer_BH0354-3
breastcancerbh03544,GSE146558,GSM4392951,Breast cancer_BH0354-4,GSE48390,GSM1176932,Breast cancer_BH0354-4
breastcancerbh03544,GSE146558,GSM4392951,Breast cancer_BH0354-4,GSE48391,GSM1176932,Breast cancer_BH0354-4
breastcancerbh03941,GSE146558,GSM4392952,Breast cancer_BH0394-1,GSE48390,GSM1176933,Breast cancer_BH0394-1
breastcancerbh03941,GSE146558,GSM4392952,Breast cancer_BH0394-1,GSE48391,GSM1176933,Breast cancer_BH0394-1
breastcancerbh039410,GSE146558,GSM4392965,Breast cancer_BH0394-10,GSE48390,GSM1176934,Breast cancer_BH0394-10
breastcancerbh039410,GSE146558,GSM4392965,Breast cancer_BH0394-10,GSE48391,GSM1176934,Breast cancer_BH0394-10
breastcancerbh03942,GSE146558,GSM4392954,Breast cancer_BH0394-2,GSE48390,GSM1176935,Breast cancer_BH0394-2
breastcancerbh03942,GSE146558,GSM4392954,Breast cancer_BH0394-2,GSE48391,GSM1176935,Breast cancer_BH0394-2
breastcancerbh03943,GSE146558,GSM4392955,Breast cancer_BH0394-3,GSE48390,GSM1176936,Breast cancer_BH0394-3
breastcancerbh03943,GSE146558,GSM4392955,Breast cancer_BH0394-3,GSE48391,GSM1176936,Breast cancer_BH0394-3
breastcancerbh03944,GSE146558,GSM4392956,Breast cancer_BH0394-4,GSE48390,GSM1176937,Breast cancer_BH0394-4
breastcancerbh03944,GSE146558,GSM4392956,Breast cancer_BH0394-4,GSE48391,GSM1176937,Breast cancer_BH0394-4
breastcancerbh03945,GSE146558,GSM4392958,Breast cancer_BH0394-5,GSE48390,GSM1176938,Breast cancer_BH0394-5
breastcancerbh03945,GSE146558,GSM4392958,Breast cancer_BH0394-5,GSE48391,GSM1176938,Breast cancer_BH0394-5
breastcancerbh03946,GSE146558,GSM4392959,Breast cancer_BH0394-6,GSE48390,GSM1176939,Breast cancer_BH0394-6
breastcancerbh03946,GSE146558,GSM4392959,Breast cancer_BH0394-6,GSE48391,GSM1176939,Breast cancer_BH0394-6
breastcancerbh03947,GSE146558,GSM4392961,Breast cancer_BH0394-7,GSE48390,GSM1176940,Breast cancer_BH0394-7
breastcancerbh03947,GSE146558,GSM4392961,Breast cancer_BH0394-7,GSE48391,GSM1176940,Breast cancer_BH0394-7
breastcancerbh03948,GSE146558,GSM4392962,Breast cancer_BH0394-8,GSE48390,GSM1176941,Breast cancer_BH0394-8
breastcancerbh03948,GSE146558,GSM4392962,Breast cancer_BH0394-8,GSE48391,GSM1176941,Breast cancer_BH0394-8
breastcancerbh03949,GSE146558,GSM4392964,Breast cancer_BH0394-9,GSE48390,GSM1176942,Breast cancer_BH0394-9
breastcancerbh03949,GSE146558,GSM4392964,Breast cancer_BH0394-9,GSE48391,GSM1176942,Breast cancer_BH0394-9
breastcancerbh03961,GSE146558,GSM4392967,Breast cancer_BH0396-1,GSE48390,GSM1176943,Breast cancer_BH0396-1
breastcancerbh03961,GSE146558,GSM4392967,Breast cancer_BH0396-1,GSE48391,GSM1176943,Breast cancer_BH0396-1
breastcancerbh039610,GSE146558,GSM4392977,Breast cancer_BH0396-10,GSE48390,GSM1176944,Breast cancer_BH0396-10
breastcancerbh039610,GSE146558,GSM4392977,Breast cancer_BH0396-10,GSE48391,GSM1176944,Breast cancer_BH0396-10
breastcancerbh03962,GSE146558,GSM4392968,Breast cancer_BH0396-2,GSE48390,GSM1176945,Breast cancer_BH0396-2
breastcancerbh03962,GSE146558,GSM4392968,Breast cancer_BH0396-2,GSE48391,GSM1176945,Breast cancer_BH0396-2
breastcancerbh03963,GSE146558,GSM4392970,Breast cancer_BH0396-3,GSE48390,GSM1176946,Breast cancer_BH0396-3
breastcancerbh03963,GSE146558,GSM4392970,Breast cancer_BH0396-3,GSE48391,GSM1176946,Breast cancer_BH0396-3
breastcancerbh03964,GSE146558,GSM4392971,Breast cancer_BH0396-4,GSE48390,GSM1176947,Breast cancer_BH0396-4
breastcancerbh03964,GSE146558,GSM4392971,Breast cancer_BH0396-4,GSE48391,GSM1176947,Breast cancer_BH0396-4
breastcancerbh03965,GSE146558,GSM4392973,Breast cancer_BH0396-5,GSE48390,GSM1176948,Breast cancer_BH0396-5
breastcancerbh03965,GSE146558,GSM4392973,Breast cancer_BH0396-5,GSE48391,GSM1176948,Breast cancer_BH0396-5
breastcancerbh03966,GSE146558,GSM4392974,Breast cancer_BH0396-6,GSE48390,GSM1176949,Breast cancer_BH0396-6
breastcancerbh03966,GSE146558,GSM4392974,Breast cancer_BH0396-6,GSE48391,GSM1176949,Breast cancer_BH0396-6
breastcancerbh03967,GSE146558,GSM4392976,Breast cancer_BH0396-7,GSE48390,GSM1176950,Breast cancer_BH0396-7
breastcancerbh03967,GSE146558,GSM4392976,Breast cancer_BH0396-7,GSE48391,GSM1176950,Breast cancer_BH0396-7
breastcancercelllinebt20,GSE12777,GSM320590,breast cancer cell line_BT20,GSE48984,GSM1191092,breast cancer cell line_BT20
breastcancercelllinebt20,GSE12790,GSM320590,breast cancer cell line_BT20,GSE48984,GSM1191092,breast cancer cell line_BT20
breastcancercelllinebt483,GSE12777,GSM320597,breast cancer cell line_BT483,GSE48984,GSM1191093,breast cancer cell line_BT483
breastcancercelllinebt483,GSE12790,GSM320597,breast cancer cell line_BT483,GSE48984,GSM1191093,breast cancer cell line_BT483
breastcancercelllinehcc1395,GSE12777,GSM320630,breast cancer cell line_HCC1395,GSE23640,GSM579965,Breast cancer cell line HCC1395
breastcancercelllinehcc1395,GSE12790,GSM320630,breast cancer cell line_HCC1395,GSE23640,GSM579965,Breast cancer cell line HCC1395
breastcancercelllinezr7530,GSE12777,GSM320633,breast cancer cell line_ZR75-30,GSE7860,GSM172992,Breast cancer cell line ZR7530
breastcancercelllinezr7530,GSE12790,GSM320633,breast cancer cell line_ZR75-30,GSE7860,GSM172992,Breast cancer cell line ZR7530
breastcancermexico10,GSE20271,GSM508062,breast cancer MEXICO10,GSE22093,GSM750753,breast cancer MEXICO10
breastcancermexico15,GSE20271,GSM508061,breast cancer MEXICO15,GSE22093,GSM549299,breast cancer MEXICO15
breastcancermexico18,GSE20271,GSM508060,breast cancer MEXICO18,GSE22093,GSM549300,breast cancer MEXICO18
breastcancerperu21,GSE20271,GSM508059,breast cancer PERU21,GSE22093,GSM549302,breast cancer PERU21
breastcancerperu22,GSE20271,GSM508066,breast cancer PERU22,GSE22093,GSM549303,breast cancer PERU22
breastcancerperu25,GSE20271,GSM508034,breast cancer PERU25,GSE22093,GSM549304,breast cancer PERU25
breastcancerperu27,GSE20271,GSM508051,breast cancer PERU27,GSE22093,GSM549305,breast cancer PERU27
breastcancerperu36,GSE20271,GSM508036,breast cancer PERU36,GSE22093,GSM549306,breast cancer PERU36
breastcancerperu38,GSE20271,GSM508044,breast cancer PERU38,GSE22093,GSM549307,breast cancer PERU38
breastcancerperu41,GSE20271,GSM508038,breast cancer PERU41,GSE22093,GSM549308,breast cancer PERU41
breastcancerperu44,GSE20271,GSM508047,breast cancer PERU44,GSE22093,GSM549309,breast cancer PERU44
breastcancerperu49,GSE20271,GSM508069,breast cancer PERU49,GSE22093,GSM549310,breast cancer PERU49
breastcancerperu53,GSE20271,GSM508054,breast cancer PERU53,GSE22093,GSM549311,breast cancer PERU53
breastcancerus001,GSE23988,GSM590841,breast cancer US001,GSE42822,GSM1050577,breast cancer US001
breastcancerus005,GSE23988,GSM590842,breast cancer US005,GSE42822,GSM1050578,breast cancer US005
breastcancerus011,GSE23988,GSM590843,breast cancer US011,GSE42822,GSM1050579,breast cancer US011
breastcancerus014,GSE23988,GSM590844,breast cancer US014,GSE42822,GSM1050580,breast cancer US014
breastcancerus019,GSE23988,GSM590845,breast cancer US019,GSE42822,GSM1050582,breast cancer US019
breastcancerus022,GSE23988,GSM590846,breast cancer US022,GSE42822,GSM1050584,breast cancer US022
breastcancerus023,GSE23988,GSM590847,breast cancer US023,GSE42822,GSM1050585,breast cancer US023
breastcancerus024,GSE23988,GSM590848,breast cancer US024,GSE42822,GSM1050586,breast cancer US024
breastcancerus026,GSE23988,GSM590849,breast cancer US026,GSE42822,GSM1050587,breast cancer US026
breastcancerus032,GSE23988,GSM590850,breast cancer US032,GSE42822,GSM1050588,breast cancer US032
breastcancerus033,GSE23988,GSM590851,breast cancer US033,GSE42822,GSM1050589,breast cancer US033
breastcancerus034,GSE23988,GSM590852,breast cancer US034,GSE42822,GSM1050590,breast cancer US034
breastcancerus037,GSE23988,GSM590853,breast cancer US037,GSE42822,GSM1050591,breast cancer US037
breastcancerus038,GSE23988,GSM590854,breast cancer US038,GSE42822,GSM1050592,breast cancer US038
breastcancerus047,GSE23988,GSM590855,breast cancer US047,GSE42822,GSM1050593,breast cancer US047
breastcancerus049,GSE23988,GSM590856,breast cancer US049,GSE42822,GSM1050594,breast cancer US049
breastcancerus051,GSE23988,GSM590857,breast cancer US051,GSE42822,GSM1050595,breast cancer US051
breastcancerus054,GSE23988,GSM590858,breast cancer US054,GSE42822,GSM1050596,breast cancer US054
breastcancerus055,GSE23988,GSM590859,breast cancer US055,GSE42822,GSM1050597,breast cancer US055
breastcancerus057,GSE23988,GSM590860,breast cancer US057,GSE42822,GSM1050598,breast cancer US057
breastcancerus067,GSE23988,GSM590861,breast cancer US067,GSE42822,GSM1050601,breast cancer US067
breastcancerus071,GSE23988,GSM590862,breast cancer US071,GSE42822,GSM1050602,breast cancer US071
breastcancerus072,GSE23988,GSM590863,breast cancer US072,GSE42822,GSM1050603,breast cancer US072
breastcancerus074,GSE23988,GSM590864,breast cancer US074,GSE42822,GSM1050605,breast cancer US074
breastcancerus080,GSE23988,GSM590865,breast cancer US080,GSE42822,GSM1050606,breast cancer US080
breastcancerus082,GSE23988,GSM590866,breast cancer US082,GSE42822,GSM1050607,breast cancer US082
breastcancerus084,GSE23988,GSM590867,breast cancer US084,GSE42822,GSM1050608,breast cancer US084
breastcancerus087,GSE23988,GSM590868,breast cancer US087,GSE42822,GSM1050609,breast cancer US087
breastcancerus088,GSE23988,GSM590869,breast cancer US088,GSE42822,GSM1050610,breast cancer US088
breastcancerus089,GSE23988,GSM590870,breast cancer US089,GSE42822,GSM1050611,breast cancer US089
breastcancerus090,GSE23988,GSM590871,breast cancer US090,GSE42822,GSM1050612,breast cancer US090
breastcancerus096,GSE23988,GSM590872,breast cancer US096,GSE42822,GSM1050615,breast cancer US096
breastcancerus099,GSE23988,GSM590873,breast cancer US099,GSE42822,GSM1050616,breast cancer US099
breastcancerus100,GSE23988,GSM590874,breast cancer US100,GSE42822,GSM1050617,breast cancer US100
breastcancerus103,GSE23988,GSM590875,breast cancer US103,GSE42822,GSM1050619,breast cancer US103
breastcancerus104,GSE23988,GSM590876,breast cancer US104,GSE42822,GSM1050620,breast cancer US104
breastcancerus107,GSE23988,GSM590877,breast cancer US107,GSE42822,GSM1050621,breast cancer US107
breastcancerus108,GSE23988,GSM590878,breast cancer US108,GSE42822,GSM1050622,breast cancer US108
breastcancerus110,GSE23988,GSM590879,breast cancer US110,GSE42822,GSM1050623,breast cancer US110
breastcancerus111,GSE23988,GSM590880,breast cancer US111,GSE42822,GSM1050624,breast cancer US111
breastcancerus112,GSE23988,GSM590881,breast cancer US112,GSE42822,GSM1050625,breast cancer US112
breastcancerus116,GSE23988,GSM590882,breast cancer US116,GSE42822,GSM1050627,breast cancer US116
breastcancerus117,GSE23988,GSM590883,breast cancer US117,GSE42822,GSM1050628,breast cancer US117
breastcancerus118,GSE23988,GSM590884,breast cancer US118,GSE42822,GSM1050629,breast cancer US118
breastcancerus122,GSE23988,GSM590885,breast cancer US122,GSE42822,GSM1050630,breast cancer US122
breastcancerus128,GSE23988,GSM590886,breast cancer US128,GSE42822,GSM1050631,breast cancer US128
breastcancerus131,GSE23988,GSM590887,breast cancer US131,GSE42822,GSM1050646,breast cancer US131
breastcancerus132,GSE23988,GSM590888,breast cancer US132,GSE42822,GSM1050632,breast cancer US132
breastcancerus135,GSE23988,GSM590889,breast cancer US135,GSE42822,GSM1050633,breast cancer US135
breastcancerus141,GSE23988,GSM590890,breast cancer US141,GSE42822,GSM1050634,breast cancer US141
breastcancerus143,GSE23988,GSM590891,breast cancer US143,GSE42822,GSM1050635,breast cancer US143
breastcancerus144,GSE23988,GSM590892,breast cancer US144,GSE42822,GSM1050650,breast cancer US144
breastcancerus151,GSE23988,GSM590893,breast cancer US151,GSE42822,GSM1050636,breast cancer US151
breastcancerus154,GSE23988,GSM590894,breast cancer US154,GSE42822,GSM1050637,breast cancer US154
breastcancerus158,GSE23988,GSM590895,breast cancer US158,GSE42822,GSM1050638,breast cancer US158
breastcancerus160,GSE23988,GSM590896,breast cancer US160,GSE42822,GSM1050639,breast cancer US160
breastcancerus165,GSE23988,GSM590897,breast cancer US165,GSE42822,GSM1050640,breast cancer US165
breastcancerus166,GSE23988,GSM590898,breast cancer US166,GSE42822,GSM1050641,breast cancer US166
breastcancerus168,GSE23988,GSM590899,breast cancer US168,GSE42822,GSM1050656,breast cancer US168
breastcancerus186,GSE23988,GSM590900,breast cancer US186,GSE42822,GSM1050666,breast cancer US186
brx07,GSE156943,GSM4748739,BRx-07,GSE261192,GSM8137134,BRx-07
brx07,GSE156943,GSM4748739,BRx-07,GSE261195,GSM8137134,BRx-07
brx07,GSE156944,GSM4748739,BRx-07,GSE261192,GSM8137134,BRx-07
brx07,GSE156944,GSM4748739,BRx-07,GSE261195,GSM8137134,BRx-07
brx29p,GSE156943,GSM4748735,BRx-29-p,GSE261192,GSM8137140,BRx-29-p
brx29p,GSE156943,GSM4748735,BRx-29-p,GSE261195,GSM8137140,BRx-29-p
brx29p,GSE156944,GSM4748735,BRx-29-p,GSE261192,GSM8137140,BRx-29-p
brx29p,GSE156944,GSM4748735,BRx-29-p,GSE261195,GSM8137140,BRx-29-p
brx42310,GSE156943,GSM4748736,BRx-42--3-10,GSE261192,GSM8137135,BRx-42--3-10
brx42310,GSE156943,GSM4748736,BRx-42--3-10,GSE261195,GSM8137135,BRx-42--3-10
brx42310,GSE156944,GSM4748736,BRx-42--3-10,GSE261192,GSM8137135,BRx-42--3-10
brx42310,GSE156944,GSM4748736,BRx-42--3-10,GSE261195,GSM8137135,BRx-42--3-10
brx50,GSE156943,GSM4748737,BRx-50,GSE261192,GSM8137136,BRx-50
brx50,GSE156943,GSM4748737,BRx-50,GSE261195,GSM8137136,BRx-50
brx50,GSE156944,GSM4748737,BRx-50,GSE261192,GSM8137136,BRx-50
brx50,GSE156944,GSM4748737,BRx-50,GSE261195,GSM8137136,BRx-50
brx68,GSE156943,GSM4748741,BRx-68,GSE261192,GSM8137138,BRx-68
brx68,GSE156943,GSM4748741,BRx-68,GSE261195,GSM8137138,BRx-68
brx68,GSE156944,GSM4748741,BRx-68,GSE261192,GSM8137138,BRx-68
brx68,GSE156944,GSM4748741,BRx-68,GSE261195,GSM8137138,BRx-68
bt20,GSE152908,GSM4629380,BT20,GSE16732,GSM419255,BT20
bt20,GSE152908,GSM4629380,BT20,GSE16795,GSM421860,BT20
bt20,GSE152908,GSM4629380,BT20,GSE173634,GSM5272797,BT20
bt20,GSE152908,GSM4629380,BT20,GSE197763,GSM5929689,BT20
bt20,GSE152908,GSM4629380,BT20,GSE212143,GSM6510135,BT20
bt20,GSE152908,GSM4629380,BT20,GSE212854,GSM6559672,BT20
bt20,GSE152908,GSM4629380,BT20,GSE227630,GSM7104344,BT20
bt20,GSE152908,GSM4629380,BT20,GSE24578,GSM605913,BT20
bt20,GSE152908,GSM4629380,BT20,GSE24717,GSM605913,BT20
bt20,GSE152908,GSM4629380,BT20,GSE24737,GSM609325,BT-20
bt20,GSE152908,GSM4629380,BT20,GSE4000,GSM91368,BT20
bt20,GSE152908,GSM4629380,BT20,GSE52643,GSM1273494,BT-20
bt20,GSE152908,GSM4629380,BT20,GSE58135,GSM1401673,BT-20
bt20,GSE152908,GSM4629380,BT20,GSE59242,GSM1431228,BT20
bt20,GSE152908,GSM4629380,BT20,GSE73526,GSM1897279,BT20
bt20,GSE152908,GSM4629380,BT20,GSE81032,GSM2140851,BT20
bt20,GSE152908,GSM4629380,BT20,GSE87006,GSM2318755,BT20
bt20,GSE152908,GSM4629380,BT20,GSE87008,GSM2318755,BT20
bt20,GSE16732,GSM419255,BT20,GSE16795,GSM421860,BT20
bt20,GSE16732,GSM419255,BT20,GSE173634,GSM5272797,BT20
bt20,GSE16732,GSM419255,BT20,GSE197763,GSM5929689,BT20
bt20,GSE16732,GSM419255,BT20,GSE212143,GSM6510135,BT20
bt20,GSE16732,GSM419255,BT20,GSE212854,GSM6559672,BT20
bt20,GSE16732,GSM419255,BT20,GSE227630,GSM7104344,BT20
bt20,GSE16732,GSM419255,BT20,GSE24578,GSM605913,BT20
bt20,GSE16732,GSM419255,BT20,GSE24717,GSM605913,BT20
bt20,GSE16732,GSM419255,BT20,GSE24737,GSM609325,BT-20
bt20,GSE16732,GSM419255,BT20,GSE4000,GSM91368,BT20
bt20,GSE16732,GSM419255,BT20,GSE52643,GSM1273494,BT-20
bt20,GSE16732,GSM419255,BT20,GSE58135,GSM1401673,BT-20
bt20,GSE16732,GSM419255,BT20,GSE59242,GSM1431228,BT20
bt20,GSE16732,GSM419255,BT20,GSE73526,GSM1897279,BT20
bt20,GSE16732,GSM419255,BT20,GSE81032,GSM2140851,BT20
bt20,GSE16732,GSM419255,BT20,GSE87006,GSM2318755,BT20
bt20,GSE16732,GSM419255,BT20,GSE87008,GSM2318755,BT20
bt20,GSE16795,GSM421860,BT20,GSE173634,GSM5272797,BT20
bt20,GSE16795,GSM421860,BT20,GSE197763,GSM5929689,BT20
bt20,GSE16795,GSM421860,BT20,GSE212143,GSM6510135,BT20
bt20,GSE16795,GSM421860,BT20,GSE212854,GSM6559672,BT20
bt20,GSE16795,GSM421860,BT20,GSE227630,GSM7104344,BT20
bt20,GSE16795,GSM421860,BT20,GSE24578,GSM605913,BT20
bt20,GSE16795,GSM421860,BT20,GSE24717,GSM605913,BT20
bt20,GSE16795,GSM421860,BT20,GSE24737,GSM609325,BT-20
bt20,GSE16795,GSM421860,BT20,GSE4000,GSM91368,BT20
bt20,GSE16795,GSM421860,BT20,GSE52643,GSM1273494,BT-20
bt20,GSE16795,GSM421860,BT20,GSE58135,GSM1401673,BT-20
bt20,GSE16795,GSM421860,BT20,GSE59242,GSM1431228,BT20
bt20,GSE16795,GSM421860,BT20,GSE73526,GSM1897279,BT20
bt20,GSE16795,GSM421860,BT20,GSE81032,GSM2140851,BT20
bt20,GSE16795,GSM421860,BT20,GSE87006,GSM2318755,BT20
bt20,GSE16795,GSM421860,BT20,GSE87008,GSM2318755,BT20
bt20,GSE173634,GSM5272797,BT20,GSE197763,GSM5929689,BT20
bt20,GSE173634,GSM5272797,BT20,GSE212143,GSM6510135,BT20
bt20,GSE173634,GSM5272797,BT20,GSE212854,GSM6559672,BT20
bt20,GSE173634,GSM5272797,BT20,GSE227630,GSM7104344,BT20
bt20,GSE173634,GSM5272797,BT20,GSE24578,GSM605913,BT20
bt20,GSE173634,GSM5272797,BT20,GSE24717,GSM605913,BT20
bt20,GSE173634,GSM5272797,BT20,GSE24737,GSM609325,BT-20
bt20,GSE173634,GSM5272797,BT20,GSE4000,GSM91368,BT20
bt20,GSE173634,GSM5272797,BT20,GSE52643,GSM1273494,BT-20
bt20,GSE173634,GSM5272797,BT20,GSE58135,GSM1401673,BT-20
bt20,GSE173634,GSM5272797,BT20,GSE59242,GSM1431228,BT20
bt20,GSE173634,GSM5272797,BT20,GSE73526,GSM1897279,BT20
bt20,GSE173634,GSM5272797,BT20,GSE81032,GSM2140851,BT20
bt20,GSE173634,GSM5272797,BT20,GSE87006,GSM2318755,BT20
bt20,GSE173634,GSM5272797,BT20,GSE87008,GSM2318755,BT20
bt20,GSE197763,GSM5929689,BT20,GSE212143,GSM6510135,BT20
bt20,GSE197763,GSM5929689,BT20,GSE212854,GSM6559672,BT20
bt20,GSE197763,GSM5929689,BT20,GSE227630,GSM7104344,BT20
bt20,GSE197763,GSM5929689,BT20,GSE24578,GSM605913,BT20
bt20,GSE197763,GSM5929689,BT20,GSE24717,GSM605913,BT20
bt20,GSE197763,GSM5929689,BT20,GSE24737,GSM609325,BT-20
bt20,GSE197763,GSM5929689,BT20,GSE4000,GSM91368,BT20
bt20,GSE197763,GSM5929689,BT20,GSE52643,GSM1273494,BT-20
bt20,GSE197763,GSM5929689,BT20,GSE58135,GSM1401673,BT-20
bt20,GSE197763,GSM5929689,BT20,GSE59242,GSM1431228,BT20
bt20,GSE197763,GSM5929689,BT20,GSE73526,GSM1897279,BT20
bt20,GSE197763,GSM5929689,BT20,GSE81032,GSM2140851,BT20
bt20,GSE197763,GSM5929689,BT20,GSE87006,GSM2318755,BT20
bt20,GSE197763,GSM5929689,BT20,GSE87008,GSM2318755,BT20
bt20,GSE212143,GSM6510135,BT20,GSE212854,GSM6559672,BT20
bt20,GSE212143,GSM6510135,BT20,GSE227630,GSM7104344,BT20
bt20,GSE212143,GSM6510135,BT20,GSE24578,GSM605913,BT20
bt20,GSE212143,GSM6510135,BT20,GSE24717,GSM605913,BT20
bt20,GSE212143,GSM6510135,BT20,GSE24737,GSM609325,BT-20
bt20,GSE212143,GSM6510135,BT20,GSE4000,GSM91368,BT20
bt20,GSE212143,GSM6510135,BT20,GSE52643,GSM1273494,BT-20
bt20,GSE212143,GSM6510135,BT20,GSE58135,GSM1401673,BT-20
bt20,GSE212143,GSM6510135,BT20,GSE59242,GSM1431228,BT20
bt20,GSE212143,GSM6510135,BT20,GSE73526,GSM1897279,BT20
bt20,GSE212143,GSM6510135,BT20,GSE81032,GSM2140851,BT20
bt20,GSE212143,GSM6510135,BT20,GSE87006,GSM2318755,BT20
bt20,GSE212143,GSM6510135,BT20,GSE87008,GSM2318755,BT20
bt20,GSE212854,GSM6559672,BT20,GSE227630,GSM7104344,BT20
bt20,GSE212854,GSM6559672,BT20,GSE24578,GSM605913,BT20
bt20,GSE212854,GSM6559672,BT20,GSE24717,GSM605913,BT20
bt20,GSE212854,GSM6559672,BT20,GSE24737,GSM609325,BT-20
bt20,GSE212854,GSM6559672,BT20,GSE4000,GSM91368,BT20
bt20,GSE212854,GSM6559672,BT20,GSE52643,GSM1273494,BT-20
bt20,GSE212854,GSM6559672,BT20,GSE58135,GSM1401673,BT-20
bt20,GSE212854,GSM6559672,BT20,GSE59242,GSM1431228,BT20
bt20,GSE212854,GSM6559672,BT20,GSE73526,GSM1897279,BT20
bt20,GSE212854,GSM6559672,BT20,GSE81032,GSM2140851,BT20
bt20,GSE212854,GSM6559672,BT20,GSE87006,GSM2318755,BT20
bt20,GSE212854,GSM6559672,BT20,GSE87008,GSM2318755,BT20
bt20,GSE227630,GSM7104344,BT20,GSE24578,GSM605913,BT20
bt20,GSE227630,GSM7104344,BT20,GSE24717,GSM605913,BT20
bt20,GSE227630,GSM7104344,BT20,GSE24737,GSM609325,BT-20
bt20,GSE227630,GSM7104344,BT20,GSE4000,GSM91368,BT20
bt20,GSE227630,GSM7104344,BT20,GSE52643,GSM1273494,BT-20
bt20,GSE227630,GSM7104344,BT20,GSE58135,GSM1401673,BT-20
bt20,GSE227630,GSM7104344,BT20,GSE59242,GSM1431228,BT20
bt20,GSE227630,GSM7104344,BT20,GSE73526,GSM1897279,BT20
bt20,GSE227630,GSM7104344,BT20,GSE81032,GSM2140851,BT20
bt20,GSE227630,GSM7104344,BT20,GSE87006,GSM2318755,BT20
bt20,GSE227630,GSM7104344,BT20,GSE87008,GSM2318755,BT20
bt20,GSE24578,GSM605913,BT20,GSE24737,GSM609325,BT-20
bt20,GSE24578,GSM605913,BT20,GSE4000,GSM91368,BT20
bt20,GSE24578,GSM605913,BT20,GSE52643,GSM1273494,BT-20
bt20,GSE24578,GSM605913,BT20,GSE58135,GSM1401673,BT-20
bt20,GSE24578,GSM605913,BT20,GSE59242,GSM1431228,BT20
bt20,GSE24578,GSM605913,BT20,GSE73526,GSM1897279,BT20
bt20,GSE24578,GSM605913,BT20,GSE81032,GSM2140851,BT20
bt20,GSE24578,GSM605913,BT20,GSE87006,GSM2318755,BT20
bt20,GSE24578,GSM605913,BT20,GSE87008,GSM2318755,BT20
bt20,GSE24717,GSM605913,BT20,GSE24737,GSM609325,BT-20
bt20,GSE24717,GSM605913,BT20,GSE4000,GSM91368,BT20
bt20,GSE24717,GSM605913,BT20,GSE52643,GSM1273494,BT-20
bt20,GSE24717,GSM605913,BT20,GSE58135,GSM1401673,BT-20
bt20,GSE24717,GSM605913,BT20,GSE59242,GSM1431228,BT20
bt20,GSE24717,GSM605913,BT20,GSE73526,GSM1897279,BT20
bt20,GSE24717,GSM605913,BT20,GSE81032,GSM2140851,BT20
bt20,GSE24717,GSM605913,BT20,GSE87006,GSM2318755,BT20
bt20,GSE24717,GSM605913,BT20,GSE87008,GSM2318755,BT20
bt20,GSE24737,GSM609325,BT-20,GSE4000,GSM91368,BT20
bt20,GSE24737,GSM609325,BT-20,GSE52643,GSM1273494,BT-20
bt20,GSE24737,GSM609325,BT-20,GSE58135,GSM1401673,BT-20
bt20,GSE24737,GSM609325,BT-20,GSE59242,GSM1431228,BT20
bt20,GSE24737,GSM609325,BT-20,GSE73526,GSM1897279,BT20
bt20,GSE24737,GSM609325,BT-20,GSE81032,GSM2140851,BT20
bt20,GSE24737,GSM609325,BT-20,GSE87006,GSM2318755,BT20
bt20,GSE24737,GSM609325,BT-20,GSE87008,GSM2318755,BT20
bt20,GSE4000,GSM91368,BT20,GSE52643,GSM1273494,BT-20
bt20,GSE4000,GSM91368,BT20,GSE58135,GSM1401673,BT-20
bt20,GSE4000,GSM91368,BT20,GSE59242,GSM1431228,BT20
bt20,GSE4000,GSM91368,BT20,GSE73526,GSM1897279,BT20
bt20,GSE4000,GSM91368,BT20,GSE81032,GSM2140851,BT20
bt20,GSE4000,GSM91368,BT20,GSE87006,GSM2318755,BT20
bt20,GSE4000,GSM91368,BT20,GSE87008,GSM2318755,BT20
bt20,GSE52643,GSM1273494,BT-20,GSE58135,GSM1401673,BT-20
bt20,GSE52643,GSM1273494,BT-20,GSE59242,GSM1431228,BT20
bt20,GSE52643,GSM1273494,BT-20,GSE73526,GSM1897279,BT20
bt20,GSE52643,GSM1273494,BT-20,GSE81032,GSM2140851,BT20
bt20,GSE52643,GSM1273494,BT-20,GSE87006,GSM2318755,BT20
bt20,GSE52643,GSM1273494,BT-20,GSE87008,GSM2318755,BT20
bt20,GSE58135,GSM1401673,BT-20,GSE59242,GSM1431228,BT20
bt20,GSE58135,GSM1401673,BT-20,GSE73526,GSM1897279,BT20
bt20,GSE58135,GSM1401673,BT-20,GSE81032,GSM2140851,BT20
bt20,GSE58135,GSM1401673,BT-20,GSE87006,GSM2318755,BT20
bt20,GSE58135,GSM1401673,BT-20,GSE87008,GSM2318755,BT20
bt20,GSE59242,GSM1431228,BT20,GSE73526,GSM1897279,BT20
bt20,GSE59242,GSM1431228,BT20,GSE81032,GSM2140851,BT20
bt20,GSE59242,GSM1431228,BT20,GSE87006,GSM2318755,BT20
bt20,GSE59242,GSM1431228,BT20,GSE87008,GSM2318755,BT20
bt20,GSE73526,GSM1897279,BT20,GSE81032,GSM2140851,BT20
bt20,GSE73526,GSM1897279,BT20,GSE87006,GSM2318755,BT20
bt20,GSE73526,GSM1897279,BT20,GSE87008,GSM2318755,BT20
bt20,GSE81032,GSM2140851,BT20,GSE87006,GSM2318755,BT20
bt20,GSE81032,GSM2140851,BT20,GSE87008,GSM2318755,BT20
bt474,GSE111151,GSM3024061,BT-474,GSE152908,GSM4629423,BT-474
bt474,GSE111151,GSM3024061,BT-474,GSE16732,GSM419256,BT474
bt474,GSE111151,GSM3024061,BT-474,GSE16795,GSM421861,BT474
bt474,GSE111151,GSM3024061,BT-474,GSE173634,GSM5272798,BT474
bt474,GSE111151,GSM3024061,BT-474,GSE17945,GSM448879,BT-474
bt474,GSE111151,GSM3024061,BT-474,GSE208238,GSM6339462,BT-474
bt474,GSE111151,GSM3024061,BT-474,GSE212143,GSM6510136,BT474
bt474,GSE111151,GSM3024061,BT-474,GSE24578,GSM605919,BT474
bt474,GSE111151,GSM3024061,BT-474,GSE24717,GSM605919,BT474
bt474,GSE111151,GSM3024061,BT-474,GSE52643,GSM1273492,BT-474
bt474,GSE111151,GSM3024061,BT-474,GSE58135,GSM1401649,BT-474
bt474,GSE111151,GSM3024061,BT-474,GSE65314,GSM1592332,BT474
bt474,GSE111151,GSM3024061,BT-474,GSE73526,GSM1897280,BT474
bt474,GSE111151,GSM3024061,BT-474,GSE87006,GSM2318756,BT474
bt474,GSE111151,GSM3024061,BT-474,GSE87008,GSM2318756,BT474
bt474,GSE152908,GSM4629423,BT-474,GSE16732,GSM419256,BT474
bt474,GSE152908,GSM4629423,BT-474,GSE16795,GSM421861,BT474
bt474,GSE152908,GSM4629423,BT-474,GSE173634,GSM5272798,BT474
bt474,GSE152908,GSM4629423,BT-474,GSE17945,GSM448879,BT-474
bt474,GSE152908,GSM4629423,BT-474,GSE208238,GSM6339462,BT-474
bt474,GSE152908,GSM4629423,BT-474,GSE212143,GSM6510136,BT474
bt474,GSE152908,GSM4629423,BT-474,GSE24578,GSM605919,BT474
bt474,GSE152908,GSM4629423,BT-474,GSE24717,GSM605919,BT474
bt474,GSE152908,GSM4629423,BT-474,GSE52643,GSM1273492,BT-474
bt474,GSE152908,GSM4629423,BT-474,GSE58135,GSM1401649,BT-474
bt474,GSE152908,GSM4629423,BT-474,GSE65314,GSM1592332,BT474
bt474,GSE152908,GSM4629423,BT-474,GSE73526,GSM1897280,BT474
bt474,GSE152908,GSM4629423,BT-474,GSE87006,GSM2318756,BT474
bt474,GSE152908,GSM4629423,BT-474,GSE87008,GSM2318756,BT474
bt474,GSE16732,GSM419256,BT474,GSE16795,GSM421861,BT474
bt474,GSE16732,GSM419256,BT474,GSE173634,GSM5272798,BT474
bt474,GSE16732,GSM419256,BT474,GSE17945,GSM448879,BT-474
bt474,GSE16732,GSM419256,BT474,GSE208238,GSM6339462,BT-474
bt474,GSE16732,GSM419256,BT474,GSE212143,GSM6510136,BT474
bt474,GSE16732,GSM419256,BT474,GSE24578,GSM605919,BT474
bt474,GSE16732,GSM419256,BT474,GSE24717,GSM605919,BT474
bt474,GSE16732,GSM419256,BT474,GSE52643,GSM1273492,BT-474
bt474,GSE16732,GSM419256,BT474,GSE58135,GSM1401649,BT-474
bt474,GSE16732,GSM419256,BT474,GSE65314,GSM1592332,BT474
bt474,GSE16732,GSM419256,BT474,GSE73526,GSM1897280,BT474
bt474,GSE16732,GSM419256,BT474,GSE87006,GSM2318756,BT474
bt474,GSE16732,GSM419256,BT474,GSE87008,GSM2318756,BT474
bt474,GSE16795,GSM421861,BT474,GSE173634,GSM5272798,BT474
bt474,GSE16795,GSM421861,BT474,GSE17945,GSM448879,BT-474
bt474,GSE16795,GSM421861,BT474,GSE208238,GSM6339462,BT-474
bt474,GSE16795,GSM421861,BT474,GSE212143,GSM6510136,BT474
bt474,GSE16795,GSM421861,BT474,GSE24578,GSM605919,BT474
bt474,GSE16795,GSM421861,BT474,GSE24717,GSM605919,BT474
bt474,GSE16795,GSM421861,BT474,GSE52643,GSM1273492,BT-474
bt474,GSE16795,GSM421861,BT474,GSE58135,GSM1401649,BT-474
bt474,GSE16795,GSM421861,BT474,GSE65314,GSM1592332,BT474
bt474,GSE16795,GSM421861,BT474,GSE73526,GSM1897280,BT474
bt474,GSE16795,GSM421861,BT474,GSE87006,GSM2318756,BT474
bt474,GSE16795,GSM421861,BT474,GSE87008,GSM2318756,BT474
bt474,GSE173634,GSM5272798,BT474,GSE17945,GSM448879,BT-474
bt474,GSE173634,GSM5272798,BT474,GSE208238,GSM6339462,BT-474
bt474,GSE173634,GSM5272798,BT474,GSE212143,GSM6510136,BT474
bt474,GSE173634,GSM5272798,BT474,GSE24578,GSM605919,BT474
bt474,GSE173634,GSM5272798,BT474,GSE24717,GSM605919,BT474
bt474,GSE173634,GSM5272798,BT474,GSE52643,GSM1273492,BT-474
bt474,GSE173634,GSM5272798,BT474,GSE58135,GSM1401649,BT-474
bt474,GSE173634,GSM5272798,BT474,GSE65314,GSM1592332,BT474
bt474,GSE173634,GSM5272798,BT474,GSE73526,GSM1897280,BT474
bt474,GSE173634,GSM5272798,BT474,GSE87006,GSM2318756,BT474
bt474,GSE173634,GSM5272798,BT474,GSE87008,GSM2318756,BT474
bt474,GSE17945,GSM448879,BT-474,GSE208238,GSM6339462,BT-474
bt474,GSE17945,GSM448879,BT-474,GSE212143,GSM6510136,BT474
bt474,GSE17945,GSM448879,BT-474,GSE24578,GSM605919,BT474
bt474,GSE17945,GSM448879,BT-474,GSE24717,GSM605919,BT474
bt474,GSE17945,GSM448879,BT-474,GSE52643,GSM1273492,BT-474
bt474,GSE17945,GSM448879,BT-474,GSE58135,GSM1401649,BT-474
bt474,GSE17945,GSM448879,BT-474,GSE65314,GSM1592332,BT474
bt474,GSE17945,GSM448879,BT-474,GSE73526,GSM1897280,BT474
bt474,GSE17945,GSM448879,BT-474,GSE87006,GSM2318756,BT474
bt474,GSE17945,GSM448879,BT-474,GSE87008,GSM2318756,BT474
bt474,GSE208238,GSM6339462,BT-474,GSE212143,GSM6510136,BT474
bt474,GSE208238,GSM6339462,BT-474,GSE24578,GSM605919,BT474
bt474,GSE208238,GSM6339462,BT-474,GSE24717,GSM605919,BT474
bt474,GSE208238,GSM6339462,BT-474,GSE52643,GSM1273492,BT-474
bt474,GSE208238,GSM6339462,BT-474,GSE58135,GSM1401649,BT-474
bt474,GSE208238,GSM6339462,BT-474,GSE65314,GSM1592332,BT474
bt474,GSE208238,GSM6339462,BT-474,GSE73526,GSM1897280,BT474
bt474,GSE208238,GSM6339462,BT-474,GSE87006,GSM2318756,BT474
bt474,GSE208238,GSM6339462,BT-474,GSE87008,GSM2318756,BT474
bt474,GSE212143,GSM6510136,BT474,GSE24578,GSM605919,BT474
bt474,GSE212143,GSM6510136,BT474,GSE24717,GSM605919,BT474
bt474,GSE212143,GSM6510136,BT474,GSE52643,GSM1273492,BT-474
bt474,GSE212143,GSM6510136,BT474,GSE58135,GSM1401649,BT-474
bt474,GSE212143,GSM6510136,BT474,GSE65314,GSM1592332,BT474
bt474,GSE212143,GSM6510136,BT474,GSE73526,GSM1897280,BT474
bt474,GSE212143,GSM6510136,BT474,GSE87006,GSM2318756,BT474
bt474,GSE212143,GSM6510136,BT474,GSE87008,GSM2318756,BT474
bt474,GSE24578,GSM605919,BT474,GSE52643,GSM1273492,BT-474
bt474,GSE24578,GSM605919,BT474,GSE58135,GSM1401649,BT-474
bt474,GSE24578,GSM605919,BT474,GSE65314,GSM1592332,BT474
bt474,GSE24578,GSM605919,BT474,GSE73526,GSM1897280,BT474
bt474,GSE24578,GSM605919,BT474,GSE87006,GSM2318756,BT474
bt474,GSE24578,GSM605919,BT474,GSE87008,GSM2318756,BT474
bt474,GSE24717,GSM605919,BT474,GSE52643,GSM1273492,BT-474
bt474,GSE24717,GSM605919,BT474,GSE58135,GSM1401649,BT-474
bt474,GSE24717,GSM605919,BT474,GSE65314,GSM1592332,BT474
bt474,GSE24717,GSM605919,BT474,GSE73526,GSM1897280,BT474
bt474,GSE24717,GSM605919,BT474,GSE87006,GSM2318756,BT474
bt474,GSE24717,GSM605919,BT474,GSE87008,GSM2318756,BT474
bt474,GSE52643,GSM1273492,BT-474,GSE58135,GSM1401649,BT-474
bt474,GSE52643,GSM1273492,BT-474,GSE65314,GSM1592332,BT474
bt474,GSE52643,GSM1273492,BT-474,GSE73526,GSM1897280,BT474
bt474,GSE52643,GSM1273492,BT-474,GSE87006,GSM2318756,BT474
bt474,GSE52643,GSM1273492,BT-474,GSE87008,GSM2318756,BT474
bt474,GSE58135,GSM1401649,BT-474,GSE65314,GSM1592332,BT474
bt474,GSE58135,GSM1401649,BT-474,GSE73526,GSM1897280,BT474
bt474,GSE58135,GSM1401649,BT-474,GSE87006,GSM2318756,BT474
bt474,GSE58135,GSM1401649,BT-474,GSE87008,GSM2318756,BT474
bt474,GSE65314,GSM1592332,BT474,GSE73526,GSM1897280,BT474
bt474,GSE65314,GSM1592332,BT474,GSE87006,GSM2318756,BT474
bt474,GSE65314,GSM1592332,BT474,GSE87008,GSM2318756,BT474
bt474,GSE73526,GSM1897280,BT474,GSE87006,GSM2318756,BT474
bt474,GSE73526,GSM1897280,BT474,GSE87008,GSM2318756,BT474
bt474atcc,GSE3281,GSM1865,BT-474/ATCC,GSE3353,GSM75821,BT-474/ATCC.
bt474atcc,GSE3353,GSM75821,BT-474/ATCC.,GSE61,GSM1865,BT-474/ATCC
bt483,GSE152908,GSM4629424,BT-483,GSE16732,GSM419257,BT483
bt483,GSE152908,GSM4629424,BT-483,GSE16795,GSM421862,BT483
bt483,GSE152908,GSM4629424,BT-483,GSE173634,GSM5272799,BT483
bt483,GSE152908,GSM4629424,BT-483,GSE24578,GSM605912,BT483
bt483,GSE152908,GSM4629424,BT-483,GSE24717,GSM605912,BT483
bt483,GSE152908,GSM4629424,BT-483,GSE41119,GSM1008892,BT483
bt483,GSE152908,GSM4629424,BT-483,GSE73526,GSM1897281,BT483
bt483,GSE16732,GSM419257,BT483,GSE16795,GSM421862,BT483
bt483,GSE16732,GSM419257,BT483,GSE173634,GSM5272799,BT483
bt483,GSE16732,GSM419257,BT483,GSE24578,GSM605912,BT483
bt483,GSE16732,GSM419257,BT483,GSE24717,GSM605912,BT483
bt483,GSE16732,GSM419257,BT483,GSE41119,GSM1008892,BT483
bt483,GSE16732,GSM419257,BT483,GSE73526,GSM1897281,BT483
bt483,GSE16795,GSM421862,BT483,GSE173634,GSM5272799,BT483
bt483,GSE16795,GSM421862,BT483,GSE24578,GSM605912,BT483
bt483,GSE16795,GSM421862,BT483,GSE24717,GSM605912,BT483
bt483,GSE16795,GSM421862,BT483,GSE41119,GSM1008892,BT483
bt483,GSE16795,GSM421862,BT483,GSE73526,GSM1897281,BT483
bt483,GSE173634,GSM5272799,BT483,GSE24578,GSM605912,BT483
bt483,GSE173634,GSM5272799,BT483,GSE24717,GSM605912,BT483
bt483,GSE173634,GSM5272799,BT483,GSE41119,GSM1008892,BT483
bt483,GSE173634,GSM5272799,BT483,GSE73526,GSM1897281,BT483
bt483,GSE24578,GSM605912,BT483,GSE41119,GSM1008892,BT483
bt483,GSE24578,GSM605912,BT483,GSE73526,GSM1897281,BT483
bt483,GSE24717,GSM605912,BT483,GSE41119,GSM1008892,BT483
bt483,GSE24717,GSM605912,BT483,GSE73526,GSM1897281,BT483
bt483,GSE41119,GSM1008892,BT483,GSE73526,GSM1897281,BT483
c17,GSE131512,GSM3783541,C17,GSE48408,GSM1177339,C17
c18,GSE131512,GSM3783542,C18,GSE48408,GSM1177341,C18
c19,GSE131512,GSM3783543,C19,GSE48408,GSM1177281,C19
c22,GSE131512,GSM3783546,C22,GSE48408,GSM1177343,C22
c24,GSE131512,GSM3783548,C24,GSE48408,GSM1177345,C24
c25,GSE131512,GSM3783549,C25,GSE48408,GSM1177347,C25
c27,GSE131512,GSM3783551,C27,GSE48408,GSM1177349,C27
c28,GSE131512,GSM3783552,C28,GSE48408,GSM1177351,C28
c29,GSE131512,GSM3783553,C29,GSE48408,GSM1177353,C29
c30,GSE131512,GSM3783554,C30,GSE48408,GSM1177355,C30
c31,GSE131512,GSM3783555,C31,GSE48408,GSM1177357,C31
c32,GSE131512,GSM3783556,C32,GSE48408,GSM1177359,C32
c33,GSE131512,GSM3783557,C33,GSE48408,GSM1177361,C33
c35,GSE131512,GSM3783559,C35,GSE48408,GSM1177363,C35
c36,GSE131512,GSM3783560,C36,GSE48408,GSM1177365,C36
c37,GSE131512,GSM3783561,C37,GSE48408,GSM1177367,C37
c38,GSE131512,GSM3783562,C38,GSE48408,GSM1177369,C38
c39,GSE131512,GSM3783563,C39,GSE48408,GSM1177371,C39
c40,GSE131512,GSM3783564,C40,GSE48408,GSM1177373,C40
c42,GSE131512,GSM3783566,C42,GSE48408,GSM1177375,C42
c44,GSE131512,GSM3783568,C44,GSE48408,GSM1177377,C44
c48,GSE131512,GSM3783572,C48,GSE48408,GSM1177379,C48
cal120,GSE152908,GSM4629382,CAL120,GSE59242,GSM1431195,CAL120
cal120,GSE152908,GSM4629382,CAL120,GSE73526,GSM1897283,CAL120
cal120,GSE59242,GSM1431195,CAL120,GSE73526,GSM1897283,CAL120
cal148,GSE59242,GSM1431220,CAL148,GSE73526,GSM1897284,CAL148
cal51,GSE119678,GSM3380721,CAL51,GSE152908,GSM4629383,CAL51
cal51,GSE119678,GSM3380721,CAL51,GSE173634,GSM5272801,CAL51
cal51,GSE119678,GSM3380721,CAL51,GSE59242,GSM1431201,CAL51
cal51,GSE119678,GSM3380721,CAL51,GSE73526,GSM1897285,CAL51
cal51,GSE152908,GSM4629383,CAL51,GSE173634,GSM5272801,CAL51
cal51,GSE152908,GSM4629383,CAL51,GSE59242,GSM1431201,CAL51
cal51,GSE152908,GSM4629383,CAL51,GSE73526,GSM1897285,CAL51
cal51,GSE173634,GSM5272801,CAL51,GSE59242,GSM1431201,CAL51
cal51,GSE173634,GSM5272801,CAL51,GSE73526,GSM1897285,CAL51
cal51,GSE59242,GSM1431201,CAL51,GSE73526,GSM1897285,CAL51
cal851,GSE152908,GSM4629384,CAL851,GSE173634,GSM5272802,CAL851
cal851,GSE152908,GSM4629384,CAL851,GSE73526,GSM1897286,CAL851
cal851,GSE173634,GSM5272802,CAL851,GSE73526,GSM1897286,CAL851
cdbr1650,GSE109761,GSM2966528,CD_Br16_50,GSE126669,GSM3611016,CD Br16 50
cdbr1653,GSE109761,GSM2966533,CD_Br16_53,GSE126669,GSM3611017,CD Br16 53
cdbr1655,GSE109761,GSM2966535,CD_Br16_55,GSE126669,GSM3611018,CD Br16 55
cdbr1657,GSE109761,GSM2966537,CD_Br16_57,GSE126669,GSM3611019,CD Br16 57
cdbr1663,GSE109761,GSM2966543,CD_Br16_63,GSE126669,GSM3611020,CD Br16 63
cdbr1665,GSE109761,GSM2966545,CD_Br16_65,GSE126669,GSM3611021,CD Br16 65
controlrep1,GSE19295,GSM478977,Control_rep1,GSE196781,GSM5900864,control-rep1
controlrep1,GSE19295,GSM478977,Control_rep1,GSE327958,GSM9669393,Control_Rep1
controlrep1,GSE19295,GSM478977,Control_rep1,GSE51403,GSM1244816,Control_Rep1
controlrep1,GSE19295,GSM478977,Control_rep1,GSE54756,GSM1323555,control_rep1
controlrep1,GSE19295,GSM478977,Control_rep1,GSE57243,GSM1385887,Control_rep1
controlrep1,GSE196781,GSM5900864,control-rep1,GSE327958,GSM9669393,Control_Rep1
controlrep1,GSE196781,GSM5900864,control-rep1,GSE51403,GSM1244816,Control_Rep1
controlrep1,GSE196781,GSM5900864,control-rep1,GSE54756,GSM1323555,control_rep1
controlrep1,GSE196781,GSM5900864,control-rep1,GSE57243,GSM1385887,Control_rep1
controlrep1,GSE327958,GSM9669393,Control_Rep1,GSE51403,GSM1244816,Control_Rep1
controlrep1,GSE327958,GSM9669393,Control_Rep1,GSE54756,GSM1323555,control_rep1
controlrep1,GSE327958,GSM9669393,Control_Rep1,GSE57243,GSM1385887,Control_rep1
controlrep1,GSE51403,GSM1244816,Control_Rep1,GSE54756,GSM1323555,control_rep1
controlrep1,GSE51403,GSM1244816,Control_Rep1,GSE57243,GSM1385887,Control_rep1
controlrep1,GSE54756,GSM1323555,control_rep1,GSE57243,GSM1385887,Control_rep1
controlrep2,GSE19295,GSM478978,Control_rep2,GSE196781,GSM5900865,control-rep2
controlrep2,GSE19295,GSM478978,Control_rep2,GSE327958,GSM9669394,Control_Rep2
controlrep2,GSE19295,GSM478978,Control_rep2,GSE51403,GSM1244817,Control_Rep2
controlrep2,GSE19295,GSM478978,Control_rep2,GSE54756,GSM1323557,control_rep2
controlrep2,GSE19295,GSM478978,Control_rep2,GSE57243,GSM1385888,Control_rep2
controlrep2,GSE196781,GSM5900865,control-rep2,GSE327958,GSM9669394,Control_Rep2
controlrep2,GSE196781,GSM5900865,control-rep2,GSE51403,GSM1244817,Control_Rep2
controlrep2,GSE196781,GSM5900865,control-rep2,GSE54756,GSM1323557,control_rep2
controlrep2,GSE196781,GSM5900865,control-rep2,GSE57243,GSM1385888,Control_rep2
controlrep2,GSE327958,GSM9669394,Control_Rep2,GSE51403,GSM1244817,Control_Rep2
controlrep2,GSE327958,GSM9669394,Control_Rep2,GSE54756,GSM1323557,control_rep2
controlrep2,GSE327958,GSM9669394,Control_Rep2,GSE57243,GSM1385888,Control_rep2
controlrep2,GSE51403,GSM1244817,Control_Rep2,GSE54756,GSM1323557,control_rep2
controlrep2,GSE51403,GSM1244817,Control_Rep2,GSE57243,GSM1385888,Control_rep2
controlrep2,GSE54756,GSM1323557,control_rep2,GSE57243,GSM1385888,Control_rep2
controlrep3,GSE19295,GSM478979,Control_rep3,GSE327958,GSM9669395,Control_Rep3
controlrep3,GSE19295,GSM478979,Control_rep3,GSE51403,GSM1244818,Control_Rep3
controlrep3,GSE19295,GSM478979,Control_rep3,GSE54756,GSM1323559,control_rep3
controlrep3,GSE327958,GSM9669395,Control_Rep3,GSE51403,GSM1244818,Control_Rep3
controlrep3,GSE327958,GSM9669395,Control_Rep3,GSE54756,GSM1323559,control_rep3
controlrep3,GSE51403,GSM1244818,Control_Rep3,GSE54756,GSM1323559,control_rep3
controlrep4,GSE19295,GSM478980,Control_rep4,GSE51403,GSM1244819,Control_Rep4
crmfzr7510148hrep1,GSE26411,GSM608203,"C_RMF:ZR75-1(0:1,48h)_rep1",GSE52783,GSM1275938,"C_RMF:ZR751(0:1,48h)_rep1"
ctrlrep1,GSE127212,GSM3630934,CTRL_rep1,GSE62766,GSM1533163,Ctrl_rep1
ctrlrep1,GSE127213,GSM3630934,CTRL_rep1,GSE62766,GSM1533163,Ctrl_rep1
ctrlrep2,GSE127212,GSM3630935,CTRL_rep2,GSE62766,GSM1533164,Ctrl_rep2
ctrlrep2,GSE127213,GSM3630935,CTRL_rep2,GSE62766,GSM1533164,Ctrl_rep2
dmso173,GSE223524,GSM6958318,DMSO_173,GSE290030,GSM8804070,DMSO_173
dmso178,GSE223524,GSM6958314,DMSO_178,GSE290030,GSM8804071,DMSO_178
dmso181,GSE223524,GSM6958315,DMSO_181,GSE290030,GSM8804072,DMSO_181
dmso182,GSE223524,GSM6958319,DMSO_182,GSE290030,GSM8804073,DMSO_182
dmso183,GSE223524,GSM6958316,DMSO_183,GSE290030,GSM8804074,DMSO_183
dmso187,GSE211183,GSM6455124,DMSO_187,GSE223524,GSM6958317,DMSO_187
dmso187,GSE211183,GSM6455124,DMSO_187,GSE290030,GSM8804075,DMSO_187
dmso187,GSE223524,GSM6958317,DMSO_187,GSE290030,GSM8804075,DMSO_187
dmsorep1,GSE115550,GSM3181861,DMSO_rep1,GSE120756,GSM3414809,DMSO_Rep1
dmsorep1,GSE115550,GSM3181861,DMSO_rep1,GSE124843,GSM3556970,DMSO_rep1
dmsorep1,GSE115550,GSM3181861,DMSO_rep1,GSE191050,GSM5738003,DMSO_rep1
dmsorep1,GSE115550,GSM3181861,DMSO_rep1,GSE262009,GSM8340326,DMSO_REP1
dmsorep1,GSE120756,GSM3414809,DMSO_Rep1,GSE124843,GSM3556970,DMSO_rep1
dmsorep1,GSE120756,GSM3414809,DMSO_Rep1,GSE191050,GSM5738003,DMSO_rep1
dmsorep1,GSE120756,GSM3414809,DMSO_Rep1,GSE262009,GSM8340326,DMSO_REP1
dmsorep1,GSE124843,GSM3556970,DMSO_rep1,GSE191050,GSM5738003,DMSO_rep1
dmsorep1,GSE124843,GSM3556970,DMSO_rep1,GSE262009,GSM8340326,DMSO_REP1
dmsorep1,GSE191050,GSM5738003,DMSO_rep1,GSE262009,GSM8340326,DMSO_REP1
dmsorep2,GSE115550,GSM3181866,DMSO_rep2,GSE120756,GSM3414810,DMSO_Rep2
dmsorep2,GSE115550,GSM3181866,DMSO_rep2,GSE124843,GSM3556971,DMSO_rep2
dmsorep2,GSE115550,GSM3181866,DMSO_rep2,GSE191050,GSM5738007,DMSO_rep2
dmsorep2,GSE115550,GSM3181866,DMSO_rep2,GSE262009,GSM8340327,DMSO_REP2
dmsorep2,GSE120756,GSM3414810,DMSO_Rep2,GSE124843,GSM3556971,DMSO_rep2
dmsorep2,GSE120756,GSM3414810,DMSO_Rep2,GSE191050,GSM5738007,DMSO_rep2
dmsorep2,GSE120756,GSM3414810,DMSO_Rep2,GSE262009,GSM8340327,DMSO_REP2
dmsorep2,GSE124843,GSM3556971,DMSO_rep2,GSE191050,GSM5738007,DMSO_rep2
dmsorep2,GSE124843,GSM3556971,DMSO_rep2,GSE262009,GSM8340327,DMSO_REP2
dmsorep2,GSE191050,GSM5738007,DMSO_rep2,GSE262009,GSM8340327,DMSO_REP2
dmsorep3,GSE191050,GSM5738011,DMSO_rep3,GSE262009,GSM8340328,DMSO_REP3
du4475,GSE16732,GSM419260,DU4475,GSE16795,GSM421865,DU4475
du4475,GSE16732,GSM419260,DU4475,GSE173634,GSM5272804,DU4475
du4475,GSE16732,GSM419260,DU4475,GSE59242,GSM1431196,DU4475
du4475,GSE16732,GSM419260,DU4475,GSE73526,GSM1897288,DU4475
du4475,GSE16795,GSM421865,DU4475,GSE173634,GSM5272804,DU4475
du4475,GSE16795,GSM421865,DU4475,GSE59242,GSM1431196,DU4475
du4475,GSE16795,GSM421865,DU4475,GSE73526,GSM1897288,DU4475
du4475,GSE173634,GSM5272804,DU4475,GSE59242,GSM1431196,DU4475
du4475,GSE173634,GSM5272804,DU4475,GSE73526,GSM1897288,DU4475
du4475,GSE59242,GSM1431196,DU4475,GSE73526,GSM1897288,DU4475
e29,GSE26349,GSM647061,E29,GSE37340,GSM916482,E29
e31,GSE26349,GSM647062,E31,GSE37340,GSM916490,E31
e33,GSE26349,GSM647063,E33,GSE37340,GSM916483,E33
e36,GSE26349,GSM647064,E36,GSE37340,GSM916495,E36
e38,GSE26349,GSM647071,E38,GSE37340,GSM916488,E38
efm19,GSE173634,GSM5272805,EFM19,GSE262110,GSM8157734,EFM19
efm19,GSE173634,GSM5272805,EFM19,GSE73526,GSM1897289,EFM19
efm19,GSE262110,GSM8157734,EFM19,GSE73526,GSM1897289,EFM19
efm192a,GSE59242,GSM1431192,EFM192A,GSE73526,GSM1897290,EFM192A
f1806,GSE253683,GSM8025742,f1806,GSE81540,GSM2529884,F1806
f1806,GSE253683,GSM8025742,f1806,GSE96058,GSM2529884,F1806
f1937,GSE253683,GSM8025736,f1937,GSE81540,GSM2530015,F1937
f1937,GSE253683,GSM8025736,f1937,GSE96058,GSM2530015,F1937
f231,GSE253683,GSM8025748,f231,GSE81540,GSM2528309,F231
f231,GSE253683,GSM8025748,f231,GSE96058,GSM2528309,F231
ffpex110110241x2830ffpeplate1,GSE115577,GSM3182970,FFPE X110110241 [X28_30_FFPE_PLATE1],GSE93601,GSM2457348,FFPE_X110110241 [X28_30_FFPE_PLATE1]
ffpex110110241x2931ffpeplate1,GSE115577,GSM3182975,FFPE X110110241 [X29_31_FFPE_PLATE1],GSE93601,GSM2457347,FFPE_X110110241 [X29_31_FFPE_PLATE1]
ffpex110123057x78ffpeplate1,GSE115577,GSM3183388,FFPE X110123057 [X7_8_FFPE_PLATE1],GSE93601,GSM2457427,FFPE_X110123057 [X7_8_FFPE_PLATE1]
ffpex110196127x6467ffpeplate1,GSE115577,GSM3183272,FFPE X110196127 [X64_67_FFPE_PLATE1],GSE93601,GSM2457482,FFPE_X110196127 [X64_67_FFPE_PLATE1]
ffpex110227403x59481plate5,GSE115577,GSM3183118,FFPE X110227403 [X59_481_plate5],GSE93601,GSM2457860,FFPE_X110227403 [X59_481_plate5]
ffpex110227403x60482plate5,GSE115577,GSM3183119,FFPE X110227403 [X60_482_plate5],GSE93601,GSM2457859,FFPE_X110227403 [X60_482_plate5]
ffpex110245716x43465plate5,GSE115577,GSM3183102,FFPE X110245716 [X43_465_plate5],GSE93601,GSM2457469,FFPE_X110245716 [X43_465_plate5]
ffpex110246000x5052ffpeplate1,GSE115577,GSM3183154,FFPE X110246000 [X50_52_FFPE_PLATE1],GSE93601,GSM2457479,FFPE_X110246000 [X50_52_FFPE_PLATE1]
ffpex110246000x5153ffpeplate1,GSE115577,GSM3183161,FFPE X110246000 [X51_53_FFPE_PLATE1],GSE93601,GSM2457478,FFPE_X110246000 [X51_53_FFPE_PLATE1]
ffpex110249942x60360plate4,GSE115577,GSM3183016,FFPE X110249942 [X60_360_PLATE4],GSE93601,GSM2457679,FFPE_X110249942 [X60_360_PLATE4]
ffpex110284224x58e10plate63,GSE115577,GSM3183434,FFPE X110284224 [X58_E10_plate6_3],GSE93601,GSM2457549,FFPE_X110284224 [X58_E10_plate6_3]
ffpex110313902x69171plate2,GSE115577,GSM3182889,FFPE X110313902 [X69_171_plate2],GSE93601,GSM2458050,FFPE_X110313902 [X69_171_plate2]
ffpex110313902x70172plate2,GSE115577,GSM3182890,FFPE X110313902 [X70_172_plate2],GSE93601,GSM2458049,FFPE_X110313902 [X70_172_plate2]
ffpex110327002x5800plate9,GSE115577,GSM3183389,FFPE X110327002 [X5_800_plate9],GSE93601,GSM2458027,FFPE_X110327002 [X5_800_plate9]
ffpex110327002x72799,GSE115577,GSM3183387,FFPE X110327002 [X72_799],GSE93601,GSM2458028,FFPE_X110327002 [X72_799]
ffpex110359033x83185plate2,GSE115577,GSM3182900,FFPE X110359033 [X83_185_plate2],GSE93601,GSM2457722,FFPE_X110359033 [X83_185_plate2]
ffpex110359033x84186plate2,GSE115577,GSM3182901,FFPE X110359033 [X84_186_plate2],GSE93601,GSM2457721,FFPE_X110359033 [X84_186_plate2]
ffpex110439133x57909plate9,GSE115577,GSM3183455,FFPE X110439133 [X57_909_plate9],GSE93601,GSM2458015,FFPE_X110439133 [X57_909_plate9]
ffpex110439133x58910plate9,GSE115577,GSM3183457,FFPE X110439133 [X58_910_plate9],GSE93601,GSM2458014,FFPE_X110439133 [X58_910_plate9]
ffpex110446640x41341plate4,GSE115577,GSM3182999,FFPE X110446640 [X41_341_PLATE4],GSE93601,GSM2457767,FFPE_X110446640 [X41_341_PLATE4]
ffpex110446640x42342plate4,GSE115577,GSM3183000,FFPE X110446640 [X42_342_PLATE4],GSE93601,GSM2457766,FFPE_X110446640 [X42_342_PLATE4]
ffpex110459353x331010,GSE115577,GSM3182781,FFPE X110459353 [X33_1010],GSE93601,GSM2457794,FFPE_X110459353 [X33_1010]
ffpex110509638x75685,GSE115577,GSM3183287,FFPE X110509638 [X75_685],GSE93601,GSM2457803,FFPE_X110509638 [X75_685]
ffpex110509638x76686,GSE115577,GSM3183288,FFPE X110509638 [X76_686],GSE93601,GSM2457802,FFPE_X110509638 [X76_686]
ffpex110511502x26823plate9hglue30v1,GSE115577,GSM3183408,FFPE X110511502 [X26_823_plate9_.hGlue_3_0_v1],GSE93601,GSM2457937,FFPE_X110511502 [X26_823_plate9_.hGlue_3_0_v1.]
ffpex110511502x27824plate9hglue30v1,GSE115577,GSM3183409,FFPE X110511502 [X27_824_plate9_.hGlue_3_0_v1],GSE93601,GSM2457936,FFPE_X110511502 [X27_824_plate9_.hGlue_3_0_v1.]
ffpex110520710x29329plate4,GSE115577,GSM3182992,FFPE X110520710 [X29_329_PLATE4],GSE93601,GSM2457678,FFPE_X110520710 [X29_329_PLATE4]
ffpex110520710x30330plate4,GSE115577,GSM3182993,FFPE X110520710 [X30_330_PLATE4],GSE93601,GSM2457677,FFPE_X110520710 [X30_330_PLATE4]
ffpex110537340x74112ffpeplate1,GSE115577,GSM3182840,FFPE X110537340 [X74_112_FFPE_PLATE1],GSE93601,GSM2457868,FFPE_X110537340 [X74_112_FFPE_PLATE1]
ffpex110537340x75113ffpeplate1,GSE115577,GSM3182841,FFPE X110537340 [X75_113_FFPE_PLATE1],GSE93601,GSM2457867,FFPE_X110537340 [X75_113_FFPE_PLATE1]
ffpex110558668x781055,GSE115577,GSM3182820,FFPE X110558668 [X78_1055],GSE93601,GSM2457682,FFPE_X110558668 [X78_1055]
ffpex110558977x90607plate6,GSE115577,GSM3183212,FFPE X110558977 [X90_607_plate_6],GSE93601,GSM2457699,FFPE_X110558977 [X90_607_plate_6]
ffpex110558977x91608plate6,GSE115577,GSM3183213,FFPE X110558977 [X91_608_plate_6],GSE93601,GSM2457698,FFPE_X110558977 [X91_608_plate_6]
ffpex110576878x10987,GSE115577,GSM3183496,FFPE X110576878 [X10_987],GSE93601,GSM2458124,FFPE_X110576878 [X10_987]
ffpex110602614x62764ffpeplate8,GSE115577,GSM3183360,FFPE X110602614 [X62_764_FFPE_Plate8],GSE93601,GSM2457389,FFPE_X110602614 [X62_764_FFPE_Plate8]
ffpex110614116x33455plate5,GSE115577,GSM3183091,FFPE X110614116 [X33_455_plate5],GSE93601,GSM2457344,FFPE_X110614116 [X33_455_plate5]
ffpex110614116x34456plate52,GSE115577,GSM3183092,FFPE X110614116 [X34_456_plate5_2],GSE93601,GSM2457343,FFPE_X110614116 [X34_456_plate5_2]
ffpex110705743x77377plate4,GSE115577,GSM3183030,FFPE X110705743 [X77_377_PLATE4],GSE93601,GSM2457589,FFPE_X110705743 [X77_377_PLATE4]
ffpex110705743x78378plate4,GSE115577,GSM3183031,FFPE X110705743 [X78_378_PLATE4],GSE93601,GSM2457588,FFPE_X110705743 [X78_378_PLATE4]
ffpex110722330x79689,GSE115577,GSM3183289,FFPE X110722330 [X79_689],GSE93601,GSM2457851,FFPE_X110722330 [X79_689]
ffpex110722330x80690,GSE115577,GSM3183290,FFPE X110722330 [X80_690],GSE93601,GSM2457850,FFPE_X110722330 [X80_690]
ffpex110725860x911068,GSE115577,GSM3182832,FFPE X110725860 [X91_1068],GSE93601,GSM2457359,FFPE_X110725860 [X91_1068]
ffpex110726041x41743ffpeplate8,GSE115577,GSM3183343,FFPE X110726041 [X41_743_FFPE_Plate8],GSE93601,GSM2457363,FFPE_X110726041 [X41_743_FFPE_Plate8]
ffpex110726041x42744ffpeplate8,GSE115577,GSM3183344,FFPE X110726041 [X42_744_FFPE_Plate8],GSE93601,GSM2457362,FFPE_X110726041 [X42_744_FFPE_Plate8]
ffpex110768079x25447plate5,GSE115577,GSM3183083,FFPE X110768079 [X25_447_plate5],GSE93601,GSM2457733,FFPE_X110768079 [X25_447_plate5]
ffpex110768079x26448plate5,GSE115577,GSM3183084,FFPE X110768079 [X26_448_plate5],GSE93601,GSM2457732,FFPE_X110768079 [X26_448_plate5]
ffpex110772983x25207plate2,GSE115577,GSM3182917,FFPE X110772983 [X25_207_plate2],GSE93601,GSM2458126,FFPE_X110772983 [X25_207_plate2]
ffpex110772983x87208ffpeplate1,GSE115577,GSM3182918,FFPE X110772983 [X87_208_FFPE_PLATE1],GSE93601,GSM2458125,FFPE_X110772983 [X87_208_FFPE_PLATE1]
ffpex110776700x60787,GSE115577,GSM3183375,FFPE X110776700 [X60_787],GSE93601,GSM2457526,FFPE_X110776700 [X60_787]
ffpex110776700x61788,GSE115577,GSM3183376,FFPE X110776700 [X61_788],GSE93601,GSM2457525,FFPE_X110776700 [X61_788]
ffpex110841350x39839plate9,GSE115577,GSM3183419,FFPE X110841350 [X39_839_plate9],GSE93601,GSM2457944,FFPE_X110841350 [X39_839_plate9]
ffpex110841350x40840plate9,GSE115577,GSM3183420,FFPE X110841350 [X40_840_plate9],GSE93601,GSM2457943,FFPE_X110841350 [X40_840_plate9]
ffpex110850867x36893plate63,GSE115577,GSM3183448,FFPE X110850867 [X36_893_plate6_3],GSE93601,GSM2457755,FFPE_X110850867 [X36_893_plate6_3]
ffpex110850867x37554plate6,GSE115577,GSM3183179,FFPE X110850867 [X37_554_plate_6],GSE93601,GSM2457754,FFPE_X110850867 [X37_554_plate_6]
ffpex110858604x19536plate6,GSE115577,GSM3183167,FFPE X110858604 [X19_536_plate_6],GSE93601,GSM2457462,FFPE_X110858604 [X19_536_plate_6]
ffpex110882280x59786,GSE115577,GSM3183374,FFPE X110882280 [X59_786],GSE93601,GSM2457442,FFPE_X110882280 [X59_786]
ffpex110901127x371014,GSE115577,GSM3182785,FFPE X110901127 [X37_1014],GSE93601,GSM2457924,FFPE_X110901127 [X37_1014]
ffpex110954801x12807plate9,GSE115577,GSM3183396,FFPE X110954801 [X12_807_plate9],GSE93601,GSM2458056,FFPE_X110954801 [X12_807_plate9]
ffpex110954801x13808plate9,GSE115577,GSM3183397,FFPE X110954801 [X13_808_plate9],GSE93601,GSM2458055,FFPE_X110954801 [X13_808_plate9]
ffpex111023471x931070,GSE115577,GSM3182834,FFPE X111023471 [X93_1070],GSE93601,GSM2457826,FFPE_X111023471 [X93_1070]
ffpex111041372x13990,GSE115577,GSM3183499,FFPE X111041372 [X13_990],GSE93601,GSM2457447,FFPE_X111041372 [X13_990]
ffpex111076939x21229ffpeplate3,GSE115577,GSM3182937,FFPE X111076939 [X21_229_FFPE_PLATE3],GSE93601,GSM2458031,FFPE_X111076939 [X21_229_FFPE_PLATE3]
ffpex111076939x22230ffpeplate3,GSE115577,GSM3182938,FFPE X111076939 [X22_230_FFPE_PLATE3],GSE93601,GSM2458030,FFPE_X111076939 [X22_230_FFPE_PLATE3]
ffpex111111568x51661,GSE115577,GSM3183263,FFPE X111111568 [X51_661],GSE93601,GSM2457907,FFPE_X111111568 [X51_661]
ffpex111111568x52662,GSE115577,GSM3183264,FFPE X111111568 [X52_662],GSE93601,GSM2457906,FFPE_X111111568 [X52_662]
ffpex111137206x95705,GSE115577,GSM3183305,FFPE X111137206 [X95_705],GSE93601,GSM2458116,FFPE_X111137206 [X95_705]
ffpex111137206x96706,GSE115577,GSM3183306,FFPE X111137206 [X96_706],GSE93601,GSM2458115,FFPE_X111137206 [X96_706]
ffpex111255530x95197plate2,GSE115577,GSM3182912,FFPE X111255530 [X95_197_plate2],GSE93601,GSM2457686,FFPE_X111255530 [X95_197_plate2]
ffpex111343009x23725ffpeplate8,GSE115577,GSM3183326,FFPE X111343009 [X23_725_FFPE_Plate8],GSE93601,GSM2458022,FFPE_X111343009 [X23_725_FFPE_Plate8]
ffpex111343009x24726ffpeplate8,GSE115577,GSM3183327,FFPE X111343009 [X24_726_FFPE_Plate8],GSE93601,GSM2458021,FFPE_X111343009 [X24_726_FFPE_Plate8]
ffpex111365239x82692,GSE115577,GSM3183291,FFPE X111365239 [X82_692],GSE93601,GSM2457852,FFPE_X111365239 [X82_692]
ffpex111386052x511028,GSE115577,GSM3182799,FFPE X111386052 [X51_1028],GSE93601,GSM2457534,FFPE_X111386052 [X51_1028]
ffpex111412612x89191plate2,GSE115577,GSM3182906,FFPE X111412612 [X89_191_plate2],GSE93601,GSM2457667,FFPE_X111412612 [X89_191_plate2]
ffpex111412612x90192plate2,GSE115577,GSM3182907,FFPE X111412612 [X90_192_plate2],GSE93601,GSM2457666,FFPE_X111412612 [X90_192_plate2]
ffpex111448869x45253ffpeplate3,GSE115577,GSM3182942,FFPE X111448869 [X45_253_FFPE_PLATE3],GSE93601,GSM2457605,FFPE_X111448869 [X45_253_FFPE_PLATE3]
ffpex111448869x46254ffpeplate3,GSE115577,GSM3182943,FFPE X111448869 [X46_254_FFPE_PLATE3],GSE93601,GSM2457604,FFPE_X111448869 [X46_254_FFPE_PLATE3]
ffpex111486166x641041,GSE115577,GSM3182809,FFPE X111486166 [X64_1041],GSE93601,GSM2457639,FFPE_X111486166 [X64_1041]
ffpex111495065x45268plate63,GSE115577,GSM3182952,FFPE X111495065 [X45_268_plate6_3],GSE93601,GSM2457501,FFPE_X111495065 [X45_268_plate6_3]
ffpex111514839x33643,GSE115577,GSM3183246,FFPE X111514839 [X33_643],GSE93601,GSM2457994,FFPE_X111514839 [X33_643]
ffpex111514839x34644,GSE115577,GSM3183247,FFPE X111514839 [X34_644],GSE93601,GSM2457993,FFPE_X111514839 [X34_644]
ffpex111546149x68f8plate63,GSE115577,GSM3183197,FFPE X111546149 [X68_F8_plate6_3],GSE93601,GSM2457582,FFPE_X111546149 [X68_F8_plate6_3]
ffpex111546149x69f9plate63,GSE115577,GSM3183435,FFPE X111546149 [X69_F9_plate6_3],GSE93601,GSM2457581,FFPE_X111546149 [X69_F9_plate6_3]
ffpex111565570x14809plate9,GSE115577,GSM3183398,FFPE X111565570 [X14_809_plate9],GSE93601,GSM2458095,FFPE_X111565570 [X14_809_plate9]
ffpex111565570x15810plate9,GSE115577,GSM3183399,FFPE X111565570 [X15_810_plate9],GSE93601,GSM2458093,FFPE_X111565570 [X15_810_plate9]
ffpex111565982x37459plate5,GSE115577,GSM3183095,FFPE X111565982 [X37_459_plate5],GSE93601,GSM2457352,FFPE_X111565982 [X37_459_plate5]
ffpex111565982x38460plate5,GSE115577,GSM3183097,FFPE X111565982 [X38_460_plate5],GSE93601,GSM2457351,FFPE_X111565982 [X38_460_plate5]
ffpex111571866x61411plate4,GSE115577,GSM3183062,FFPE X111571866 [X61_411_PLATE4],GSE93601,GSM2457662,FFPE_X111571866 [X61_411_PLATE4]
ffpex111571866x62412plate4,GSE115577,GSM3183063,FFPE X111571866 [X62_412_PLATE4],GSE93601,GSM2457661,FFPE_X111571866 [X62_412_PLATE4]
ffpex111576376x6801plate9,GSE115577,GSM3183390,FFPE X111576376 [X6_801_plate9],GSE93601,GSM2458035,FFPE_X111576376 [X6_801_plate9]
ffpex111576376x7802plate9,GSE115577,GSM3183391,FFPE X111576376 [X7_802_plate9],GSE93601,GSM2458034,FFPE_X111576376 [X7_802_plate9]
ffpex111593272x81955,GSE115577,GSM3183480,FFPE X111593272 [X81_955],GSE93601,GSM2457463,FFPE_X111593272 [X81_955]
ffpex111594901x701047,GSE115577,GSM3182812,FFPE X111594901 [X70_1047],GSE93601,GSM2457535,FFPE_X111594901 [X70_1047]
ffpex111653152x16993,GSE115577,GSM3183502,FFPE X111653152 [X16_993],GSE93601,GSM2457402,FFPE_X111653152 [X16_993]
ffpex111686291x381015,GSE115577,GSM3182786,FFPE X111686291 [X38_1015],GSE93601,GSM2458117,FFPE_X111686291 [X38_1015]
ffpex111718572x81381plate4,GSE115577,GSM3183035,FFPE X111718572 [X81_381_PLATE4],GSE93601,GSM2457739,FFPE_X111718572 [X81_381_PLATE4]
ffpex111718572x82382plate4,GSE115577,GSM3183036,FFPE X111718572 [X82_382_PLATE4],GSE93601,GSM2457738,FFPE_X111718572 [X82_382_PLATE4]
ffpex111741661x51x395nhsiiplate5,GSE115577,GSM3183802,FFPE X111741661 [X51_X.395_NHSIIplate5],GSE93601,GSM2457704,FFPE_X111741661 [X51_X.395_NHSIIplate5]
ffpex111741661x52x396nhsiiplate5,GSE115577,GSM3183803,FFPE X111741661 [X52_X.396_NHSIIplate5],GSE93601,GSM2457703,FFPE_X111741661 [X52_X.396_NHSIIplate5]
ffpex111763994x6062ffpeplate1,GSE115577,GSM3183223,FFPE X111763994 [X60_62_FFPE_PLATE1],GSE93601,GSM2457484,FFPE_X111763994 [X60_62_FFPE_PLATE1]
ffpex111763994x6163ffpeplate1,GSE115577,GSM3183234,FFPE X111763994 [X61_63_FFPE_PLATE1],GSE93601,GSM2457483,FFPE_X111763994 [X61_63_FFPE_PLATE1]
ffpex111785091x13221ffpeplate3,GSE115577,GSM3182930,FFPE X111785091 [X13_221_FFPE_PLATE3],GSE93601,GSM2457988,FFPE_X111785091 [X13_221_FFPE_PLATE3]
ffpex111785091x14222ffpeplate3,GSE115577,GSM3182931,FFPE X111785091 [X14_222_FFPE_PLATE3],GSE93601,GSM2457987,FFPE_X111785091 [X14_222_FFPE_PLATE3]
ffpex111797217x7787ffpeplate1,GSE115577,GSM3183438,FFPE X111797217 [X77_87_FFPE_PLATE1],GSE93601,GSM2457973,FFPE_X111797217 [X77_87_FFPE_PLATE1]
ffpex111802340x86294ffpeplate3,GSE115577,GSM3182967,FFPE X111802340 [X86_294_FFPE_PLATE3],GSE93601,GSM2457527,FFPE_X111802340 [X86_294_FFPE_PLATE3]
ffpex111847708x65935plate9,GSE115577,GSM3183465,FFPE X111847708 [X65_935_plate9],GSE93601,GSM2458016,FFPE_X111847708 [X65_935_plate9]
ffpex111853277x241001,GSE115577,GSM3182771,FFPE X111853277 [X24_1001],GSE93601,GSM2457570,FFPE_X111853277 [X24_1001]
ffpex111872601x7429plate5,GSE115577,GSM3183067,FFPE X111872601 [X7_429_plate5],GSE93601,GSM2458024,FFPE_X111872601 [X7_429_plate5]
ffpex111879121x73373plate4,GSE115577,GSM3183026,FFPE X111879121 [X73_373_PLATE4],GSE93601,GSM2457591,FFPE_X111879121 [X73_373_PLATE4]
ffpex111879121x74374plate4,GSE115577,GSM3183027,FFPE X111879121 [X74_374_PLATE4],GSE93601,GSM2457590,FFPE_X111879121 [X74_374_PLATE4]
ffpex111882505x10619,GSE115577,GSM3183222,FFPE X111882505 [X10_619],GSE93601,GSM2457773,FFPE_X111882505 [X10_619]
ffpex111882505x11620,GSE115577,GSM3183224,FFPE X111882505 [X11_620],GSE93601,GSM2457772,FFPE_X111882505 [X11_620]
ffpex111905572x38138plate2,GSE115577,GSM3182861,FFPE X111905572 [X38_138_plate2],GSE93601,GSM2457816,FFPE_X111905572 [X38_138_plate2]
ffpex111905778x42142plate2,GSE115577,GSM3182865,FFPE X111905778 [X42_142_plate2],GSE93601,GSM2457822,FFPE_X111905778 [X42_142_plate2]
ffpex111952180x53x397nhsiiplate5,GSE115577,GSM3183804,FFPE X111952180 [X53_X.397_NHSIIplate5],GSE93601,GSM2457743,FFPE_X111952180 [X53_X.397_NHSIIplate5]
ffpex111954608x87387plate4,GSE115577,GSM3183041,FFPE X111954608 [X87_387_PLATE4],GSE93601,GSM2457975,FFPE_X111954608 [X87_387_PLATE4]
ffpex111954608x88388plate4,GSE115577,GSM3183042,FFPE X111954608 [X88_388_PLATE4],GSE93601,GSM2457974,FFPE_X111954608 [X88_388_PLATE4]
ffpex111990616x35645,GSE115577,GSM3183248,FFPE X111990616 [X35_645],GSE93601,GSM2457996,FFPE_X111990616 [X35_645]
ffpex111990616x36646,GSE115577,GSM3183249,FFPE X111990616 [X36_646],GSE93601,GSM2457995,FFPE_X111990616 [X36_646]
ffpex112013374x16811plate9,GSE115577,GSM3183400,FFPE X112013374 [X16_811_plate9],GSE93601,GSM2458098,FFPE_X112013374 [X16_811_plate9]
ffpex112013374x17812plate9,GSE115577,GSM3183401,FFPE X112013374 [X17_812_plate9],GSE93601,GSM2458096,FFPE_X112013374 [X17_812_plate9]
ffpex112022376x361013,GSE115577,GSM3182784,FFPE X112022376 [X36_1013],GSE93601,GSM2457843,FFPE_X112022376 [X36_1013]
ffpex112049534x45747ffpeplate8,GSE115577,GSM3183346,FFPE X112049534 [X45_747_FFPE_Plate8],GSE93601,GSM2457369,FFPE_X112049534 [X45_747_FFPE_Plate8]
ffpex112049534x46748ffpeplate8,GSE115577,GSM3183347,FFPE X112049534 [X46_748_FFPE_Plate8],GSE93601,GSM2457368,FFPE_X112049534 [X46_748_FFPE_Plate8]
ffpex112068955x55155plate2,GSE115577,GSM3182877,FFPE X112068955 [X55_155_plate2],GSE93601,GSM2457838,FFPE_X112068955 [X55_155_plate2]
ffpex112073731x41463plate5,GSE115577,GSM3183100,FFPE X112073731 [X41_463_plate5],GSE93601,GSM2457434,FFPE_X112073731 [X41_463_plate5]
ffpex112073731x42464plate5,GSE115577,GSM3183101,FFPE X112073731 [X42_464_plate5],GSE93601,GSM2457433,FFPE_X112073731 [X42_464_plate5]
ffpex112085645x52779,GSE115577,GSM3183369,FFPE X112085645 [X52_779],GSE93601,GSM2457438,FFPE_X112085645 [X52_779]
ffpex112085645x53780,GSE115577,GSM3183370,FFPE X112085645 [X53_780],GSE93601,GSM2457437,FFPE_X112085645 [X53_780]
ffpex112168348x80950,GSE115577,GSM3183476,FFPE X112168348 [X80_950],GSE93601,GSM2458086,FFPE_X112168348 [X80_950]
ffpex112171526x5658ffpeplate1,GSE115577,GSM3183192,FFPE X112171526 [X56_58_FFPE_PLATE1],GSE93601,GSM2457457,FFPE_X112171526 [X56_58_FFPE_PLATE1]
ffpex112186764x65675,GSE115577,GSM3183277,FFPE X112186764 [X65_675],GSE93601,GSM2457674,FFPE_X112186764 [X65_675]
ffpex112186764x66676,GSE115577,GSM3183278,FFPE X112186764 [X66_676],GSE93601,GSM2457673,FFPE_X112186764 [X66_676]
ffpex112187769x6615,GSE115577,GSM3183219,FFPE X112187769 [X6_615],GSE93601,GSM2457727,FFPE_X112187769 [X6_615]
ffpex112217628x20815plate9,GSE115577,GSM3183404,FFPE X112217628 [X20_815_plate9],GSE93601,GSM2458104,FFPE_X112217628 [X20_815_plate9]
ffpex112217628x21816plate9,GSE115577,GSM3183405,FFPE X112217628 [X21_816_plate9],GSE93601,GSM2458103,FFPE_X112217628 [X21_816_plate9]
ffpex112228228x19227ffpeplate3,GSE115577,GSM3182936,FFPE X112228228 [X19_227_FFPE_PLATE3],GSE93601,GSM2458012,FFPE_X112228228 [X19_227_FFPE_PLATE3]
ffpex112230607x6983,GSE115577,GSM3183492,FFPE X112230607 [X6_983],GSE93601,GSM2457390,FFPE_X112230607 [X6_983]
ffpex112303303x91701,GSE115577,GSM3183301,FFPE X112303303 [X91_701],GSE93601,GSM2457891,FFPE_X112303303 [X91_701]
ffpex112303303x92702,GSE115577,GSM3183302,FFPE X112303303 [X92_702],GSE93601,GSM2457890,FFPE_X112303303 [X92_702]
ffpex112319958x94979,GSE115577,GSM3183488,FFPE X112319958 [X94_979],GSE93601,GSM2457377,FFPE_X112319958 [X94_979]
ffpex112348253x19441plate5,GSE115577,GSM3183077,FFPE X112348253 [X19_441_plate5],GSE93601,GSM2457517,FFPE_X112348253 [X19_441_plate5]
ffpex112348253x20442plate5,GSE115577,GSM3183078,FFPE X112348253 [X20_442_plate5],GSE93601,GSM2457516,FFPE_X112348253 [X20_442_plate5]
ffpex112384364x11713ffpeplate8,GSE115577,GSM3183313,FFPE X112384364 [X11_713_FFPE_Plate8],GSE93601,GSM2457492,FFPE_X112384364 [X11_713_FFPE_Plate8]
ffpex112384364x12714ffpeplate8,GSE115577,GSM3183314,FFPE X112384364 [X12_714_FFPE_Plate8],GSE93601,GSM2457491,FFPE_X112384364 [X12_714_FFPE_Plate8]
ffpex112396896x47271plate63,GSE115577,GSM3182955,FFPE X112396896 [X47_271_plate6_3],GSE93601,GSM2457503,FFPE_X112396896 [X47_271_plate6_3]
ffpex112481051x13435plate52,GSE115577,GSM3183071,FFPE X112481051 [X13_435_plate5_2],GSE93601,GSM2458059,FFPE_X112481051 [X13_435_plate5_2]
ffpex112481051x14436plate5,GSE115577,GSM3183072,FFPE X112481051 [X14_436_plate5],GSE93601,GSM2458058,FFPE_X112481051 [X14_436_plate5]
ffpex112481257x87968,GSE115577,GSM3183482,FFPE X112481257 [X87_968],GSE93601,GSM2458084,FFPE_X112481257 [X87_968]
ffpex112518769x15223ffpeplate3,GSE115577,GSM3182932,FFPE X112518769 [X15_223_FFPE_PLATE3],GSE93601,GSM2458001,FFPE_X112518769 [X15_223_FFPE_PLATE3]
ffpex112518769x16224ffpeplate3,GSE115577,GSM3182933,FFPE X112518769 [X16_224_FFPE_PLATE3],GSE93601,GSM2458000,FFPE_X112518769 [X16_224_FFPE_PLATE3]
ffpex112528158x23323plate4,GSE115577,GSM3182986,FFPE X112528158 [X23_323_PLATE4],GSE93601,GSM2457762,FFPE_X112528158 [X23_323_PLATE4]
ffpex112528158x24324plate4,GSE115577,GSM3182987,FFPE X112528158 [X24_324_PLATE4],GSE93601,GSM2457761,FFPE_X112528158 [X24_324_PLATE4]
ffpex112544770x43843plate9,GSE115577,GSM3183423,FFPE X112544770 [X43_843_plate9],GSE93601,GSM2458081,FFPE_X112544770 [X43_843_plate9]
ffpex112544770x44844plate9,GSE115577,GSM3183424,FFPE X112544770 [X44_844_plate9],GSE93601,GSM2458079,FFPE_X112544770 [X44_844_plate9]
ffpex112564784x79181plate2,GSE115577,GSM3182896,FFPE X112564784 [X79_181_plate2],GSE93601,GSM2457757,FFPE_X112564784 [X79_181_plate2]
ffpex112564784x80182plate2,GSE115577,GSM3182897,FFPE X112564784 [X80_182_plate2],GSE93601,GSM2457756,FFPE_X112564784 [X80_182_plate2]
ffpex112570050x22817plate9,GSE115577,GSM3183406,FFPE X112570050 [X22_817_plate9],GSE93601,GSM2457358,FFPE_X112570050 [X22_817_plate9]
ffpex112570050x23818plate9,GSE115577,GSM3183407,FFPE X112570050 [X23_818_plate9],GSE93601,GSM2457357,FFPE_X112570050 [X23_818_plate9]
ffpex112579616x47147plate2,GSE115577,GSM3182869,FFPE X112579616 [X47_147_plate2],GSE93601,GSM2457827,FFPE_X112579616 [X47_147_plate2]
ffpex112588309x28545plate6,GSE115577,GSM3183173,FFPE X112588309 [X28_545_plate_6],GSE93601,GSM2457664,FFPE_X112588309 [X28_545_plate_6]
ffpex112588309x29546plate6,GSE115577,GSM3183174,FFPE X112588309 [X29_546_plate_6],GSE93601,GSM2457663,FFPE_X112588309 [X29_546_plate_6]
ffpex112592280x63921plate9,GSE115577,GSM3183461,FFPE X112592280 [X63_921_plate9],GSE93601,GSM2457972,FFPE_X112592280 [X63_921_plate9]
ffpex112592280x64922plate9,GSE115577,GSM3183462,FFPE X112592280 [X64_922_plate9],GSE93601,GSM2457971,FFPE_X112592280 [X64_922_plate9]
ffpex112610946x75283ffpeplate3,GSE115577,GSM3182961,FFPE X112610946 [X75_283_FFPE_PLATE3],GSE93601,GSM2457523,FFPE_X112610946 [X75_283_FFPE_PLATE3]
ffpex112610946x76284ffpeplate3,GSE115577,GSM3182962,FFPE X112610946 [X76_284_FFPE_PLATE3],GSE93601,GSM2457522,FFPE_X112610946 [X76_284_FFPE_PLATE3]
ffpex112622551x5982,GSE115577,GSM3183491,FFPE X112622551 [X5_982],GSE93601,GSM2457443,FFPE_X112622551 [X5_982]
ffpex112634362x2628ffpeplate1,GSE115577,GSM3182957,FFPE X112634362 [X26_28_FFPE_PLATE1],GSE93601,GSM2457366,FFPE_X112634362 [X26_28_FFPE_PLATE1]
ffpex112634362x2729ffpeplate1,GSE115577,GSM3182965,FFPE X112634362 [X27_29_FFPE_PLATE1],GSE93601,GSM2457365,FFPE_X112634362 [X27_29_FFPE_PLATE1]
ffpex112654994x25325plate4,GSE115577,GSM3182988,FFPE X112654994 [X25_325_PLATE4],GSE93601,GSM2457771,FFPE_X112654994 [X25_325_PLATE4]
ffpex112654994x26326plate4,GSE115577,GSM3182989,FFPE X112654994 [X26_326_PLATE4],GSE93601,GSM2457770,FFPE_X112654994 [X26_326_PLATE4]
ffpex112714874x26c2plate63,GSE115577,GSM3183172,FFPE X112714874 [X26_C2_plate6_3],GSE93601,GSM2457622,FFPE_X112714874 [X26_C2_plate6_3]
ffpex112714874x27c3plate63,GSE115577,GSM3183440,FFPE X112714874 [X27_C3_plate6_3],GSE93601,GSM2457621,FFPE_X112714874 [X27_C3_plate6_3]
ffpex112749823x43653,GSE115577,GSM3183256,FFPE X112749823 [X43_653],GSE93601,GSM2457562,FFPE_X112749823 [X43_653]
ffpex112749823x44654,GSE115577,GSM3183257,FFPE X112749823 [X44_654],GSE93601,GSM2457561,FFPE_X112749823 [X44_654]
ffpex112782507x37739ffpeplate8,GSE115577,GSM3183339,FFPE X112782507 [X37_739_FFPE_Plate8],GSE93601,GSM2457361,FFPE_X112782507 [X37_739_FFPE_Plate8]
ffpex112782507x38740ffpeplate8,GSE115577,GSM3183340,FFPE X112782507 [X38_740_FFPE_Plate8],GSE93601,GSM2457360,FFPE_X112782507 [X38_740_FFPE_Plate8]
ffpex112861808x21998,GSE115577,GSM3183507,FFPE X112861808 [X21_998],GSE93601,GSM2457716,FFPE_X112861808 [X21_998]
ffpex112949536x441021,GSE115577,GSM3182792,FFPE X112949536 [X44_1021],GSE93601,GSM2458107,FFPE_X112949536 [X44_1021]
ffpex112994958x18122plate2,GSE115577,GSM3182850,FFPE X112994958 [X18_122_plate2],GSE93601,GSM2457934,FFPE_X112994958 [X18_122_plate2]
ffpex112994958x19123plate2,GSE115577,GSM3182851,FFPE X112994958 [X19_123_plate2],GSE93601,GSM2457933,FFPE_X112994958 [X19_123_plate2]
ffpex113001988x16533plate6,GSE115577,GSM3183165,FFPE X113001988 [X16_533_plate_6],GSE93601,GSM2457533,FFPE_X113001988 [X16_533_plate_6]
ffpex113001988x17534plate6,GSE115577,GSM3183166,FFPE X113001988 [X17_534_plate_6],GSE93601,GSM2457532,FFPE_X113001988 [X17_534_plate_6]
ffpex113027729x37337plate4,GSE115577,GSM3182994,FFPE X113027729 [X37_337_PLATE4],GSE93601,GSM2457691,FFPE_X113027729 [X37_337_PLATE4]
ffpex113027729x38338plate4,GSE115577,GSM3182995,FFPE X113027729 [X38_338_PLATE4],GSE93601,GSM2457690,FFPE_X113027729 [X38_338_PLATE4]
ffpex113035623x4446ffpeplate1,GSE115577,GSM3183096,FFPE X113035623 [X44_46_FFPE_PLATE1],GSE93601,GSM2457450,FFPE_X113035623 [X44_46_FFPE_PLATE1]
ffpex113042821x45845plate9,GSE115577,GSM3183425,FFPE X113042821 [X45_845_plate9],GSE93601,GSM2457898,FFPE_X113042821 [X45_845_plate9]
ffpex113042821x46846plate9,GSE115577,GSM3183426,FFPE X113042821 [X46_846_plate9],GSE93601,GSM2457897,FFPE_X113042821 [X46_846_plate9]
ffpex113079156x281005,GSE115577,GSM3182775,FFPE X113079156 [X28_1005],GSE93601,GSM2457786,FFPE_X113079156 [X28_1005]
ffpex113110074x13313plate4,GSE115577,GSM3182979,FFPE X113110074 [X13_313_PLATE4],GSE93601,GSM2457498,FFPE_X113110074 [X13_313_PLATE4]
ffpex113110074x14314plate4,GSE115577,GSM3182980,FFPE X113110074 [X14_314_PLATE4],GSE93601,GSM2457497,FFPE_X113110074 [X14_314_PLATE4]
ffpex113128848x34c10plate63,GSE115577,GSM3183443,FFPE X113128848 [X34_C10_plate6_3],GSE93601,GSM2457745,FFPE_X113128848 [X34_C10_plate6_3]
ffpex113128848x35890plate63,GSE115577,GSM3183445,FFPE X113128848 [X35_890_plate6_3],GSE93601,GSM2457744,FFPE_X113128848 [X35_890_plate6_3]
ffpex113131196x93703,GSE115577,GSM3183303,FFPE X113131196 [X93_703],GSE93601,GSM2457913,FFPE_X113131196 [X93_703]
ffpex113131196x94704,GSE115577,GSM3183304,FFPE X113131196 [X94_704],GSE93601,GSM2457912,FFPE_X113131196 [X94_704]
ffpex113134938x39x383nhsiiplate5,GSE115577,GSM3183791,FFPE X113134938 [X39_X.383_NHSIIplate5],GSE93601,GSM2457413,FFPE_X113134938 [X39_X.383_NHSIIplate5]
ffpex113134938x40x384nhsiiplate5,GSE115577,GSM3183792,FFPE X113134938 [X40_X.384_NHSIIplate5],GSE93601,GSM2457412,FFPE_X113134938 [X40_X.384_NHSIIplate5]
ffpex113194053x43745ffpeplate8,GSE115577,GSM3183345,FFPE X113194053 [X43_745_FFPE_Plate8],GSE93601,GSM2457364,FFPE_X113194053 [X43_745_FFPE_Plate8]
ffpex113217950x74944,GSE115577,GSM3183472,FFPE X113217950 [X74_944],GSE93601,GSM2458070,FFPE_X113217950 [X74_944]
ffpex113316235x53905plate9,GSE115577,GSM3183451,FFPE X113316235 [X53_905_plate9],GSE93601,GSM2457951,FFPE_X113316235 [X53_905_plate9]
ffpex113316235x54906plate9,GSE115577,GSM3183452,FFPE X113316235 [X54_906_plate9],GSE93601,GSM2457950,FFPE_X113316235 [X54_906_plate9]
ffpex113321835x21443plate5,GSE115577,GSM3183079,FFPE X113321835 [X21_443_plate5],GSE93601,GSM2457509,FFPE_X113321835 [X21_443_plate5]
ffpex113321835x22444plate5,GSE115577,GSM3183080,FFPE X113321835 [X22_444_plate5],GSE93601,GSM2457508,FFPE_X113321835 [X22_444_plate5]
ffpex113326139x54x399nhsiiplate5,GSE115577,GSM3183805,FFPE X113326139 [X54_X.399_NHSIIplate5],GSE93601,GSM2457747,FFPE_X113326139 [X54_X.399_NHSIIplate5]
ffpex113326139x55x400nhsiiplate5,GSE115577,GSM3183808,FFPE X113326139 [X55_X.400_NHSIIplate5],GSE93601,GSM2457746,FFPE_X113326139 [X55_X.400_NHSIIplate5]
ffpex113340432x83693,GSE115577,GSM3183292,FFPE X113340432 [X83_693],GSE93601,GSM2457854,FFPE_X113340432 [X83_693]
ffpex113340432x84694,GSE115577,GSM3183293,FFPE X113340432 [X84_694],GSE93601,GSM2457853,FFPE_X113340432 [X84_694]
ffpex113368486x29731ffpeplate8,GSE115577,GSM3183333,FFPE X113368486 [X29_731_FFPE_Plate8],GSE93601,GSM2457350,FFPE_X113368486 [X29_731_FFPE_Plate8]
ffpex113368486x30732ffpeplate8,GSE115577,GSM3183334,FFPE X113368486 [X30_732_FFPE_Plate8],GSE93601,GSM2457349,FFPE_X113368486 [X30_732_FFPE_Plate8]
ffpex113368801x251002,GSE115577,GSM3182772,FFPE X113368801 [X25_1002],GSE93601,GSM2457382,FFPE_X113368801 [X25_1002]
ffpex113371870x5254ffpeplate1,GSE115577,GSM3183171,FFPE X113371870 [X52_54_FFPE_PLATE1],GSE93601,GSM2457487,FFPE_X113371870 [X52_54_FFPE_PLATE1]
ffpex113416040x40140plate2,GSE115577,GSM3182863,FFPE X113416040 [X40_140_plate2],GSE93601,GSM2457821,FFPE_X113416040 [X40_140_plate2]
ffpex113416040x41141plate2,GSE115577,GSM3182864,FFPE X113416040 [X41_141_plate2],GSE93601,GSM2457820,FFPE_X113416040 [X41_141_plate2]
ffpex113422027x1214ffpeplate1,GSE115577,GSM3182862,FFPE X113422027 [X12_14_FFPE_PLATE1],GSE93601,GSM2457452,FFPE_X113422027 [X12_14_FFPE_PLATE1]
ffpex113422027x85plate2,GSE115577,GSM3183136,FFPE X113422027 [X8_5_plate2],GSE93601,GSM2457451,FFPE_X113422027 [X8_5_plate2]
ffpex113436878x82290ffpeplate3,GSE115577,GSM3182966,FFPE X113436878 [X82_290_FFPE_PLATE3],GSE93601,GSM2457524,FFPE_X113436878 [X82_290_FFPE_PLATE3]
ffpex113472989x56855plate632,GSE115577,GSM3183432,FFPE X113472989 [X56_855_plate6_3_2],GSE93601,GSM2457547,FFPE_X113472989 [X56_855_plate6_3_2]
ffpex113472989x57e9plate63,GSE115577,GSM3183433,FFPE X113472989 [X57_E9_plate6_3],GSE93601,GSM2457546,FFPE_X113472989 [X57_E9_plate6_3]
ffpex113549190x29x373nhsiiplate5,GSE115577,GSM3183785,FFPE X113549190 [X29_X.373_NHSIIplate5],GSE93601,GSM2457658,FFPE_X113549190 [X29_X.373_NHSIIplate5]
ffpex113549190x30x374nhsiiplate5,GSE115577,GSM3183786,FFPE X113549190 [X30_X.374_NHSIIplate5],GSE93601,GSM2457657,FFPE_X113549190 [X30_X.374_NHSIIplate5]
ffpex113568411x43x387nhsiiplate5,GSE115577,GSM3183793,FFPE X113568411 [X43_X.387_NHSIIplate5],GSE93601,GSM2457468,FFPE_X113568411 [X43_X.387_NHSIIplate5]
ffpex113568411x44x388nhsiiplate5,GSE115577,GSM3183794,FFPE X113568411 [X44_X.388_NHSIIplate5],GSE93601,GSM2457467,FFPE_X113568411 [X44_X.388_NHSIIplate5]
ffpex113613150x83383plate4,GSE115577,GSM3183037,FFPE X113613150 [X83_383_PLATE4],GSE93601,GSM2457749,FFPE_X113613150 [X83_383_PLATE4]
ffpex113613150x84384plate4,GSE115577,GSM3183038,FFPE X113613150 [X84_384_PLATE4],GSE93601,GSM2457748,FFPE_X113613150 [X84_384_PLATE4]
ffpex113614876x55477plate5,GSE115577,GSM3183113,FFPE X113614876 [X55_477_plate5],GSE93601,GSM2457876,FFPE_X113614876 [X55_477_plate5]
ffpex113614876x56478plate5,GSE115577,GSM3183114,FFPE X113614876 [X56_478_plate5],GSE93601,GSM2457875,FFPE_X113614876 [X56_478_plate5]
ffpex113626069x71681,GSE115577,GSM3183283,FFPE X113626069 [X71_681],GSE93601,GSM2457764,FFPE_X113626069 [X71_681]
ffpex113626069x72682,GSE115577,GSM3183284,FFPE X113626069 [X72_682],GSE93601,GSM2457763,FFPE_X113626069 [X72_682]
ffpex113649928x54154plate2,GSE115577,GSM3182876,FFPE X113649928 [X54_154_plate2],GSE93601,GSM2457783,FFPE_X113649928 [X54_154_plate2]
ffpex113688539x89389plate4,GSE115577,GSM3183043,FFPE X113688539 [X89_389_PLATE4],GSE93601,GSM2457998,FFPE_X113688539 [X89_389_PLATE4]
ffpex113688539x90390plate4,GSE115577,GSM3183045,FFPE X113688539 [X90_390_PLATE4],GSE93601,GSM2457997,FFPE_X113688539 [X90_390_PLATE4]
ffpex113708694x49257ffpeplate3,GSE115577,GSM3182944,FFPE X113708694 [X49_257_FFPE_PLATE3],GSE93601,GSM2457634,FFPE_X113708694 [X49_257_FFPE_PLATE3]
ffpex113708694x50258ffpeplate3,GSE115577,GSM3182945,FFPE X113708694 [X50_258_FFPE_PLATE3],GSE93601,GSM2457633,FFPE_X113708694 [X50_258_FFPE_PLATE3]
ffpex113721982x35409plate4,GSE115577,GSM3183059,FFPE X113721982 [X35_409_PLATE4],GSE93601,GSM2457652,FFPE_X113721982 [X35_409_PLATE4]
ffpex113721982x36410plate4,GSE115577,GSM3183061,FFPE X113721982 [X36_410_PLATE4],GSE93601,GSM2457651,FFPE_X113721982 [X36_410_PLATE4]
ffpex113752287x55665,GSE115577,GSM3183267,FFPE X113752287 [X55_665],GSE93601,GSM2457384,FFPE_X113752287 [X55_665]
ffpex113752287x56666,GSE115577,GSM3183268,FFPE X113752287 [X56_666],GSE93601,GSM2457383,FFPE_X113752287 [X56_666]
ffpex113767943x73281ffpeplate3,GSE115577,GSM3182959,FFPE X113767943 [X73_281_FFPE_PLATE3],GSE93601,GSM2457519,FFPE_X113767943 [X73_281_FFPE_PLATE3]
ffpex113767943x74282ffpeplate3,GSE115577,GSM3182960,FFPE X113767943 [X74_282_FFPE_PLATE3],GSE93601,GSM2457518,FFPE_X113767943 [X74_282_FFPE_PLATE3]
ffpex113786334x65167plate2,GSE115577,GSM3182885,FFPE X113786334 [X65_167_plate2],GSE93601,GSM2458039,FFPE_X113786334 [X65_167_plate2]
ffpex113786334x66168plate2,GSE115577,GSM3182886,FFPE X113786334 [X66_168_plate2],GSE93601,GSM2458038,FFPE_X113786334 [X66_168_plate2]
ffpex113799356x67169plate2,GSE115577,GSM3182887,FFPE X113799356 [X67_169_plate2],GSE93601,GSM2458043,FFPE_X113799356 [X67_169_plate2]
ffpex113799356x68170plate2,GSE115577,GSM3182888,FFPE X113799356 [X68_170_plate2],GSE93601,GSM2458042,FFPE_X113799356 [X68_170_plate2]
ffpex113817507x68493plate5,GSE115577,GSM3183129,FFPE X113817507 [X68_493_plate5],GSE93601,GSM2457572,FFPE_X113817507 [X68_493_plate5]
ffpex113817507x69494plate5,GSE115577,GSM3183130,FFPE X113817507 [X69_494_plate5],GSE93601,GSM2457571,FFPE_X113817507 [X69_494_plate5]
ffpex113846214x85187plate2,GSE115577,GSM3182902,FFPE X113846214 [X85_187_plate2],GSE93601,GSM2457724,FFPE_X113846214 [X85_187_plate2]
ffpex113846214x86188plate2hglue30v1,GSE115577,GSM3182903,FFPE X113846214 [X86_188_plate2_.hGlue_3_0_v1],GSE93601,GSM2457723,FFPE_X113846214 [X86_188_plate2_.hGlue_3_0_v1.]
ffpex113906815x61x393nhsiiplate5,GSE115577,GSM3183800,FFPE X113906815 [X61_X.393_NHSIIplate5],GSE93601,GSM2457613,FFPE_X113906815 [X61_X.393_NHSIIplate5]
ffpex113906815x62x394nhsiiplate5,GSE115577,GSM3183801,FFPE X113906815 [X62_X.394_NHSIIplate5],GSE93601,GSM2457612,FFPE_X113906815 [X62_X.394_NHSIIplate5]
ffpex113922912x93393plate4,GSE115577,GSM3183048,FFPE X113922912 [X93_393_PLATE4],GSE93601,GSM2458033,FFPE_X113922912 [X93_393_PLATE4]
ffpex113922912x94394plate4,GSE115577,GSM3183049,FFPE X113922912 [X94_394_PLATE4],GSE93601,GSM2458032,FFPE_X113922912 [X94_394_PLATE4]
ffpex113941818x751052,GSE115577,GSM3182817,FFPE X113941818 [X75_1052],GSE93601,GSM2457629,FFPE_X113941818 [X75_1052]
ffpex113973746x10a10plate63,GSE115577,GSM3183159,FFPE X113973746 [X10_A10_plate6_3],GSE93601,GSM2457416,FFPE_X113973746 [X10_A10_plate6_3]
ffpex113973746x11a11plate63,GSE115577,GSM3183160,FFPE X113973746 [X11_A11_plate6_3],GSE93601,GSM2457415,FFPE_X113973746 [X11_A11_plate6_3]
ffpex113982439x15119plate2,GSE115577,GSM3182847,FFPE X113982439 [X15_119_plate2],GSE93601,GSM2457929,FFPE_X113982439 [X15_119_plate2]
ffpex113982439x62920plate9,GSE115577,GSM3183460,FFPE X113982439 [X62_920_plate9],GSE93601,GSM2457928,FFPE_X113982439 [X62_920_plate9]
ffpex114031822x54781,GSE115577,GSM3183371,FFPE X114031822 [X54_781],GSE93601,GSM2457439,FFPE_X114031822 [X54_781]
ffpex114069471x491026,GSE115577,GSM3182797,FFPE X114069471 [X49_1026],GSE93601,GSM2457541,FFPE_X114069471 [X49_1026]
ffpex114099601x811058,GSE115577,GSM3182823,FFPE X114099601 [X81_1058],GSE93601,GSM2458002,FFPE_X114099601 [X81_1058]
ffpex114138250x53475plate5,GSE115577,GSM3183111,FFPE X114138250 [X53_475_plate5],GSE93601,GSM2457862,FFPE_X114138250 [X53_475_plate5]
ffpex114138250x54476plate5,GSE115577,GSM3183112,FFPE X114138250 [X54_476_plate5],GSE93601,GSM2457861,FFPE_X114138250 [X54_476_plate5]
ffpex114141222x5427plate5,GSE115577,GSM3183065,FFPE X114141222 [X5_427_plate5],GSE93601,GSM2458052,FFPE_X114141222 [X5_427_plate5]
ffpex114141222x6428plate5,GSE115577,GSM3183066,FFPE X114141222 [X6_428_plate5],GSE93601,GSM2458051,FFPE_X114141222 [X6_428_plate5]
ffpex114141737x85951,GSE115577,GSM3183477,FFPE X114141737 [X85_951],GSE93601,GSM2458088,FFPE_X114141737 [X85_951]
ffpex114148257x51259ffpeplate3,GSE115577,GSM3182946,FFPE X114148257 [X51_259_FFPE_PLATE3],GSE93601,GSM2457636,FFPE_X114148257 [X51_259_FFPE_PLATE3]
ffpex114148257x52260ffpeplate3,GSE115577,GSM3182947,FFPE X114148257 [X52_260_FFPE_PLATE3],GSE93601,GSM2457635,FFPE_X114148257 [X52_260_FFPE_PLATE3]
ffpex114152955x25635,GSE115577,GSM3183239,FFPE X114152955 [X25_635],GSE93601,GSM2457963,FFPE_X114152955 [X25_635]
ffpex114152955x26636,GSE115577,GSM3183240,FFPE X114152955 [X26_636],GSE93601,GSM2457962,FFPE_X114152955 [X26_636]
ffpex114208858x45x389nhsiiplate5,GSE115577,GSM3183795,FFPE X114208858 [X45_X.389_NHSIIplate5],GSE93601,GSM2457555,FFPE_X114208858 [X45_X.389_NHSIIplate5]
ffpex114208858x46x390nhsiiplate5,GSE115577,GSM3183797,FFPE X114208858 [X46_X.390_NHSIIplate5],GSE93601,GSM2457554,FFPE_X114208858 [X46_X.390_NHSIIplate5]
ffpex114215850x95395plate4,GSE115577,GSM3183050,FFPE X114215850 [X95_395_PLATE4],GSE93601,GSM2458045,FFPE_X114215850 [X95_395_PLATE4]
ffpex114215850x96396plate4,GSE115577,GSM3183051,FFPE X114215850 [X96_396_PLATE4],GSE93601,GSM2458044,FFPE_X114215850 [X96_396_PLATE4]
ffpex114251549x20629,GSE115577,GSM3183233,FFPE X114251549 [X20_629],GSE93601,GSM2457893,FFPE_X114251549 [X20_629]
ffpex114251549x21630,GSE115577,GSM3183235,FFPE X114251549 [X21_630],GSE93601,GSM2457892,FFPE_X114251549 [X21_630]
ffpex114390892x47749ffpeplate8,GSE115577,GSM3183348,FFPE X114390892 [X47_749_FFPE_Plate8],GSE93601,GSM2457370,FFPE_X114390892 [X47_749_FFPE_Plate8]
ffpex114402438x66793,GSE115577,GSM3183381,FFPE X114402438 [X66_793],GSE93601,GSM2457977,FFPE_X114402438 [X66_793]
ffpex114402438x67794,GSE115577,GSM3183382,FFPE X114402438 [X67_794],GSE93601,GSM2457976,FFPE_X114402438 [X67_794]
ffpex114466815x88605plate6,GSE115577,GSM3183211,FFPE X114466815 [X88_605_plate_6],GSE93601,GSM2457649,FFPE_X114466815 [X88_605_plate_6]
ffpex114466815x89h5plate63,GSE115577,GSM3183441,FFPE X114466815 [X89_H5_plate6_3],GSE93601,GSM2457648,FFPE_X114466815 [X89_H5_plate6_3]
ffpex114610457x67f7plate63,GSE115577,GSM3183196,FFPE X114610457 [X67_F7_plate6_3],GSE93601,GSM2457577,FFPE_X114610457 [X67_F7_plate6_3]
ffpex114619508x68771ffpeplate8,GSE115577,GSM3183364,FFPE X114619508 [X68_771_FFPE_Plate8],GSE93601,GSM2457404,FFPE_X114619508 [X68_771_FFPE_Plate8]
ffpex114619508x69772ffpeplate8,GSE115577,GSM3183365,FFPE X114619508 [X69_772_FFPE_Plate8],GSE93601,GSM2457403,FFPE_X114619508 [X69_772_FFPE_Plate8]
ffpex114640272x12116plate2,GSE115577,GSM3182844,FFPE X114640272 [X12_116_plate2],GSE93601,GSM2457918,FFPE_X114640272 [X12_116_plate2]
ffpex114645921x271004,GSE115577,GSM3182774,FFPE X114645921 [X27_1004],GSE93601,GSM2457477,FFPE_X114645921 [X27_1004]
ffpex114679447x521029,GSE115577,GSM3182800,FFPE X114679447 [X52_1029],GSE93601,GSM2457385,FFPE_X114679447 [X52_1029]
ffpex114716292x56x401nhsiiplate5,GSE115577,GSM3183809,FFPE X114716292 [X56_X.401_NHSIIplate5],GSE93601,GSM2457958,FFPE_X114716292 [X56_X.401_NHSIIplate5]
ffpex114716292x57x402nhsiiplate5,GSE115577,GSM3183810,FFPE X114716292 [X57_X.402_NHSIIplate5],GSE93601,GSM2457957,FFPE_X114716292 [X57_X.402_NHSIIplate5]
ffpex114767029x4850ffpeplate1,GSE115577,GSM3183137,FFPE X114767029 [X48_50_FFPE_PLATE1],GSE93601,GSM2457401,FFPE_X114767029 [X48_50_FFPE_PLATE1]
ffpex114767029x4951ffpeplate1,GSE115577,GSM3183145,FFPE X114767029 [X49_51_FFPE_PLATE1],GSE93601,GSM2457400,FFPE_X114767029 [X49_51_FFPE_PLATE1]
ffpex114782430x13715ffpeplate8,GSE115577,GSM3183315,FFPE X114782430 [X13_715_FFPE_Plate8],GSE93601,GSM2457529,FFPE_X114782430 [X13_715_FFPE_Plate8]
ffpex114782430x14716ffpeplate8,GSE115577,GSM3183316,FFPE X114782430 [X14_716_FFPE_Plate8],GSE93601,GSM2457528,FFPE_X114782430 [X14_716_FFPE_Plate8]
ffpex114785754x73683,GSE115577,GSM3183285,FFPE X114785754 [X73_683],GSE93601,GSM2457796,FFPE_X114785754 [X73_683]
ffpex114785754x74684,GSE115577,GSM3183286,FFPE X114785754 [X74_684],GSE93601,GSM2457795,FFPE_X114785754 [X74_684]
ffpex114873439x16625,GSE115577,GSM3183229,FFPE X114873439 [X16_625],GSE93601,GSM2457864,FFPE_X114873439 [X16_625]
ffpex114873439x17626,GSE115577,GSM3183230,FFPE X114873439 [X17_626],GSE93601,GSM2457863,FFPE_X114873439 [X17_626]
ffpex114901906x51778,GSE115577,GSM3183368,FFPE X114901906 [X51_778],GSE93601,GSM2457429,FFPE_X114901906 [X51_778]
ffpex114921508x79379plate4,GSE115577,GSM3183032,FFPE X114921508 [X79_379_PLATE4],GSE93601,GSM2457735,FFPE_X114921508 [X79_379_PLATE4]
ffpex114921508x80380plate4,GSE115577,GSM3183034,FFPE X114921508 [X80_380_PLATE4],GSE93601,GSM2457734,FFPE_X114921508 [X80_380_PLATE4]
ffpex114938138x25727ffpeplate8,GSE115577,GSM3183328,FFPE X114938138 [X25_727_FFPE_Plate8],GSE93601,GSM2458106,FFPE_X114938138 [X25_727_FFPE_Plate8]
ffpex114938138x26728ffpeplate8,GSE115577,GSM3183329,FFPE X114938138 [X26_728_FFPE_Plate8],GSE93601,GSM2458105,FFPE_X114938138 [X26_728_FFPE_Plate8]
ffpex114968983x731050,GSE115577,GSM3182815,FFPE X114968983 [X73_1050],GSE93601,GSM2457579,FFPE_X114968983 [X73_1050]
ffpex115008334x93195plate2,GSE115577,GSM3182910,FFPE X115008334 [X93_195_plate2],GSE93601,GSM2457693,FFPE_X115008334 [X93_195_plate2]
ffpex115008334x94196plate2,GSE115577,GSM3182911,FFPE X115008334 [X94_196_plate2],GSE93601,GSM2457692,FFPE_X115008334 [X94_196_plate2]
ffpex115022421x10111plate2,GSE115577,GSM3182839,FFPE X115022421 [X10_111_plate2],GSE93601,GSM2457878,FFPE_X115022421 [X10_111_plate2]
ffpex115025436x27449plate5,GSE115577,GSM3183085,FFPE X115025436 [X27_449_plate5],GSE93601,GSM2457393,FFPE_X115025436 [X27_449_plate5]
ffpex115025436x28450plate5,GSE115577,GSM3183086,FFPE X115025436 [X28_450_plate5],GSE93601,GSM2457392,FFPE_X115025436 [X28_450_plate5]
ffpex115096078x501027,GSE115577,GSM3182798,FFPE X115096078 [X50_1027],GSE93601,GSM2457405,FFPE_X115096078 [X50_1027]
ffpex115118558x18813plate9,GSE115577,GSM3183402,FFPE X115118558 [X18_813_plate9],GSE93601,GSM2458101,FFPE_X115118558 [X18_813_plate9]
ffpex115118558x19814plate9,GSE115577,GSM3183403,FFPE X115118558 [X19_814_plate9],GSE93601,GSM2458099,FFPE_X115118558 [X19_814_plate9]
ffpex115258288x45145plate2,GSE115577,GSM3182867,FFPE X115258288 [X45_145_plate2],GSE93601,GSM2457791,FFPE_X115258288 [X45_145_plate2]
ffpex115258288x46146plate2,GSE115577,GSM3182868,FFPE X115258288 [X46_146_plate2],GSE93601,GSM2457790,FFPE_X115258288 [X46_146_plate2]
ffpex115270056x50150plate2,GSE115577,GSM3182872,FFPE X115270056 [X50_150_plate2],GSE93601,GSM2457835,FFPE_X115270056 [X50_150_plate2]
ffpex115270056x51151plate2,GSE115577,GSM3182873,FFPE X115270056 [X51_151_plate2],GSE93601,GSM2457834,FFPE_X115270056 [X51_151_plate2]
ffpex115307259x311008,GSE115577,GSM3182778,FFPE X115307259 [X31_1008],GSE93601,GSM2457792,FFPE_X115307259 [X31_1008]
ffpex115315565x691046,GSE115577,GSM3182811,FFPE X115315565 [X69_1046],GSE93601,GSM2457530,FFPE_X115315565 [X69_1046]
ffpex115320753x90102ffpeplate1,GSE115577,GSM3182790,FFPE X115320753 [X90_102_FFPE_PLATE1],GSE93601,GSM2457900,FFPE_X115320753 [X90_102_FFPE_PLATE1]
ffpex115320753x92103ffpeplate1,GSE115577,GSM3182801,FFPE X115320753 [X92_103_FFPE_PLATE1],GSE93601,GSM2457899,FFPE_X115320753 [X92_103_FFPE_PLATE1]
ffpex115354176x94h10plate63,GSE115577,GSM3183217,FFPE X115354176 [X94_H10_plate6_3],GSE93601,GSM2457711,FFPE_X115354176 [X94_H10_plate6_3]
ffpex115444077x52e4plate63,GSE115577,GSM3182971,FFPE X115444077 [X52_E4_plate6_3],GSE93601,GSM2457620,FFPE_X115444077 [X52_E4_plate6_3]
ffpex115444077x96304ffpeplate3,GSE115577,GSM3182972,FFPE X115444077 [X96_304_FFPE_PLATE3],GSE93601,GSM2457619,FFPE_X115444077 [X96_304_FFPE_PLATE3]
ffpex115449211x93978,GSE115577,GSM3183487,FFPE X115449211 [X93_978],GSE93601,GSM2457386,FFPE_X115449211 [X93_978]
ffpex115456100x12621,GSE115577,GSM3183225,FFPE X115456100 [X12_621],GSE93601,GSM2457778,FFPE_X115456100 [X12_621]
ffpex115456100x13622,GSE115577,GSM3183226,FFPE X115456100 [X13_622],GSE93601,GSM2457777,FFPE_X115456100 [X13_622]
ffpex115457105x48148plate2,GSE115577,GSM3182870,FFPE X115457105 [X48_148_plate2],GSE93601,GSM2457829,FFPE_X115457105 [X48_148_plate2]
ffpex115457105x49149plate2,GSE115577,GSM3182871,FFPE X115457105 [X49_149_plate2],GSE93601,GSM2457828,FFPE_X115457105 [X49_149_plate2]
ffpex115476217x6570ffpeplate1,GSE115577,GSM3183299,FFPE X115476217 [X65_70_FFPE_PLATE1],GSE93601,GSM2457486,FFPE_X115476217 [X65_70_FFPE_PLATE1]
ffpex115476217x6671ffpeplate1,GSE115577,GSM3183310,FFPE X115476217 [X66_71_FFPE_PLATE1],GSE93601,GSM2457485,FFPE_X115476217 [X66_71_FFPE_PLATE1]
ffpex115545093x27127plate2,GSE115577,GSM3182853,FFPE X115545093 [X27_127_plate2],GSE93601,GSM2457938,FFPE_X115545093 [X27_127_plate2]
ffpex115546104x68795,GSE115577,GSM3183383,FFPE X115546104 [X68_795],GSE93601,GSM2458007,FFPE_X115546104 [X68_795]
ffpex115546104x69796,GSE115577,GSM3183384,FFPE X115546104 [X69_796],GSE93601,GSM2458006,FFPE_X115546104 [X69_796]
ffpex115608406x871064,GSE115577,GSM3182830,FFPE X115608406 [X87_1064],GSE93601,GSM2457980,FFPE_X115608406 [X87_1064]
ffpex115653622x69369plate4,GSE115577,GSM3183022,FFPE X115653622 [X69_369_PLATE4],GSE93601,GSM2457819,FFPE_X115653622 [X69_369_PLATE4]
ffpex115653622x70370plate4,GSE115577,GSM3183023,FFPE X115653622 [X70_370_PLATE4],GSE93601,GSM2457818,FFPE_X115653622 [X70_370_PLATE4]
ffpex115655941x39649,GSE115577,GSM3183251,FFPE X115655941 [X39_649],GSE93601,GSM2458004,FFPE_X115655941 [X39_649]
ffpex115655941x40650,GSE115577,GSM3183253,FFPE X115655941 [X40_650],GSE93601,GSM2458003,FFPE_X115655941 [X40_650]
ffpex115695351x15437plate5,GSE115577,GSM3183073,FFPE X115695351 [X15_437_plate5],GSE93601,GSM2457472,FFPE_X115695351 [X15_437_plate5]
ffpex115695351x16438plate5,GSE115577,GSM3183074,FFPE X115695351 [X16_438_plate5],GSE93601,GSM2457471,FFPE_X115695351 [X16_438_plate5]
ffpex115703283x2691plate2,GSE115577,GSM3183456,FFPE X115703283 [X26_91_plate2],GSE93601,GSM2457923,FFPE_X115703283 [X26_91_plate2]
ffpex115703283x8092ffpeplate1,GSE115577,GSM3183459,FFPE X115703283 [X80_92_FFPE_PLATE1],GSE93601,GSM2457922,FFPE_X115703283 [X80_92_FFPE_PLATE1]
ffpex115736840x651042,GSE115577,GSM3182810,FFPE X115736840 [X65_1042],GSE93601,GSM2457728,FFPE_X115736840 [X65_1042]
ffpex115761012x341011,GSE115577,GSM3182782,FFPE X115761012 [X34_1011],GSE93601,GSM2457798,FFPE_X115761012 [X34_1011]
ffpex115761012x351012,GSE115577,GSM3182783,FFPE X115761012 [X35_1012],GSE93601,GSM2457797,FFPE_X115761012 [X35_1012]
ffpex115764336x60e12plate63,GSE115577,GSM3183189,FFPE X115764336 [X60_E12_plate6_3],GSE93601,GSM2458018,FFPE_X115764336 [X60_E12_plate6_3]
ffpex115764336x61578plate6,GSE115577,GSM3183190,FFPE X115764336 [X61_578_plate_6],GSE93601,GSM2458017,FFPE_X115764336 [X61_578_plate_6]
ffpex115796058x32c8plate63,GSE115577,GSM3183177,FFPE X115796058 [X32_C8_plate6_3],GSE93601,GSM2457718,FFPE_X115796058 [X32_C8_plate6_3]
ffpex115796058x33c9plate63,GSE115577,GSM3183178,FFPE X115796058 [X33_C9_plate6_3],GSE93601,GSM2457717,FFPE_X115796058 [X33_C9_plate6_3]
ffpex115816528x7709ffpeplate8,GSE115577,GSM3183309,FFPE X115816528 [X7_709_FFPE_Plate8],GSE93601,GSM2457490,FFPE_X115816528 [X7_709_FFPE_Plate8]
ffpex115863445x47x391nhsiiplate5,GSE115577,GSM3183798,FFPE X115863445 [X47_X.391_NHSIIplate5],GSE93601,GSM2457557,FFPE_X115863445 [X47_X.391_NHSIIplate5]
ffpex115863445x48x392nhsiiplate5,GSE115577,GSM3183799,FFPE X115863445 [X48_X.392_NHSIIplate5],GSE93601,GSM2457556,FFPE_X115863445 [X48_X.392_NHSIIplate5]
ffpex115875874x27327plate4,GSE115577,GSM3182990,FFPE X115875874 [X27_327_PLATE4],GSE93601,GSM2457654,FFPE_X115875874 [X27_327_PLATE4]
ffpex115875874x28328plate4,GSE115577,GSM3182991,FFPE X115875874 [X28_328_PLATE4],GSE93601,GSM2457653,FFPE_X115875874 [X28_328_PLATE4]
ffpex115881758x37x381nhsiiplate5,GSE115577,GSM3183789,FFPE X115881758 [X37_X.381_NHSIIplate5],GSE93601,GSM2457379,FFPE_X115881758 [X37_X.381_NHSIIplate5]
ffpex115881758x38x382nhsiiplate5,GSE115577,GSM3183790,FFPE X115881758 [X38_X.382_NHSIIplate5],GSE93601,GSM2457378,FFPE_X115881758 [X38_X.382_NHSIIplate5]
ffpex115904625x911ffpeplate1,GSE115577,GSM3182837,FFPE X115904625 [X9_11_FFPE_PLATE1],GSE93601,GSM2457444,FFPE_X115904625 [X9_11_FFPE_PLATE1]
ffpex115976993x39741ffpeplate8,GSE115577,GSM3183341,FFPE X115976993 [X39_741_FFPE_Plate8],GSE93601,GSM2457341,FFPE_X115976993 [X39_741_FFPE_Plate8]
ffpex115976993x40742ffpeplate8,GSE115577,GSM3183342,FFPE X115976993 [X40_742_FFPE_Plate8],GSE93601,GSM2457340,FFPE_X115976993 [X40_742_FFPE_Plate8]
ffpex115988913x17225ffpeplate3,GSE115577,GSM3182934,FFPE X115988913 [X17_225_FFPE_PLATE3],GSE93601,GSM2458009,FFPE_X115988913 [X17_225_FFPE_PLATE3]
ffpex115988913x18226ffpeplate3,GSE115577,GSM3182935,FFPE X115988913 [X18_226_FFPE_PLATE3],GSE93601,GSM2458008,FFPE_X115988913 [X18_226_FFPE_PLATE3]
ffpex116005023x6975ffpeplate1,GSE115577,GSM3183349,FFPE X116005023 [X69_75_FFPE_PLATE1],GSE93601,GSM2457470,FFPE_X116005023 [X69_75_FFPE_PLATE1]
ffpex116082579x57357plate4,GSE115577,GSM3183013,FFPE X116082579 [X57_357_PLATE4],GSE93601,GSM2457681,FFPE_X116082579 [X57_357_PLATE4]
ffpex116082579x58358plate4,GSE115577,GSM3183014,FFPE X116082579 [X58_358_PLATE4],GSE93601,GSM2457680,FFPE_X116082579 [X58_358_PLATE4]
ffpex116128681x67677,GSE115577,GSM3183279,FFPE X116128681 [X67_677],GSE93601,GSM2457684,FFPE_X116128681 [X67_677]
ffpex116128681x68678,GSE115577,GSM3183280,FFPE X116128681 [X68_678],GSE93601,GSM2457683,FFPE_X116128681 [X68_678]
ffpex116132143x20124plate2,GSE115577,GSM3182852,FFPE X116132143 [X20_124_plate2],GSE93601,GSM2457935,FFPE_X116132143 [X20_124_plate2]
ffpex116155481x831060,GSE115577,GSM3182826,FFPE X116155481 [X83_1060],GSE93601,GSM2458005,FFPE_X116155481 [X83_1060]
ffpex116156486x36842plate9,GSE115577,GSM3183422,FFPE X116156486 [X36_842_plate9],GSE93601,GSM2458089,FFPE_X116156486 [X36_842_plate9]
ffpex116156486x41841plate9,GSE115577,GSM3183421,FFPE X116156486 [X41_841_plate9],GSE93601,GSM2458091,FFPE_X116156486 [X41_841_plate9]
ffpex116193814x841061,GSE115577,GSM3182827,FFPE X116193814 [X84_1061],GSE93601,GSM2458023,FFPE_X116193814 [X84_1061]
ffpex116207673x21211plate2,GSE115577,GSM3182921,FFPE X116207673 [X21_211_plate2],GSE93601,GSM2458114,FFPE_X116207673 [X21_211_plate2]
ffpex116207673x22212plate2,GSE115577,GSM3182922,FFPE X116207673 [X22_212_plate2],GSE93601,GSM2458113,FFPE_X116207673 [X22_212_plate2]
ffpex116239401x69679,GSE115577,GSM3183281,FFPE X116239401 [X69_679],GSE93601,GSM2457701,FFPE_X116239401 [X69_679]
ffpex116239401x70680,GSE115577,GSM3183282,FFPE X116239401 [X70_680],GSE93601,GSM2457700,FFPE_X116239401 [X70_680]
ffpex116275409x8402plate4,GSE115577,GSM3183053,FFPE X116275409 [X8_402_PLATE4],GSE93601,GSM2457601,FFPE_X116275409 [X8_402_PLATE4]
ffpex116305983x25c1plate63,GSE115577,GSM3182940,FFPE X116305983 [X25_C1_plate6_3],GSE93601,GSM2458057,FFPE_X116305983 [X25_C1_plate6_3]
ffpex116328085x18627,GSE115577,GSM3183231,FFPE X116328085 [X18_627],GSE93601,GSM2457884,FFPE_X116328085 [X18_627]
ffpex116328085x19628,GSE115577,GSM3183232,FFPE X116328085 [X19_628],GSE93601,GSM2457883,FFPE_X116328085 [X19_628]
ffpex116337505x17719ffpeplate8,GSE115577,GSM3183319,FFPE X116337505 [X17_719_FFPE_Plate8],GSE93601,GSM2457660,FFPE_X116337505 [X17_719_FFPE_Plate8]
ffpex116337505x18720ffpeplate8,GSE115577,GSM3183321,FFPE X116337505 [X18_720_FFPE_Plate8],GSE93601,GSM2457659,FFPE_X116337505 [X18_720_FFPE_Plate8]
ffpex116338092x53353plate4,GSE115577,GSM3183011,FFPE X116338092 [X53_353_PLATE4],GSE93601,GSM2457672,FFPE_X116338092 [X53_353_PLATE4]
ffpex116338092x54354plate4,GSE115577,GSM3183012,FFPE X116338092 [X54_354_PLATE4],GSE93601,GSM2457671,FFPE_X116338092 [X54_354_PLATE4]
ffpex116340059x62789,GSE115577,GSM3183377,FFPE X116340059 [X62_789],GSE93601,GSM2457814,FFPE_X116340059 [X62_789]
ffpex116340059x63790,GSE115577,GSM3183378,FFPE X116340059 [X63_790],GSE93601,GSM2457813,FFPE_X116340059 [X63_790]
ffpex116419615x78595plate6,GSE115577,GSM3183203,FFPE X116419615 [X78_595_plate_6],GSE93601,GSM2457617,FFPE_X116419615 [X78_595_plate_6]
ffpex116419615x79596plate6,GSE115577,GSM3183204,FFPE X116419615 [X79_596_plate_6],GSE93601,GSM2457616,FFPE_X116419615 [X79_596_plate_6]
ffpex116428102x6264ffpeplate1,GSE115577,GSM3183242,FFPE X116428102 [X62_64_FFPE_PLATE1],GSE93601,GSM2457454,FFPE_X116428102 [X62_64_FFPE_PLATE1]
ffpex116428102x9a9plate63,GSE115577,GSM3183252,FFPE X116428102 [X9_A9_plate6_3],GSE93601,GSM2457453,FFPE_X116428102 [X9_A9_plate6_3]
ffpex116437722x7989ffpeplate1,GSE115577,GSM3183444,FFPE X116437722 [X79_89_FFPE_PLATE1],GSE93601,GSM2457342,FFPE_X116437722 [X79_89_FFPE_PLATE1]
ffpex116458741x10712ffpeplate8,GSE115577,GSM3183312,FFPE X116458741 [X10_712_FFPE_Plate8],GSE93601,GSM2458019,FFPE_X116458741 [X10_712_FFPE_Plate8]
ffpex116458741x9711ffpeplate8,GSE115577,GSM3183311,FFPE X116458741 [X9_711_FFPE_Plate8],GSE93601,GSM2458020,FFPE_X116458741 [X9_711_FFPE_Plate8]
ffpex116503480x47657,GSE115577,GSM3183259,FFPE X116503480 [X47_657],GSE93601,GSM2457805,FFPE_X116503480 [X47_657]
ffpex116503480x48658,GSE115577,GSM3183260,FFPE X116503480 [X48_658],GSE93601,GSM2457804,FFPE_X116503480 [X48_658]
ffpex116568759x3436ffpeplate1,GSE115577,GSM3183015,FFPE X116568759 [X34_36_FFPE_PLATE1],GSE93601,GSM2457424,FFPE_X116568759 [X34_36_FFPE_PLATE1]
ffpex116620284x23445plate5,GSE115577,GSM3183081,FFPE X116620284 [X23_445_plate5],GSE93601,GSM2457511,FFPE_X116620284 [X23_445_plate5]
ffpex116620284x24446plate5,GSE115577,GSM3183082,FFPE X116620284 [X24_446_plate5],GSE93601,GSM2457510,FFPE_X116620284 [X24_446_plate5]
ffpex116673237x35135plate2,GSE115577,GSM3182858,FFPE X116673237 [X35_135_plate2],GSE93601,GSM2457810,FFPE_X116673237 [X35_135_plate2]
ffpex116673237x36136plate2,GSE115577,GSM3182859,FFPE X116673237 [X36_136_plate2],GSE93601,GSM2457809,FFPE_X116673237 [X36_136_plate2]
ffpex116725017x33133plate2,GSE115577,GSM3182856,FFPE X116725017 [X33_133_plate2],GSE93601,GSM2457956,FFPE_X116725017 [X33_133_plate2]
ffpex116725017x34134plate2,GSE115577,GSM3182857,FFPE X116725017 [X34_134_plate2],GSE93601,GSM2457955,FFPE_X116725017 [X34_134_plate2]
ffpex116732318x61671,GSE115577,GSM3183274,FFPE X116732318 [X61_671],GSE93601,GSM2457624,FFPE_X116732318 [X61_671]
ffpex116732318x62672,GSE115577,GSM3183275,FFPE X116732318 [X62_672],GSE93601,GSM2457623,FFPE_X116732318 [X62_672]
ffpex116743845x64489plate5,GSE115577,GSM3183124,FFPE X116743845 [X64_489_plate5],GSE93601,GSM2457566,FFPE_X116743845 [X64_489_plate5]
ffpex116743845x65490plate5,GSE115577,GSM3183126,FFPE X116743845 [X65_490_plate5],GSE93601,GSM2457565,FFPE_X116743845 [X65_490_plate5]
ffpex116750322x11433plate5,GSE115577,GSM3183070,FFPE X116750322 [X11_433_plate5],GSE93601,GSM2458062,FFPE_X116750322 [X11_433_plate5]
ffpex116782353x7215ffpeplate3,GSE115577,GSM3182925,FFPE X116782353 [X7_215_FFPE_PLATE_3],GSE93601,GSM2457785,FFPE_X116782353 [X7_215_FFPE_PLATE_3]
ffpex116782353x8216ffpeplate3,GSE115577,GSM3182926,FFPE X116782353 [X8_216_FFPE_PLATE_3],GSE93601,GSM2457784,FFPE_X116782353 [X8_216_FFPE_PLATE_3]
ffpex116829357x85385plate4,GSE115577,GSM3183039,FFPE X116829357 [X85_385_PLATE4],GSE93601,GSM2457751,FFPE_X116829357 [X85_385_PLATE4]
ffpex116829357x86386plate4,GSE115577,GSM3183040,FFPE X116829357 [X86_386_PLATE4],GSE93601,GSM2457750,FFPE_X116829357 [X86_386_PLATE4]
ffpex116840223x39339plate4,GSE115577,GSM3182996,FFPE X116840223 [X39_339_PLATE4],GSE93601,GSM2457695,FFPE_X116840223 [X39_339_PLATE4]
ffpex116840223x40340plate4,GSE115577,GSM3182998,FFPE X116840223 [X40_340_PLATE4],GSE93601,GSM2457694,FFPE_X116840223 [X40_340_PLATE4]
ffpex116868380x65365plate4,GSE115577,GSM3183019,FFPE X116868380 [X65_365_PLATE4],GSE93601,GSM2457800,FFPE_X116868380 [X65_365_PLATE4]
ffpex116868380x66366plate4,GSE115577,GSM3183020,FFPE X116868380 [X66_366_PLATE4],GSE93601,GSM2457799,FFPE_X116868380 [X66_366_PLATE4]
ffpex116879392x43343plate4,GSE115577,GSM3183001,FFPE X116879392 [X43_343_PLATE4],GSE93601,GSM2457713,FFPE_X116879392 [X43_343_PLATE4]
ffpex116879392x44344plate4,GSE115577,GSM3183002,FFPE X116879392 [X44_344_PLATE4],GSE93601,GSM2457712,FFPE_X116879392 [X44_344_PLATE4]
ffpex116881874x471024,GSE115577,GSM3182795,FFPE X116881874 [X47_1024],GSE93601,GSM2457942,FFPE_X116881874 [X47_1024]
ffpex116905746x86511plate5,GSE115577,GSM3183146,FFPE X116905746 [X86_511_plate5],GSE93601,GSM2457965,FFPE_X116905746 [X86_511_plate5]
ffpex116905746x87512plate5,GSE115577,GSM3183147,FFPE X116905746 [X87_512_plate5],GSE93601,GSM2457964,FFPE_X116905746 [X87_512_plate5]
ffpex116924652x51351plate4,GSE115577,GSM3183009,FFPE X116924652 [X51_351_PLATE4],GSE93601,GSM2457656,FFPE_X116924652 [X51_351_PLATE4]
ffpex116924652x52352plate4,GSE115577,GSM3183010,FFPE X116924652 [X52_352_PLATE4],GSE93601,GSM2457655,FFPE_X116924652 [X52_352_PLATE4]
ffpex116958178x57265ffpeplate3,GSE115577,GSM3182950,FFPE X116958178 [X57_265_FFPE_PLATE3],GSE93601,GSM2457499,FFPE_X116958178 [X57_265_FFPE_PLATE3]
ffpex116958178x58266ffpeplate3,GSE115577,GSM3182951,FFPE X116958178 [X58_266_FFPE_PLATE3],GSE93601,GSM2457500,FFPE_X116958178 [X58_266_FFPE_PLATE3]
ffpex116983071x54571plate63,GSE115577,GSM3183187,FFPE X116983071 [X54_571_plate6_3],GSE93601,GSM2457543,FFPE_X116983071 [X54_571_plate6_3]
ffpex116983071x55e7plate63,GSE115577,GSM3183188,FFPE X116983071 [X55_E7_plate6_3],GSE93601,GSM2457542,FFPE_X116983071 [X55_E7_plate6_3]
ffpex117020128x20537plate632,GSE115577,GSM3183168,FFPE X117020128 [X20_537_plate6_3_2],GSE93601,GSM2457670,FFPE_X117020128 [X20_537_plate6_3_2]
ffpex117020128x21b9plate63,GSE115577,GSM3183169,FFPE X117020128 [X21_B9_plate6_3],GSE93601,GSM2457669,FFPE_X117020128 [X21_B9_plate6_3]
ffpex117039695x95981,GSE115577,GSM3183490,FFPE X117039695 [X95_981],GSE93601,GSM2457420,FFPE_X117039695 [X95_981]
ffpex117077513x59669,GSE115577,GSM3183271,FFPE X117077513 [X59_669],GSE93601,GSM2457568,FFPE_X117077513 [X59_669]
ffpex117077513x60670,GSE115577,GSM3183273,FFPE X117077513 [X60_670],GSE93601,GSM2457567,FFPE_X117077513 [X60_670]
ffpex117084608x8803plate9,GSE115577,GSM3183392,FFPE X117084608 [X8_803_plate9],GSE93601,GSM2458037,FFPE_X117084608 [X8_803_plate9]
ffpex117084608x9804plate9,GSE115577,GSM3183393,FFPE X117084608 [X9_804_plate9],GSE93601,GSM2458036,FFPE_X117084608 [X9_804_plate9]
ffpex117094615x391016,GSE115577,GSM3182787,FFPE X117094615 [X39_1016],GSE93601,GSM2457945,FFPE_X117094615 [X39_1016]
ffpex117120860x89970,GSE115577,GSM3183484,FFPE X117120860 [X89_970],GSE93601,GSM2457901,FFPE_X117120860 [X89_970]
ffpex117128179x23485ffpeplate1,GSE115577,GSM3183122,FFPE X117128179 [X23_485_FFPE_PLATE1],GSE93601,GSM2457548,FFPE_X117128179 [X23_485_FFPE_PLATE1]
ffpex117170689x28825plate9hglue30v1,GSE115577,GSM3183410,FFPE X117170689 [X28_825_plate9_.hGlue_3_0_v1],GSE93601,GSM2457947,FFPE_X117170689 [X28_825_plate9_.hGlue_3_0_v1.]
ffpex117170689x29826plate9,GSE115577,GSM3183411,FFPE X117170689 [X29_826_plate9],GSE93601,GSM2457946,FFPE_X117170689 [X29_826_plate9]
ffpex117171694x91391plate4,GSE115577,GSM3183046,FFPE X117171694 [X91_391_PLATE4],GSE93601,GSM2458041,FFPE_X117171694 [X91_391_PLATE4]
ffpex117171694x92392plate4,GSE115577,GSM3183047,FFPE X117171694 [X92_392_PLATE4],GSE93601,GSM2458040,FFPE_X117171694 [X92_392_PLATE4]
ffpex117243076x77179plate2,GSE115577,GSM3182895,FFPE X117243076 [X77_179_plate2],GSE93601,GSM2457740,FFPE_X117243076 [X77_179_plate2]
ffpex117290411x18995,GSE115577,GSM3183504,FFPE X117290411 [X18_995],GSE93601,GSM2457765,FFPE_X117290411 [X18_995]
ffpex117302775x49659,GSE115577,GSM3183261,FFPE X117302775 [X49_659],GSE93601,GSM2457807,FFPE_X117302775 [X49_659]
ffpex117302775x50660,GSE115577,GSM3183262,FFPE X117302775 [X50_660],GSE93601,GSM2457806,FFPE_X117302775 [X50_660]
ffpex117303883x8193ffpeplate1,GSE115577,GSM3183464,FFPE X117303883 [X81_93_FFPE_PLATE1],GSE93601,GSM2457926,FFPE_X117303883 [X81_93_FFPE_PLATE1]
ffpex117303883x8294ffpeplate1,GSE115577,GSM3183469,FFPE X117303883 [X82_94_FFPE_PLATE1],GSE93601,GSM2457925,FFPE_X117303883 [X82_94_FFPE_PLATE1]
ffpex117320161x63765ffpeplate8,GSE115577,GSM3183361,FFPE X117320161 [X63_765_FFPE_Plate8],GSE93601,GSM2457391,FFPE_X117320161 [X63_765_FFPE_Plate8]
ffpex117340587x57479plate5,GSE115577,GSM3183115,FFPE X117340587 [X57_479_plate5],GSE93601,GSM2457849,FFPE_X117340587 [X57_479_plate5]
ffpex117340587x58480plate5,GSE115577,GSM3183117,FFPE X117340587 [X58_480_plate5],GSE93601,GSM2457848,FFPE_X117340587 [X58_480_plate5]
ffpex117344407x10432plate5,GSE115577,GSM3183069,FFPE X117344407 [X10_432_plate5],GSE93601,GSM2458119,FFPE_X117344407 [X10_432_plate5]
ffpex117344407x9431plate5,GSE115577,GSM3183068,FFPE X117344407 [X9_431_plate5],GSE93601,GSM2458120,FFPE_X117344407 [X9_431_plate5]
ffpex117356733x55907plate9,GSE115577,GSM3183453,FFPE X117356733 [X55_907_plate9],GSE93601,GSM2458064,FFPE_X117356733 [X55_907_plate9]
ffpex117356733x56908plate9,GSE115577,GSM3183454,FFPE X117356733 [X56_908_plate9],GSE93601,GSM2458063,FFPE_X117356733 [X56_908_plate9]
ffpex117372006x70f10plate63,GSE115577,GSM3183428,FFPE X117372006 [X70_F10_plate6_3],GSE93601,GSM2457494,FFPE_X117372006 [X70_F10_plate6_3]
ffpex117372006x71f11plate63,GSE115577,GSM3183429,FFPE X117372006 [X71_F11_plate6_3],GSE93601,GSM2457493,FFPE_X117372006 [X71_F11_plate6_3]
ffpex117381832x27729ffpeplate8,GSE115577,GSM3183330,FFPE X117381832 [X27_729_FFPE_Plate8],GSE93601,GSM2458122,FFPE_X117381832 [X27_729_FFPE_Plate8]
ffpex117381832x28730ffpeplate8,GSE115577,GSM3183332,FFPE X117381832 [X28_730_FFPE_Plate8],GSE93601,GSM2458121,FFPE_X117381832 [X28_730_FFPE_Plate8]
ffpex117404796x64791,GSE115577,GSM3183379,FFPE X117404796 [X64_791],GSE93601,GSM2457960,FFPE_X117404796 [X64_791]
ffpex117404796x65792,GSE115577,GSM3183380,FFPE X117404796 [X65_792],GSE93601,GSM2457959,FFPE_X117404796 [X65_792]
ffpex117423708x30827plate9,GSE115577,GSM3183412,FFPE X117423708 [X30_827_plate9],GSE93601,GSM2457593,FFPE_X117423708 [X30_827_plate9]
ffpex117423708x31828plate9,GSE115577,GSM3183413,FFPE X117423708 [X31_828_plate9],GSE93601,GSM2457592,FFPE_X117423708 [X31_828_plate9]
ffpex117447124x57667,GSE115577,GSM3183269,FFPE X117447124 [X57_667],GSE93601,GSM2457643,FFPE_X117447124 [X57_667]
ffpex117447124x58668,GSE115577,GSM3183270,FFPE X117447124 [X58_668],GSE93601,GSM2457642,FFPE_X117447124 [X58_668]
ffpex117463633x29639,GSE115577,GSM3183241,FFPE X117463633 [X29_639],GSE93601,GSM2458048,FFPE_X117463633 [X29_639]
ffpex117463633x30640,GSE115577,GSM3183243,FFPE X117463633 [X30_640],GSE93601,GSM2458047,FFPE_X117463633 [X30_640]
ffpex117472223x38d2plate63,GSE115577,GSM3183180,FFPE X117472223 [X38_D2_plate6_3],GSE93601,GSM2457775,FFPE_X117472223 [X38_D2_plate6_3]
ffpex117472223x39556plate6,GSE115577,GSM3183181,FFPE X117472223 [X39_556_plate_6],GSE93601,GSM2457774,FFPE_X117472223 [X39_556_plate_6]
ffpex117502179x82507plate5,GSE115577,GSM3183142,FFPE X117502179 [X82_507_plate5],GSE93601,GSM2457449,FFPE_X117502179 [X82_507_plate5]
ffpex117502179x83508plate5,GSE115577,GSM3183143,FFPE X117502179 [X83_508_plate5],GSE93601,GSM2457448,FFPE_X117502179 [X83_508_plate5]
ffpex117507931x63363plate4,GSE115577,GSM3183017,FFPE X117507931 [X63_363_PLATE4],GSE93601,GSM2457769,FFPE_X117507931 [X63_363_PLATE4]
ffpex117507931x64364plate4,GSE115577,GSM3183018,FFPE X117507931 [X64_364_PLATE4],GSE93601,GSM2457768,FFPE_X117507931 [X64_364_PLATE4]
ffpex117522296x71371plate4,GSE115577,GSM3183024,FFPE X117522296 [X71_371_PLATE4],GSE93601,GSM2457824,FFPE_X117522296 [X71_371_PLATE4]
ffpex117522296x72372plate4,GSE115577,GSM3183025,FFPE X117522296 [X72_372_PLATE4],GSE93601,GSM2457823,FFPE_X117522296 [X72_372_PLATE4]
ffpex117553637x11311plate4,GSE115577,GSM3182977,FFPE X117553637 [X11_311_PLATE4],GSE93601,GSM2457595,FFPE_X117553637 [X11_311_PLATE4]
ffpex117553637x12312plate4,GSE115577,GSM3182978,FFPE X117553637 [X12_312_PLATE4],GSE93601,GSM2457594,FFPE_X117553637 [X12_312_PLATE4]
ffpex117624735x66491plate5,GSE115577,GSM3183127,FFPE X117624735 [X66_491_plate5],GSE93601,GSM2457574,FFPE_X117624735 [X66_491_plate5]
ffpex117624735x67492plate5,GSE115577,GSM3183128,FFPE X117624735 [X67_492_plate5],GSE93601,GSM2457573,FFPE_X117624735 [X67_492_plate5]
ffpex117630413x88513plate5,GSE115577,GSM3183148,FFPE X117630413 [X88_513_plate5],GSE93601,GSM2457970,FFPE_X117630413 [X88_513_plate5]
ffpex117630413x89514plate5,GSE115577,GSM3183149,FFPE X117630413 [X89_514_plate5],GSE93601,GSM2457969,FFPE_X117630413 [X89_514_plate5]
ffpex117634536x6772ffpeplate1,GSE115577,GSM3183320,FFPE X117634536 [X67_72_FFPE_PLATE1],GSE93601,GSM2457459,FFPE_X117634536 [X67_72_FFPE_PLATE1]
ffpex117634536x6873ffpeplate1,GSE115577,GSM3183331,FFPE X117634536 [X68_73_FFPE_PLATE1],GSE93601,GSM2457458,FFPE_X117634536 [X68_73_FFPE_PLATE1]
ffpex117635438x61269ffpeplate3,GSE115577,GSM3182953,FFPE X117635438 [X61_269_FFPE_PLATE3],GSE93601,GSM2457502,FFPE_X117635438 [X61_269_FFPE_PLATE3]
ffpex117650633x74591plate6,GSE115577,GSM3183199,FFPE X117650633 [X74_591_plate_6],GSE93601,GSM2457603,FFPE_X117650633 [X74_591_plate_6]
ffpex117650633x75592plate6,GSE115577,GSM3183200,FFPE X117650633 [X75_592_plate_6],GSE93601,GSM2457602,FFPE_X117650633 [X75_592_plate_6]
ffpex117674770x64674,GSE115577,GSM3183276,FFPE X117674770 [X64_674],GSE93601,GSM2457665,FFPE_X117674770 [X64_674]
ffpex117707644x5860ffpeplate1,GSE115577,GSM3183206,FFPE X117707644 [X58_60_FFPE_PLATE1],GSE93601,GSM2457474,FFPE_X117707644 [X58_60_FFPE_PLATE1]
ffpex117707644x5961ffpeplate1,GSE115577,GSM3183215,FFPE X117707644 [X59_61_FFPE_PLATE1],GSE93601,GSM2457473,FFPE_X117707644 [X59_61_FFPE_PLATE1]
ffpex117714430x461023,GSE115577,GSM3182794,FFPE X117714430 [X46_1023],GSE93601,GSM2457908,FFPE_X117714430 [X46_1023]
ffpex117741745x65768ffpeplate8,GSE115577,GSM3183362,FFPE X117741745 [X65_768_FFPE_Plate8],GSE93601,GSM2457394,FFPE_X117741745 [X65_768_FFPE_Plate8]
ffpex117741745x891ffpeplate1,GSE115577,GSM3182768,FFPE X117741745 [X89_1_FFPE_PLATE1],GSE93601,GSM2457395,FFPE_X117741745 [X89_1_FFPE_PLATE1]
ffpex117776482x83953,GSE115577,GSM3183478,FFPE X117776482 [X83_953],GSE93601,GSM2458112,FFPE_X117776482 [X83_953]
ffpex117776482x84954,GSE115577,GSM3183479,FFPE X117776482 [X84_954],GSE93601,GSM2458111,FFPE_X117776482 [X84_954]
ffpex117790157x31453plate5,GSE115577,GSM3183089,FFPE X117790157 [X31_453_plate5],GSE93601,GSM2457399,FFPE_X117790157 [X31_453_plate5]
ffpex117790157x32454plate5,GSE115577,GSM3183090,FFPE X117790157 [X32_454_plate5],GSE93601,GSM2457398,FFPE_X117790157 [X32_454_plate5]
ffpex117790672x17994,GSE115577,GSM3183503,FFPE X117790672 [X17_994],GSE93601,GSM2457419,FFPE_X117790672 [X17_994]
ffpex117802424x13530plate6,GSE115577,GSM3183162,FFPE X117802424 [X13_530_plate_6],GSE93601,GSM2457414,FFPE_X117802424 [X13_530_plate_6]
ffpex117822232x291006,GSE115577,GSM3182776,FFPE X117822232 [X29_1006],GSE93601,GSM2457787,FFPE_X117822232 [X29_1006]
ffpex117845364x791056,GSE115577,GSM3182821,FFPE X117845364 [X79_1056],GSE93601,GSM2457685,FFPE_X117845364 [X79_1056]
ffpex117885501x42559plate6,GSE115577,GSM3183184,FFPE X117885501 [X42_559_plate_6],GSE93601,GSM2457870,FFPE_X117885501 [X42_559_plate_6]
ffpex117885501x43560plate6,GSE115577,GSM3183185,FFPE X117885501 [X43_560_plate_6],GSE93601,GSM2457869,FFPE_X117885501 [X43_560_plate_6]
ffpex117897827x78503plate5,GSE115577,GSM3183140,FFPE X117897827 [X78_503_plate5],GSE93601,GSM2457927,FFPE_X117897827 [X78_503_plate5]
ffpex117902744x7984,GSE115577,GSM3183493,FFPE X117902744 [X7_984],GSE93601,GSM2457430,FFPE_X117902744 [X7_984]
ffpex117935059x74499plate5,GSE115577,GSM3183135,FFPE X117935059 [X74_499_plate5],GSE93601,GSM2457915,FFPE_X117935059 [X74_499_plate5]
ffpex117935059x75500plate5,GSE115577,GSM3183138,FFPE X117935059 [X75_500_plate5],GSE93601,GSM2457914,FFPE_X117935059 [X75_500_plate5]
ffpex117941355x571034,GSE115577,GSM3182806,FFPE X117941355 [X57_1034],GSE93601,GSM2457507,FFPE_X117941355 [X57_1034]
ffpex117958609x60x405nhsiiplate5,GSE115577,GSM3183813,FFPE X117958609 [X60_X.405_NHSIIplate5],GSE93601,GSM2457776,FFPE_X117958609 [X60_X.405_NHSIIplate5]
ffpex117972902x53663,GSE115577,GSM3183265,FFPE X117972902 [X53_663],GSE93601,GSM2457990,FFPE_X117972902 [X53_663]
ffpex117972902x54664,GSE115577,GSM3183266,FFPE X117972902 [X54_664],GSE93601,GSM2457989,FFPE_X117972902 [X54_664]
ffpex118011242x11115plate2,GSE115577,GSM3182843,FFPE X118011242 [X11_115_plate2],GSE93601,GSM2457916,FFPE_X118011242 [X11_115_plate2]
ffpex118011242x73114ffpeplate1,GSE115577,GSM3182842,FFPE X118011242 [X73_114_FFPE_PLATE1],GSE93601,GSM2457917,FFPE_X118011242 [X73_114_FFPE_PLATE1]
ffpex118022769x6523plate6,GSE115577,GSM3183157,FFPE X118022769 [X6_523_plate_6],GSE93601,GSM2457831,FFPE_X118022769 [X6_523_plate_6]
ffpex118022769x7524plate6,GSE115577,GSM3183158,FFPE X118022769 [X7_524_plate_6],GSE93601,GSM2457830,FFPE_X118022769 [X7_524_plate_6]
ffpex118065091x5707ffpeplate8,GSE115577,GSM3183307,FFPE X118065091 [X5_707_FFPE_Plate8],GSE93601,GSM2457418,FFPE_X118065091 [X5_707_FFPE_Plate8]
ffpex118065091x6708ffpeplate8,GSE115577,GSM3183308,FFPE X118065091 [X6_708_FFPE_Plate8],GSE93601,GSM2457417,FFPE_X118065091 [X6_708_FFPE_Plate8]
ffpex118071908x5614,GSE115577,GSM3183218,FFPE X118071908 [X5_614],GSE93601,GSM2457725,FFPE_X118071908 [X5_614]
ffpex118071908x96h12plate63,GSE115577,GSM3183442,FFPE X118071908 [X96_H12_plate6_3],GSE93601,GSM2457726,FFPE_X118071908 [X96_H12_plate6_3]
ffpex118121981x40557plate6,GSE115577,GSM3183182,FFPE X118121981 [X40_557_plate_6],GSE93601,GSM2457833,FFPE_X118121981 [X40_557_plate_6]
ffpex118121981x41558plate6,GSE115577,GSM3183183,FFPE X118121981 [X41_558_plate_6],GSE93601,GSM2457832,FFPE_X118121981 [X41_558_plate_6]
ffpex118127187x3840ffpeplate1,GSE115577,GSM3183052,FFPE X118127187 [X38_40_FFPE_PLATE1],GSE93601,GSM2457436,FFPE_X118127187 [X38_40_FFPE_PLATE1]
ffpex118127187x3941ffpeplate1,GSE115577,GSM3183060,FFPE X118127187 [X39_41_FFPE_PLATE1],GSE93601,GSM2457435,FFPE_X118127187 [X39_41_FFPE_PLATE1]
ffpex118159636x47469plate5,GSE115577,GSM3183105,FFPE X118159636 [X47_469_plate5],GSE93601,GSM2457949,FFPE_X118159636 [X47_469_plate5]
ffpex118159636x48470plate5,GSE115577,GSM3183106,FFPE X118159636 [X48_470_plate5],GSE93601,GSM2457948,FFPE_X118159636 [X48_470_plate5]
ffpex118191315x611038,GSE115577,GSM3182808,FFPE X118191315 [X61_1038],GSE93601,GSM2457606,FFPE_X118191315 [X61_1038]
ffpex118219928x22631,GSE115577,GSM3183236,FFPE X118219928 [X22_631],GSE93601,GSM2457895,FFPE_X118219928 [X22_631]
ffpex118219928x23632,GSE115577,GSM3183237,FFPE X118219928 [X23_632],GSE93601,GSM2457894,FFPE_X118219928 [X23_632]
ffpex118298258x94519plate5,GSE115577,GSM3183153,FFPE X118298258 [X94_519_plate5],GSE93601,GSM2457540,FFPE_X118298258 [X94_519_plate5]
ffpex118305500x75177plate2,GSE115577,GSM3182893,FFPE X118305500 [X75_177_plate2],GSE93601,GSM2458074,FFPE_X118305500 [X75_177_plate2]
ffpex118305500x76178plate2,GSE115577,GSM3182894,FFPE X118305500 [X76_178_plate2],GSE93601,GSM2458072,FFPE_X118305500 [X76_178_plate2]
ffpex118325617x30547plate6,GSE115577,GSM3183175,FFPE X118325617 [X30_547_plate_6],GSE93601,GSM2457697,FFPE_X118325617 [X30_547_plate_6]
ffpex118325617x31c7plate63,GSE115577,GSM3183176,FFPE X118325617 [X31_C7_plate6_3],GSE93601,GSM2457696,FFPE_X118325617 [X31_C7_plate6_3]
ffpex118326622x851062,GSE115577,GSM3182828,FFPE X118326622 [X85_1062],GSE93601,GSM2457788,FFPE_X118326622 [X85_1062]
ffpex118353834x29451plate5,GSE115577,GSM3183087,FFPE X118353834 [X29_451_plate5],GSE93601,GSM2457397,FFPE_X118353834 [X29_451_plate5]
ffpex118353834x30452plate52,GSE115577,GSM3183088,FFPE X118353834 [X30_452_plate5_2],GSE93601,GSM2457396,FFPE_X118353834 [X30_452_plate5_2]
ffpex118381227x27x371nhsiiplate5,GSE115577,GSM3183783,FFPE X118381227 [X27_X.371_NHSIIplate5],GSE93601,GSM2457600,FFPE_X118381227 [X27_X.371_NHSIIplate5]
ffpex118381227x28x372nhsiiplate5,GSE115577,GSM3183784,FFPE X118381227 [X28_X.372_NHSIIplate5],GSE93601,GSM2457599,FFPE_X118381227 [X28_X.372_NHSIIplate5]
ffpex118393141x5305plate4,GSE115577,GSM3182973,FFPE X118393141 [X5_305_PLATE4],GSE93601,GSM2457615,FFPE_X118393141 [X5_305_PLATE4]
ffpex118393141x6306plate4,GSE115577,GSM3182974,FFPE X118393141 [X6_306_PLATE4],GSE93601,GSM2457614,FFPE_X118393141 [X6_306_PLATE4]
ffpex118445436x16120plate2,GSE115577,GSM3182848,FFPE X118445436 [X16_120_plate2],GSE93601,GSM2457931,FFPE_X118445436 [X16_120_plate2]
ffpex118445436x17121plate2,GSE115577,GSM3182849,FFPE X118445436 [X17_121_plate2],GSE93601,GSM2457930,FFPE_X118445436 [X17_121_plate2]
ffpex118452840x76593plate6,GSE115577,GSM3183201,FFPE X118452840 [X76_593_plate_6],GSE93601,GSM2457608,FFPE_X118452840 [X76_593_plate_6]
ffpex118452840x77g5plate63,GSE115577,GSM3183202,FFPE X118452840 [X77_G5_plate6_3],GSE93601,GSM2457607,FFPE_X118452840 [X77_G5_plate6_3]
ffpex118475251x5484ffpeplate1,GSE115577,GSM3183121,FFPE X118475251 [X5_484_FFPE_PLATE1],GSE93601,GSM2457536,FFPE_X118475251 [X5_484_FFPE_PLATE1]
ffpex118475251x61483plate5,GSE115577,GSM3183120,FFPE X118475251 [X61_483_plate5],GSE93601,GSM2457537,FFPE_X118475251 [X61_483_plate5]
ffpex118488994x45345plate4,GSE115577,GSM3183003,FFPE X118488994 [X45_345_PLATE4],GSE93601,GSM2457737,FFPE_X118488994 [X45_345_PLATE4]
ffpex118488994x46346plate4,GSE115577,GSM3183004,FFPE X118488994 [X46_346_PLATE4],GSE93601,GSM2457736,FFPE_X118488994 [X46_346_PLATE4]
ffpex118501496x56156plate2,GSE115577,GSM3182878,FFPE X118501496 [X56_156_plate2],GSE93601,GSM2457840,FFPE_X118501496 [X56_156_plate2]
ffpex118501496x57157plate2,GSE115577,GSM3182879,FFPE X118501496 [X57_157_plate2],GSE93601,GSM2457839,FFPE_X118501496 [X57_157_plate2]
ffpex118571963x94107ffpeplate1,GSE115577,GSM3182833,FFPE X118571963 [X94_107_FFPE_PLATE1],GSE93601,GSM2457879,FFPE_X118571963 [X94_107_FFPE_PLATE1]
ffpex118575056x91976,GSE115577,GSM3183485,FFPE X118575056 [X91_976],GSE93601,GSM2458108,FFPE_X118575056 [X91_976]
ffpex118622738x71173plate2,GSE115577,GSM3182891,FFPE X118622738 [X71_173_plate2],GSE93601,GSM2458061,FFPE_X118622738 [X71_173_plate2]
ffpex118622738x72174plate2,GSE115577,GSM3182892,FFPE X118622738 [X72_174_plate2],GSE93601,GSM2458060,FFPE_X118622738 [X72_174_plate2]
ffpex118643448x60918plate9,GSE115577,GSM3183458,FFPE X118643448 [X60_918_plate9],GSE93601,GSM2457902,FFPE_X118643448 [X60_918_plate9]
ffpex118670866x75945,GSE115577,GSM3183473,FFPE X118670866 [X75_945],GSE93601,GSM2458078,FFPE_X118670866 [X75_945]
ffpex118670866x76946,GSE115577,GSM3183474,FFPE X118670866 [X76_946],GSE93601,GSM2458076,FFPE_X118670866 [X76_946]
ffpex118691370x81183plate2,GSE115577,GSM3182898,FFPE X118691370 [X81_183_plate2],GSE93601,GSM2457730,FFPE_X118691370 [X81_183_plate2]
ffpex118691370x82184plate2,GSE115577,GSM3182899,FFPE X118691370 [X82_184_plate2],GSE93601,GSM2457729,FFPE_X118691370 [X82_184_plate2]
ffpex118708559x3638ffpeplate1,GSE115577,GSM3183033,FFPE X118708559 [X36_38_FFPE_PLATE1],GSE93601,GSM2457426,FFPE_X118708559 [X36_38_FFPE_PLATE1]
ffpex118708559x3739ffpeplate1,GSE115577,GSM3183044,FFPE X118708559 [X37_39_FFPE_PLATE1],GSE93601,GSM2457425,FFPE_X118708559 [X37_39_FFPE_PLATE1]
ffpex118717561x96980,GSE115577,GSM3183489,FFPE X118717561 [X96_980],GSE93601,GSM2458029,FFPE_X118717561 [X96_980]
ffpex118720842x591036,GSE115577,GSM3182807,FFPE X118720842 [X59_1036],GSE93601,GSM2457475,FFPE_X118720842 [X59_1036]
ffpex118757589x48d12plate63,GSE115577,GSM3183430,FFPE X118757589 [X48_D12_plate6_3],GSE93601,GSM2457505,FFPE_X118757589 [X48_D12_plate6_3]
ffpex118757589x49e1plate63,GSE115577,GSM3183431,FFPE X118757589 [X49_E1_plate6_3],GSE93601,GSM2457504,FFPE_X118757589 [X49_E1_plate6_3]
ffpex118794711x71279ffpeplate3,GSE115577,GSM3182956,FFPE X118794711 [X71_279_FFPE_PLATE3],GSE93601,GSM2457515,FFPE_X118794711 [X71_279_FFPE_PLATE3]
ffpex118794711x72280ffpeplate3,GSE115577,GSM3182958,FFPE X118794711 [X72_280_FFPE_PLATE3],GSE93601,GSM2457514,FFPE_X118794711 [X72_280_FFPE_PLATE3]
ffpex118799221x49891plate9,GSE115577,GSM3183446,FFPE X118799221 [X49_891_plate9],GSE93601,GSM2457753,FFPE_X118799221 [X49_891_plate9]
ffpex118799221x50892plate9,GSE115577,GSM3183447,FFPE X118799221 [X50_892_plate9],GSE93601,GSM2457752,FFPE_X118799221 [X50_892_plate9]
ffpex118837277x541031,GSE115577,GSM3182803,FFPE X118837277 [X54_1031],GSE93601,GSM2457877,FFPE_X118837277 [X54_1031]
ffpex118846485x84g12plate63,GSE115577,GSM3183207,FFPE X118846485 [X84_G12_plate6_3],GSE93601,GSM2457645,FFPE_X118846485 [X84_G12_plate6_3]
ffpex118846485x85602plate6,GSE115577,GSM3183208,FFPE X118846485 [X85_602_plate_6],GSE93601,GSM2457644,FFPE_X118846485 [X85_602_plate_6]
ffpex118850462x9110plate2,GSE115577,GSM3182838,FFPE X118850462 [X9_110_plate2],GSE93601,GSM2457871,FFPE_X118850462 [X9_110_plate2]
ffpex118850462x96109ffpeplate1,GSE115577,GSM3182836,FFPE X118850462 [X96_109_FFPE_PLATE1],GSE93601,GSM2457872,FFPE_X118850462 [X96_109_FFPE_PLATE1]
ffpex118998753x4648ffpeplate1,GSE115577,GSM3183116,FFPE X118998753 [X46_48_FFPE_PLATE1],GSE93601,GSM2457446,FFPE_X118998753 [X46_48_FFPE_PLATE1]
ffpex118998753x4749ffpeplate1,GSE115577,GSM3183125,FFPE X118998753 [X47_49_FFPE_PLATE1],GSE93601,GSM2457445,FFPE_X118998753 [X47_49_FFPE_PLATE1]
ffpex119048111x3234ffpeplate1,GSE115577,GSM3182997,FFPE X119048111 [X32_34_FFPE_PLATE1],GSE93601,GSM2457387,FFPE_X119048111 [X32_34_FFPE_PLATE1]
ffpex119063615x21321plate4,GSE115577,GSM3182984,FFPE X119063615 [X21_321_PLATE4],GSE93601,GSM2457631,FFPE_X119063615 [X21_321_PLATE4]
ffpex119063615x22322plate4,GSE115577,GSM3182985,FFPE X119063615 [X22_322_PLATE4],GSE93601,GSM2457630,FFPE_X119063615 [X22_322_PLATE4]
ffpex119073725x84509plate5,GSE115577,GSM3183144,FFPE X119073725 [X84_509_plate5],GSE93601,GSM2457506,FFPE_X119073725 [X84_509_plate5]
ffpex119106181x9217ffpeplate3,GSE115577,GSM3182927,FFPE X119106181 [X9_217_FFPE_PLATE_3],GSE93601,GSM2457981,FFPE_X119106181 [X9_217_FFPE_PLATE_3]
ffpex119153928x85695,GSE115577,GSM3183294,FFPE X119153928 [X85_695],GSE93601,GSM2457874,FFPE_X119153928 [X85_695]
ffpex119153928x86696,GSE115577,GSM3183295,FFPE X119153928 [X86_696],GSE93601,GSM2457873,FFPE_X119153928 [X86_696]
ffpex119154006x86100ffpeplate1,GSE115577,GSM3182769,FFPE X119154006 [X86_100_FFPE_PLATE1],GSE93601,GSM2457905,FFPE_X119154006 [X86_100_FFPE_PLATE1]
ffpex119154006x88101ffpeplate1,GSE115577,GSM3182780,FFPE X119154006 [X88_101_FFPE_PLATE1],GSE93601,GSM2457904,FFPE_X119154006 [X88_101_FFPE_PLATE1]
ffpex119206089x33735ffpeplate8,GSE115577,GSM3183335,FFPE X119206089 [X33_735_FFPE_Plate8],GSE93601,GSM2457354,FFPE_X119206089 [X33_735_FFPE_Plate8]
ffpex119206089x34736ffpeplate8,GSE115577,GSM3183336,FFPE X119206089 [X34_736_FFPE_Plate8],GSE93601,GSM2457353,FFPE_X119206089 [X34_736_FFPE_Plate8]
ffpex119222501x15403plate4,GSE115577,GSM3183054,FFPE X119222501 [X15_403_PLATE4],GSE93601,GSM2457626,FFPE_X119222501 [X15_403_PLATE4]
ffpex119222501x16404plate4,GSE115577,GSM3183055,FFPE X119222501 [X16_404_PLATE4],GSE93601,GSM2457625,FFPE_X119222501 [X16_404_PLATE4]
ffpex119242412x91516plate5,GSE115577,GSM3183150,FFPE X119242412 [X91_516_plate5],GSE93601,GSM2458109,FFPE_X119242412 [X91_516_plate5]
ffpex119256542x11988,GSE115577,GSM3183497,FFPE X119256542 [X11_988],GSE93601,GSM2457460,FFPE_X119256542 [X11_988]
ffpex119276041x89699,GSE115577,GSM3183298,FFPE X119276041 [X89_699],GSE93601,GSM2457886,FFPE_X119276041 [X89_699]
ffpex119276041x90700,GSE115577,GSM3183300,FFPE X119276041 [X90_700],GSE93601,GSM2457885,FFPE_X119276041 [X90_700]
ffpex119350832x31641,GSE115577,GSM3183244,FFPE X119350832 [X31_641],GSE93601,GSM2457979,FFPE_X119350832 [X31_641]
ffpex119350832x32642,GSE115577,GSM3183245,FFPE X119350832 [X32_642],GSE93601,GSM2457978,FFPE_X119350832 [X32_642]
ffpex119353950x4042ffpeplate1,GSE115577,GSM3183064,FFPE X119353950 [X40_42_FFPE_PLATE1],GSE93601,GSM2457432,FFPE_X119353950 [X40_42_FFPE_PLATE1]
ffpex119371851x47347plate4,GSE115577,GSM3183005,FFPE X119371851 [X47_347_PLATE4],GSE93601,GSM2457720,FFPE_X119371851 [X47_347_PLATE4]
ffpex119371851x48348plate4,GSE115577,GSM3183006,FFPE X119371851 [X48_348_PLATE4],GSE93601,GSM2457719,FFPE_X119371851 [X48_348_PLATE4]
ffpex119372444x15b3plate63,GSE115577,GSM3182924,FFPE X119372444 [X15_B3_plate6_3],GSE93601,GSM2457779,FFPE_X119372444 [X15_B3_plate6_3]
ffpex119372444x5213ffpeplate3,GSE115577,GSM3182923,FFPE X119372444 [X5_213_FFPE_PLATE_3],GSE93601,GSM2457780,FFPE_X119372444 [X5_213_FFPE_PLATE_3]
ffpex119413109x62plate2,GSE115577,GSM3182913,FFPE X119413109 [X6_2_plate2],GSE93601,GSM2457428,FFPE_X119413109 [X6_2_plate2]
ffpex119420095x51473plate5,GSE115577,GSM3183109,FFPE X119420095 [X51_473_plate5],GSE93601,GSM2457888,FFPE_X119420095 [X51_473_plate5]
ffpex119420095x52474plate5,GSE115577,GSM3183110,FFPE X119420095 [X52_474_plate5],GSE93601,GSM2457887,FFPE_X119420095 [X52_474_plate5]
ffpex119448670x17439plate5,GSE115577,GSM3183075,FFPE X119448670 [X17_439_plate5],GSE93601,GSM2457489,FFPE_X119448670 [X17_439_plate5]
ffpex119448670x18440plate5,GSE115577,GSM3183076,FFPE X119448670 [X18_440_plate5],GSE93601,GSM2457488,FFPE_X119448670 [X18_440_plate5]
ffpex119482668x18b6plate63,GSE115577,GSM3182939,FFPE X119482668 [X18_B6_plate6_3],GSE93601,GSM2458046,FFPE_X119482668 [X18_B6_plate6_3]
ffpex119484575x45467plate5,GSE115577,GSM3183103,FFPE X119484575 [X45_467_plate5],GSE93601,GSM2457407,FFPE_X119484575 [X45_467_plate5]
ffpex119484575x46468plate5,GSE115577,GSM3183104,FFPE X119484575 [X46_468_plate5],GSE93601,GSM2457406,FFPE_X119484575 [X46_468_plate5]
ffpex119513223x87189plate2,GSE115577,GSM3182904,FFPE X119513223 [X87_189_plate2],GSE93601,GSM2457676,FFPE_X119513223 [X87_189_plate2]
ffpex119513223x88190plate2,GSE115577,GSM3182905,FFPE X119513223 [X88_190_plate2],GSE93601,GSM2457675,FFPE_X119513223 [X88_190_plate2]
ffpex119542857x401017,GSE115577,GSM3182788,FFPE X119542857 [X40_1017],GSE93601,GSM2458118,FFPE_X119542857 [X40_1017]
ffpex119550236x91193plate2,GSE115577,GSM3182908,FFPE X119550236 [X91_193_plate2],GSE93601,GSM2457688,FFPE_X119550236 [X91_193_plate2]
ffpex119550236x92194plate2,GSE115577,GSM3182909,FFPE X119550236 [X92_194_plate2],GSE93601,GSM2457687,FFPE_X119550236 [X92_194_plate2]
ffpex119555879x88969,GSE115577,GSM3183483,FFPE X119555879 [X88_969],GSE93601,GSM2458123,FFPE_X119555879 [X88_969]
ffpex119579192x70773ffpeplate8,GSE115577,GSM3183366,FFPE X119579192 [X70_773_FFPE_Plate8],GSE93601,GSM2457409,FFPE_X119579192 [X70_773_FFPE_Plate8]
ffpex119579192x71774ffpeplate8,GSE115577,GSM3183367,FFPE X119579192 [X71_774_FFPE_Plate8],GSE93601,GSM2457408,FFPE_X119579192 [X71_774_FFPE_Plate8]
ffpex119611945x24634,GSE115577,GSM3183238,FFPE X119611945 [X24_634],GSE93601,GSM2457939,FFPE_X119611945 [X24_634]
ffpex119611945x29120plate2,GSE115577,GSM3182854,FFPE X119611945 [X29_120_plate2],GSE93601,GSM2457940,FFPE_X119611945 [X29_120_plate2]
ffpex119612847x70797,GSE115577,GSM3183385,FFPE X119612847 [X70_797],GSE93601,GSM2458011,FFPE_X119612847 [X70_797]
ffpex119612847x71798,GSE115577,GSM3183386,FFPE X119612847 [X71_798],GSE93601,GSM2458010,FFPE_X119612847 [X71_798]
ffpex119644672x231000,GSE115577,GSM3182770,FFPE X119644672 [X23_1000],GSE93601,GSM2457596,FFPE_X119644672 [X23_1000]
ffpex119645059x80g8plate63,GSE115577,GSM3183205,FFPE X119645059 [X80_G8_plate6_3],GSE93601,GSM2457618,FFPE_X119645059 [X80_G8_plate6_3]
ffpex119696311x21723ffpeplate8,GSE115577,GSM3183324,FFPE X119696311 [X21_723_FFPE_Plate8],GSE93601,GSM2457954,FFPE_X119696311 [X21_723_FFPE_Plate8]
ffpex119696311x22724ffpeplate8,GSE115577,GSM3183325,FFPE X119696311 [X22_724_FFPE_Plate8],GSE93601,GSM2457953,FFPE_X119696311 [X22_724_FFPE_Plate8]
ffpex119709268x35835plate9,GSE115577,GSM3183415,FFPE X119709268 [X35_835_plate9],GSE93601,GSM2457856,FFPE_X119709268 [X35_835_plate9]
ffpex119709268x42836plate9,GSE115577,GSM3183416,FFPE X119709268 [X42_836_plate9],GSE93601,GSM2457855,FFPE_X119709268 [X42_836_plate9]
ffpex119719584x431020,GSE115577,GSM3182791,FFPE X119719584 [X43_1020],GSE93601,GSM2457689,FFPE_X119719584 [X43_1020]
ffpex119722041x13117plate2,GSE115577,GSM3182845,FFPE X119722041 [X13_117_plate2],GSE93601,GSM2457920,FFPE_X119722041 [X13_117_plate2]
ffpex119722041x14118plate2,GSE115577,GSM3182846,FFPE X119722041 [X14_118_plate2],GSE93601,GSM2457919,FFPE_X119722041 [X14_118_plate2]
ffpex119730450x86h2plate63,GSE115577,GSM3183209,FFPE X119730450 [X86_H2_plate6_3],GSE93601,GSM2457647,FFPE_X119730450 [X86_H2_plate6_3]
ffpex119730450x87h3plate63,GSE115577,GSM3183210,FFPE X119730450 [X87_H3_plate6_3],GSE93601,GSM2457646,FFPE_X119730450 [X87_H3_plate6_3]
ffpex119738805x92517plate5,GSE115577,GSM3183151,FFPE X119738805 [X92_517_plate5],GSE93601,GSM2457456,FFPE_X119738805 [X92_517_plate5]
ffpex119738805x93518plate5,GSE115577,GSM3183152,FFPE X119738805 [X93_518_plate5],GSE93601,GSM2457455,FFPE_X119738805 [X93_518_plate5]
ffpex119756809x301007,GSE115577,GSM3182777,FFPE X119756809 [X30_1007],GSE93601,GSM2457789,FFPE_X119756809 [X30_1007]
ffpex119758716x861063,GSE115577,GSM3182829,FFPE X119758716 [X86_1063],GSE93601,GSM2457952,FFPE_X119758716 [X86_1063]
ffpex119762275x39461plate5,GSE115577,GSM3183098,FFPE X119762275 [X39_461_plate5],GSE93601,GSM2457422,FFPE_X119762275 [X39_461_plate5]
ffpex119762275x40462plate5,GSE115577,GSM3183099,FFPE X119762275 [X40_462_plate5],GSE93601,GSM2457421,FFPE_X119762275 [X40_462_plate5]
ffpex119801960x81506plate5,GSE115577,GSM3183141,FFPE X119801960 [X81_506_plate5],GSE93601,GSM2457461,FFPE_X119801960 [X81_506_plate5]
ffpex119807990x76105ffpeplate1,GSE115577,GSM3182814,FFPE X119807990 [X76_105_FFPE_PLATE1],GSE93601,GSM2457889,FFPE_X119807990 [X76_105_FFPE_PLATE1]
ffpex119813462x46d10plate63,GSE115577,GSM3183427,FFPE X119813462 [X46_D10_plate6_3],GSE93601,GSM2457481,FFPE_X119813462 [X46_D10_plate6_3]
ffpex119814776x14531plate6,GSE115577,GSM3183163,FFPE X119814776 [X14_531_plate_6],GSE93601,GSM2457559,FFPE_X119814776 [X14_531_plate_6]
ffpex119814776x15532plate6,GSE115577,GSM3183164,FFPE X119814776 [X15_532_plate_6],GSE93601,GSM2457558,FFPE_X119814776 [X15_532_plate_6]
ffpex119823572x55757ffpeplate8,GSE115577,GSM3183356,FFPE X119823572 [X55_757_FFPE_Plate8],GSE93601,GSM2457380,FFPE_X119823572 [X55_757_FFPE_Plate8]
ffpex119844488x8496ffpeplate1,GSE115577,GSM3183481,FFPE X119844488 [X84_96_FFPE_PLATE1],GSE93601,GSM2457909,FFPE_X119844488 [X84_96_FFPE_PLATE1]
ffpex119874103x951072,GSE115577,GSM3182835,FFPE X119874103 [X95_1072],GSE93601,GSM2457480,FFPE_X119874103 [X95_1072]
ffpex119879849x34834plate9,GSE115577,GSM3183414,FFPE X119879849 [X34_834_plate9],GSE93601,GSM2457811,FFPE_X119879849 [X34_834_plate9]
ffpex119879849x37137plate2,GSE115577,GSM3182860,FFPE X119879849 [X37_137_plate2],GSE93601,GSM2457812,FFPE_X119879849 [X37_137_plate2]
ffpex119890406x801057,GSE115577,GSM3182822,FFPE X119890406 [X80_1057],GSE93601,GSM2457708,FFPE_X119890406 [X80_1057]
ffpex119891205x22999,GSE115577,GSM3183508,FFPE X119891205 [X22_999],GSE93601,GSM2457817,FFPE_X119891205 [X22_999]
ffpex119899554x62579plate6,GSE115577,GSM3183191,FFPE X119899554 [X62_579_plate_6],GSE93601,GSM2457552,FFPE_X119899554 [X62_579_plate_6]
ffpex119899554x63f3plate63,GSE115577,GSM3183193,FFPE X119899554 [X63_F3_plate6_3],GSE93601,GSM2457551,FFPE_X119899554 [X63_F3_plate6_3]
ffpex119903775x411018,GSE115577,GSM3182789,FFPE X119903775 [X41_1018],GSE93601,GSM2457903,FFPE_X119903775 [X41_1018]
ffpex119968230x10805plate9,GSE115577,GSM3183394,FFPE X119968230 [X10_805_plate9],GSE93601,GSM2458054,FFPE_X119968230 [X10_805_plate9]
ffpex119968230x11806plate9,GSE115577,GSM3183395,FFPE X119968230 [X11_806_plate9],GSE93601,GSM2458053,FFPE_X119968230 [X11_806_plate9]
ffpex120002456x23209plate2,GSE115577,GSM3182919,FFPE X120002456 [X23_209_plate2],GSE93601,GSM2457715,FFPE_X120002456 [X23_209_plate2]
ffpex120002456x5210plate2,GSE115577,GSM3182920,FFPE X120002456 [X5_210_plate2],GSE93601,GSM2457714,FFPE_X120002456 [X5_210_plate2]
ffpex120050378x92h8plate632,GSE115577,GSM3183214,FFPE X120050378 [X92_H8_plate6_3_2],GSE93601,GSM2457710,FFPE_X120050378 [X92_H8_plate6_3_2]
ffpex120050378x93610plate6,GSE115577,GSM3183216,FFPE X120050378 [X93_610_plate_6],GSE93601,GSM2457709,FFPE_X120050378 [X93_610_plate_6]
ffpex120063200x51903plate9,GSE115577,GSM3183449,FFPE X120063200 [X51_903_plate9],GSE93601,GSM2457842,FFPE_X120063200 [X51_903_plate9]
ffpex120063200x52904plate9,GSE115577,GSM3183450,FFPE X120063200 [X52_904_plate9],GSE93601,GSM2457841,FFPE_X120063200 [X52_904_plate9]
ffpex120077536x50x407nhsiiplate5,GSE115577,GSM3183814,FFPE X120077536 [X50_X.407_NHSIIplate5],GSE93601,GSM2457992,FFPE_X120077536 [X50_X.407_NHSIIplate5]
ffpex120077536x63x408nhsiiplate5,GSE115577,GSM3183815,FFPE X120077536 [X63_X.408_NHSIIplate5],GSE93601,GSM2457991,FFPE_X120077536 [X63_X.408_NHSIIplate5]
ffpex120087028x321009,GSE115577,GSM3182779,FFPE X120087028 [X32_1009],GSE93601,GSM2457793,FFPE_X120087028 [X32_1009]
ffpex120156425x17317plate4,GSE115577,GSM3182981,FFPE X120156425 [X17_317_PLATE4],GSE93601,GSM2457521,FFPE_X120156425 [X17_317_PLATE4]
ffpex120156425x18318plate4,GSE115577,GSM3182982,FFPE X120156425 [X18_318_PLATE4],GSE93601,GSM2457520,FFPE_X120156425 [X18_318_PLATE4]
ffpex120187554x14623,GSE115577,GSM3183227,FFPE X120187554 [X14_623],GSE93601,GSM2457845,FFPE_X120187554 [X14_623]
ffpex120187554x15624,GSE115577,GSM3183228,FFPE X120187554 [X15_624],GSE93601,GSM2457844,FFPE_X120187554 [X15_624]
ffpex120215294x60762ffpeplate8,GSE115577,GSM3183359,FFPE X120215294 [X60_762_FFPE_Plate8],GSE93601,GSM2457388,FFPE_X120215294 [X60_762_FFPE_Plate8]
ffpex120253833x35737ffpeplate8,GSE115577,GSM3183337,FFPE X120253833 [X35_737_FFPE_Plate8],GSE93601,GSM2457356,FFPE_X120253833 [X35_737_FFPE_Plate8]
ffpex120253833x36738ffpeplate8,GSE115577,GSM3183338,FFPE X120253833 [X36_738_FFPE_Plate8],GSE93601,GSM2457355,FFPE_X120253833 [X36_738_FFPE_Plate8]
ffpex120300273x19721ffpeplate8,GSE115577,GSM3183322,FFPE X120300273 [X19_721_FFPE_Plate8],GSE93601,GSM2457782,FFPE_X120300273 [X19_721_FFPE_Plate8]
ffpex120300273x20722ffpeplate8,GSE115577,GSM3183323,FFPE X120300273 [X20_722_FFPE_Plate8],GSE93601,GSM2457781,FFPE_X120300273 [X20_722_FFPE_Plate8]
ffpex120363336x771054,GSE115577,GSM3182819,FFPE X120363336 [X77_1054],GSE93601,GSM2457668,FFPE_X120363336 [X77_1054]
ffpex120389071x68368plate4,GSE115577,GSM3183021,FFPE X120389071 [X68_368_PLATE4],GSE93601,GSM2457815,FFPE_X120389071 [X68_368_PLATE4]
ffpex120439768x52152plate2,GSE115577,GSM3182874,FFPE X120439768 [X52_152_plate2],GSE93601,GSM2457837,FFPE_X120439768 [X52_152_plate2]
ffpex120439768x53153plate2,GSE115577,GSM3182875,FFPE X120439768 [X53_153_plate2],GSE93601,GSM2457836,FFPE_X120439768 [X53_153_plate2]
ffpex120532229x561033,GSE115577,GSM3182805,FFPE X120532229 [X56_1033],GSE93601,GSM2457531,FFPE_X120532229 [X56_1033]
ffpex120560652x44144plate2,GSE115577,GSM3182866,FFPE X120560652 [X44_144_plate2],GSE93601,GSM2457825,FFPE_X120560652 [X44_144_plate2]
ffpex120568486x87295ffpeplate3,GSE115577,GSM3182968,FFPE X120568486 [X87_295_FFPE_PLATE3],GSE93601,GSM2457539,FFPE_X120568486 [X87_295_FFPE_PLATE3]
ffpex120568486x88296ffpeplate3,GSE115577,GSM3182969,FFPE X120568486 [X88_296_FFPE_PLATE3],GSE93601,GSM2457538,FFPE_X120568486 [X88_296_FFPE_PLATE3]
ffpex120592374x10310plate4,GSE115577,GSM3182976,FFPE X120592374 [X10_310_PLATE4],GSE93601,GSM2457583,FFPE_X120592374 [X10_310_PLATE4]
ffpex120655784x60160plate2,GSE115577,GSM3182882,FFPE X120655784 [X60_160_plate2],GSE93601,GSM2457866,FFPE_X120655784 [X60_160_plate2]
ffpex120655784x61161plate2,GSE115577,GSM3182883,FFPE X120655784 [X61_161_plate2],GSE93601,GSM2457865,FFPE_X120655784 [X61_161_plate2]
ffpex120657279x12989,GSE115577,GSM3183498,FFPE X120657279 [X12_989],GSE93601,GSM2458013,FFPE_X120657279 [X12_989]
ffpex120679103x49349plate4,GSE115577,GSM3183007,FFPE X120679103 [X49_349_PLATE4],GSE93601,GSM2457707,FFPE_X120679103 [X49_349_PLATE4]
ffpex120679103x50350plate4,GSE115577,GSM3183008,FFPE X120679103 [X50_350_PLATE4],GSE93601,GSM2457706,FFPE_X120679103 [X50_350_PLATE4]
ffpex120680471x45655,GSE115577,GSM3183258,FFPE X120680471 [X45_655],GSE93601,GSM2457801,FFPE_X120680471 [X45_655]
ffpex120714865x741051,GSE115577,GSM3182816,FFPE X120714865 [X74_1051],GSE93601,GSM2457611,FFPE_X120714865 [X74_1051]
ffpex120757811x58x403nhsiiplate5,GSE115577,GSM3183811,FFPE X120757811 [X58_X.403_NHSIIplate5],GSE93601,GSM2457967,FFPE_X120757811 [X58_X.403_NHSIIplate5]
ffpex120757811x59x404nhsiiplate5,GSE115577,GSM3183812,FFPE X120757811 [X59_X.404_NHSIIplate5],GSE93601,GSM2457966,FFPE_X120757811 [X59_X.404_NHSIIplate5]
ffpex120777310x51286plate63,GSE115577,GSM3182964,FFPE X120777310 [X51_286_plate6_3],GSE93601,GSM2457637,FFPE_X120777310 [X51_286_plate6_3]
ffpex120777310x77285ffpeplate3,GSE115577,GSM3182963,FFPE X120777310 [X77_285_FFPE_PLATE3],GSE93601,GSM2457638,FFPE_X120777310 [X77_285_FFPE_PLATE3]
ffpex120777516x31405plate4,GSE115577,GSM3183056,FFPE X120777516 [X31_405_PLATE4],GSE93601,GSM2457650,FFPE_X120777516 [X31_405_PLATE4]
ffpex120857204x7076ffpeplate1,GSE115577,GSM3183357,FFPE X120857204 [X70_76_FFPE_PLATE1],GSE93601,GSM2457465,FFPE_X120857204 [X70_76_FFPE_PLATE1]
ffpex120857204x7177ffpeplate1,GSE115577,GSM3183363,FFPE X120857204 [X71_77_FFPE_PLATE1],GSE93601,GSM2457464,FFPE_X120857204 [X71_77_FFPE_PLATE1]
ffpex120941790x41651,GSE115577,GSM3183254,FFPE X120941790 [X41_651],GSE93601,GSM2457513,FFPE_X120941790 [X41_651]
ffpex120941790x42652,GSE115577,GSM3183255,FFPE X120941790 [X42_652],GSE93601,GSM2457512,FFPE_X120941790 [X42_652]
ffpex120978852x70495plate5,GSE115577,GSM3183131,FFPE X120978852 [X70_495_plate5],GSE93601,GSM2457628,FFPE_X120978852 [X70_495_plate5]
ffpex120978852x71496plate5,GSE115577,GSM3183132,FFPE X120978852 [X71_496_plate5],GSE93601,GSM2457627,FFPE_X120978852 [X71_496_plate5]
ffpex120987030x551032,GSE115577,GSM3182804,FFPE X120987030 [X55_1032],GSE93601,GSM2457476,FFPE_X120987030 [X55_1032]
ffpex120988756x481025,GSE115577,GSM3182796,FFPE X120988756 [X48_1025],GSE93601,GSM2457550,FFPE_X120988756 [X48_1025]
ffpex121004273x57200ffpeplate1,GSE115577,GSM3182914,FFPE X121004273 [X57_200_FFPE_PLATE1],GSE93601,GSM2457758,FFPE_X121004273 [X57_200_FFPE_PLATE1]
ffpex121009716x58760ffpeplate8,GSE115577,GSM3183358,FFPE X121009716 [X58_760_FFPE_Plate8],GSE93601,GSM2457381,FFPE_X121009716 [X58_760_FFPE_Plate8]
ffpex121014486x72f12plate63,GSE115577,GSM3183436,FFPE X121014486 [X72_F12_plate6_3],GSE93601,GSM2457585,FFPE_X121014486 [X72_F12_plate6_3]
ffpex121014486x73g1plate63,GSE115577,GSM3183198,FFPE X121014486 [X73_G1_plate6_3],GSE93601,GSM2457584,FFPE_X121014486 [X73_G1_plate6_3]
ffpex121019826x38648,GSE115577,GSM3183250,FFPE X121019826 [X38_648],GSE93601,GSM2457999,FFPE_X121019826 [X38_648]
ffpex121048430x5522plate6,GSE115577,GSM3183156,FFPE X121048430 [X5_522_plate_6],GSE93601,GSM2457544,FFPE_X121048430 [X5_522_plate_6]
ffpex121048430x96521plate5,GSE115577,GSM3183155,FFPE X121048430 [X96_521_plate5],GSE93601,GSM2457545,FFPE_X121048430 [X96_521_plate5]
ffpex121051814x11202ffpeplate1,GSE115577,GSM3182916,FFPE X121051814 [X11_202_FFPE_PLATE1],GSE93601,GSM2457759,FFPE_X121051814 [X11_202_FFPE_PLATE1]
ffpex121051814x19201ffpeplate1,GSE115577,GSM3182915,FFPE X121051814 [X19_201_FFPE_PLATE1],GSE93601,GSM2457760,FFPE_X121051814 [X19_201_FFPE_PLATE1]
ffpex121085752x9986,GSE115577,GSM3183495,FFPE X121085752 [X9_986],GSE93601,GSM2457578,FFPE_X121085752 [X9_986]
ffpex121099161x761053,GSE115577,GSM3182818,FFPE X121099161 [X76_1053],GSE93601,GSM2457632,FFPE_X121099161 [X76_1053]
ffpex121117518x11219ffpeplate3,GSE115577,GSM3182928,FFPE X121117518 [X11_219_FFPE_PLATE_3],GSE93601,GSM2457983,FFPE_X121117518 [X11_219_FFPE_PLATE_3]
ffpex121117518x12220ffpeplate3,GSE115577,GSM3182929,FFPE X121117518 [X12_220_FFPE_PLATE_3],GSE93601,GSM2457982,FFPE_X121117518 [X12_220_FFPE_PLATE_3]
ffpex121198682x15717ffpeplate8,GSE115577,GSM3183317,FFPE X121198682 [X15_717_FFPE_Plate8],GSE93601,GSM2457610,FFPE_X121198682 [X15_717_FFPE_Plate8]
ffpex121198682x16718ffpeplate8,GSE115577,GSM3183318,FFPE X121198682 [X16_718_FFPE_Plate8],GSE93601,GSM2457609,FFPE_X121198682 [X16_718_FFPE_Plate8]
ffpex121205615x51753ffpeplate8,GSE115577,GSM3183352,FFPE X121205615 [X51_753_FFPE_Plate8],GSE93601,GSM2457374,FFPE_X121205615 [X51_753_FFPE_Plate8]
ffpex121205615x52754ffpeplate8,GSE115577,GSM3183353,FFPE X121205615 [X52_754_FFPE_Plate8],GSE93601,GSM2457373,FFPE_X121205615 [X52_754_FFPE_Plate8]
ffpex121236435x33407plate4,GSE115577,GSM3183057,FFPE X121236435 [X33_407_PLATE4],GSE93601,GSM2457641,FFPE_X121236435 [X33_407_PLATE4]
ffpex121236435x34408plate4,GSE115577,GSM3183058,FFPE X121236435 [X34_408_PLATE4],GSE93601,GSM2457640,FFPE_X121236435 [X34_408_PLATE4]
ffpex121252738x87697,GSE115577,GSM3183296,FFPE X121252738 [X87_697],GSE93601,GSM2457881,FFPE_X121252738 [X87_697]
ffpex121252738x88698,GSE115577,GSM3183297,FFPE X121252738 [X88_698],GSE93601,GSM2457880,FFPE_X121252738 [X88_698]
ffpex121280337x78948,GSE115577,GSM3183475,FFPE X121280337 [X78_948],GSE93601,GSM2458083,FFPE_X121280337 [X78_948]
ffpex121291967x67937plate9,GSE115577,GSM3183466,FFPE X121291967 [X67_937_plate9],GSE93601,GSM2458026,FFPE_X121291967 [X67_937_plate9]
ffpex121291967x68938plate9,GSE115577,GSM3183467,FFPE X121291967 [X68_938_plate9],GSE93601,GSM2458025,FFPE_X121291967 [X68_938_plate9]
ffpex121305523x92977,GSE115577,GSM3183486,FFPE X121305523 [X92_977],GSE93601,GSM2458110,FFPE_X121305523 [X92_977]
ffpex121375366x8985,GSE115577,GSM3183494,FFPE X121375366 [X8_985],GSE93601,GSM2457961,FFPE_X121375366 [X8_985]
ffpex121481776x63164plate2,GSE115577,GSM3182884,FFPE X121481776 [X63_164_plate2],GSE93601,GSM2457808,FFPE_X121481776 [X63_164_plate2]
ffpex121510527x2527ffpeplate1,GSE115577,GSM3182954,FFPE X121510527 [X25_27_FFPE_PLATE1],GSE93601,GSM2457367,FFPE_X121510527 [X25_27_FFPE_PLATE1]
ffpex121510630x49751ffpeplate8,GSE115577,GSM3183350,FFPE X121510630 [X49_751_FFPE_Plate8],GSE93601,GSM2457372,FFPE_X121510630 [X49_751_FFPE_Plate8]
ffpex121510630x50752ffpeplate8,GSE115577,GSM3183351,FFPE X121510630 [X50_752_FFPE_Plate8],GSE93601,GSM2457371,FFPE_X121510630 [X50_752_FFPE_Plate8]
ffpex121511223x35457plate5,GSE115577,GSM3183093,FFPE X121511223 [X35_457_plate5],GSE93601,GSM2457411,FFPE_X121511223 [X35_457_plate5]
ffpex121511223x36458plate5,GSE115577,GSM3183094,FFPE X121511223 [X36_458_plate5],GSE93601,GSM2457410,FFPE_X121511223 [X36_458_plate5]
ffpex121534561x69939plate9,GSE115577,GSM3183468,FFPE X121534561 [X69_939_plate9],GSE93601,GSM2458067,FFPE_X121534561 [X69_939_plate9]
ffpex121534561x70940plate9,GSE115577,GSM3183470,FFPE X121534561 [X70_940_plate9],GSE93601,GSM2458065,FFPE_X121534561 [X70_940_plate9]
ffpex121573481x261003,GSE115577,GSM3182773,FFPE X121573481 [X26_1003],GSE93601,GSM2457466,FFPE_X121573481 [X26_1003]
ffpex121583803x14991,GSE115577,GSM3183500,FFPE X121583803 [X14_991],GSE93601,GSM2457423,FFPE_X121583803 [X14_991]
ffpex121593810x71941plate9,GSE115577,GSM3183471,FFPE X121593810 [X71_941_plate9],GSE93601,GSM2458069,FFPE_X121593810 [X71_941_plate9]
ffpex121611852x20320plate4,GSE115577,GSM3182983,FFPE X121611852 [X20_320_PLATE4],GSE93601,GSM2457580,FFPE_X121611852 [X20_320_PLATE4]
ffpex121712971x821059,GSE115577,GSM3182824,FFPE X121712971 [X82_1059],GSE93601,GSM2457984,FFPE_X121712971 [X82_1059]
ffpex121716270x15992,GSE115577,GSM3183501,FFPE X121716270 [X15_992],GSE93601,GSM2457431,FFPE_X121716270 [X15_992]
ffpex121724576x72497plate5,GSE115577,GSM3183133,FFPE X121724576 [X72_497_plate5],GSE93601,GSM2457911,FFPE_X121724576 [X72_497_plate5]
ffpex121724576x73498plate5,GSE115577,GSM3183134,FFPE X121724576 [X73_498_plate5],GSE93601,GSM2457910,FFPE_X121724576 [X73_498_plate5]
ffpex121744178x64581plate6,GSE115577,GSM3183194,FFPE X121744178 [X64_581_plate_6],GSE93601,GSM2457564,FFPE_X121744178 [X64_581_plate_6]
ffpex121744178x65582plate6,GSE115577,GSM3183195,FFPE X121744178 [X65_582_plate_6],GSE93601,GSM2457563,FFPE_X121744178 [X65_582_plate_6]
ffpex121791822x56783,GSE115577,GSM3183372,FFPE X121791822 [X56_783],GSE93601,GSM2457441,FFPE_X121791822 [X56_783]
ffpex121791822x57784,GSE115577,GSM3183373,FFPE X121791822 [X57_784],GSE93601,GSM2457440,FFPE_X121791822 [X57_784]
ffpex121807279x62487plate5,GSE115577,GSM3183123,FFPE X121807279 [X62_487_plate5],GSE93601,GSM2457560,FFPE_X121807279 [X62_487_plate5]
ffpex121820155x39247ffpeplate3,GSE115577,GSM3182941,FFPE X121820155 [X39_247_FFPE_PLATE3],GSE93601,GSM2457569,FFPE_X121820155 [X39_247_FFPE_PLATE3]
ffpex121859639x49471plate5,GSE115577,GSM3183107,FFPE X121859639 [X49_471_plate5],GSE93601,GSM2457598,FFPE_X121859639 [X49_471_plate5]
ffpex121859639x50472plate5,GSE115577,GSM3183108,FFPE X121859639 [X50_472_plate5],GSE93601,GSM2457597,FFPE_X121859639 [X50_472_plate5]
ffpex121861400x20997,GSE115577,GSM3183506,FFPE X121861400 [X20_997],GSE93601,GSM2457702,FFPE_X121861400 [X20_997]
ffpex121861503x19996,GSE115577,GSM3183505,FFPE X121861503 [X19_996],GSE93601,GSM2457705,FFPE_X121861503 [X19_996]
ffpex121875221x37837plate9,GSE115577,GSM3183417,FFPE X121875221 [X37_837_plate9],GSE93601,GSM2457858,FFPE_X121875221 [X37_837_plate9]
ffpex121875221x38838plate9,GSE115577,GSM3183418,FFPE X121875221 [X38_838_plate9],GSE93601,GSM2457857,FFPE_X121875221 [X38_838_plate9]
ffpex121876123x76501plate52,GSE115577,GSM3183139,FFPE X121876123 [X76_501_plate5_2],GSE93601,GSM2457921,FFPE_X121876123 [X76_501_plate5_2]
ffpex121890622x22b10plate63,GSE115577,GSM3183170,FFPE X121890622 [X22_B10_plate6_3],GSE93601,GSM2457986,FFPE_X121890622 [X22_B10_plate6_3]
ffpex121890622x23b11plate63,GSE115577,GSM3183463,FFPE X121890622 [X23_B11_plate6_3],GSE93601,GSM2457985,FFPE_X121890622 [X23_B11_plate6_3]
ffpex121924083x531030,GSE115577,GSM3182802,FFPE X121924083 [X53_1030],GSE93601,GSM2457731,FFPE_X121924083 [X53_1030]
ffpex121937111x8617,GSE115577,GSM3183220,FFPE X121937111 [X8_617],GSE93601,GSM2457742,FFPE_X121937111 [X8_617]
ffpex121937111x9618,GSE115577,GSM3183221,FFPE X121937111 [X9_618],GSE93601,GSM2457741,FFPE_X121937111 [X9_618]
ffpex121946422x721049,GSE115577,GSM3182813,FFPE X121946422 [X72_1049],GSE93601,GSM2457553,FFPE_X121946422 [X72_1049]
ffpex121954110x53755ffpeplate8,GSE115577,GSM3183354,FFPE X121954110 [X53_755_FFPE_Plate8],GSE93601,GSM2457376,FFPE_X121954110 [X53_755_FFPE_Plate8]
ffpex121954110x54756ffpeplate8,GSE115577,GSM3183355,FFPE X121954110 [X54_756_FFPE_Plate8],GSE93601,GSM2457375,FFPE_X121954110 [X54_756_FFPE_Plate8]
ffpex121957022x55263ffpeplate3,GSE115577,GSM3182948,FFPE X121957022 [X55_263_FFPE_PLATE3],GSE93601,GSM2457496,FFPE_X121957022 [X55_263_FFPE_PLATE3]
ffpex121957022x56264ffpeplate3,GSE115577,GSM3182949,FFPE X121957022 [X56_264_FFPE_PLATE3],GSE93601,GSM2457495,FFPE_X121957022 [X56_264_FFPE_PLATE3]
ffpex121962622x58158plate2,GSE115577,GSM3182880,FFPE X121962622 [X58_158_plate2],GSE93601,GSM2457847,FFPE_X121962622 [X58_158_plate2]
ffpex121962622x59159plate2,GSE115577,GSM3182881,FFPE X121962622 [X59_159_plate2],GSE93601,GSM2457846,FFPE_X121962622 [X59_159_plate2]
ffpex121963936x881065,GSE115577,GSM3182831,FFPE X121963936 [X88_1065],GSE93601,GSM2457968,FFPE_X121963936 [X88_1065]
ffpex121988357x33x377nhsiiplate5,GSE115577,GSM3183787,FFPE X121988357 [X33_X.377_NHSIIplate5],GSE93601,GSM2457346,FFPE_X121988357 [X33_X.377_NHSIIplate5]
ffpex121988357x34x378nhsiiplate5,GSE115577,GSM3183788,FFPE X121988357 [X34_X.378_NHSIIplate5],GSE93601,GSM2457345,FFPE_X121988357 [X34_X.378_NHSIIplate5]
ffpex122008518x451022,GSE115577,GSM3182793,FFPE X122008518 [X45_1022],GSE93601,GSM2457896,FFPE_X122008518 [X45_1022]
ffpex122083446x72106ffpeplate1,GSE115577,GSM3182825,FFPE X122083446 [X72_106_FFPE_PLATE1],GSE93601,GSM2457882,FFPE_X122083446 [X72_106_FFPE_PLATE1]
ffpex122133319x44d8plate63,GSE115577,GSM3183186,FFPE X122133319 [X44_D8_plate6_3],GSE93601,GSM2457932,FFPE_X122133319 [X44_D8_plate6_3]
ffpex122133422x30130plate2,GSE115577,GSM3182855,FFPE X122133422 [X30_130_plate2],GSE93601,GSM2457941,FFPE_X122133422 [X30_130_plate2]
ffpex122150833x75375plate4,GSE115577,GSM3183028,FFPE X122150833 [X75_375_PLATE4],GSE93601,GSM2457576,FFPE_X122150833 [X75_375_PLATE4]
ffpex122150833x76376plate4,GSE115577,GSM3183029,FFPE X122150833 [X76_376_PLATE4],GSE93601,GSM2457575,FFPE_X122150833 [X76_376_PLATE4]
ffpex122151014x47869plate9,GSE115577,GSM3183437,FFPE X122151014 [X47_869_plate9],GSE93601,GSM2457587,FFPE_X122151014 [X47_869_plate9]
ffpex122151014x48870plate9,GSE115577,GSM3183439,FFPE X122151014 [X48_870_plate9],GSE93601,GSM2457586,FFPE_X122151014 [X48_870_plate9]
ffpex210186429x67x63plate1nhsii,GSE115577,GSM3183848,FFPE X210186429 [X67_X.63_plate1NHSII],GSE93601,GSM2458254,FFPE_X210186429 [X67_X.63_plate1NHSII]
ffpex210186429x68x64plate1nhsii,GSE115577,GSM3183849,FFPE X210186429 [X68_X.64_plate1NHSII],GSE93601,GSM2458253,FFPE_X210186429 [X68_X.64_plate1NHSII]
ffpex210244814x15x359nhsiiplate5,GSE115577,GSM3183770,FFPE X210244814 [X15_X.359_NHSIIplate5],GSE93601,GSM2458291,FFPE_X210244814 [X15_X.359_NHSIIplate5]
ffpex210244814x16x360nhsiiplate5,GSE115577,GSM3183772,FFPE X210244814 [X16_X.360_NHSIIplate5],GSE93601,GSM2458290,FFPE_X210244814 [X16_X.360_NHSIIplate5]
ffpex210255826x63x59plate1nhsii,GSE115577,GSM3183844,FFPE X210255826 [X63_X.59_plate1NHSII],GSE93601,GSM2458251,FFPE_X210255826 [X63_X.59_plate1NHSII]
ffpex210255826x64x60plate1nhsii,GSE115577,GSM3183846,FFPE X210255826 [X64_X.60_plate1NHSII],GSE93601,GSM2458250,FFPE_X210255826 [X64_X.60_plate1NHSII]
ffpex210355940x82x165plate2nhsii,GSE115577,GSM3183576,FFPE X210355940 [X82_X.165_plate2NHSII],GSE93601,GSM2458398,FFPE_X210355940 [X82_X.165_plate2NHSII]
ffpex210368035x90x173plate2nhsii,GSE115577,GSM3183581,FFPE X210368035 [X90_X.173_plate2NHSII],GSE93601,GSM2458443,FFPE_X210368035 [X90_X.173_plate2NHSII]
ffpex210368035x91x174plate2nhsii,GSE115577,GSM3183582,FFPE X210368035 [X91_X.174_plate2NHSII],GSE93601,GSM2458442,FFPE_X210368035 [X91_X.174_plate2NHSII]
ffpex210417212x36x32plate1nhsii,GSE115577,GSM3183731,FFPE X210417212 [X36_X.32_plate1NHSII],GSE93601,GSM2458199,FFPE_X210417212 [X36_X.32_plate1NHSII]
ffpex210458039x76x159plate2nhsii,GSE115577,GSM3183570,FFPE X210458039 [X76_X.159_plate2NHSII],GSE93601,GSM2458318,FFPE_X210458039 [X76_X.159_plate2NHSII]
ffpex210458039x77x160plate2nhsii,GSE115577,GSM3183572,FFPE X210458039 [X77_X.160_plate2NHSII],GSE93601,GSM2458317,FFPE_X210458039 [X77_X.160_plate2NHSII]
ffpex210467247x54x311nhsiiplate4,GSE115577,GSM3183723,FFPE X210467247 [X54_X.311_NHSIIplate4],GSE93601,GSM2458210,FFPE_X210467247 [X54_X.311_NHSIIplate4]
ffpex210467247x55x312nhsiiplate4,GSE115577,GSM3183724,FFPE X210467247 [X55_X.312_NHSIIplate4],GSE93601,GSM2458209,FFPE_X210467247 [X55_X.312_NHSIIplate4]
ffpex210545749x17x13plate1nhsii,GSE115577,GSM3183542,FFPE X210545749 [X17_X.13_plate1NHSII],GSE93601,GSM2458146,FFPE_X210545749 [X17_X.13_plate1NHSII]
ffpex210545749x18x14plate1nhsii,GSE115577,GSM3183552,FFPE X210545749 [X18_X.14_plate1NHSII],GSE93601,GSM2458144,FFPE_X210545749 [X18_X.14_plate1NHSII]
ffpex210609134x48x131plate2nhsii,GSE115577,GSM3183544,FFPE X210609134 [X48_X.131_plate2NHSII],GSE93601,GSM2458407,FFPE_X210609134 [X48_X.131_plate2NHSII]
ffpex210609134x49x132plate2nhsii,GSE115577,GSM3183545,FFPE X210609134 [X49_X.132_plate2NHSII],GSE93601,GSM2458406,FFPE_X210609134 [X49_X.132_plate2NHSII]
ffpex210650433x41x211nhsiiplate3,GSE115577,GSM3183620,FFPE X210650433 [X41_X.211_NHSIIplate3],GSE93601,GSM2458190,FFPE_X210650433 [X41_X.211_NHSIIplate3]
ffpex210650433x42x212nhsiiplate3,GSE115577,GSM3183621,FFPE X210650433 [X42_X.212_NHSIIplate3],GSE93601,GSM2458189,FFPE_X210650433 [X42_X.212_NHSIIplate3]
ffpex210665568x80x163plate2nhsii,GSE115577,GSM3183575,FFPE X210665568 [X80_X.163_plate2NHSII],GSE93601,GSM2458323,FFPE_X210665568 [X80_X.163_plate2NHSII]
ffpex210691260x19x363nhsiiplate5,GSE115577,GSM3183775,FFPE X210691260 [X19_X.363_NHSIIplate5],GSE93601,GSM2458303,FFPE_X210691260 [X19_X.363_NHSIIplate5]
ffpex210691260x20x364nhsiiplate5,GSE115577,GSM3183776,FFPE X210691260 [X20_X.364_NHSIIplate5],GSE93601,GSM2458302,FFPE_X210691260 [X20_X.364_NHSIIplate5]
ffpex210720732x75x158plate2nhsii,GSE115577,GSM3183569,FFPE X210720732 [X75_X.158_plate2NHSII],GSE93601,GSM2458476,FFPE_X210720732 [X75_X.158_plate2NHSII]
ffpex211019912x53x223nhsiiplate3,GSE115577,GSM3183633,FFPE X211019912 [X53_X.223_NHSIIplate3],GSE93601,GSM2458268,FFPE_X211019912 [X53_X.223_NHSIIplate3]
ffpex211023368x34x117plate2nhsii,GSE115577,GSM3183528,FFPE X211023368 [X34_X.117_plate2NHSII],GSE93601,GSM2458364,FFPE_X211023368 [X34_X.117_plate2NHSII]
ffpex211023368x35x118plate2nhsii,GSE115577,GSM3183529,FFPE X211023368 [X35_X.118_plate2NHSII],GSE93601,GSM2458363,FFPE_X211023368 [X35_X.118_plate2NHSII]
ffpex211034174x44x127plate2nhsii,GSE115577,GSM3183539,FFPE X211034174 [X44_X.127_plate2NHSII],GSE93601,GSM2458380,FFPE_X211034174 [X44_X.127_plate2NHSII]
ffpex211034174x45x128plate2nhsii,GSE115577,GSM3183540,FFPE X211034174 [X45_X.128_plate2NHSII],GSE93601,GSM2458379,FFPE_X211034174 [X45_X.128_plate2NHSII]
ffpex211042583x13x357nhsiiplate5,GSE115577,GSM3183768,FFPE X211042583 [X13_X.357_NHSIIplate5],GSE93601,GSM2458263,FFPE_X211042583 [X13_X.357_NHSIIplate5]
ffpex211042583x14x358nhsiiplate5,GSE115577,GSM3183769,FFPE X211042583 [X14_X.358_NHSIIplate5],GSE93601,GSM2458262,FFPE_X211042583 [X14_X.358_NHSIIplate5]
ffpex211092212x73x69plate1nhsii,GSE115577,GSM3183853,FFPE X211092212 [X73_X.69_plate1NHSII],GSE93601,GSM2458274,FFPE_X211092212 [X73_X.69_plate1NHSII]
ffpex211092212x74x70plate1nhsii,GSE115577,GSM3183855,FFPE X211092212 [X74_X.70_plate1NHSII],GSE93601,GSM2458273,FFPE_X211092212 [X74_X.70_plate1NHSII]
ffpex211142079x61x231nhsiiplate3,GSE115577,GSM3183640,FFPE X211142079 [X61_X.231_NHSIIplate3],GSE93601,GSM2458312,FFPE_X211142079 [X61_X.231_NHSIIplate3]
ffpex211177955x73x330nhsiiplate4,GSE115577,GSM3183741,FFPE X211177955 [X73_X.330_NHSIIplate4],GSE93601,GSM2458385,FFPE_X211177955 [X73_X.330_NHSIIplate4]
ffpex211191939x36x293nhsiiplate4,GSE115577,GSM3183704,FFPE X211191939 [X36_X.293_NHSIIplate4],GSE93601,GSM2458416,FFPE_X211191939 [X36_X.293_NHSIIplate4]
ffpex211191939x37x294nhsiiplate4,GSE115577,GSM3183705,FFPE X211191939 [X37_X.294_NHSIIplate4],GSE93601,GSM2458415,FFPE_X211191939 [X37_X.294_NHSIIplate4]
ffpex211192120x11x181nhsiiplate3,GSE115577,GSM3183589,FFPE X211192120 [X11_X.181_NHSIIplate3],GSE93601,GSM2458418,FFPE_X211192120 [X11_X.181_NHSIIplate3]
ffpex211192120x12x182nhsiiplate32,GSE115577,GSM3183590,FFPE X211192120 [X12_X.182_NHSIIplate3_2],GSE93601,GSM2458417,FFPE_X211192120 [X12_X.182_NHSIIplate3_2]
ffpex211269042x10x180nhsiiplate3,GSE115577,GSM3183588,FFPE X211269042 [X10_X.180_NHSIIplate3],GSE93601,GSM2458326,FFPE_X211269042 [X10_X.180_NHSIIplate3]
ffpex211269042x9x179nhsiiplate3,GSE115577,GSM3183587,FFPE X211269042 [X9_X.179_NHSIIplate3],GSE93601,GSM2458327,FFPE_X211269042 [X9_X.179_NHSIIplate3]
ffpex211362224x11x355nhsiiplate5,GSE115577,GSM3183766,FFPE X211362224 [X11_X.355_NHSIIplate5],GSE93601,GSM2458256,FFPE_X211362224 [X11_X.355_NHSIIplate5]
ffpex211362224x12x356nhsiiplate5,GSE115577,GSM3183767,FFPE X211362224 [X12_X.356_NHSIIplate5],GSE93601,GSM2458255,FFPE_X211362224 [X12_X.356_NHSIIplate5]
ffpex211478890x29x25plate1nhsii,GSE115577,GSM3183658,FFPE X211478890 [X29_X.25_plate1NHSII],GSE93601,GSM2458194,FFPE_X211478890 [X29_X.25_plate1NHSII]
ffpex211478890x30x26plate1nhsii,GSE115577,GSM3183667,FFPE X211478890 [X30_X.26_plate1NHSII],GSE93601,GSM2458193,FFPE_X211478890 [X30_X.26_plate1NHSII]
ffpex211592576x38x121plate2nhsii,GSE115577,GSM3183533,FFPE X211592576 [X38_X.121_plate2NHSII],GSE93601,GSM2458370,FFPE_X211592576 [X38_X.121_plate2NHSII]
ffpex211592576x39x122plate2nhsii,GSE115577,GSM3183534,FFPE X211592576 [X39_X.122_plate2NHSII],GSE93601,GSM2458369,FFPE_X211592576 [X39_X.122_plate2NHSII]
ffpex211644253x11x7plate1nhsii,GSE115577,GSM3183854,FFPE X211644253 [X11_X.7_plate1NHSII],GSE93601,GSM2458133,FFPE_X211644253 [X11_X.7_plate1NHSII]
ffpex211644253x12x8plate1nhsii,GSE115577,GSM3183861,FFPE X211644253 [X12_X.8_plate1NHSII],GSE93601,GSM2458131,FFPE_X211644253 [X12_X.8_plate1NHSII]
ffpex211663571x85x255nhsiiplate3,GSE115577,GSM3183663,FFPE X211663571 [X85_X.255_NHSIIplate3],GSE93601,GSM2458420,FFPE_X211663571 [X85_X.255_NHSIIplate3]
ffpex211663571x86x256nhsiiplate3,GSE115577,GSM3183664,FFPE X211663571 [X86_X.256_NHSIIplate3],GSE93601,GSM2458419,FFPE_X211663571 [X86_X.256_NHSIIplate3]
ffpex211688719x68x151plate2nhsii,GSE115577,GSM3183564,FFPE X211688719 [X68_X.151_plate2NHSII],GSE93601,GSM2458462,FFPE_X211688719 [X68_X.151_plate2NHSII]
ffpex211688719x69x152plate2nhsii,GSE115577,GSM3183565,FFPE X211688719 [X69_X.152_plate2NHSII],GSE93601,GSM2458461,FFPE_X211688719 [X69_X.152_plate2NHSII]
ffpex211762886x21x191nhsiiplate3,GSE115577,GSM3183599,FFPE X211762886 [X21_X.191_NHSIIplate3],GSE93601,GSM2458158,FFPE_X211762886 [X21_X.191_NHSIIplate3]
ffpex211841672x62x145plate2nhsii,GSE115577,GSM3183558,FFPE X211841672 [X62_X.145_plate2NHSII],GSE93601,GSM2458451,FFPE_X211841672 [X62_X.145_plate2NHSII]
ffpex211841672x63x146plate2nhsii,GSE115577,GSM3183559,FFPE X211841672 [X63_X.146_plate2NHSII],GSE93601,GSM2458450,FFPE_X211841672 [X63_X.146_plate2NHSII]
ffpex211947925x48x305nhsiiplate4,GSE115577,GSM3183718,FFPE X211947925 [X48_X.305_NHSIIplate4],GSE93601,GSM2458484,FFPE_X211947925 [X48_X.305_NHSIIplate4]
ffpex211947925x49x306nhsiiplate4,GSE115577,GSM3183719,FFPE X211947925 [X49_X.306_NHSIIplate4],GSE93601,GSM2458483,FFPE_X211947925 [X49_X.306_NHSIIplate4]
ffpex211967836x40x123plate2nhsii,GSE115577,GSM3183535,FFPE X211967836 [X40_X.123_plate2NHSII],GSE93601,GSM2458372,FFPE_X211967836 [X40_X.123_plate2NHSII]
ffpex211967836x41x124plate2nhsii,GSE115577,GSM3183536,FFPE X211967836 [X41_X.124_plate2NHSII],GSE93601,GSM2458371,FFPE_X211967836 [X41_X.124_plate2NHSII]
ffpex212101986x47x217nhsiiplate3,GSE115577,GSM3183626,FFPE X212101986 [X47_X.217_NHSIIplate3],GSE93601,GSM2458261,FFPE_X212101986 [X47_X.217_NHSIIplate3]
ffpex212101986x48x218nhsiiplate3,GSE115577,GSM3183627,FFPE X212101986 [X48_X.218_NHSIIplate3],GSE93601,GSM2458260,FFPE_X212101986 [X48_X.218_NHSIIplate3]
ffpex212130796x69x239nhsiiplate3,GSE115577,GSM3183646,FFPE X212130796 [X69_X.239_NHSIIplate3],GSE93601,GSM2458325,FFPE_X212130796 [X69_X.239_NHSIIplate3]
ffpex212130796x70x240nhsiiplate3,GSE115577,GSM3183648,FFPE X212130796 [X70_X.240_NHSIIplate3],GSE93601,GSM2458324,FFPE_X212130796 [X70_X.240_NHSIIplate3]
ffpex212139538x39x35plate1nhsii,GSE115577,GSM3183760,FFPE X212139538 [X39_X.35_plate1NHSII],GSE93601,GSM2458207,FFPE_X212139538 [X39_X.35_plate1NHSII]
ffpex212139538x40x36plate1nhsii,GSE115577,GSM3183771,FFPE X212139538 [X40_X.36_plate1NHSII],GSE93601,GSM2458205,FFPE_X212139538 [X40_X.36_plate1NHSII]
ffpex212179669x34x291nhsiiplate4,GSE115577,GSM3183702,FFPE X212179669 [X34_X.291_NHSIIplate4],GSE93601,GSM2458344,FFPE_X212179669 [X34_X.291_NHSIIplate4]
ffpex212179669x35x292nhsiiplate4,GSE115577,GSM3183703,FFPE X212179669 [X35_X.292_NHSIIplate4],GSE93601,GSM2458343,FFPE_X212179669 [X35_X.292_NHSIIplate4]
ffpex212297890x30x287nhsiiplate4,GSE115577,GSM3183697,FFPE X212297890 [X30_X.287_NHSIIplate4],GSE93601,GSM2458480,FFPE_X212297890 [X30_X.287_NHSIIplate4]
ffpex212297890x31x288nhsiiplate4,GSE115577,GSM3183698,FFPE X212297890 [X31_X.288_NHSIIplate4],GSE93601,GSM2458479,FFPE_X212297890 [X31_X.288_NHSIIplate4]
ffpex212311300x27x197nhsiiplate3,GSE115577,GSM3183604,FFPE X212311300 [X27_X.197_NHSIIplate3],GSE93601,GSM2458173,FFPE_X212311300 [X27_X.197_NHSIIplate3]
ffpex212311300x28x198nhsiiplate3,GSE115577,GSM3183605,FFPE X212311300 [X28_X.198_NHSIIplate3],GSE93601,GSM2458172,FFPE_X212311300 [X28_X.198_NHSIIplate3]
ffpex212333736x35x205nhsiiplate3,GSE115577,GSM3183613,FFPE X212333736 [X35_X.205_NHSIIplate3],GSE93601,GSM2458180,FFPE_X212333736 [X35_X.205_NHSIIplate3]
ffpex212333736x36x206nhsiiplate3,GSE115577,GSM3183614,FFPE X212333736 [X36_X.206_NHSIIplate3],GSE93601,GSM2458179,FFPE_X212333736 [X36_X.206_NHSIIplate3]
ffpex212432124x26x283nhsiiplate4,GSE115577,GSM3183693,FFPE X212432124 [X26_X.283_NHSIIplate4],GSE93601,GSM2458414,FFPE_X212432124 [X26_X.283_NHSIIplate4]
ffpex212432124x27x284nhsiiplate4,GSE115577,GSM3183694,FFPE X212432124 [X27_X.284_NHSIIplate4],GSE93601,GSM2458413,FFPE_X212432124 [X27_X.284_NHSIIplate4]
ffpex212452447x74x421nhsiiplate5,GSE115577,GSM3183827,FFPE X212452447 [X74_X.421_NHSIIplate5],GSE93601,GSM2458322,FFPE_X212452447 [X74_X.421_NHSIIplate5]
ffpex212452447x75x422nhsiiplate5,GSE115577,GSM3183828,FFPE X212452447 [X75_X.422_NHSIIplate5],GSE93601,GSM2458321,FFPE_X212452447 [X75_X.422_NHSIIplate5]
ffpex212462763x51x47plate1nhsii,GSE115577,GSM3183836,FFPE X212462763 [X51_X.47_plate1NHSII],GSE93601,GSM2458240,FFPE_X212462763 [X51_X.47_plate1NHSII]
ffpex212462763x52x48plate1nhsii,GSE115577,GSM3183837,FFPE X212462763 [X52_X.48_plate1NHSII],GSE93601,GSM2458239,FFPE_X212462763 [X52_X.48_plate1NHSII]
ffpex212551453x80x337nhsiiplate4,GSE115577,GSM3183747,FFPE X212551453 [X80_X.337_NHSIIplate4],GSE93601,GSM2458453,FFPE_X212551453 [X80_X.337_NHSIIplate4]
ffpex212551453x81x338nhsiiplate4,GSE115577,GSM3183748,FFPE X212551453 [X81_X.338_NHSIIplate4],GSE93601,GSM2458452,FFPE_X212551453 [X81_X.338_NHSIIplate4]
ffpex212564887x5x1plate1nhsii,GSE115577,GSM3183509,FFPE X212564887 [X5_X.1_plate1NHSII],GSE93601,GSM2458156,FFPE_X212564887 [X5_X.1_plate1NHSII]
ffpex212564887x6x2plate1nhsii,GSE115577,GSM3183607,FFPE X212564887 [X6_X.2_plate1NHSII],GSE93601,GSM2458155,FFPE_X212564887 [X6_X.2_plate1NHSII]
ffpex212580057x57x227nhsiiplate3,GSE115577,GSM3183636,FFPE X212580057 [X57_X.227_NHSIIplate3],GSE93601,GSM2458271,FFPE_X212580057 [X57_X.227_NHSIIplate3]
ffpex212597414x40x297nhsiiplate4,GSE115577,GSM3183708,FFPE X212597414 [X40_X.297_NHSIIplate4],GSE93601,GSM2458436,FFPE_X212597414 [X40_X.297_NHSIIplate4]
ffpex212597414x41x298nhsiiplate4,GSE115577,GSM3183709,FFPE X212597414 [X41_X.298_NHSIIplate4],GSE93601,GSM2458435,FFPE_X212597414 [X41_X.298_NHSIIplate4]
ffpex212706053x56x52plate1nhsii,GSE115577,GSM3183840,FFPE X212706053 [X56_X.52_plate1NHSII],GSE93601,GSM2458242,FFPE_X212706053 [X56_X.52_plate1NHSII]
ffpex212811767x31x27plate1nhsii,GSE115577,GSM3183678,FFPE X212811767 [X31_X.27_plate1NHSII],GSE93601,GSM2458196,FFPE_X212811767 [X31_X.27_plate1NHSII]
ffpex212811767x32x28plate1nhsii,GSE115577,GSM3183689,FFPE X212811767 [X32_X.28_plate1NHSII],GSE93601,GSM2458195,FFPE_X212811767 [X32_X.28_plate1NHSII]
ffpex212832168x6x263nhsiiplate4,GSE115577,GSM3183671,FFPE X212832168 [X6_X.263_NHSIIplate4],GSE93601,GSM2458433,FFPE_X212832168 [X6_X.263_NHSIIplate4]
ffpex212832168x7x264nhsiiplate4,GSE115577,GSM3183672,FFPE X212832168 [X7_X.264_NHSIIplate4],GSE93601,GSM2458432,FFPE_X212832168 [X7_X.264_NHSIIplate4]
ffpex212836709x43x213nhsiiplate3,GSE115577,GSM3183622,FFPE X212836709 [X43_X.213_NHSIIplate3],GSE93601,GSM2458214,FFPE_X212836709 [X43_X.213_NHSIIplate3]
ffpex212836709x44x214nhsiiplate3,GSE115577,GSM3183623,FFPE X212836709 [X44_X.214_NHSIIplate3],GSE93601,GSM2458212,FFPE_X212836709 [X44_X.214_NHSIIplate3]
ffpex212867323x32x115plate2nhsii,GSE115577,GSM3183526,FFPE X212867323 [X32_X.115_plate2NHSII],GSE93601,GSM2458358,FFPE_X212867323 [X32_X.115_plate2NHSII]
ffpex212867323x33x116plate2nhsii,GSE115577,GSM3183527,FFPE X212867323 [X33_X.116_plate2NHSII],GSE93601,GSM2458357,FFPE_X212867323 [X33_X.116_plate2NHSII]
ffpex212890618x79x336nhsiiplate4,GSE115577,GSM3183746,FFPE X212890618 [X79_X.336_NHSIIplate4],GSE93601,GSM2458408,FFPE_X212890618 [X79_X.336_NHSIIplate4]
ffpex212943609x10x267nhsiiplate4,GSE115577,GSM3183675,FFPE X212943609 [X10_X.267_NHSIIplate4],GSE93601,GSM2458458,FFPE_X212943609 [X10_X.267_NHSIIplate4]
ffpex212943609x11x268nhsiiplate4,GSE115577,GSM3183676,FFPE X212943609 [X11_X.268_NHSIIplate4],GSE93601,GSM2458457,FFPE_X212943609 [X11_X.268_NHSIIplate4]
ffpex213023291x72x155plate2nhsii,GSE115577,GSM3183567,FFPE X213023291 [X72_X.155_plate2NHSII],GSE93601,GSM2458314,FFPE_X213023291 [X72_X.155_plate2NHSII]
ffpex213023291x73x156plate2nhsii,GSE115577,GSM3183568,FFPE X213023291 [X73_X.156_plate2NHSII],GSE93601,GSM2458313,FFPE_X213023291 [X73_X.156_plate2NHSII]
ffpex213023915x25x369nhsiiplate5,GSE115577,GSM3183781,FFPE X213023915 [X25_X.369_NHSIIplate5],GSE93601,GSM2458342,FFPE_X213023915 [X25_X.369_NHSIIplate5]
ffpex213023915x26x370nhsiiplate5,GSE115577,GSM3183782,FFPE X213023915 [X26_X.370_NHSIIplate5],GSE93601,GSM2458341,FFPE_X213023915 [X26_X.370_NHSIIplate5]
ffpex213092238x21x365nhsiiplate5,GSE115577,GSM3183777,FFPE X213092238 [X21_X.365_NHSIIplate5],GSE93601,GSM2458336,FFPE_X213092238 [X21_X.365_NHSIIplate5]
ffpex213092238x22x366nhsiiplate5,GSE115577,GSM3183778,FFPE X213092238 [X22_X.366_NHSIIplate5],GSE93601,GSM2458335,FFPE_X213092238 [X22_X.366_NHSIIplate5]
ffpex213165037x22x279nhsiiplate4,GSE115577,GSM3183688,FFPE X213165037 [X22_X.279_NHSIIplate4],GSE93601,GSM2458393,FFPE_X213165037 [X22_X.279_NHSIIplate4]
ffpex213165037x23x280nhsiiplate4,GSE115577,GSM3183690,FFPE X213165037 [X23_X.280_NHSIIplate4],GSE93601,GSM2458392,FFPE_X213165037 [X23_X.280_NHSIIplate4]
ffpex213188375x73x243nhsiiplate3,GSE115577,GSM3183651,FFPE X213188375 [X73_X.243_NHSIIplate3],GSE93601,GSM2458350,FFPE_X213188375 [X73_X.243_NHSIIplate3]
ffpex213188375x74x244nhsiiplate3,GSE115577,GSM3183652,FFPE X213188375 [X74_X.244_NHSIIplate3],GSE93601,GSM2458349,FFPE_X213188375 [X74_X.244_NHSIIplate3]
ffpex213222829x19x189nhsiiplate3,GSE115577,GSM3183597,FFPE X213222829 [X19_X.189_NHSIIplate3],GSE93601,GSM2458287,FFPE_X213222829 [X19_X.189_NHSIIplate3]
ffpex213281248x46x303nhsiiplate4,GSE115577,GSM3183716,FFPE X213281248 [X46_X.303_NHSIIplate4],GSE93601,GSM2458486,FFPE_X213281248 [X46_X.303_NHSIIplate4]
ffpex213281248x47x304nhsiiplate4,GSE115577,GSM3183717,FFPE X213281248 [X47_X.304_NHSIIplate4],GSE93601,GSM2458485,FFPE_X213281248 [X47_X.304_NHSIIplate4]
ffpex213310102x10x93plate2nhsii,GSE115577,GSM3183872,FFPE X213310102 [X10_X.93_plate2NHSII],GSE93601,GSM2458305,FFPE_X213310102 [X10_X.93_plate2NHSII]
ffpex213310102x11x94plate2nhsii2,GSE115577,GSM3183873,FFPE X213310102 [X11_X.94_plate2NHSII_2],GSE93601,GSM2458304,FFPE_X213310102 [X11_X.94_plate2NHSII_2]
ffpex213337254x14x97plate2nhsii,GSE115577,GSM3183876,FFPE X213337254 [X14_X.97_plate2NHSII],GSE93601,GSM2458299,FFPE_X213337254 [X14_X.97_plate2NHSII]
ffpex213337254x15x98plate2nhsii,GSE115577,GSM3183877,FFPE X213337254 [X15_X.98_plate2NHSII],GSE93601,GSM2458298,FFPE_X213337254 [X15_X.98_plate2NHSII]
ffpex213385279x49x219nhsiiplate3,GSE115577,GSM3183628,FFPE X213385279 [X49_X.219_NHSIIplate3],GSE93601,GSM2458265,FFPE_X213385279 [X49_X.219_NHSIIplate3]
ffpex213385279x50x220nhsiiplate3,GSE115577,GSM3183630,FFPE X213385279 [X50_X.220_NHSIIplate3],GSE93601,GSM2458264,FFPE_X213385279 [X50_X.220_NHSIIplate3]
ffpex213464477x54x137plate2nhsii,GSE115577,GSM3183550,FFPE X213464477 [X54_X.137_plate2NHSII],GSE93601,GSM2458438,FFPE_X213464477 [X54_X.137_plate2NHSII]
ffpex213464477x55x138plate2nhsii,GSE115577,GSM3183551,FFPE X213464477 [X55_X.138_plate2NHSII],GSE93601,GSM2458437,FFPE_X213464477 [X55_X.138_plate2NHSII]
ffpex213579114x83x430nhsiiplate5,GSE115577,GSM3183831,FFPE X213579114 [X83_X.430_NHSIIplate5],GSE93601,GSM2458470,FFPE_X213579114 [X83_X.430_NHSIIplate5]
ffpex213645702x37x207nhsiiplate3,GSE115577,GSM3183615,FFPE X213645702 [X37_X.207_NHSIIplate3],GSE93601,GSM2458182,FFPE_X213645702 [X37_X.207_NHSIIplate3]
ffpex213645702x38x208nhsiiplate3,GSE115577,GSM3183616,FFPE X213645702 [X38_X.208_NHSIIplate3],GSE93601,GSM2458181,FFPE_X213645702 [X38_X.208_NHSIIplate3]
ffpex213676522x25x195nhsiiplate3,GSE115577,GSM3183602,FFPE X213676522 [X25_X.195_NHSIIplate3],GSE93601,GSM2458422,FFPE_X213676522 [X25_X.195_NHSIIplate3]
ffpex213676522x26x196nhsiiplate3,GSE115577,GSM3183603,FFPE X213676522 [X26_X.196_NHSIIplate3],GSE93601,GSM2458421,FFPE_X213676522 [X26_X.196_NHSIIplate3]
ffpex213708700x7x177nhsiiplate3,GSE115577,GSM3183585,FFPE X213708700 [X7_X.177_NHSIIplate3],GSE93601,GSM2458329,FFPE_X213708700 [X7_X.177_NHSIIplate3]
ffpex213708700x8x178nhsiiplate3,GSE115577,GSM3183586,FFPE X213708700 [X8_X.178_NHSIIplate3],GSE93601,GSM2458328,FFPE_X213708700 [X8_X.178_NHSIIplate3]
ffpex213721982x74x331nhsiiplate4,GSE115577,GSM3183742,FFPE X213721982 [X74_X.331_NHSIIplate4],GSE93601,GSM2458387,FFPE_X213721982 [X74_X.331_NHSIIplate4]
ffpex213721982x75x332nhsiiplate4,GSE115577,GSM3183743,FFPE X213721982 [X75_X.332_NHSIIplate4],GSE93601,GSM2458386,FFPE_X213721982 [X75_X.332_NHSIIplate4]
ffpex213752390x54x50plate1nhsii,GSE115577,GSM3183839,FFPE X213752390 [X54_X.50_plate1NHSII],GSE93601,GSM2458237,FFPE_X213752390 [X54_X.50_plate1NHSII]
ffpex213754818x18x101plate2nhsii,GSE115577,GSM3183511,FFPE X213754818 [X18_X.101_plate2NHSII],GSE93601,GSM2458308,FFPE_X213754818 [X18_X.101_plate2NHSII]
ffpex213754818x19x102plate2nhsii,GSE115577,GSM3183512,FFPE X213754818 [X19_X.102_plate2NHSII],GSE93601,GSM2458307,FFPE_X213754818 [X19_X.102_plate2NHSII]
ffpex213782211x46x129plate2nhsii,GSE115577,GSM3183541,FFPE X213782211 [X46_X.129_plate2NHSII],GSE93601,GSM2458389,FFPE_X213782211 [X46_X.129_plate2NHSII]
ffpex213782211x47x130plate2nhsii,GSE115577,GSM3183543,FFPE X213782211 [X47_X.130_plate2NHSII],GSE93601,GSM2458388,FFPE_X213782211 [X47_X.130_plate2NHSII]
ffpex213851608x83x253nhsiiplate3,GSE115577,GSM3183662,FFPE X213851608 [X83_X.253_NHSIIplate3],GSE93601,GSM2458382,FFPE_X213851608 [X83_X.253_NHSIIplate3]
ffpex213857226x45x41plate1nhsii,GSE115577,GSM3183816,FFPE X213857226 [X45_X.41_plate1NHSII],GSE93601,GSM2458223,FFPE_X213857226 [X45_X.41_plate1NHSII]
ffpex213857226x46x42plate1nhsii,GSE115577,GSM3183825,FFPE X213857226 [X46_X.42_plate1NHSII],GSE93601,GSM2458222,FFPE_X213857226 [X46_X.42_plate1NHSII]
ffpex213952521x65x61plate1nhsii,GSE115577,GSM3183847,FFPE X213952521 [X65_X.61_plate1NHSII],GSE93601,GSM2458252,FFPE_X213952521 [X65_X.61_plate1NHSII]
ffpex213975550x19x15plate1nhsii,GSE115577,GSM3183562,FFPE X213975550 [X19_X.15_plate1NHSII],GSE93601,GSM2458153,FFPE_X213975550 [X19_X.15_plate1NHSII]
ffpex213975550x20x16plate1nhsii,GSE115577,GSM3183571,FFPE X213975550 [X20_X.16_plate1NHSII],GSE93601,GSM2458151,FFPE_X213975550 [X20_X.16_plate1NHSII]
ffpex213978359x86x82plate1nhsii,GSE115577,GSM3183863,FFPE X213978359 [X86_X.82_plate1NHSII],GSE93601,GSM2458259,FFPE_X213978359 [X86_X.82_plate1NHSII]
ffpex213984655x58x141plate2nhsii,GSE115577,GSM3183554,FFPE X213984655 [X58_X.141_plate2NHSII],GSE93601,GSM2458445,FFPE_X213984655 [X58_X.141_plate2NHSII]
ffpex213984655x59x142plate2nhsii,GSE115577,GSM3183555,FFPE X213984655 [X59_X.142_plate2NHSII],GSE93601,GSM2458444,FFPE_X213984655 [X59_X.142_plate2NHSII]
ffpex214077983x24x107plate2nhsii,GSE115577,GSM3183517,FFPE X214077983 [X24_X.107_plate2NHSII],GSE93601,GSM2458346,FFPE_X214077983 [X24_X.107_plate2NHSII]
ffpex214077983x25x108plate2nhsii,GSE115577,GSM3183518,FFPE X214077983 [X25_X.108_plate2NHSII],GSE93601,GSM2458345,FFPE_X214077983 [X25_X.108_plate2NHSII]
ffpex214108538x60x56plate1nhsii,GSE115577,GSM3183842,FFPE X214108538 [X60_X.56_plate1NHSII],GSE93601,GSM2458244,FFPE_X214108538 [X60_X.56_plate1NHSII]
ffpex214193576x64x411nhsiiplate5,GSE115577,GSM3183817,FFPE X214193576 [X64_X.411_NHSIIplate5],GSE93601,GSM2458192,FFPE_X214193576 [X64_X.411_NHSIIplate5]
ffpex214193576x65x412nhsiiplate5,GSE115577,GSM3183818,FFPE X214193576 [X65_X.412_NHSIIplate5],GSE93601,GSM2458191,FFPE_X214193576 [X65_X.412_NHSIIplate5]
ffpex214371471x22x105plate2nhsii,GSE115577,GSM3183515,FFPE X214371471 [X22_X.105_plate2NHSII],GSE93601,GSM2458338,FFPE_X214371471 [X22_X.105_plate2NHSII]
ffpex214371471x23x106plate2nhsii,GSE115577,GSM3183516,FFPE X214371471 [X23_X.106_plate2NHSII],GSE93601,GSM2458337,FFPE_X214371471 [X23_X.106_plate2NHSII]
ffpex214436891x88x258nhsiiplate3,GSE115577,GSM3183665,FFPE X214436891 [X88_X.258_NHSIIplate3],GSE93601,GSM2458425,FFPE_X214436891 [X88_X.258_NHSIIplate3]
ffpex214437793x82x339nhsiiplate4,GSE115577,GSM3183749,FFPE X214437793 [X82_X.339_NHSIIplate4],GSE93601,GSM2458460,FFPE_X214437793 [X82_X.339_NHSIIplate4]
ffpex214437793x83x340nhsiiplate4,GSE115577,GSM3183751,FFPE X214437793 [X83_X.340_NHSIIplate4],GSE93601,GSM2458459,FFPE_X214437793 [X83_X.340_NHSIIplate4]
ffpex214459411x89x259nhsiiplate3,GSE115577,GSM3183666,FFPE X214459411 [X89_X.259_NHSIIplate3],GSE93601,GSM2458441,FFPE_X214459411 [X89_X.259_NHSIIplate3]
ffpex214459411x90x260nhsiiplate3,GSE115577,GSM3183668,FFPE X214459411 [X90_X.260_NHSIIplate3],GSE93601,GSM2458440,FFPE_X214459411 [X90_X.260_NHSIIplate3]
ffpex214478523x28x111plate2nhsii,GSE115577,GSM3183522,FFPE X214478523 [X28_X.111_plate2NHSII],GSE93601,GSM2458354,FFPE_X214478523 [X28_X.111_plate2NHSII]
ffpex214478523x29x112plate2nhsii,GSE115577,GSM3183523,FFPE X214478523 [X29_X.112_plate2NHSII],GSE93601,GSM2458353,FFPE_X214478523 [X29_X.112_plate2NHSII]
ffpex214487937x20x103plate2nhsii,GSE115577,GSM3183513,FFPE X214487937 [X20_X.103_plate2NHSII],GSE93601,GSM2458310,FFPE_X214487937 [X20_X.103_plate2NHSII]
ffpex214487937x21x104plate2nhsii,GSE115577,GSM3183514,FFPE X214487937 [X21_X.104_plate2NHSII],GSE93601,GSM2458309,FFPE_X214487937 [X21_X.104_plate2NHSII]
ffpex214514157x68x325nhsiiplate4,GSE115577,GSM3183736,FFPE X214514157 [X68_X.325_NHSIIplate4],GSE93601,GSM2458384,FFPE_X214514157 [X68_X.325_NHSIIplate4]
ffpex214514157x69x326nhsiiplate4,GSE115577,GSM3183737,FFPE X214514157 [X69_X.326_NHSIIplate4],GSE93601,GSM2458383,FFPE_X214514157 [X69_X.326_NHSIIplate4]
ffpex214558520x77x247nhsiiplate3,GSE115577,GSM3183655,FFPE X214558520 [X77_X.247_NHSIIplate3],GSE93601,GSM2458362,FFPE_X214558520 [X77_X.247_NHSIIplate3]
ffpex214558520x78x248nhsiiplate3,GSE115577,GSM3183656,FFPE X214558520 [X78_X.248_NHSIIplate3],GSE93601,GSM2458361,FFPE_X214558520 [X78_X.248_NHSIIplate3]
ffpex214564816x32x202nhsiiplate3,GSE115577,GSM3183610,FFPE X214564816 [X32_X.202_NHSIIplate3],GSE93601,GSM2458176,FFPE_X214564816 [X32_X.202_NHSIIplate3]
ffpex214618915x59x316nhsiiplate4,GSE115577,GSM3183727,FFPE X214618915 [X59_X.316_NHSIIplate4],GSE93601,GSM2458434,FFPE_X214618915 [X59_X.316_NHSIIplate4]
ffpex214653506x64x147plate2nhsii,GSE115577,GSM3183560,FFPE X214653506 [X64_X.147_plate2NHSII],GSE93601,GSM2458455,FFPE_X214653506 [X64_X.147_plate2NHSII]
ffpex214653506x65x148plate2nhsii,GSE115577,GSM3183561,FFPE X214653506 [X65_X.148_plate2NHSII],GSE93601,GSM2458454,FFPE_X214653506 [X65_X.148_plate2NHSII]
ffpex214757743x56x313nhsiiplate4,GSE115577,GSM3183725,FFPE X214757743 [X56_X.313_NHSIIplate4],GSE93601,GSM2458226,FFPE_X214757743 [X56_X.313_NHSIIplate4]
ffpex214757743x57x314nhsiiplate4,GSE115577,GSM3183726,FFPE X214757743 [X57_X.314_NHSIIplate4],GSE93601,GSM2458225,FFPE_X214757743 [X57_X.314_NHSIIplate4]
ffpex214858553x51x308nhsiiplate4,GSE115577,GSM3183720,FFPE X214858553 [X51_X.308_NHSIIplate4],GSE93601,GSM2458164,FFPE_X214858553 [X51_X.308_NHSIIplate4]
ffpex215043337x71x241nhsiiplate3,GSE115577,GSM3183649,FFPE X215043337 [X71_X.241_NHSIIplate3],GSE93601,GSM2458297,FFPE_X215043337 [X71_X.241_NHSIIplate3]
ffpex215043337x72x242nhsiiplate3,GSE115577,GSM3183650,FFPE X215043337 [X72_X.242_NHSIIplate3],GSE93601,GSM2458296,FFPE_X215043337 [X72_X.242_NHSIIplate3]
ffpex215166377x7x351nhsiiplate5,GSE115577,GSM3183762,FFPE X215166377 [X7_X.351_NHSIIplate5],GSE93601,GSM2458169,FFPE_X215166377 [X7_X.351_NHSIIplate5]
ffpex215166377x8x352nhsiiplate5,GSE115577,GSM3183763,FFPE X215166377 [X8_X.352_NHSIIplate5],GSE93601,GSM2458168,FFPE_X215166377 [X8_X.352_NHSIIplate5]
ffpex215167176x39x209nhsiiplate3,GSE115577,GSM3183617,FFPE X215167176 [X39_X.209_NHSIIplate3],GSE93601,GSM2458184,FFPE_X215167176 [X39_X.209_NHSIIplate3]
ffpex215167176x40x210nhsiiplate3,GSE115577,GSM3183619,FFPE X215167176 [X40_X.210_NHSIIplate3],GSE93601,GSM2458183,FFPE_X215167176 [X40_X.210_NHSIIplate3]
ffpex215215245x23x19plate1nhsii,GSE115577,GSM3183598,FFPE X215215245 [X23_X.19_plate1NHSII],GSE93601,GSM2458167,FFPE_X215215245 [X23_X.19_plate1NHSII]
ffpex215215245x24x20plate1nhsii,GSE115577,GSM3183608,FFPE X215215245 [X24_X.20_plate1NHSII],GSE93601,GSM2458165,FFPE_X215215245 [X24_X.20_plate1NHSII]
ffpex215243359x89x85plate1nhsii,GSE115577,GSM3183866,FFPE X215243359 [X89_X.85_plate1NHSII],GSE93601,GSM2458289,FFPE_X215243359 [X89_X.85_plate1NHSII]
ffpex215243359x90x86plate1nhsii,GSE115577,GSM3183867,FFPE X215243359 [X90_X.86_plate1NHSII],GSE93601,GSM2458288,FFPE_X215243359 [X90_X.86_plate1NHSII]
ffpex215326680x10x354nhsiiplate5,GSE115577,GSM3183765,FFPE X215326680 [X10_X.354_NHSIIplate5],GSE93601,GSM2458247,FFPE_X215326680 [X10_X.354_NHSIIplate5]
ffpex215326680x9x353nhsiiplate5,GSE115577,GSM3183764,FFPE X215326680 [X9_X.353_NHSIIplate5],GSE93601,GSM2458248,FFPE_X215326680 [X9_X.353_NHSIIplate5]
ffpex215343473x76x333nhsiiplate4,GSE115577,GSM3183744,FFPE X215343473 [X76_X.333_NHSIIplate4],GSE93601,GSM2458397,FFPE_X215343473 [X76_X.333_NHSIIplate4]
ffpex215343473x77x334nhsiiplate4,GSE115577,GSM3183745,FFPE X215343473 [X77_X.334_NHSIIplate4],GSE93601,GSM2458396,FFPE_X215343473 [X77_X.334_NHSIIplate4]
ffpex215349612x45x215nhsiiplate3,GSE115577,GSM3183624,FFPE X215349612 [X45_X.215_NHSIIplate3],GSE93601,GSM2458217,FFPE_X215349612 [X45_X.215_NHSIIplate3]
ffpex215349612x46x216nhsiiplate3,GSE115577,GSM3183625,FFPE X215349612 [X46_X.216_NHSIIplate3],GSE93601,GSM2458216,FFPE_X215349612 [X46_X.216_NHSIIplate3]
ffpex215439095x79x249nhsiiplate3,GSE115577,GSM3183657,FFPE X215439095 [X79_X.249_NHSIIplate3],GSE93601,GSM2458366,FFPE_X215439095 [X79_X.249_NHSIIplate3]
ffpex215439095x80x250nhsiiplate3,GSE115577,GSM3183659,FFPE X215439095 [X80_X.250_NHSIIplate3],GSE93601,GSM2458365,FFPE_X215439095 [X80_X.250_NHSIIplate3]
ffpex215524692x15x11plate1nhsii,GSE115577,GSM3183520,FFPE X215524692 [X15_X.11_plate1NHSII],GSE93601,GSM2458139,FFPE_X215524692 [X15_X.11_plate1NHSII]
ffpex215524692x16x12plate1nhsii,GSE115577,GSM3183531,FFPE X215524692 [X16_X.12_plate1NHSII],GSE93601,GSM2458138,FFPE_X215524692 [X16_X.12_plate1NHSII]
ffpex215547418x32x289nhsiiplate4,GSE115577,GSM3183699,FFPE X215547418 [X32_X.289_NHSIIplate4],GSE93601,GSM2458490,FFPE_X215547418 [X32_X.289_NHSIIplate4]
ffpex215547418x33x290nhsiiplate4,GSE115577,GSM3183701,FFPE X215547418 [X33_X.290_NHSIIplate4],GSE93601,GSM2458489,FFPE_X215547418 [X33_X.290_NHSIIplate4]
ffpex215666026x70x417nhsiiplate5,GSE115577,GSM3183823,FFPE X215666026 [X70_X.417_NHSIIplate5],GSE93601,GSM2458231,FFPE_X215666026 [X70_X.417_NHSIIplate5]
ffpex215666026x71x418nhsiiplate5,GSE115577,GSM3183824,FFPE X215666026 [X71_X.418_NHSIIplate5],GSE93601,GSM2458230,FFPE_X215666026 [X71_X.418_NHSIIplate5]
ffpex215716517x87x83plate1nhsii,GSE115577,GSM3183864,FFPE X215716517 [X87_X.83_plate1NHSII],GSE93601,GSM2458285,FFPE_X215716517 [X87_X.83_plate1NHSII]
ffpex215716517x88x84plate1nhsii,GSE115577,GSM3183865,FFPE X215716517 [X88_X.84_plate1NHSII],GSE93601,GSM2458284,FFPE_X215716517 [X88_X.84_plate1NHSII]
ffpex215747028x86x169plate2nhsii,GSE115577,GSM3183577,FFPE X215747028 [X86_X.169_plate2NHSII],GSE93601,GSM2458410,FFPE_X215747028 [X86_X.169_plate2NHSII]
ffpex215747028x87x170plate2nhsii,GSE115577,GSM3183579,FFPE X215747028 [X87_X.170_plate2NHSII],GSE93601,GSM2458409,FFPE_X215747028 [X87_X.170_plate2NHSII]
ffpex215767351x68x238nhsiiplate3,GSE115577,GSM3183645,FFPE X215767351 [X68_X.238_NHSIIplate3],GSE93601,GSM2458330,FFPE_X215767351 [X68_X.238_NHSIIplate3]
ffpex215976375x30x113plate2nhsii,GSE115577,GSM3183524,FFPE X215976375 [X30_X.113_plate2NHSII],GSE93601,GSM2458356,FFPE_X215976375 [X30_X.113_plate2NHSII]
ffpex215976375x31x114plate2nhsii,GSE115577,GSM3183525,FFPE X215976375 [X31_X.114_plate2NHSII],GSE93601,GSM2458355,FFPE_X215976375 [X31_X.114_plate2NHSII]
ffpex216118880x65x235nhsiiplate3,GSE115577,GSM3183643,FFPE X216118880 [X65_X.235_NHSIIplate3],GSE93601,GSM2458316,FFPE_X216118880 [X65_X.235_NHSIIplate3]
ffpex216118880x66x236nhsiiplate3,GSE115577,GSM3183644,FFPE X216118880 [X66_X.236_NHSIIplate3],GSE93601,GSM2458315,FFPE_X216118880 [X66_X.236_NHSIIplate3]
ffpex216192809x5x262nhsiiplate4,GSE115577,GSM3183670,FFPE X216192809 [X5_X.262_NHSIIplate4],GSE93601,GSM2458426,FFPE_X216192809 [X5_X.262_NHSIIplate4]
ffpex216192809x91x261nhsiiplate3,GSE115577,GSM3183669,FFPE X216192809 [X91_X.261_NHSIIplate3],GSE93601,GSM2458427,FFPE_X216192809 [X91_X.261_NHSIIplate3]
ffpex216299546x44x301nhsiiplate4,GSE115577,GSM3183714,FFPE X216299546 [X44_X.301_NHSIIplate4],GSE93601,GSM2458478,FFPE_X216299546 [X44_X.301_NHSIIplate4]
ffpex216299546x45x302nhsiiplate4,GSE115577,GSM3183715,FFPE X216299546 [X45_X.302_NHSIIplate4],GSE93601,GSM2458477,FFPE_X216299546 [X45_X.302_NHSIIplate4]
ffpex216307272x66x413nhsiiplate5,GSE115577,GSM3183819,FFPE X216307272 [X66_X.413_NHSIIplate5],GSE93601,GSM2458391,FFPE_X216307272 [X66_X.413_NHSIIplate5]
ffpex216307272x67x414nhsiiplate5,GSE115577,GSM3183820,FFPE X216307272 [X67_X.414_NHSIIplate5],GSE93601,GSM2458390,FFPE_X216307272 [X67_X.414_NHSIIplate5]
ffpex216353602x78x161plate2nhsii,GSE115577,GSM3183573,FFPE X216353602 [X78_X.161_plate2NHSII],GSE93601,GSM2458320,FFPE_X216353602 [X78_X.161_plate2NHSII]
ffpex216353602x79x162plate2nhsii,GSE115577,GSM3183574,FFPE X216353602 [X79_X.162_plate2NHSII],GSE93601,GSM2458319,FFPE_X216353602 [X79_X.162_plate2NHSII]
ffpex216435191x72x68plate1nhsii,GSE115577,GSM3183852,FFPE X216435191 [X72_X.68_plate1NHSII],GSE93601,GSM2458272,FFPE_X216435191 [X72_X.68_plate1NHSII]
ffpex216440173x57x140plate2nhsii,GSE115577,GSM3183553,FFPE X216440173 [X57_X.140_plate2NHSII],GSE93601,GSM2458439,FFPE_X216440173 [X57_X.140_plate2NHSII]
ffpex216457839x49x45plate1nhsii,GSE115577,GSM3183834,FFPE X216457839 [X49_X.45_plate1NHSII],GSE93601,GSM2458236,FFPE_X216457839 [X49_X.45_plate1NHSII]
ffpex216457839x50x46plate1nhsii,GSE115577,GSM3183835,FFPE X216457839 [X50_X.46_plate1NHSII],GSE93601,GSM2458234,FFPE_X216457839 [X50_X.46_plate1NHSII]
ffpex216458020x58x54plate1nhsii,GSE115577,GSM3183841,FFPE X216458020 [X58_X.54_plate1NHSII],GSE93601,GSM2458243,FFPE_X216458020 [X58_X.54_plate1NHSII]
ffpex216497867x8x265nhsiiplate4,GSE115577,GSM3183673,FFPE X216497867 [X8_X.265_NHSIIplate4],GSE93601,GSM2458449,FFPE_X216497867 [X8_X.265_NHSIIplate4]
ffpex216497867x9x266nhsiiplate4,GSE115577,GSM3183674,FFPE X216497867 [X9_X.266_NHSIIplate4],GSE93601,GSM2458448,FFPE_X216497867 [X9_X.266_NHSIIplate4]
ffpex216518312x63x233nhsiiplate3,GSE115577,GSM3183641,FFPE X216518312 [X63_X.233_NHSIIplate3],GSE93601,GSM2458374,FFPE_X216518312 [X63_X.233_NHSIIplate3]
ffpex216518312x64x234nhsiiplate3,GSE115577,GSM3183642,FFPE X216518312 [X64_X.234_NHSIIplate3],GSE93601,GSM2458373,FFPE_X216518312 [X64_X.234_NHSIIplate3]
ffpex216547328x88x345nhsiiplate4,GSE115577,GSM3183755,FFPE X216547328 [X88_X.345_NHSIIplate4],GSE93601,GSM2458494,FFPE_X216547328 [X88_X.345_NHSIIplate4]
ffpex216547328x89x346nhsiiplate4,GSE115577,GSM3183756,FFPE X216547328 [X89_X.346_NHSIIplate4],GSE93601,GSM2458493,FFPE_X216547328 [X89_X.346_NHSIIplate4]
ffpex216618323x85x342nhsiiplate4,GSE115577,GSM3183752,FFPE X216618323 [X85_X.342_NHSIIplate4],GSE93601,GSM2458463,FFPE_X216618323 [X85_X.342_NHSIIplate4]
ffpex216652424x66x323nhsiiplate4,GSE115577,GSM3183735,FFPE X216652424 [X66_X.323_NHSIIplate4],GSE93601,GSM2458381,FFPE_X216652424 [X66_X.323_NHSIIplate4]
ffpex216664750x42x125plate2nhsii,GSE115577,GSM3183537,FFPE X216664750 [X42_X.125_plate2NHSII],GSE93601,GSM2458378,FFPE_X216664750 [X42_X.125_plate2NHSII]
ffpex216664750x43x126plate2nhsii,GSE115577,GSM3183538,FFPE X216664750 [X43_X.126_plate2NHSII],GSE93601,GSM2458377,FFPE_X216664750 [X43_X.126_plate2NHSII]
ffpex216697168x51x221nhsiiplate3,GSE115577,GSM3183631,FFPE X216697168 [X51_X.221_NHSIIplate3],GSE93601,GSM2458270,FFPE_X216697168 [X51_X.221_NHSIIplate3]
ffpex216697168x52x222nhsiiplate3,GSE115577,GSM3183632,FFPE X216697168 [X52_X.222_NHSIIplate3],GSE93601,GSM2458269,FFPE_X216697168 [X52_X.222_NHSIIplate3]
ffpex216760020x28x285nhsiiplate4,GSE115577,GSM3183695,FFPE X216760020 [X28_X.285_NHSIIplate4],GSE93601,GSM2458474,FFPE_X216760020 [X28_X.285_NHSIIplate4]
ffpex216760020x29x286nhsiiplate4,GSE115577,GSM3183696,FFPE X216760020 [X29_X.286_NHSIIplate4],GSE93601,GSM2458473,FFPE_X216760020 [X29_X.286_NHSIIplate4]
ffpex216819144x68x415nhsiiplate5,GSE115577,GSM3183821,FFPE X216819144 [X68_X.415_NHSIIplate5],GSE93601,GSM2458492,FFPE_X216819144 [X68_X.415_NHSIIplate5]
ffpex216819144x69x416nhsiiplate5,GSE115577,GSM3183822,FFPE X216819144 [X69_X.416_NHSIIplate5],GSE93601,GSM2458491,FFPE_X216819144 [X69_X.416_NHSIIplate5]
ffpex216822219x76x72plate1nhsii,GSE115577,GSM3183856,FFPE X216822219 [X76_X.72_plate1NHSII],GSE93601,GSM2458232,FFPE_X216822219 [X76_X.72_plate1NHSII]
ffpex217194214x62x319nhsiiplate4,GSE115577,GSM3183730,FFPE X217194214 [X62_X.319_NHSIIplate4],GSE93601,GSM2458360,FFPE_X217194214 [X62_X.319_NHSIIplate4]
ffpex217194214x63x320nhsiiplate4,GSE115577,GSM3183732,FFPE X217194214 [X63_X.320_NHSIIplate4],GSE93601,GSM2458359,FFPE_X217194214 [X63_X.320_NHSIIplate4]
ffpex217403482x26x109plate2nhsii,GSE115577,GSM3183519,FFPE X217403482 [X26_X.109_plate2NHSII],GSE93601,GSM2458352,FFPE_X217403482 [X26_X.109_plate2NHSII]
ffpex217403482x27x110plate2nhsii,GSE115577,GSM3183521,FFPE X217403482 [X27_X.110_plate2NHSII],GSE93601,GSM2458351,FFPE_X217403482 [X27_X.110_plate2NHSII]
ffpex217485760x90x347nhsiiplate4,GSE115577,GSM3183757,FFPE X217485760 [X90_X.347_NHSIIplate4],GSE93601,GSM2458348,FFPE_X217485760 [X90_X.347_NHSIIplate4]
ffpex217485760x91x348nhsiiplate4,GSE115577,GSM3183758,FFPE X217485760 [X91_X.348_NHSIIplate4],GSE93601,GSM2458347,FFPE_X217485760 [X91_X.348_NHSIIplate4]
ffpex217512289x81x251nhsiiplate3,GSE115577,GSM3183660,FFPE X217512289 [X81_X.251_NHSIIplate3],GSE93601,GSM2458402,FFPE_X217512289 [X81_X.251_NHSIIplate3]
ffpex217512289x82x252nhsiiplate3,GSE115577,GSM3183661,FFPE X217512289 [X82_X.252_NHSIIplate3],GSE93601,GSM2458401,FFPE_X217512289 [X82_X.252_NHSIIplate3]
ffpex217553637x27x23plate1nhsii,GSE115577,GSM3183638,FFPE X217553637 [X27_X.23_plate1NHSII],GSE93601,GSM2458188,FFPE_X217553637 [X27_X.23_plate1NHSII]
ffpex217553637x28x24plate1nhsii,GSE115577,GSM3183647,FFPE X217553637 [X28_X.24_plate1NHSII],GSE93601,GSM2458187,FFPE_X217553637 [X28_X.24_plate1NHSII]
ffpex217632526x21x17plate1nhsii,GSE115577,GSM3183578,FFPE X217632526 [X21_X.17_plate1NHSII],GSE93601,GSM2458163,FFPE_X217632526 [X21_X.17_plate1NHSII]
ffpex217638453x64x321nhsiiplate4,GSE115577,GSM3183733,FFPE X217638453 [X64_X.321_NHSIIplate4],GSE93601,GSM2458376,FFPE_X217638453 [X64_X.321_NHSIIplate4]
ffpex217638453x65x322nhsiiplate4,GSE115577,GSM3183734,FFPE X217638453 [X65_X.322_NHSIIplate4],GSE93601,GSM2458375,FFPE_X217638453 [X65_X.322_NHSIIplate4]
ffpex217695068x23x367nhsiiplate5,GSE115577,GSM3183779,FFPE X217695068 [X23_X.367_NHSIIplate5],GSE93601,GSM2458340,FFPE_X217695068 [X23_X.367_NHSIIplate5]
ffpex217695068x24x368nhsiiplate5,GSE115577,GSM3183780,FFPE X217695068 [X24_X.368_NHSIIplate5],GSE93601,GSM2458339,FFPE_X217695068 [X24_X.368_NHSIIplate5]
ffpex217703933x43x39plate1nhsii,GSE115577,GSM3183796,FFPE X217703933 [X43_X.39_plate1NHSII],GSE93601,GSM2458220,FFPE_X217703933 [X43_X.39_plate1NHSII]
ffpex217703933x44x40plate1nhsii,GSE115577,GSM3183807,FFPE X217703933 [X44_X.40_plate1NHSII],GSE93601,GSM2458218,FFPE_X217703933 [X44_X.40_plate1NHSII]
ffpex217785175x5x88plate2nhsii,GSE115577,GSM3183868,FFPE X217785175 [X5_X.88_plate2NHSII],GSE93601,GSM2458292,FFPE_X217785175 [X5_X.88_plate2NHSII]
ffpex217808763x75x245nhsiiplate3,GSE115577,GSM3183653,FFPE X217808763 [X75_X.245_NHSIIplate3],GSE93601,GSM2458332,FFPE_X217808763 [X75_X.245_NHSIIplate3]
ffpex217808763x76x246nhsiiplate3,GSE115577,GSM3183654,FFPE X217808763 [X76_X.246_NHSIIplate3],GSE93601,GSM2458331,FFPE_X217808763 [X76_X.246_NHSIIplate3]
ffpex217841344x33x203nhsiiplate3,GSE115577,GSM3183611,FFPE X217841344 [X33_X.203_NHSIIplate3],GSE93601,GSM2458178,FFPE_X217841344 [X33_X.203_NHSIIplate3]
ffpex217841344x34x204nhsiiplate3,GSE115577,GSM3183612,FFPE X217841344 [X34_X.204_NHSIIplate3],GSE93601,GSM2458177,FFPE_X217841344 [X34_X.204_NHSIIplate3]
ffpex217979525x52x309nhsiiplate4,GSE115577,GSM3183721,FFPE X217979525 [X52_X.309_NHSIIplate4],GSE93601,GSM2458171,FFPE_X217979525 [X52_X.309_NHSIIplate4]
ffpex217979525x53x310nhsiiplate4,GSE115577,GSM3183722,FFPE X217979525 [X53_X.310_NHSIIplate4],GSE93601,GSM2458170,FFPE_X217979525 [X53_X.310_NHSIIplate4]
ffpex217999436x18x275nhsiiplate4,GSE115577,GSM3183684,FFPE X217999436 [X18_X.275_NHSIIplate4],GSE93601,GSM2458472,FFPE_X217999436 [X18_X.275_NHSIIplate4]
ffpex217999436x19x276nhsiiplate4,GSE115577,GSM3183685,FFPE X217999436 [X19_X.276_NHSIIplate4],GSE93601,GSM2458471,FFPE_X217999436 [X19_X.276_NHSIIplate4]
ffpex218111665x15x185nhsiiplate3,GSE115577,GSM3183593,FFPE X218111665 [X15_X.185_NHSIIplate3],GSE93601,GSM2458395,FFPE_X218111665 [X15_X.185_NHSIIplate3]
ffpex218111665x16x186nhsiiplate3,GSE115577,GSM3183594,FFPE X218111665 [X16_X.186_NHSIIplate3],GSE93601,GSM2458394,FFPE_X218111665 [X16_X.186_NHSIIplate3]
ffpex218119917x60x317nhsiiplate4,GSE115577,GSM3183728,FFPE X218119917 [X60_X.317_NHSIIplate4],GSE93601,GSM2458283,FFPE_X218119917 [X60_X.317_NHSIIplate4]
ffpex218119917x61x318nhsiiplate4,GSE115577,GSM3183729,FFPE X218119917 [X61_X.318_NHSIIplate4],GSE93601,GSM2458282,FFPE_X218119917 [X61_X.318_NHSIIplate4]
ffpex218193943x80x427nhsiiplate5,GSE115577,GSM3183829,FFPE X218193943 [X80_X.427_NHSIIplate5],GSE93601,GSM2458404,FFPE_X218193943 [X80_X.427_NHSIIplate5]
ffpex218193943x81x428nhsiiplate5,GSE115577,GSM3183830,FFPE X218193943 [X81_X.428_NHSIIplate5],GSE93601,GSM2458403,FFPE_X218193943 [X81_X.428_NHSIIplate5]
ffpex218212887x5x175nhsiiplate3,GSE115577,GSM3183583,FFPE X218212887 [X5_X.175_NHSIIplate3],GSE93601,GSM2458334,FFPE_X218212887 [X5_X.175_NHSIIplate3]
ffpex218212887x6x176nhsiiplate3,GSE115577,GSM3183584,FFPE X218212887 [X6_X.176_NHSIIplate3],GSE93601,GSM2458333,FFPE_X218212887 [X6_X.176_NHSIIplate3]
ffpex218287658x13x9plate1nhsii,GSE115577,GSM3183869,FFPE X218287658 [X13_X.9_plate1NHSII],GSE93601,GSM2458136,FFPE_X218287658 [X13_X.9_plate1NHSII]
ffpex218287658x14x10plate1nhsii,GSE115577,GSM3183510,FFPE X218287658 [X14_X.10_plate1NHSII],GSE93601,GSM2458134,FFPE_X218287658 [X14_X.10_plate1NHSII]
ffpex218320380x50x133plate2nhsii,GSE115577,GSM3183546,FFPE X218320380 [X50_X.133_plate2NHSII],GSE93601,GSM2458412,FFPE_X218320380 [X50_X.133_plate2NHSII]
ffpex218320380x51x134plate2nhsii,GSE115577,GSM3183547,FFPE X218320380 [X51_X.134_plate2NHSII],GSE93601,GSM2458411,FFPE_X218320380 [X51_X.134_plate2NHSII]
ffpex218540525x84x80plate1nhsii,GSE115577,GSM3183862,FFPE X218540525 [X84_X.80_plate1NHSII],GSE93601,GSM2458281,FFPE_X218540525 [X84_X.80_plate1NHSII]
ffpex218694694x10x6plate1nhsii,GSE115577,GSM3183845,FFPE X218694694 [X10_X.6_plate1NHSII],GSE93601,GSM2458129,FFPE_X218694694 [X10_X.6_plate1NHSII]
ffpex218694694x9x5plate1nhsii,GSE115577,GSM3183838,FFPE X218694694 [X9_X.5_plate1NHSII],GSE93601,GSM2458130,FFPE_X218694694 [X9_X.5_plate1NHSII]
ffpex218935072x79x75plate1nhsii,GSE115577,GSM3183857,FFPE X218935072 [X79_X.75_plate1NHSII],GSE93601,GSM2458276,FFPE_X218935072 [X79_X.75_plate1NHSII]
ffpex218935072x80x76plate1nhsii,GSE115577,GSM3183858,FFPE X218935072 [X80_X.76_plate1NHSII],GSE93601,GSM2458275,FFPE_X218935072 [X80_X.76_plate1NHSII]
ffpex218966722x48x44plate1nhsii,GSE115577,GSM3183833,FFPE X218966722 [X48_X.44_plate1NHSII],GSE93601,GSM2458228,FFPE_X218966722 [X48_X.44_plate1NHSII]
ffpex218972291x52x135plate2nhsii,GSE115577,GSM3183548,FFPE X218972291 [X52_X.135_plate2NHSII],GSE93601,GSM2458424,FFPE_X218972291 [X52_X.135_plate2NHSII]
ffpex218972291x53x136plate2nhsii,GSE115577,GSM3183549,FFPE X218972291 [X53_X.136_plate2NHSII],GSE93601,GSM2458423,FFPE_X218972291 [X53_X.136_plate2NHSII]
ffpex219016692x89x172plate2nhsii,GSE115577,GSM3183580,FFPE X219016692 [X89_X.172_plate2NHSII],GSE93601,GSM2458475,FFPE_X219016692 [X89_X.172_plate2NHSII]
ffpex219033382x37x33plate1nhsii,GSE115577,GSM3183740,FFPE X219033382 [X37_X.33_plate1NHSII],GSE93601,GSM2458201,FFPE_X219033382 [X37_X.33_plate1NHSII]
ffpex219033382x38x34plate1nhsii,GSE115577,GSM3183750,FFPE X219033382 [X38_X.34_plate1NHSII],GSE93601,GSM2458200,FFPE_X219033382 [X38_X.34_plate1NHSII]
ffpex219086438x70x153plate2nhsii,GSE115577,GSM3183566,FFPE X219086438 [X70_X.153_plate2NHSII],GSE93601,GSM2458311,FFPE_X219086438 [X70_X.153_plate2NHSII]
ffpex219103269x12x269nhsiiplate4,GSE115577,GSM3183677,FFPE X219103269 [X12_X.269_NHSIIplate4],GSE93601,GSM2458465,FFPE_X219103269 [X12_X.269_NHSIIplate4]
ffpex219103269x13x270nhsiiplate4,GSE115577,GSM3183679,FFPE X219103269 [X13_X.270_NHSIIplate4],GSE93601,GSM2458464,FFPE_X219103269 [X13_X.270_NHSIIplate4]
ffpex219129319x59x229nhsiiplate3,GSE115577,GSM3183637,FFPE X219129319 [X59_X.229_NHSIIplate3],GSE93601,GSM2458280,FFPE_X219129319 [X59_X.229_NHSIIplate3]
ffpex219129319x60x230nhsiiplate3,GSE115577,GSM3183639,FFPE X219129319 [X60_X.230_NHSIIplate3],GSE93601,GSM2458279,FFPE_X219129319 [X60_X.230_NHSIIplate3]
ffpex219138424x70x327nhsiiplate4,GSE115577,GSM3183738,FFPE X219138424 [X70_X.327_NHSIIplate4],GSE93601,GSM2458143,FFPE_X219138424 [X70_X.327_NHSIIplate4]
ffpex219138424x71x328nhsiiplate4,GSE115577,GSM3183739,FFPE X219138424 [X71_X.328_NHSIIplate4],GSE93601,GSM2458141,FFPE_X219138424 [X71_X.328_NHSIIplate4]
ffpex219271119x23x193nhsiiplate3,GSE115577,GSM3183600,FFPE X219271119 [X23_X.193_NHSIIplate3],GSE93601,GSM2458161,FFPE_X219271119 [X23_X.193_NHSIIplate3]
ffpex219271119x24x194nhsiiplate3,GSE115577,GSM3183601,FFPE X219271119 [X24_X.194_NHSIIplate3],GSE93601,GSM2458159,FFPE_X219271119 [X24_X.194_NHSIIplate3]
ffpex219298374x62x58plate1nhsii,GSE115577,GSM3183843,FFPE X219298374 [X62_X.58_plate1NHSII],GSE93601,GSM2458249,FFPE_X219298374 [X62_X.58_plate1NHSII]
ffpex219499195x13x183nhsiiplate3,GSE115577,GSM3183591,FFPE X219499195 [X13_X.183_NHSIIplate3],GSE93601,GSM2458400,FFPE_X219499195 [X13_X.183_NHSIIplate3]
ffpex219499195x14x184nhsiiplate3,GSE115577,GSM3183592,FFPE X219499195 [X14_X.184_NHSIIplate3],GSE93601,GSM2458399,FFPE_X219499195 [X14_X.184_NHSIIplate3]
ffpex219506334x42x299nhsiiplate4,GSE115577,GSM3183710,FFPE X219506334 [X42_X.299_NHSIIplate4],GSE93601,GSM2458246,FFPE_X219506334 [X42_X.299_NHSIIplate4]
ffpex219506334x43x300nhsiiplate4,GSE115577,GSM3183713,FFPE X219506334 [X43_X.300_NHSIIplate4],GSE93601,GSM2458245,FFPE_X219506334 [X43_X.300_NHSIIplate4]
ffpex219546259x73x420nhsiiplate5,GSE115577,GSM3183826,FFPE X219546259 [X73_X.420_NHSIIplate5],GSE93601,GSM2458405,FFPE_X219546259 [X73_X.420_NHSIIplate5]
ffpex219651767x14x271nhsiiplate4,GSE115577,GSM3183680,FFPE X219651767 [X14_X.271_NHSIIplate4],GSE93601,GSM2458467,FFPE_X219651767 [X14_X.271_NHSIIplate4]
ffpex219651767x15x272nhsiiplate4,GSE115577,GSM3183681,FFPE X219651767 [X15_X.272_NHSIIplate4],GSE93601,GSM2458466,FFPE_X219651767 [X15_X.272_NHSIIplate4]
ffpex219656792x12x95plate2nhsii,GSE115577,GSM3183874,FFPE X219656792 [X12_X.95_plate2NHSII],GSE93601,GSM2458301,FFPE_X219656792 [X12_X.95_plate2NHSII]
ffpex219656792x13x96plate2nhsii,GSE115577,GSM3183875,FFPE X219656792 [X13_X.96_plate2NHSII],GSE93601,GSM2458300,FFPE_X219656792 [X13_X.96_plate2NHSII]
ffpex219721345x16x273nhsiiplate4,GSE115577,GSM3183682,FFPE X219721345 [X16_X.273_NHSIIplate4],GSE93601,GSM2458469,FFPE_X219721345 [X16_X.273_NHSIIplate4]
ffpex219721345x17x274nhsiiplate4,GSE115577,GSM3183683,FFPE X219721345 [X17_X.274_NHSIIplate4],GSE93601,GSM2458468,FFPE_X219721345 [X17_X.274_NHSIIplate4]
ffpex219786521x24x281nhsiiplate4,GSE115577,GSM3183691,FFPE X219786521 [X24_X.281_NHSIIplate4],GSE93601,GSM2458431,FFPE_X219786521 [X24_X.281_NHSIIplate4]
ffpex219786521x25x282nhsiiplate4,GSE115577,GSM3183692,FFPE X219786521 [X25_X.282_NHSIIplate4],GSE93601,GSM2458430,FFPE_X219786521 [X25_X.282_NHSIIplate4]
ffpex219853078x7x90plate2nhsii,GSE115577,GSM3183870,FFPE X219853078 [X7_X.90_plate2NHSII],GSE93601,GSM2458295,FFPE_X219853078 [X7_X.90_plate2NHSII]
ffpex219882409x20x277nhsiiplate4,GSE115577,GSM3183686,FFPE X219882409 [X20_X.277_NHSIIplate4],GSE93601,GSM2458482,FFPE_X219882409 [X20_X.277_NHSIIplate4]
ffpex219882409x21x278nhsiiplate4,GSE115577,GSM3183687,FFPE X219882409 [X21_X.278_NHSIIplate4],GSE93601,GSM2458481,FFPE_X219882409 [X21_X.278_NHSIIplate4]
ffpex220120677x17x361nhsiiplate5,GSE115577,GSM3183773,FFPE X220120677 [X17_X.361_NHSIIplate5],GSE93601,GSM2458294,FFPE_X220120677 [X17_X.361_NHSIIplate5]
ffpex220120677x18x362nhsiiplate5,GSE115577,GSM3183774,FFPE X220120677 [X18_X.362_NHSIIplate5],GSE93601,GSM2458293,FFPE_X220120677 [X18_X.362_NHSIIplate5]
ffpex220183431x84x431nhsiiplate5,GSE115577,GSM3183832,FFPE X220183431 [X84_X.431_NHSIIplate5],GSE93601,GSM2458286,FFPE_X220183431 [X84_X.431_NHSIIplate5]
ffpex220286354x67x150plate2nhsii,GSE115577,GSM3183563,FFPE X220286354 [X67_X.150_plate2NHSII],GSE93601,GSM2458456,FFPE_X220286354 [X67_X.150_plate2NHSII]
ffpex220336433x69x65plate1nhsii,GSE115577,GSM3183850,FFPE X220336433 [X69_X.65_plate1NHSII],GSE93601,GSM2458258,FFPE_X220336433 [X69_X.65_plate1NHSII]
ffpex220336433x70x66plate1nhsii,GSE115577,GSM3183851,FFPE X220336433 [X70_X.66_plate1NHSII],GSE93601,GSM2458257,FFPE_X220336433 [X70_X.66_plate1NHSII]
ffpex220356035x7x3plate1nhsii,GSE115577,GSM3183711,FFPE X220356035 [X7_X.3_plate1NHSII],GSE93601,GSM2458128,FFPE_X220356035 [X7_X.3_plate1NHSII]
ffpex220356035x8x4plate1nhsii,GSE115577,GSM3183806,FFPE X220356035 [X8_X.4_plate1NHSII],GSE93601,GSM2458127,FFPE_X220356035 [X8_X.4_plate1NHSII]
ffpex220368773x25x21plate1nhsii,GSE115577,GSM3183618,FFPE X220368773 [X25_X.21_plate1NHSII],GSE93601,GSM2458186,FFPE_X220368773 [X25_X.21_plate1NHSII]
ffpex220368773x26x22plate1nhsii,GSE115577,GSM3183629,FFPE X220368773 [X26_X.22_plate1NHSII],GSE93601,GSM2458185,FFPE_X220368773 [X26_X.22_plate1NHSII]
ffpex220769210x17x187nhsiiplate3,GSE115577,GSM3183595,FFPE X220769210 [X17_X.187_NHSIIplate3],GSE93601,GSM2458150,FFPE_X220769210 [X17_X.187_NHSIIplate3]
ffpex220769210x18x188nhsiiplate3,GSE115577,GSM3183596,FFPE X220769210 [X18_X.188_NHSIIplate3],GSE93601,GSM2458148,FFPE_X220769210 [X18_X.188_NHSIIplate3]
ffpex220876934x5x349nhsiiplate5,GSE115577,GSM3183759,FFPE X220876934 [X5_X.349_NHSIIplate5],GSE93601,GSM2458203,FFPE_X220876934 [X5_X.349_NHSIIplate5]
ffpex220876934x6x350nhsiiplate5,GSE115577,GSM3183761,FFPE X220876934 [X6_X.350_NHSIIplate5],GSE93601,GSM2458202,FFPE_X220876934 [X6_X.350_NHSIIplate5]
ffpex221004582x60x143plate2nhsii,GSE115577,GSM3183556,FFPE X221004582 [X60_X.143_plate2NHSII],GSE93601,GSM2458447,FFPE_X221004582 [X60_X.143_plate2NHSII]
ffpex221004582x61x144plate2nhsii,GSE115577,GSM3183557,FFPE X221004582 [X61_X.144_plate2NHSII],GSE93601,GSM2458446,FFPE_X221004582 [X61_X.144_plate2NHSII]
ffpex221081526x36x119plate2nhsii,GSE115577,GSM3183530,FFPE X221081526 [X36_X.119_plate2NHSII],GSE93601,GSM2458368,FFPE_X221081526 [X36_X.119_plate2NHSII]
ffpex221081526x37x120plate2nhsii,GSE115577,GSM3183532,FFPE X221081526 [X37_X.120_plate2NHSII],GSE93601,GSM2458367,FFPE_X221081526 [X37_X.120_plate2NHSII]
ffpex221148853x8x91plate2nhsii,GSE115577,GSM3183871,FFPE X221148853 [X8_X.91_plate2NHSII],GSE93601,GSM2458306,FFPE_X221148853 [X8_X.91_plate2NHSII]
ffpex221219745x29x199nhsiiplate3,GSE115577,GSM3183606,FFPE X221219745 [X29_X.199_NHSIIplate3],GSE93601,GSM2458175,FFPE_X221219745 [X29_X.199_NHSIIplate3]
ffpex221219745x30x200nhsiiplate3,GSE115577,GSM3183609,FFPE X221219745 [X30_X.200_NHSIIplate3],GSE93601,GSM2458174,FFPE_X221219745 [X30_X.200_NHSIIplate3]
ffpex221261843x38x295nhsiiplate4,GSE115577,GSM3183706,FFPE X221261843 [X38_X.295_NHSIIplate4],GSE93601,GSM2458429,FFPE_X221261843 [X38_X.295_NHSIIplate4]
ffpex221261843x39x296nhsiiplate4,GSE115577,GSM3183707,FFPE X221261843 [X39_X.296_NHSIIplate4],GSE93601,GSM2458428,FFPE_X221261843 [X39_X.296_NHSIIplate4]
ffpex221428357x86x343nhsiiplate4,GSE115577,GSM3183753,FFPE X221428357 [X86_X.343_NHSIIplate4],GSE93601,GSM2458488,FFPE_X221428357 [X86_X.343_NHSIIplate4]
ffpex221428357x87x344nhsiiplate4,GSE115577,GSM3183754,FFPE X221428357 [X87_X.344_NHSIIplate4],GSE93601,GSM2458487,FFPE_X221428357 [X87_X.344_NHSIIplate4]
ffpex221541965x81x77plate1nhsii,GSE115577,GSM3183859,FFPE X221541965 [X81_X.77_plate1NHSII],GSE93601,GSM2458278,FFPE_X221541965 [X81_X.77_plate1NHSII]
ffpex221541965x82x78plate1nhsii,GSE115577,GSM3183860,FFPE X221541965 [X82_X.78_plate1NHSII],GSE93601,GSM2458277,FFPE_X221541965 [X82_X.78_plate1NHSII]
ffpex221613038x33x29plate1nhsii,GSE115577,GSM3183700,FFPE X221613038 [X33_X.29_plate1NHSII],GSE93601,GSM2458198,FFPE_X221613038 [X33_X.29_plate1NHSII]
ffpex221613038x34x30plate1nhsii,GSE115577,GSM3183712,FFPE X221613038 [X34_X.30_plate1NHSII],GSE93601,GSM2458197,FFPE_X221613038 [X34_X.30_plate1NHSII]
ffpex221615254x55x225nhsiiplate3,GSE115577,GSM3183634,FFPE X221615254 [X55_X.225_NHSIIplate3],GSE93601,GSM2458267,FFPE_X221615254 [X55_X.225_NHSIIplate3]
ffpex221615254x56x226nhsiiplate3,GSE115577,GSM3183635,FFPE X221615254 [X56_X.226_NHSIIplate3],GSE93601,GSM2458266,FFPE_X221615254 [X56_X.226_NHSIIplate3]
gist430,GSE197763,GSM5929690,GIST430,GSE212854,GSM6559673,GIST430
hbl100,GSE107473,GSM2868040,HBL-100,GSE73526,GSM1897292,HBL100
hbrt1049,GSE244271,GSM7810387,HBRT1049,GSE329391,GSM9703059,HBRT-1049
hbrt1049,GSE244283,GSM7810387,HBRT1049,GSE329391,GSM9703059,HBRT-1049
hbrt1058,GSE329389,GSM9703017,HBRT1058,GSE329391,GSM9703061,HBRT-1058
hbrt1071,GSE244271,GSM7810388,HBRT1071,GSE329391,GSM9703063,HBRT-1071
hbrt1071,GSE244283,GSM7810388,HBRT1071,GSE329391,GSM9703063,HBRT-1071
hbrt1082,GSE244271,GSM7810389,HBRT1082,GSE329391,GSM9703067,HBRT-1082
hbrt1082,GSE244283,GSM7810389,HBRT1082,GSE329391,GSM9703067,HBRT-1082
hbrt1094,GSE244271,GSM7810404,HBRT1094,GSE329391,GSM9703070,HBRT-1094
hbrt1094,GSE244283,GSM7810404,HBRT1094,GSE329391,GSM9703070,HBRT-1094
hbrt1098,GSE244271,GSM7810405,HBRT1098,GSE329391,GSM9703071,HBRT-1098
hbrt1098,GSE244283,GSM7810405,HBRT1098,GSE329391,GSM9703071,HBRT-1098
hbrt1114,GSE244271,GSM7810419,HBRT1114,GSE329391,GSM9703073,HBRT-1114
hbrt1114,GSE244283,GSM7810419,HBRT1114,GSE329391,GSM9703073,HBRT-1114
hbrt1115,GSE244271,GSM7810407,HBRT1115,GSE329391,GSM9703074,HBRT-1115
hbrt1115,GSE244283,GSM7810407,HBRT1115,GSE329391,GSM9703074,HBRT-1115
hbrt1125,GSE244271,GSM7810420,HBRT1125,GSE329391,GSM9703077,HBRT-1125
hbrt1125,GSE244283,GSM7810420,HBRT1125,GSE329391,GSM9703077,HBRT-1125
hbrt1127,GSE329389,GSM9703018,HBRT1127,GSE329391,GSM9703078,HBRT-1127
hbrt1129,GSE244271,GSM7810408,HBRT1129,GSE329391,GSM9703080,HBRT-1129
hbrt1129,GSE244283,GSM7810408,HBRT1129,GSE329391,GSM9703080,HBRT-1129
hbrt1130,GSE244271,GSM7810390,HBRT1130,GSE329391,GSM9703081,HBRT-1130
hbrt1130,GSE244283,GSM7810390,HBRT1130,GSE329391,GSM9703081,HBRT-1130
hbrt1135,GSE244271,GSM7810391,HBRT1135,GSE329391,GSM9703082,HBRT-1135
hbrt1135,GSE244283,GSM7810391,HBRT1135,GSE329391,GSM9703082,HBRT-1135
hbrt1140,GSE244271,GSM7810421,HBRT1140,GSE329391,GSM9703083,HBRT-1140
hbrt1140,GSE244283,GSM7810421,HBRT1140,GSE329391,GSM9703083,HBRT-1140
hbrt1186,GSE244271,GSM7810422,HBRT1186,GSE329391,GSM9703087,HBRT-1186
hbrt1186,GSE244283,GSM7810422,HBRT1186,GSE329391,GSM9703087,HBRT-1186
hbrt1213,GSE244271,GSM7810411,HBRT1213,GSE329391,GSM9703089,HBRT-1213
hbrt1213,GSE244283,GSM7810411,HBRT1213,GSE329391,GSM9703089,HBRT-1213
hbrt1223,GSE244271,GSM7810392,HBRT1223,GSE329391,GSM9703093,HBRT-1223
hbrt1223,GSE244283,GSM7810392,HBRT1223,GSE329391,GSM9703093,HBRT-1223
hbrt1245,GSE329389,GSM9703019,HBRT1245,GSE329391,GSM9703100,HBRT-1245
hbrt1258,GSE244271,GSM7810423,HBRT1258,GSE329391,GSM9703106,HBRT-1258
hbrt1258,GSE244283,GSM7810423,HBRT1258,GSE329391,GSM9703106,HBRT-1258
hbrt1279,GSE244271,GSM7810424,HBRT1279,GSE329391,GSM9703110,HBRT-1279
hbrt1279,GSE244283,GSM7810424,HBRT1279,GSE329391,GSM9703110,HBRT-1279
hbrt1289,GSE244271,GSM7810413,HBRT1289,GSE329391,GSM9703114,HBRT-1289
hbrt1289,GSE244283,GSM7810413,HBRT1289,GSE329391,GSM9703114,HBRT-1289
hbrt1302,GSE244271,GSM7810393,HBRT1302,GSE329391,GSM9703116,HBRT-1302
hbrt1302,GSE244283,GSM7810393,HBRT1302,GSE329391,GSM9703116,HBRT-1302
hcc1143,GSE152908,GSM4629386,HCC1143,GSE173634,GSM5272807,HCC1143
hcc1143,GSE152908,GSM4629386,HCC1143,GSE206324,GSM6250666,HCC1143
hcc1143,GSE152908,GSM4629386,HCC1143,GSE41119,GSM1008895,HCC1143
hcc1143,GSE152908,GSM4629386,HCC1143,GSE58135,GSM1401661,HCC-1143
hcc1143,GSE152908,GSM4629386,HCC1143,GSE59242,GSM1431210,HCC1143
hcc1143,GSE152908,GSM4629386,HCC1143,GSE73526,GSM1897294,HCC1143
hcc1143,GSE173634,GSM5272807,HCC1143,GSE206324,GSM6250666,HCC1143
hcc1143,GSE173634,GSM5272807,HCC1143,GSE41119,GSM1008895,HCC1143
hcc1143,GSE173634,GSM5272807,HCC1143,GSE58135,GSM1401661,HCC-1143
hcc1143,GSE173634,GSM5272807,HCC1143,GSE59242,GSM1431210,HCC1143
hcc1143,GSE173634,GSM5272807,HCC1143,GSE73526,GSM1897294,HCC1143
hcc1143,GSE206324,GSM6250666,HCC1143,GSE41119,GSM1008895,HCC1143
hcc1143,GSE206324,GSM6250666,HCC1143,GSE58135,GSM1401661,HCC-1143
hcc1143,GSE206324,GSM6250666,HCC1143,GSE59242,GSM1431210,HCC1143
hcc1143,GSE206324,GSM6250666,HCC1143,GSE73526,GSM1897294,HCC1143
hcc1143,GSE41119,GSM1008895,HCC1143,GSE58135,GSM1401661,HCC-1143
hcc1143,GSE41119,GSM1008895,HCC1143,GSE59242,GSM1431210,HCC1143
hcc1143,GSE41119,GSM1008895,HCC1143,GSE73526,GSM1897294,HCC1143
hcc1143,GSE58135,GSM1401661,HCC-1143,GSE59242,GSM1431210,HCC1143
hcc1143,GSE58135,GSM1401661,HCC-1143,GSE73526,GSM1897294,HCC1143
hcc1143,GSE59242,GSM1431210,HCC1143,GSE73526,GSM1897294,HCC1143
hcc1187,GSE152908,GSM4629430,HCC1187,GSE173634,GSM5272808,HCC1187
hcc1187,GSE152908,GSM4629430,HCC1187,GSE58135,GSM1401672,HCC-1187
hcc1187,GSE152908,GSM4629430,HCC1187,GSE59242,GSM1431216,HCC1187
hcc1187,GSE152908,GSM4629430,HCC1187,GSE73526,GSM1897295,HCC1187
hcc1187,GSE173634,GSM5272808,HCC1187,GSE58135,GSM1401672,HCC-1187
hcc1187,GSE173634,GSM5272808,HCC1187,GSE59242,GSM1431216,HCC1187
hcc1187,GSE173634,GSM5272808,HCC1187,GSE73526,GSM1897295,HCC1187
hcc1187,GSE58135,GSM1401672,HCC-1187,GSE59242,GSM1431216,HCC1187
hcc1187,GSE58135,GSM1401672,HCC-1187,GSE73526,GSM1897295,HCC1187
hcc1187,GSE59242,GSM1431216,HCC1187,GSE73526,GSM1897295,HCC1187
hcc1187cellline,GSE15134,GSM378152,HCC_1187 cell line,GSE41119,GSM1008896,HCC1187 cellline
hcc1187cellline,GSE15134,GSM378152,HCC_1187 cell line,GSE50470,GSM1214579,HCC1187 cell line
hcc1187cellline,GSE41119,GSM1008896,HCC1187 cellline,GSE50470,GSM1214579,HCC1187 cell line
hcc1395,GSE152908,GSM4629387,HCC1395,GSE59242,GSM1431221,HCC1395
hcc1395,GSE152908,GSM4629387,HCC1395,GSE73526,GSM1897296,HCC1395
hcc1395,GSE59242,GSM1431221,HCC1395,GSE73526,GSM1897296,HCC1395
hcc1395cellline,GSE41119,GSM1008897,HCC1395 cellline,GSE50470,GSM1214582,HCC1395 cell line
hcc1419,GSE152908,GSM4629388,HCC1419,GSE28866,GSM984231,HCC1419
hcc1419,GSE152908,GSM4629388,HCC1419,GSE73526,GSM1897297,HCC1419
hcc1419,GSE28866,GSM984231,HCC1419,GSE73526,GSM1897297,HCC1419
hcc1428,GSE152908,GSM4629389,HCC1428,GSE24578,GSM605924,HCC1428
hcc1428,GSE152908,GSM4629389,HCC1428,GSE24717,GSM605924,HCC1428
hcc1428,GSE152908,GSM4629389,HCC1428,GSE66072,GSM1613822,HCC1428
hcc1428,GSE152908,GSM4629389,HCC1428,GSE73526,GSM1897298,HCC1428
hcc1428,GSE24578,GSM605924,HCC1428,GSE66072,GSM1613822,HCC1428
hcc1428,GSE24578,GSM605924,HCC1428,GSE73526,GSM1897298,HCC1428
hcc1428,GSE24717,GSM605924,HCC1428,GSE66072,GSM1613822,HCC1428
hcc1428,GSE24717,GSM605924,HCC1428,GSE73526,GSM1897298,HCC1428
hcc1428,GSE66072,GSM1613822,HCC1428,GSE73526,GSM1897298,HCC1428
hcc1428rep1,GSE19639,GSM490061,"HCC-1428, rep 1",GSE58643,GSM1415973,HCC1428 rep 1
hcc1428rep2,GSE19639,GSM490062,"HCC-1428, rep 2",GSE58643,GSM1415974,HCC1428 rep 2
hcc1500,GSE152908,GSM4629390,HCC1500,GSE173634,GSM5272809,HCC1500
hcc1500,GSE152908,GSM4629390,HCC1500,GSE212143,GSM6510137,HCC1500
hcc1500,GSE152908,GSM4629390,HCC1500,GSE21217,GSM530541,HCC1500
hcc1500,GSE152908,GSM4629390,HCC1500,GSE262110,GSM8157735,HCC1500
hcc1500,GSE152908,GSM4629390,HCC1500,GSE28866,GSM984232,HCC1500
hcc1500,GSE152908,GSM4629390,HCC1500,GSE73526,GSM1897299,HCC1500
hcc1500,GSE152908,GSM4629390,HCC1500,GSE87006,GSM2318758,HCC1500
hcc1500,GSE152908,GSM4629390,HCC1500,GSE87008,GSM2318758,HCC1500
hcc1500,GSE173634,GSM5272809,HCC1500,GSE212143,GSM6510137,HCC1500
hcc1500,GSE173634,GSM5272809,HCC1500,GSE21217,GSM530541,HCC1500
hcc1500,GSE173634,GSM5272809,HCC1500,GSE262110,GSM8157735,HCC1500
hcc1500,GSE173634,GSM5272809,HCC1500,GSE28866,GSM984232,HCC1500
hcc1500,GSE173634,GSM5272809,HCC1500,GSE73526,GSM1897299,HCC1500
hcc1500,GSE173634,GSM5272809,HCC1500,GSE87006,GSM2318758,HCC1500
hcc1500,GSE173634,GSM5272809,HCC1500,GSE87008,GSM2318758,HCC1500
hcc1500,GSE212143,GSM6510137,HCC1500,GSE21217,GSM530541,HCC1500
hcc1500,GSE212143,GSM6510137,HCC1500,GSE262110,GSM8157735,HCC1500
hcc1500,GSE212143,GSM6510137,HCC1500,GSE28866,GSM984232,HCC1500
hcc1500,GSE212143,GSM6510137,HCC1500,GSE73526,GSM1897299,HCC1500
hcc1500,GSE212143,GSM6510137,HCC1500,GSE87006,GSM2318758,HCC1500
hcc1500,GSE212143,GSM6510137,HCC1500,GSE87008,GSM2318758,HCC1500
hcc1500,GSE21217,GSM530541,HCC1500,GSE262110,GSM8157735,HCC1500
hcc1500,GSE21217,GSM530541,HCC1500,GSE28866,GSM984232,HCC1500
hcc1500,GSE21217,GSM530541,HCC1500,GSE73526,GSM1897299,HCC1500
hcc1500,GSE21217,GSM530541,HCC1500,GSE87006,GSM2318758,HCC1500
hcc1500,GSE21217,GSM530541,HCC1500,GSE87008,GSM2318758,HCC1500
hcc1500,GSE262110,GSM8157735,HCC1500,GSE28866,GSM984232,HCC1500
hcc1500,GSE262110,GSM8157735,HCC1500,GSE73526,GSM1897299,HCC1500
hcc1500,GSE262110,GSM8157735,HCC1500,GSE87006,GSM2318758,HCC1500
hcc1500,GSE262110,GSM8157735,HCC1500,GSE87008,GSM2318758,HCC1500
hcc1500,GSE28866,GSM984232,HCC1500,GSE73526,GSM1897299,HCC1500
hcc1500,GSE28866,GSM984232,HCC1500,GSE87006,GSM2318758,HCC1500
hcc1500,GSE28866,GSM984232,HCC1500,GSE87008,GSM2318758,HCC1500
hcc1500,GSE73526,GSM1897299,HCC1500,GSE87006,GSM2318758,HCC1500
hcc1500,GSE73526,GSM1897299,HCC1500,GSE87008,GSM2318758,HCC1500
hcc1569,GSE152908,GSM4629431,HCC1569,GSE58135,GSM1401674,HCC-1569
hcc1569,GSE152908,GSM4629431,HCC1569,GSE59242,GSM1431217,HCC1569
hcc1569,GSE152908,GSM4629431,HCC1569,GSE73526,GSM1897300,HCC1569
hcc1569,GSE152908,GSM4629431,HCC1569,GSE87006,GSM2318759,HCC1569
hcc1569,GSE152908,GSM4629431,HCC1569,GSE87008,GSM2318759,HCC1569
hcc1569,GSE58135,GSM1401674,HCC-1569,GSE59242,GSM1431217,HCC1569
hcc1569,GSE58135,GSM1401674,HCC-1569,GSE73526,GSM1897300,HCC1569
hcc1569,GSE58135,GSM1401674,HCC-1569,GSE87006,GSM2318759,HCC1569
hcc1569,GSE58135,GSM1401674,HCC-1569,GSE87008,GSM2318759,HCC1569
hcc1569,GSE59242,GSM1431217,HCC1569,GSE73526,GSM1897300,HCC1569
hcc1569,GSE59242,GSM1431217,HCC1569,GSE87006,GSM2318759,HCC1569
hcc1569,GSE59242,GSM1431217,HCC1569,GSE87008,GSM2318759,HCC1569
hcc1569,GSE73526,GSM1897300,HCC1569,GSE87006,GSM2318759,HCC1569
hcc1569,GSE73526,GSM1897300,HCC1569,GSE87008,GSM2318759,HCC1569
hcc1599,GSE58135,GSM1401655,HCC-1599,GSE73526,GSM1897301,HCC1599
hcc1937,GSE152908,GSM4629392,HCC1937,GSE16732,GSM419262,HCC1937
hcc1937,GSE152908,GSM4629392,HCC1937,GSE16795,GSM421867,HCC1937
hcc1937,GSE152908,GSM4629392,HCC1937,GSE173634,GSM5272810,HCC1937
hcc1937,GSE152908,GSM4629392,HCC1937,GSE212143,GSM6510138,HCC1937
hcc1937,GSE152908,GSM4629392,HCC1937,GSE3353,GSM75817,HCC-1937.
hcc1937,GSE152908,GSM4629392,HCC1937,GSE58135,GSM1401668,HCC-1937
hcc1937,GSE152908,GSM4629392,HCC1937,GSE59242,GSM1431189,HCC1937
hcc1937,GSE152908,GSM4629392,HCC1937,GSE73526,GSM1897303,HCC1937
hcc1937,GSE152908,GSM4629392,HCC1937,GSE87006,GSM2318761,HCC1937
hcc1937,GSE152908,GSM4629392,HCC1937,GSE87008,GSM2318761,HCC1937
hcc1937,GSE16732,GSM419262,HCC1937,GSE16795,GSM421867,HCC1937
hcc1937,GSE16732,GSM419262,HCC1937,GSE173634,GSM5272810,HCC1937
hcc1937,GSE16732,GSM419262,HCC1937,GSE212143,GSM6510138,HCC1937
hcc1937,GSE16732,GSM419262,HCC1937,GSE3353,GSM75817,HCC-1937.
hcc1937,GSE16732,GSM419262,HCC1937,GSE58135,GSM1401668,HCC-1937
hcc1937,GSE16732,GSM419262,HCC1937,GSE59242,GSM1431189,HCC1937
hcc1937,GSE16732,GSM419262,HCC1937,GSE73526,GSM1897303,HCC1937
hcc1937,GSE16732,GSM419262,HCC1937,GSE87006,GSM2318761,HCC1937
hcc1937,GSE16732,GSM419262,HCC1937,GSE87008,GSM2318761,HCC1937
hcc1937,GSE16795,GSM421867,HCC1937,GSE173634,GSM5272810,HCC1937
hcc1937,GSE16795,GSM421867,HCC1937,GSE212143,GSM6510138,HCC1937
hcc1937,GSE16795,GSM421867,HCC1937,GSE3353,GSM75817,HCC-1937.
hcc1937,GSE16795,GSM421867,HCC1937,GSE58135,GSM1401668,HCC-1937
hcc1937,GSE16795,GSM421867,HCC1937,GSE59242,GSM1431189,HCC1937
hcc1937,GSE16795,GSM421867,HCC1937,GSE73526,GSM1897303,HCC1937
hcc1937,GSE16795,GSM421867,HCC1937,GSE87006,GSM2318761,HCC1937
hcc1937,GSE16795,GSM421867,HCC1937,GSE87008,GSM2318761,HCC1937
hcc1937,GSE173634,GSM5272810,HCC1937,GSE212143,GSM6510138,HCC1937
hcc1937,GSE173634,GSM5272810,HCC1937,GSE3353,GSM75817,HCC-1937.
hcc1937,GSE173634,GSM5272810,HCC1937,GSE58135,GSM1401668,HCC-1937
hcc1937,GSE173634,GSM5272810,HCC1937,GSE59242,GSM1431189,HCC1937
hcc1937,GSE173634,GSM5272810,HCC1937,GSE73526,GSM1897303,HCC1937
hcc1937,GSE173634,GSM5272810,HCC1937,GSE87006,GSM2318761,HCC1937
hcc1937,GSE173634,GSM5272810,HCC1937,GSE87008,GSM2318761,HCC1937
hcc1937,GSE212143,GSM6510138,HCC1937,GSE3353,GSM75817,HCC-1937.
hcc1937,GSE212143,GSM6510138,HCC1937,GSE58135,GSM1401668,HCC-1937
hcc1937,GSE212143,GSM6510138,HCC1937,GSE59242,GSM1431189,HCC1937
hcc1937,GSE212143,GSM6510138,HCC1937,GSE73526,GSM1897303,HCC1937
hcc1937,GSE212143,GSM6510138,HCC1937,GSE87006,GSM2318761,HCC1937
hcc1937,GSE212143,GSM6510138,HCC1937,GSE87008,GSM2318761,HCC1937
hcc1937,GSE3353,GSM75817,HCC-1937.,GSE58135,GSM1401668,HCC-1937
hcc1937,GSE3353,GSM75817,HCC-1937.,GSE59242,GSM1431189,HCC1937
hcc1937,GSE3353,GSM75817,HCC-1937.,GSE73526,GSM1897303,HCC1937
hcc1937,GSE3353,GSM75817,HCC-1937.,GSE87006,GSM2318761,HCC1937
hcc1937,GSE3353,GSM75817,HCC-1937.,GSE87008,GSM2318761,HCC1937
hcc1937,GSE58135,GSM1401668,HCC-1937,GSE59242,GSM1431189,HCC1937
hcc1937,GSE58135,GSM1401668,HCC-1937,GSE73526,GSM1897303,HCC1937
hcc1937,GSE58135,GSM1401668,HCC-1937,GSE87006,GSM2318761,HCC1937
hcc1937,GSE58135,GSM1401668,HCC-1937,GSE87008,GSM2318761,HCC1937
hcc1937,GSE59242,GSM1431189,HCC1937,GSE73526,GSM1897303,HCC1937
hcc1937,GSE59242,GSM1431189,HCC1937,GSE87006,GSM2318761,HCC1937
hcc1937,GSE59242,GSM1431189,HCC1937,GSE87008,GSM2318761,HCC1937
hcc1937,GSE73526,GSM1897303,HCC1937,GSE87006,GSM2318761,HCC1937
hcc1937,GSE73526,GSM1897303,HCC1937,GSE87008,GSM2318761,HCC1937
hcc1937cellline,GSE15134,GSM378151,HCC1937 cell line,GSE41119,GSM1008900,HCC1937 cellline
hcc1937cellline,GSE15134,GSM378151,HCC1937 cell line,GSE50470,GSM1214588,HCC1937 cell line
hcc1937cellline,GSE41119,GSM1008900,HCC1937 cellline,GSE50470,GSM1214588,HCC1937 cell line
hcc1954,GSE152908,GSM4629393,HCC1954,GSE173634,GSM5272811,HCC1954
hcc1954,GSE152908,GSM4629393,HCC1954,GSE212143,GSM6510139,HCC1954
hcc1954,GSE152908,GSM4629393,HCC1954,GSE45133,GSM1097791,HCC1954
hcc1954,GSE152908,GSM4629393,HCC1954,GSE45137,GSM1097791,HCC1954
hcc1954,GSE152908,GSM4629393,HCC1954,GSE58135,GSM1401665,HCC-1954
hcc1954,GSE152908,GSM4629393,HCC1954,GSE59242,GSM1431182,HCC1954
hcc1954,GSE152908,GSM4629393,HCC1954,GSE73526,GSM1897304,HCC1954
hcc1954,GSE152908,GSM4629393,HCC1954,GSE87006,GSM2318762,HCC1954
hcc1954,GSE152908,GSM4629393,HCC1954,GSE87008,GSM2318762,HCC1954
hcc1954,GSE173634,GSM5272811,HCC1954,GSE212143,GSM6510139,HCC1954
hcc1954,GSE173634,GSM5272811,HCC1954,GSE45133,GSM1097791,HCC1954
hcc1954,GSE173634,GSM5272811,HCC1954,GSE45137,GSM1097791,HCC1954
hcc1954,GSE173634,GSM5272811,HCC1954,GSE58135,GSM1401665,HCC-1954
hcc1954,GSE173634,GSM5272811,HCC1954,GSE59242,GSM1431182,HCC1954
hcc1954,GSE173634,GSM5272811,HCC1954,GSE73526,GSM1897304,HCC1954
hcc1954,GSE173634,GSM5272811,HCC1954,GSE87006,GSM2318762,HCC1954
hcc1954,GSE173634,GSM5272811,HCC1954,GSE87008,GSM2318762,HCC1954
hcc1954,GSE212143,GSM6510139,HCC1954,GSE45133,GSM1097791,HCC1954
hcc1954,GSE212143,GSM6510139,HCC1954,GSE45137,GSM1097791,HCC1954
hcc1954,GSE212143,GSM6510139,HCC1954,GSE58135,GSM1401665,HCC-1954
hcc1954,GSE212143,GSM6510139,HCC1954,GSE59242,GSM1431182,HCC1954
hcc1954,GSE212143,GSM6510139,HCC1954,GSE73526,GSM1897304,HCC1954
hcc1954,GSE212143,GSM6510139,HCC1954,GSE87006,GSM2318762,HCC1954
hcc1954,GSE212143,GSM6510139,HCC1954,GSE87008,GSM2318762,HCC1954
hcc1954,GSE45133,GSM1097791,HCC1954,GSE58135,GSM1401665,HCC-1954
hcc1954,GSE45133,GSM1097791,HCC1954,GSE59242,GSM1431182,HCC1954
hcc1954,GSE45133,GSM1097791,HCC1954,GSE73526,GSM1897304,HCC1954
hcc1954,GSE45133,GSM1097791,HCC1954,GSE87006,GSM2318762,HCC1954
hcc1954,GSE45133,GSM1097791,HCC1954,GSE87008,GSM2318762,HCC1954
hcc1954,GSE45137,GSM1097791,HCC1954,GSE58135,GSM1401665,HCC-1954
hcc1954,GSE45137,GSM1097791,HCC1954,GSE59242,GSM1431182,HCC1954
hcc1954,GSE45137,GSM1097791,HCC1954,GSE73526,GSM1897304,HCC1954
hcc1954,GSE45137,GSM1097791,HCC1954,GSE87006,GSM2318762,HCC1954
hcc1954,GSE45137,GSM1097791,HCC1954,GSE87008,GSM2318762,HCC1954
hcc1954,GSE58135,GSM1401665,HCC-1954,GSE59242,GSM1431182,HCC1954
hcc1954,GSE58135,GSM1401665,HCC-1954,GSE73526,GSM1897304,HCC1954
hcc1954,GSE58135,GSM1401665,HCC-1954,GSE87006,GSM2318762,HCC1954
hcc1954,GSE58135,GSM1401665,HCC-1954,GSE87008,GSM2318762,HCC1954
hcc1954,GSE59242,GSM1431182,HCC1954,GSE73526,GSM1897304,HCC1954
hcc1954,GSE59242,GSM1431182,HCC1954,GSE87006,GSM2318762,HCC1954
hcc1954,GSE59242,GSM1431182,HCC1954,GSE87008,GSM2318762,HCC1954
hcc1954,GSE73526,GSM1897304,HCC1954,GSE87006,GSM2318762,HCC1954
hcc1954,GSE73526,GSM1897304,HCC1954,GSE87008,GSM2318762,HCC1954
hcc1954cellline,GSE41119,GSM1008901,HCC1954 cellline,GSE50470,GSM1215272,HCC1954 cell_line
hcc202,GSE152908,GSM4629432,HCC202,GSE73526,GSM1897305,HCC202
hcc202,GSE152908,GSM4629432,HCC202,GSE87006,GSM2318763,HCC202
hcc202,GSE152908,GSM4629432,HCC202,GSE87008,GSM2318763,HCC202
hcc202,GSE73526,GSM1897305,HCC202,GSE87006,GSM2318763,HCC202
hcc202,GSE73526,GSM1897305,HCC202,GSE87008,GSM2318763,HCC202
hcc2185,GSE206324,GSM6250664,HCC2185,GSE73526,GSM1897306,HCC2185
hcc3153rnaseq,GSE114597,GSM3145576,HCC3153 [RNA-seq],GSE48213,GSM1172874,"HCC3153, RNA-Seq"
hcc3153rnaseq,GSE114597,GSM3145576,HCC3153 [RNA-seq],GSE48216,GSM1172874,"HCC3153, RNA-Seq"
hcc3153rnaseq,GSE114600,GSM3145576,HCC3153 [RNA-seq],GSE48213,GSM1172874,"HCC3153, RNA-Seq"
hcc3153rnaseq,GSE114600,GSM3145576,HCC3153 [RNA-seq],GSE48216,GSM1172874,"HCC3153, RNA-Seq"
hcc38,GSE152908,GSM4629394,HCC38,GSE173634,GSM5272812,HCC38
hcc38,GSE152908,GSM4629394,HCC38,GSE212143,GSM6510140,HCC38
hcc38,GSE152908,GSM4629394,HCC38,GSE250156,GSM7974849,HCC38
hcc38,GSE152908,GSM4629394,HCC38,GSE250158,GSM7974849,HCC38
hcc38,GSE152908,GSM4629394,HCC38,GSE58135,GSM1401651,HCC-38
hcc38,GSE152908,GSM4629394,HCC38,GSE59242,GSM1431223,HCC38
hcc38,GSE152908,GSM4629394,HCC38,GSE73526,GSM1897310,HCC38
hcc38,GSE152908,GSM4629394,HCC38,GSE87006,GSM2318764,HCC38
hcc38,GSE152908,GSM4629394,HCC38,GSE87008,GSM2318764,HCC38
hcc38,GSE173634,GSM5272812,HCC38,GSE212143,GSM6510140,HCC38
hcc38,GSE173634,GSM5272812,HCC38,GSE250156,GSM7974849,HCC38
hcc38,GSE173634,GSM5272812,HCC38,GSE250158,GSM7974849,HCC38
hcc38,GSE173634,GSM5272812,HCC38,GSE58135,GSM1401651,HCC-38
hcc38,GSE173634,GSM5272812,HCC38,GSE59242,GSM1431223,HCC38
hcc38,GSE173634,GSM5272812,HCC38,GSE73526,GSM1897310,HCC38
hcc38,GSE173634,GSM5272812,HCC38,GSE87006,GSM2318764,HCC38
hcc38,GSE173634,GSM5272812,HCC38,GSE87008,GSM2318764,HCC38
hcc38,GSE212143,GSM6510140,HCC38,GSE250156,GSM7974849,HCC38
hcc38,GSE212143,GSM6510140,HCC38,GSE250158,GSM7974849,HCC38
hcc38,GSE212143,GSM6510140,HCC38,GSE58135,GSM1401651,HCC-38
hcc38,GSE212143,GSM6510140,HCC38,GSE59242,GSM1431223,HCC38
hcc38,GSE212143,GSM6510140,HCC38,GSE73526,GSM1897310,HCC38
hcc38,GSE212143,GSM6510140,HCC38,GSE87006,GSM2318764,HCC38
hcc38,GSE212143,GSM6510140,HCC38,GSE87008,GSM2318764,HCC38
hcc38,GSE250156,GSM7974849,HCC38,GSE58135,GSM1401651,HCC-38
hcc38,GSE250156,GSM7974849,HCC38,GSE59242,GSM1431223,HCC38
hcc38,GSE250156,GSM7974849,HCC38,GSE73526,GSM1897310,HCC38
hcc38,GSE250156,GSM7974849,HCC38,GSE87006,GSM2318764,HCC38
hcc38,GSE250156,GSM7974849,HCC38,GSE87008,GSM2318764,HCC38
hcc38,GSE250158,GSM7974849,HCC38,GSE58135,GSM1401651,HCC-38
hcc38,GSE250158,GSM7974849,HCC38,GSE59242,GSM1431223,HCC38
hcc38,GSE250158,GSM7974849,HCC38,GSE73526,GSM1897310,HCC38
hcc38,GSE250158,GSM7974849,HCC38,GSE87006,GSM2318764,HCC38
hcc38,GSE250158,GSM7974849,HCC38,GSE87008,GSM2318764,HCC38
hcc38,GSE58135,GSM1401651,HCC-38,GSE59242,GSM1431223,HCC38
hcc38,GSE58135,GSM1401651,HCC-38,GSE73526,GSM1897310,HCC38
hcc38,GSE58135,GSM1401651,HCC-38,GSE87006,GSM2318764,HCC38
hcc38,GSE58135,GSM1401651,HCC-38,GSE87008,GSM2318764,HCC38
hcc38,GSE59242,GSM1431223,HCC38,GSE73526,GSM1897310,HCC38
hcc38,GSE59242,GSM1431223,HCC38,GSE87006,GSM2318764,HCC38
hcc38,GSE59242,GSM1431223,HCC38,GSE87008,GSM2318764,HCC38
hcc38,GSE73526,GSM1897310,HCC38,GSE87006,GSM2318764,HCC38
hcc38,GSE73526,GSM1897310,HCC38,GSE87008,GSM2318764,HCC38
hcc38cellline,GSE15134,GSM378150,HCC38 cell line,GSE41119,GSM1008902,HCC38 cellline
hcc38cellline,GSE15134,GSM378150,HCC38 cell line,GSE50470,GSM1214580,HCC38 cell line
hcc38cellline,GSE41119,GSM1008902,HCC38 cellline,GSE50470,GSM1214580,HCC38 cell line
hcc70,GSE152908,GSM4629395,HCC70,GSE173634,GSM5272813,HCC70
hcc70,GSE152908,GSM4629395,HCC70,GSE17945,GSM448874,HCC70
hcc70,GSE152908,GSM4629395,HCC70,GSE21217,GSM530540,HCC70
hcc70,GSE152908,GSM4629395,HCC70,GSE58135,GSM1401660,HCC-70
hcc70,GSE152908,GSM4629395,HCC70,GSE59242,GSM1431206,HCC70
hcc70,GSE152908,GSM4629395,HCC70,GSE73526,GSM1897311,HCC70
hcc70,GSE152908,GSM4629395,HCC70,GSE87006,GSM2318765,HCC70
hcc70,GSE152908,GSM4629395,HCC70,GSE87008,GSM2318765,HCC70
hcc70,GSE173634,GSM5272813,HCC70,GSE17945,GSM448874,HCC70
hcc70,GSE173634,GSM5272813,HCC70,GSE21217,GSM530540,HCC70
hcc70,GSE173634,GSM5272813,HCC70,GSE58135,GSM1401660,HCC-70
hcc70,GSE173634,GSM5272813,HCC70,GSE59242,GSM1431206,HCC70
hcc70,GSE173634,GSM5272813,HCC70,GSE73526,GSM1897311,HCC70
hcc70,GSE173634,GSM5272813,HCC70,GSE87006,GSM2318765,HCC70
hcc70,GSE173634,GSM5272813,HCC70,GSE87008,GSM2318765,HCC70
hcc70,GSE17945,GSM448874,HCC70,GSE21217,GSM530540,HCC70
hcc70,GSE17945,GSM448874,HCC70,GSE58135,GSM1401660,HCC-70
hcc70,GSE17945,GSM448874,HCC70,GSE59242,GSM1431206,HCC70
hcc70,GSE17945,GSM448874,HCC70,GSE73526,GSM1897311,HCC70
hcc70,GSE17945,GSM448874,HCC70,GSE87006,GSM2318765,HCC70
hcc70,GSE17945,GSM448874,HCC70,GSE87008,GSM2318765,HCC70
hcc70,GSE21217,GSM530540,HCC70,GSE58135,GSM1401660,HCC-70
hcc70,GSE21217,GSM530540,HCC70,GSE59242,GSM1431206,HCC70
hcc70,GSE21217,GSM530540,HCC70,GSE73526,GSM1897311,HCC70
hcc70,GSE21217,GSM530540,HCC70,GSE87006,GSM2318765,HCC70
hcc70,GSE21217,GSM530540,HCC70,GSE87008,GSM2318765,HCC70
hcc70,GSE58135,GSM1401660,HCC-70,GSE59242,GSM1431206,HCC70
hcc70,GSE58135,GSM1401660,HCC-70,GSE73526,GSM1897311,HCC70
hcc70,GSE58135,GSM1401660,HCC-70,GSE87006,GSM2318765,HCC70
hcc70,GSE58135,GSM1401660,HCC-70,GSE87008,GSM2318765,HCC70
hcc70,GSE59242,GSM1431206,HCC70,GSE73526,GSM1897311,HCC70
hcc70,GSE59242,GSM1431206,HCC70,GSE87006,GSM2318765,HCC70
hcc70,GSE59242,GSM1431206,HCC70,GSE87008,GSM2318765,HCC70
hcc70,GSE73526,GSM1897311,HCC70,GSE87006,GSM2318765,HCC70
hcc70,GSE73526,GSM1897311,HCC70,GSE87008,GSM2318765,HCC70
hcsc0003,GSE181466,GSM5502958,HCSC-0003,GSE181548,GSM5505562,HCSC-0003
hcsc0004,GSE181466,GSM5502965,HCSC-0004,GSE181548,GSM5505569,HCSC-0004
hcsc0007,GSE181466,GSM5502970,HCSC-0007,GSE181548,GSM5505574,HCSC-0007
hcsc0008,GSE181466,GSM5502955,HCSC-0008,GSE181548,GSM5505559,HCSC-0008
hcsc0009,GSE181466,GSM5502905,HCSC-0009,GSE181548,GSM5505508,HCSC-0009
hcsc0010,GSE181466,GSM5502995,HCSC-0010,GSE181548,GSM5505599,HCSC-0010
hcsc0011,GSE181466,GSM5502996,HCSC-0011,GSE181548,GSM5505600,HCSC-0011
hcsc0013,GSE181466,GSM5502973,HCSC-0013,GSE181548,GSM5505577,HCSC-0013
hcsc0014,GSE181466,GSM5502969,HCSC-0014,GSE181548,GSM5505573,HCSC-0014
hcsc0017,GSE181466,GSM5502985,HCSC-0017,GSE181548,GSM5505589,HCSC-0017
hcsc0020,GSE181466,GSM5502977,HCSC-0020,GSE181548,GSM5505581,HCSC-0020
hcsc0021,GSE181466,GSM5502986,HCSC-0021,GSE181548,GSM5505590,HCSC-0021
hcsc0022,GSE181466,GSM5502990,HCSC-0022,GSE181548,GSM5505594,HCSC-0022
hcsc0023,GSE181466,GSM5502948,HCSC-0023,GSE181548,GSM5505552,HCSC-0023
hcsc0025,GSE181466,GSM5502906,HCSC-0025,GSE181548,GSM5505509,HCSC-0025
hcsc0026,GSE181466,GSM5502907,HCSC-0026,GSE181548,GSM5505510,HCSC-0026
hcsc0027,GSE181466,GSM5502908,HCSC-0027,GSE181548,GSM5505511,HCSC-0027
hcsc0028,GSE181466,GSM5502909,HCSC-0028,GSE181548,GSM5505512,HCSC-0028
hcsc0031,GSE181466,GSM5502910,HCSC-0031,GSE181548,GSM5505513,HCSC-0031
hcsc0032,GSE181466,GSM5502911,HCSC-0032,GSE181548,GSM5505514,HCSC-0032
hcsc0033,GSE181466,GSM5502912,HCSC-0033,GSE181548,GSM5505515,HCSC-0033
hct116,GSE217579,GSM6721989,HCT-116,GSE24737,GSM609315,HCT116
hct116,GSE217579,GSM6721989,HCT-116,GSE57083,GSM1374517,HCT116
hct116,GSE24737,GSM609315,HCT116,GSE57083,GSM1374517,HCT116
hct1161,GSE207618,GSM6304017,HCT-116-1,GSE38858,GSM1072292,HCT116-1
hct1162,GSE207618,GSM6304018,HCT-116-2,GSE38858,GSM1072293,HCT116-2
hcuv0001,GSE181466,GSM5502913,HCUV-0001,GSE181548,GSM5505516,HCUV-0001
hlpr001,GSE181466,GSM5502914,HLPR-001,GSE181548,GSM5505517,HLPR-001
hlpr002,GSE181466,GSM5502915,HLPR-002,GSE181548,GSM5505518,HLPR-002
hlpr003,GSE181466,GSM5502916,HLPR-003,GSE181548,GSM5505519,HLPR-003
hlpr004,GSE181466,GSM5502917,HLPR-004,GSE181548,GSM5505520,HLPR-004
hlpr005,GSE181466,GSM5502918,HLPR-005,GSE181548,GSM5505521,HLPR-005
hop064mda468,GSE13915,GSM350567,hop064|MDA468,GSE15361,GSM385608,hop064|MDA468
hop064mda468,GSE13915,GSM350567,hop064|MDA468,GSE15376,GSM385608,hop064|MDA468
hscp0001,GSE181466,GSM5502919,HSCP-0001,GSE181548,GSM5505522,HSCP-0001
hscp0002,GSE181466,GSM5502920,HSCP-0002,GSE181548,GSM5505523,HSCP-0002
ht29,GSE217579,GSM6722003,HT-29,GSE24737,GSM609321,HT29
ht29,GSE217579,GSM6722003,HT-29,GSE57083,GSM1374562,HT29
ht29,GSE24737,GSM609321,HT29,GSE57083,GSM1374562,HT29
hugm0001,GSE181466,GSM5502960,HUGM-0001,GSE181548,GSM5505564,HUGM-0001
hugm0002,GSE181466,GSM5502921,HUGM-0002,GSE181548,GSM5505524,HUGM-0002
hugm0008,GSE181466,GSM5502964,HUGM-0008,GSE181548,GSM5505568,HUGM-0008
hugm0009,GSE181466,GSM5502962,HUGM-0009,GSE181548,GSM5505566,HUGM-0009
hugm0011,GSE181466,GSM5502963,HUGM-0011,GSE181548,GSM5505567,HUGM-0011
hugm0015,GSE181466,GSM5502979,HUGM-0015,GSE181548,GSM5505583,HUGM-0015
hugm0018,GSE181466,GSM5502982,HUGM-0018,GSE181548,GSM5505586,HUGM-0018
hugm0019,GSE181466,GSM5502972,HUGM-0019,GSE181548,GSM5505576,HUGM-0019
hugm0022,GSE181466,GSM5502978,HUGM-0022,GSE181548,GSM5505582,HUGM-0022
hugm0026,GSE181466,GSM5502983,HUGM-0026,GSE181548,GSM5505587,HUGM-0026
hugm0027,GSE181466,GSM5502980,HUGM-0027,GSE181548,GSM5505584,HUGM-0027
hugm0028,GSE181466,GSM5502975,HUGM-0028,GSE181548,GSM5505579,HUGM-0028
hugm0029,GSE181466,GSM5502950,HUGM-0029,GSE181548,GSM5505554,HUGM-0029
hugm0030,GSE181466,GSM5502971,HUGM-0030,GSE181548,GSM5505575,HUGM-0030
hugm0031,GSE181466,GSM5502997,HUGM-0031,GSE181548,GSM5505601,HUGM-0031
hugm0032,GSE181466,GSM5502992,HUGM-0032,GSE181548,GSM5505596,HUGM-0032
hugm0034,GSE181466,GSM5502994,HUGM-0034,GSE181548,GSM5505598,HUGM-0034
hugm0036,GSE181466,GSM5502953,HUGM-0036,GSE181548,GSM5505557,HUGM-0036
hugm0037,GSE181466,GSM5502959,HUGM-0037,GSE181548,GSM5505563,HUGM-0037
hugm0038,GSE181466,GSM5502967,HUGM-0038,GSE181548,GSM5505571,HUGM-0038
hugm0041,GSE181466,GSM5502993,HUGM-0041,GSE181548,GSM5505597,HUGM-0041
hugm0042,GSE181466,GSM5502961,HUGM-0042,GSE181548,GSM5505565,HUGM-0042
hugm0044,GSE181466,GSM5502968,HUGM-0044,GSE181548,GSM5505572,HUGM-0044
hugm0045,GSE181466,GSM5502991,HUGM-0045,GSE181548,GSM5505595,HUGM-0045
hugm0047,GSE181466,GSM5502956,HUGM-0047,GSE181548,GSM5505560,HUGM-0047
hugm0048,GSE181466,GSM5502981,HUGM-0048,GSE181548,GSM5505585,HUGM-0048
hugm0050,GSE181466,GSM5502966,HUGM-0050,GSE181548,GSM5505570,HUGM-0050
hugm0051,GSE181466,GSM5502951,HUGM-0051,GSE181548,GSM5505555,HUGM-0051
hugm0052,GSE181466,GSM5502984,HUGM-0052,GSE181548,GSM5505588,HUGM-0052
hugm0053,GSE181466,GSM5502922,HUGM-0053,GSE181548,GSM5505525,HUGM-0053
hugm0054,GSE181466,GSM5502923,HUGM-0054,GSE181548,GSM5505526,HUGM-0054
hugm0055,GSE181466,GSM5502924,HUGM-0055,GSE181548,GSM5505527,HUGM-0055
hugm0056,GSE181466,GSM5502925,HUGM-0056,GSE181548,GSM5505528,HUGM-0056
hugm0057,GSE181466,GSM5502926,HUGM-0057,GSE181548,GSM5505529,HUGM-0057
hugm0058,GSE181466,GSM5502927,HUGM-0058,GSE181548,GSM5505530,HUGM-0058
hugm0059,GSE181466,GSM5502928,HUGM-0059,GSE181548,GSM5505531,HUGM-0059
hugm0060,GSE181466,GSM5502929,HUGM-0060,GSE181548,GSM5505532,HUGM-0060
hugm0061,GSE181466,GSM5502930,HUGM-0061,GSE181548,GSM5505533,HUGM-0061
hugm0063,GSE181466,GSM5502931,HUGM-0063,GSE181548,GSM5505534,HUGM-0063
hvdh0001,GSE181466,GSM5502974,HVDH-0001,GSE181548,GSM5505578,HVDH-0001
hvdh0002,GSE181466,GSM5502999,HVDH-0002,GSE181548,GSM5505603,HVDH-0002
hvdh0003,GSE181466,GSM5503001,HVDH-0003,GSE181548,GSM5505605,HVDH-0003
hvdh0004,GSE181466,GSM5502976,HVDH-0004,GSE181548,GSM5505580,HVDH-0004
hvdh0005,GSE181466,GSM5503000,HVDH-0005,GSE181548,GSM5505604,HVDH-0005
hvdh0006,GSE181466,GSM5502932,HVDH-0006,GSE181548,GSM5505535,HVDH-0006
hvdh0007,GSE181466,GSM5502933,HVDH-0007,GSE181548,GSM5505536,HVDH-0007
hvdh0008,GSE181466,GSM5502934,HVDH-0008,GSE181548,GSM5505537,HVDH-0008
hvdh0011,GSE181466,GSM5502935,HVDH-0011,GSE181548,GSM5505538,HVDH-0011
hvdh0012,GSE181466,GSM5502936,HVDH-0012,GSE181548,GSM5505539,HVDH-0012
idc10,GSE29581,GSM732328,IDC10,GSE55639,GSM1340732,IDC10
idc10,GSE29581,GSM732328,IDC10,GSE55640,GSM1340732,IDC10
idc11,GSE26304,GSM645962,IDC-11,GSE29581,GSM732329,IDC11
idc11,GSE26304,GSM645962,IDC-11,GSE55639,GSM1340733,IDC11
idc11,GSE26304,GSM645962,IDC-11,GSE55640,GSM1340733,IDC11
idc11,GSE29581,GSM732329,IDC11,GSE55639,GSM1340733,IDC11
idc11,GSE29581,GSM732329,IDC11,GSE55640,GSM1340733,IDC11
idc12,GSE26304,GSM645959,IDC-12,GSE29581,GSM732330,IDC12
idc13,GSE29581,GSM732331,IDC13,GSE55639,GSM1340719,IDC13
idc13,GSE29581,GSM732331,IDC13,GSE55640,GSM1340719,IDC13
idc14,GSE29581,GSM732332,IDC14,GSE55639,GSM1340720,IDC14
idc14,GSE29581,GSM732332,IDC14,GSE55640,GSM1340720,IDC14
idc16,GSE29581,GSM732334,IDC16,GSE55639,GSM1340721,IDC16
idc16,GSE29581,GSM732334,IDC16,GSE55640,GSM1340721,IDC16
idc17,GSE29581,GSM732335,IDC17,GSE55639,GSM1340722,IDC17
idc17,GSE29581,GSM732335,IDC17,GSE55640,GSM1340722,IDC17
idc19,GSE29581,GSM732337,IDC19,GSE55639,GSM1340723,IDC19
idc19,GSE29581,GSM732337,IDC19,GSE55640,GSM1340723,IDC19
idc20,GSE29581,GSM732338,IDC20,GSE55639,GSM1340724,IDC20
idc20,GSE29581,GSM732338,IDC20,GSE55640,GSM1340724,IDC20
idc21,GSE29581,GSM732339,IDC21,GSE55639,GSM1340727,IDC21
idc21,GSE29581,GSM732339,IDC21,GSE55640,GSM1340727,IDC21
idc25,GSE26304,GSM645978,IDC-25,GSE29581,GSM732343,IDC25
idc256,GSE26304,GSM645868,IDC-256,GSE87517,GSM2333017,IDC256
idc26,GSE26304,GSM645942,IDC-26,GSE29581,GSM732344,IDC26
idc43,GSE26304,GSM645957,IDC-43,GSE29581,GSM732361,IDC43
idc44,GSE26304,GSM645874,IDC-44,GSE29581,GSM732362,IDC44
idc45,GSE26304,GSM645971,IDC-45,GSE29581,GSM732363,IDC45
idc46,GSE26304,GSM645953,IDC-46,GSE29581,GSM732364,IDC46
idc56,GSE26304,GSM645976,IDC-56,GSE29581,GSM732374,IDC56
idc57,GSE26304,GSM645945,IDC-57,GSE29581,GSM732375,IDC57
inen0002,GSE181466,GSM5502988,INEN-0002,GSE181548,GSM5505592,INEN-0002
inen0003,GSE181466,GSM5502989,INEN-0003,GSE181548,GSM5505593,INEN-0003
inen0004,GSE181466,GSM5502952,INEN-0004,GSE181548,GSM5505556,INEN-0004
inen0005,GSE181466,GSM5502949,INEN-0005,GSE181548,GSM5505553,INEN-0005
inen0006,GSE181466,GSM5502954,INEN-0006,GSE181548,GSM5505558,INEN-0006
inen0007,GSE181466,GSM5502987,INEN-0007,GSE181548,GSM5505591,INEN-0007
inen0008,GSE181466,GSM5502998,INEN-0008,GSE181548,GSM5505602,INEN-0008
inen0009,GSE181466,GSM5502957,INEN-0009,GSE181548,GSM5505561,INEN-0009
inen0010,GSE181466,GSM5502946,INEN-0010,GSE181548,GSM5505550,INEN-0010
inen0012,GSE181466,GSM5502947,INEN-0012,GSE181548,GSM5505551,INEN-0012
inen0014,GSE181466,GSM5502937,INEN-0014,GSE181548,GSM5505540,INEN-0014
inen0015,GSE181466,GSM5502938,INEN-0015,GSE181548,GSM5505541,INEN-0015
inen0016,GSE181466,GSM5502939,INEN-0016,GSE181548,GSM5505542,INEN-0016
inen0017,GSE181466,GSM5502940,INEN-0017,GSE181548,GSM5505543,INEN-0017
inen0020,GSE181466,GSM5502941,INEN-0020,GSE181548,GSM5505545,INEN-0020
inen0021,GSE181466,GSM5502942,INEN-0021,GSE181548,GSM5505546,INEN-0021
inen0022,GSE181466,GSM5502943,INEN-0022,GSE181548,GSM5505547,INEN-0022
inen0023,GSE181466,GSM5502944,INEN-0023,GSE181548,GSM5505548,INEN-0023
inen0024,GSE181466,GSM5502945,INEN-0024,GSE181548,GSM5505549,INEN-0024
k105688,GSE164694,GSM5015870,K105688,GSE205725,GSM6222318,K105688
k106165,GSE205725,GSM6222306,K106165,GSE277029,GSM8512975,K106165
k106169,GSE141828,GSM4213873,K106169,GSE164694,GSM5015890,K106169
k107509,GSE164694,GSM5015964,K107509,GSE205725,GSM6222149,K107509
k107799,GSE205725,GSM6222326,K107799,GSE277029,GSM8512977,K107799
k107908,GSE205725,GSM6222278,K107908,GSE277029,GSM8512978,K107908
k107975,GSE205725,GSM6222328,K107975,GSE277029,GSM8512979,K107975
k108838,GSE164694,GSM5016000,K108838,GSE205725,GSM6222167,K108838
k108890,GSE164694,GSM5016009,K108890,GSE205725,GSM6222163,K108890
korep1,GSE176304,GSM5362436,KO_Rep1,GSE234179,GSM7467280,KO_rep1
korep2,GSE176304,GSM5362437,KO_Rep2,GSE234179,GSM7467281,KO_rep2
ls174t,GSE24737,GSM609313,LS174T,GSE57083,GSM1374632,LS174T
m10,GSE192809,GSM5765777,M10,GSE43306,GSM1060355,M10
m15,GSE192809,GSM5765782,M15,GSE43306,GSM1060356,M15
m18,GSE266680,GSM9078315,M18,GSE48408,GSM1177342,M18
mb157,GSE59242,GSM1431234,MB157,GSE72955,GSM1875306,MB-157
mb157,GSE59242,GSM1431234,MB157,GSE73526,GSM1897319,MB157
mb157,GSE72955,GSM1875306,MB-157,GSE73526,GSM1897319,MB157
mb2311,GSE135112,GSM3986193,MB231.1,GSE159661,GSM4837238,MB-231-1
mb2312,GSE135112,GSM3986194,MB231.2,GSE159661,GSM4837244,MB-231-2
mb231control1,GSE144044,GSM4278554,MB-231-control #1,GSE74764,GSM1932089,MB231-Control-1
mb231control2,GSE144044,GSM4278555,MB-231-control #2,GSE74764,GSM1932090,MB231-Control-2
mcf10a,GSE152908,GSM4629398,MCF10A,GSE227630,GSM7104346,MCF10A
mcf10a,GSE152908,GSM4629398,MCF10A,GSE2603,GSM50033,MCF10A
mcf10a,GSE152908,GSM4629398,MCF10A,GSE30489,GSM756371,MCF10A
mcf10a,GSE152908,GSM4629398,MCF10A,GSE3353,GSM75815,MCF-10A.
mcf10a,GSE152908,GSM4629398,MCF10A,GSE44354,GSM1083866,MCF_10A
mcf10a,GSE152908,GSM4629398,MCF10A,GSE50470,GSM756371,MCF10A
mcf10a,GSE152908,GSM4629398,MCF10A,GSE52643,GSM1273493,MCF10A
mcf10a,GSE152908,GSM4629398,MCF10A,GSE73526,GSM1897320,MCF10A
mcf10a,GSE152908,GSM4629398,MCF10A,GSE81032,GSM2140853,MCF10A
mcf10a,GSE227630,GSM7104346,MCF10A,GSE2603,GSM50033,MCF10A
mcf10a,GSE227630,GSM7104346,MCF10A,GSE30489,GSM756371,MCF10A
mcf10a,GSE227630,GSM7104346,MCF10A,GSE3353,GSM75815,MCF-10A.
mcf10a,GSE227630,GSM7104346,MCF10A,GSE44354,GSM1083866,MCF_10A
mcf10a,GSE227630,GSM7104346,MCF10A,GSE50470,GSM756371,MCF10A
mcf10a,GSE227630,GSM7104346,MCF10A,GSE52643,GSM1273493,MCF10A
mcf10a,GSE227630,GSM7104346,MCF10A,GSE73526,GSM1897320,MCF10A
mcf10a,GSE227630,GSM7104346,MCF10A,GSE81032,GSM2140853,MCF10A
mcf10a,GSE2603,GSM50033,MCF10A,GSE30489,GSM756371,MCF10A
mcf10a,GSE2603,GSM50033,MCF10A,GSE3353,GSM75815,MCF-10A.
mcf10a,GSE2603,GSM50033,MCF10A,GSE44354,GSM1083866,MCF_10A
mcf10a,GSE2603,GSM50033,MCF10A,GSE50470,GSM756371,MCF10A
mcf10a,GSE2603,GSM50033,MCF10A,GSE52643,GSM1273493,MCF10A
mcf10a,GSE2603,GSM50033,MCF10A,GSE73526,GSM1897320,MCF10A
mcf10a,GSE2603,GSM50033,MCF10A,GSE81032,GSM2140853,MCF10A
mcf10a,GSE30489,GSM756371,MCF10A,GSE3353,GSM75815,MCF-10A.
mcf10a,GSE30489,GSM756371,MCF10A,GSE44354,GSM1083866,MCF_10A
mcf10a,GSE30489,GSM756371,MCF10A,GSE52643,GSM1273493,MCF10A
mcf10a,GSE30489,GSM756371,MCF10A,GSE73526,GSM1897320,MCF10A
mcf10a,GSE30489,GSM756371,MCF10A,GSE81032,GSM2140853,MCF10A
mcf10a,GSE3353,GSM75815,MCF-10A.,GSE44354,GSM1083866,MCF_10A
mcf10a,GSE3353,GSM75815,MCF-10A.,GSE50470,GSM756371,MCF10A
mcf10a,GSE3353,GSM75815,MCF-10A.,GSE52643,GSM1273493,MCF10A
mcf10a,GSE3353,GSM75815,MCF-10A.,GSE73526,GSM1897320,MCF10A
mcf10a,GSE3353,GSM75815,MCF-10A.,GSE81032,GSM2140853,MCF10A
mcf10a,GSE44354,GSM1083866,MCF_10A,GSE50470,GSM756371,MCF10A
mcf10a,GSE44354,GSM1083866,MCF_10A,GSE52643,GSM1273493,MCF10A
mcf10a,GSE44354,GSM1083866,MCF_10A,GSE73526,GSM1897320,MCF10A
mcf10a,GSE44354,GSM1083866,MCF_10A,GSE81032,GSM2140853,MCF10A
mcf10a,GSE50470,GSM756371,MCF10A,GSE52643,GSM1273493,MCF10A
mcf10a,GSE50470,GSM756371,MCF10A,GSE73526,GSM1897320,MCF10A
mcf10a,GSE50470,GSM756371,MCF10A,GSE81032,GSM2140853,MCF10A
mcf10a,GSE52643,GSM1273493,MCF10A,GSE73526,GSM1897320,MCF10A
mcf10a,GSE52643,GSM1273493,MCF10A,GSE81032,GSM2140853,MCF10A
mcf10a,GSE73526,GSM1897320,MCF10A,GSE81032,GSM2140853,MCF10A
mcf10a1,GSE139270,GSM4135860,MCF10A-1,GSE171957,GSM5238814,MCF10A-1
mcf10a1,GSE139270,GSM4135860,MCF10A-1,GSE171958,GSM5238814,MCF10A-1
mcf10a1,GSE139270,GSM4135860,MCF10A-1,GSE17945,GSM448870,MCF10A (1)
mcf10a1,GSE139270,GSM4135860,MCF10A-1,GSE207696,GSM6310589,"MCF-10A, 1"
mcf10a1,GSE171957,GSM5238814,MCF10A-1,GSE17945,GSM448870,MCF10A (1)
mcf10a1,GSE171957,GSM5238814,MCF10A-1,GSE207696,GSM6310589,"MCF-10A, 1"
mcf10a1,GSE171958,GSM5238814,MCF10A-1,GSE17945,GSM448870,MCF10A (1)
mcf10a1,GSE171958,GSM5238814,MCF10A-1,GSE207696,GSM6310589,"MCF-10A, 1"
mcf10a1,GSE17945,GSM448870,MCF10A (1),GSE207696,GSM6310589,"MCF-10A, 1"
mcf10a2,GSE139270,GSM4135861,MCF10A-2,GSE152908,GSM4629399,MCF10A (2)
mcf10a2,GSE139270,GSM4135861,MCF10A-2,GSE17945,GSM448871,MCF10A (2)
mcf10a2,GSE139270,GSM4135861,MCF10A-2,GSE207696,GSM6310590,"MCF-10A, 2"
mcf10a2,GSE152908,GSM4629399,MCF10A (2),GSE17945,GSM448871,MCF10A (2)
mcf10a2,GSE152908,GSM4629399,MCF10A (2),GSE207696,GSM6310590,"MCF-10A, 2"
mcf10a2,GSE17945,GSM448871,MCF10A (2),GSE207696,GSM6310590,"MCF-10A, 2"
mcf10a3,GSE139270,GSM4135862,MCF10A-3,GSE171957,GSM5238815,MCF10A-3
mcf10a3,GSE139270,GSM4135862,MCF10A-3,GSE171958,GSM5238815,MCF10A-3
mcf10a3,GSE139270,GSM4135862,MCF10A-3,GSE17945,GSM448872,MCF10A (3)
mcf10a3,GSE171957,GSM5238815,MCF10A-3,GSE17945,GSM448872,MCF10A (3)
mcf10a3,GSE171958,GSM5238815,MCF10A-3,GSE17945,GSM448872,MCF10A (3)
mcf10acsn5a1,GSE2824,GSM61786,MCF10a CSN5 A1,GSE4433,GSM99811,MCF10a CSN5 A1
mcf10acsn5a2,GSE2824,GSM61780,MCF10A CSN5 A2,GSE4433,GSM99805,MCF10A CSN5 A2
mcf10acsn5s2,GSE2824,GSM61789,MCF10A CSN5 S2,GSE4433,GSM99814,MCF10A CSN5 S2
mcf10acsn5s3,GSE2824,GSM61793,MCF10A CSN5 S3,GSE4433,GSM99818,MCF10A CSN5 S3
mcf10agfpa1,GSE2824,GSM61784,MCF10a GFP A1,GSE4433,GSM99809,MCF10a GFP A1
mcf10agfpa2,GSE2824,GSM61782,MCF10A GFP A2,GSE4433,GSM99807,MCF10A GFP A2
mcf10agfps2,GSE2824,GSM61788,MCF10A GFP S2,GSE4433,GSM99813,MCF10A GFP S2
mcf10agfps3,GSE2824,GSM61790,MCF10A GFP S3,GSE4433,GSM99815,MCF10A GFP S3
mcf10amca1,GSE2824,GSM61787,MCF10a M+C A1,GSE4433,GSM99812,MCF10a M+C A1
mcf10amca2,GSE2824,GSM61781,MCF10A M+C A2,GSE4433,GSM99806,MCF10A M+C A2
mcf10amcs2,GSE2824,GSM61794,MCF10A M+C S2,GSE4433,GSM99819,MCF10A M+C S2
mcf10amcs3,GSE2824,GSM61795,MCF10A M+C S3,GSE4433,GSM99820,MCF10A M+C S3
mcf10amyca1,GSE2824,GSM61785,MCF10a MYC A1,GSE4433,GSM99810,MCF10a MYC A1
mcf10amyca2,GSE2824,GSM61783,MCF10A MYC A2,GSE4433,GSM99808,MCF10A MYC A2
mcf10amycs2,GSE2824,GSM61791,MCF10A MYC S2,GSE4433,GSM99816,MCF10A MYC S2
mcf10amycs3,GSE2824,GSM61792,MCF10A MYC S3,GSE4433,GSM99817,MCF10A MYC S3
mcf10arep3,GSE107209,GSM2862788,MCF10A-rep3,GSE246689,GSM7874619,"MCF10A, rep3"
mcf10arep3,GSE107209,GSM2862788,MCF10A-rep3,GSE316327,GSM9449479,MCF10A rep3
mcf10arep3,GSE246689,GSM7874619,"MCF10A, rep3",GSE316327,GSM9449479,MCF10A rep3
mcf12a,GSE152908,GSM4629433,MCF-12A,GSE173634,GSM5272818,MCF12A
mcf12a,GSE152908,GSM4629433,MCF-12A,GSE30489,GSM756372,MCF12A
mcf12a,GSE152908,GSM4629433,MCF-12A,GSE3353,GSM75808,MCF-12A.
mcf12a,GSE152908,GSM4629433,MCF-12A,GSE50470,GSM756372,MCF12A
mcf12a,GSE152908,GSM4629433,MCF-12A,GSE59242,GSM1431202,MCF12A
mcf12a,GSE152908,GSM4629433,MCF-12A,GSE73526,GSM1897321,MCF12A
mcf12a,GSE173634,GSM5272818,MCF12A,GSE30489,GSM756372,MCF12A
mcf12a,GSE173634,GSM5272818,MCF12A,GSE3353,GSM75808,MCF-12A.
mcf12a,GSE173634,GSM5272818,MCF12A,GSE50470,GSM756372,MCF12A
mcf12a,GSE173634,GSM5272818,MCF12A,GSE59242,GSM1431202,MCF12A
mcf12a,GSE173634,GSM5272818,MCF12A,GSE73526,GSM1897321,MCF12A
mcf12a,GSE30489,GSM756372,MCF12A,GSE3353,GSM75808,MCF-12A.
mcf12a,GSE30489,GSM756372,MCF12A,GSE59242,GSM1431202,MCF12A
mcf12a,GSE30489,GSM756372,MCF12A,GSE73526,GSM1897321,MCF12A
mcf12a,GSE3353,GSM75808,MCF-12A.,GSE50470,GSM756372,MCF12A
mcf12a,GSE3353,GSM75808,MCF-12A.,GSE59242,GSM1431202,MCF12A
mcf12a,GSE3353,GSM75808,MCF-12A.,GSE73526,GSM1897321,MCF12A
mcf12a,GSE50470,GSM756372,MCF12A,GSE59242,GSM1431202,MCF12A
mcf12a,GSE50470,GSM756372,MCF12A,GSE73526,GSM1897321,MCF12A
mcf12a,GSE59242,GSM1431202,MCF12A,GSE73526,GSM1897321,MCF12A
mda2311,GSE138361,GSM4105994,MDA-231 #1,GSE171957,GSM5238810,MDA-231-1
mda2311,GSE138361,GSM4105994,MDA-231 #1,GSE171958,GSM5238810,MDA-231-1
mda2312,GSE138361,GSM4105995,MDA-231 #2,GSE171957,GSM5238811,MDA-231-2
mda2312,GSE138361,GSM4105995,MDA-231 #2,GSE171958,GSM5238811,MDA-231-2
mda468inputrep1,GSE213841,GSM6595105,MDA468-Input-rep1,GSE53370,GSM1290212,MDA-468-input rep1
mdahyb1,GSE100551,GSM2686338,MDA-hyb1,GSE157199,GSM4758833,MDA-hyb1
mdaibc3,GSE41119,GSM1008922,MDA-IBC3,GSE97726,GSM2576222,MDA-IBC3
mdamb134,GSE152908,GSM4629401,MDAMB134,GSE58135,GSM1401662,MDA-MB-134
mdamb134vi,GSE16732,GSM419265,MDA-MB-134VI,GSE16795,GSM421870,MDA-MB-134VI
mdamb134vi,GSE16732,GSM419265,MDA-MB-134VI,GSE73526,GSM1897323,MDAMB134VI
mdamb134vi,GSE16732,GSM419265,MDA-MB-134VI,GSE87006,GSM2318767,MDAMB134VI
mdamb134vi,GSE16732,GSM419265,MDA-MB-134VI,GSE87008,GSM2318767,MDAMB134VI
mdamb134vi,GSE16795,GSM421870,MDA-MB-134VI,GSE73526,GSM1897323,MDAMB134VI
mdamb134vi,GSE16795,GSM421870,MDA-MB-134VI,GSE87006,GSM2318767,MDAMB134VI
mdamb134vi,GSE16795,GSM421870,MDA-MB-134VI,GSE87008,GSM2318767,MDAMB134VI
mdamb134vi,GSE73526,GSM1897323,MDAMB134VI,GSE87006,GSM2318767,MDAMB134VI
mdamb134vi,GSE73526,GSM1897323,MDAMB134VI,GSE87008,GSM2318767,MDAMB134VI
mdamb157,GSE152908,GSM4629402,MDAMB157,GSE16732,GSM419266,MDA-MB-157
mdamb157,GSE152908,GSM4629402,MDAMB157,GSE16795,GSM421871,MDA-MB-157
mdamb157,GSE152908,GSM4629402,MDAMB157,GSE206324,GSM6250669,MDAMB157
mdamb157,GSE152908,GSM4629402,MDAMB157,GSE24578,GSM605917,MDA-MB-157
mdamb157,GSE152908,GSM4629402,MDAMB157,GSE24717,GSM605917,MDA-MB-157
mdamb157,GSE152908,GSM4629402,MDAMB157,GSE32905,GSM813083,MDAMB157
mdamb157,GSE152908,GSM4629402,MDAMB157,GSE57083,GSM1374648,MDA-MB-157
mdamb157,GSE152908,GSM4629402,MDAMB157,GSE58135,GSM1401671,MDA-MB-157
mdamb157,GSE152908,GSM4629402,MDAMB157,GSE59242,GSM1431236,MDAMB157
mdamb157,GSE152908,GSM4629402,MDAMB157,GSE73526,GSM1897324,MDAMB157
mdamb157,GSE16732,GSM419266,MDA-MB-157,GSE16795,GSM421871,MDA-MB-157
mdamb157,GSE16732,GSM419266,MDA-MB-157,GSE206324,GSM6250669,MDAMB157
mdamb157,GSE16732,GSM419266,MDA-MB-157,GSE24578,GSM605917,MDA-MB-157
mdamb157,GSE16732,GSM419266,MDA-MB-157,GSE24717,GSM605917,MDA-MB-157
mdamb157,GSE16732,GSM419266,MDA-MB-157,GSE32905,GSM813083,MDAMB157
mdamb157,GSE16732,GSM419266,MDA-MB-157,GSE57083,GSM1374648,MDA-MB-157
mdamb157,GSE16732,GSM419266,MDA-MB-157,GSE58135,GSM1401671,MDA-MB-157
mdamb157,GSE16732,GSM419266,MDA-MB-157,GSE59242,GSM1431236,MDAMB157
mdamb157,GSE16732,GSM419266,MDA-MB-157,GSE73526,GSM1897324,MDAMB157
mdamb157,GSE16795,GSM421871,MDA-MB-157,GSE206324,GSM6250669,MDAMB157
mdamb157,GSE16795,GSM421871,MDA-MB-157,GSE24578,GSM605917,MDA-MB-157
mdamb157,GSE16795,GSM421871,MDA-MB-157,GSE24717,GSM605917,MDA-MB-157
mdamb157,GSE16795,GSM421871,MDA-MB-157,GSE32905,GSM813083,MDAMB157
mdamb157,GSE16795,GSM421871,MDA-MB-157,GSE57083,GSM1374648,MDA-MB-157
mdamb157,GSE16795,GSM421871,MDA-MB-157,GSE58135,GSM1401671,MDA-MB-157
mdamb157,GSE16795,GSM421871,MDA-MB-157,GSE59242,GSM1431236,MDAMB157
mdamb157,GSE16795,GSM421871,MDA-MB-157,GSE73526,GSM1897324,MDAMB157
mdamb157,GSE206324,GSM6250669,MDAMB157,GSE24578,GSM605917,MDA-MB-157
mdamb157,GSE206324,GSM6250669,MDAMB157,GSE24717,GSM605917,MDA-MB-157
mdamb157,GSE206324,GSM6250669,MDAMB157,GSE32905,GSM813083,MDAMB157
mdamb157,GSE206324,GSM6250669,MDAMB157,GSE57083,GSM1374648,MDA-MB-157
mdamb157,GSE206324,GSM6250669,MDAMB157,GSE58135,GSM1401671,MDA-MB-157
mdamb157,GSE206324,GSM6250669,MDAMB157,GSE59242,GSM1431236,MDAMB157
mdamb157,GSE206324,GSM6250669,MDAMB157,GSE73526,GSM1897324,MDAMB157
mdamb157,GSE24578,GSM605917,MDA-MB-157,GSE32905,GSM813083,MDAMB157
mdamb157,GSE24578,GSM605917,MDA-MB-157,GSE57083,GSM1374648,MDA-MB-157
mdamb157,GSE24578,GSM605917,MDA-MB-157,GSE58135,GSM1401671,MDA-MB-157
mdamb157,GSE24578,GSM605917,MDA-MB-157,GSE59242,GSM1431236,MDAMB157
mdamb157,GSE24578,GSM605917,MDA-MB-157,GSE73526,GSM1897324,MDAMB157
mdamb157,GSE24717,GSM605917,MDA-MB-157,GSE32905,GSM813083,MDAMB157
mdamb157,GSE24717,GSM605917,MDA-MB-157,GSE57083,GSM1374648,MDA-MB-157
mdamb157,GSE24717,GSM605917,MDA-MB-157,GSE58135,GSM1401671,MDA-MB-157
mdamb157,GSE24717,GSM605917,MDA-MB-157,GSE59242,GSM1431236,MDAMB157
mdamb157,GSE24717,GSM605917,MDA-MB-157,GSE73526,GSM1897324,MDAMB157
mdamb157,GSE32905,GSM813083,MDAMB157,GSE57083,GSM1374648,MDA-MB-157
mdamb157,GSE32905,GSM813083,MDAMB157,GSE58135,GSM1401671,MDA-MB-157
mdamb157,GSE32905,GSM813083,MDAMB157,GSE59242,GSM1431236,MDAMB157
mdamb157,GSE32905,GSM813083,MDAMB157,GSE73526,GSM1897324,MDAMB157
mdamb157,GSE57083,GSM1374648,MDA-MB-157,GSE58135,GSM1401671,MDA-MB-157
mdamb157,GSE57083,GSM1374648,MDA-MB-157,GSE59242,GSM1431236,MDAMB157
mdamb157,GSE57083,GSM1374648,MDA-MB-157,GSE73526,GSM1897324,MDAMB157
mdamb157,GSE58135,GSM1401671,MDA-MB-157,GSE59242,GSM1431236,MDAMB157
mdamb157,GSE58135,GSM1401671,MDA-MB-157,GSE73526,GSM1897324,MDAMB157
mdamb157,GSE59242,GSM1431236,MDAMB157,GSE73526,GSM1897324,MDAMB157
mdamb175vii,GSE152908,GSM4629434,MDA-MB-175VII,GSE16795,GSM421872,MDA-MB-175VII
mdamb175vii,GSE152908,GSM4629434,MDA-MB-175VII,GSE59242,GSM1431208,MDAMB175VII
mdamb175vii,GSE152908,GSM4629434,MDA-MB-175VII,GSE73526,GSM1897325,MDAMB175VII
mdamb175vii,GSE16795,GSM421872,MDA-MB-175VII,GSE59242,GSM1431208,MDAMB175VII
mdamb175vii,GSE16795,GSM421872,MDA-MB-175VII,GSE73526,GSM1897325,MDAMB175VII
mdamb175vii,GSE59242,GSM1431208,MDAMB175VII,GSE73526,GSM1897325,MDAMB175VII
mdamb330,GSE152908,GSM4629435,MDA-MB-330,GSE16732,GSM419269,MDA-MB-330
mdamb330,GSE152908,GSM4629435,MDA-MB-330,GSE16795,GSM421874,MDA-MB-330
mdamb330,GSE152908,GSM4629435,MDA-MB-330,GSE73526,GSM1897327,MDAMB330
mdamb330,GSE16732,GSM419269,MDA-MB-330,GSE16795,GSM421874,MDA-MB-330
mdamb330,GSE16732,GSM419269,MDA-MB-330,GSE73526,GSM1897327,MDAMB330
mdamb330,GSE16795,GSM421874,MDA-MB-330,GSE73526,GSM1897327,MDAMB330
mdamb415,GSE152908,GSM4629436,MDA-MB-415,GSE16732,GSM419271,MDA-MB-415
mdamb415,GSE152908,GSM4629436,MDA-MB-415,GSE16795,GSM421876,MDA-MB-415
mdamb415,GSE152908,GSM4629436,MDA-MB-415,GSE173634,GSM5272821,MDAMB415
mdamb415,GSE152908,GSM4629436,MDA-MB-415,GSE41119,GSM1008907,MDAMB415
mdamb415,GSE152908,GSM4629436,MDA-MB-415,GSE50470,GSM1215266,MDA-MB-415
mdamb415,GSE152908,GSM4629436,MDA-MB-415,GSE73526,GSM1897329,MDAMB415
mdamb415,GSE16732,GSM419271,MDA-MB-415,GSE16795,GSM421876,MDA-MB-415
mdamb415,GSE16732,GSM419271,MDA-MB-415,GSE173634,GSM5272821,MDAMB415
mdamb415,GSE16732,GSM419271,MDA-MB-415,GSE41119,GSM1008907,MDAMB415
mdamb415,GSE16732,GSM419271,MDA-MB-415,GSE50470,GSM1215266,MDA-MB-415
mdamb415,GSE16732,GSM419271,MDA-MB-415,GSE73526,GSM1897329,MDAMB415
mdamb415,GSE16795,GSM421876,MDA-MB-415,GSE173634,GSM5272821,MDAMB415
mdamb415,GSE16795,GSM421876,MDA-MB-415,GSE41119,GSM1008907,MDAMB415
mdamb415,GSE16795,GSM421876,MDA-MB-415,GSE50470,GSM1215266,MDA-MB-415
mdamb415,GSE16795,GSM421876,MDA-MB-415,GSE73526,GSM1897329,MDAMB415
mdamb415,GSE173634,GSM5272821,MDAMB415,GSE41119,GSM1008907,MDAMB415
mdamb415,GSE173634,GSM5272821,MDAMB415,GSE50470,GSM1215266,MDA-MB-415
mdamb415,GSE173634,GSM5272821,MDAMB415,GSE73526,GSM1897329,MDAMB415
mdamb415,GSE41119,GSM1008907,MDAMB415,GSE50470,GSM1215266,MDA-MB-415
mdamb415,GSE41119,GSM1008907,MDAMB415,GSE73526,GSM1897329,MDAMB415
mdamb415,GSE50470,GSM1215266,MDA-MB-415,GSE73526,GSM1897329,MDAMB415
mdamb435,GSE100878,GSM2695491,MDA-MB-435,GSE16732,GSM419272,MDA-MB-435
mdamb435,GSE100878,GSM2695491,MDA-MB-435,GSE41119,GSM1008908,MDAMB435
mdamb435,GSE100878,GSM2695491,MDA-MB-435,GSE50470,GSM1215267,MDA-MB-435
mdamb435,GSE16732,GSM419272,MDA-MB-435,GSE41119,GSM1008908,MDAMB435
mdamb435,GSE16732,GSM419272,MDA-MB-435,GSE50470,GSM1215267,MDA-MB-435
mdamb435,GSE41119,GSM1008908,MDAMB435,GSE50470,GSM1215267,MDA-MB-435
mdamb435s,GSE16795,GSM421877,MDA-MB-435s,GSE59242,GSM1431214,MDAMB435S
mdamb436,GSE152908,GSM4629405,MDAMB436,GSE16732,GSM419273,MDA-MB-436
mdamb436,GSE152908,GSM4629405,MDAMB436,GSE16795,GSM421878,MDA-MB-436
mdamb436,GSE152908,GSM4629405,MDAMB436,GSE17945,GSM448878,MDA-MB-436
mdamb436,GSE152908,GSM4629405,MDAMB436,GSE206324,GSM6250668,MDAMB436
mdamb436,GSE152908,GSM4629405,MDAMB436,GSE212143,GSM6510144,MDA-MB-436
mdamb436,GSE152908,GSM4629405,MDAMB436,GSE217579,GSM6722000,MDA-MB-436
mdamb436,GSE152908,GSM4629405,MDAMB436,GSE58135,GSM1401656,MDA-MB-436
mdamb436,GSE152908,GSM4629405,MDAMB436,GSE59242,GSM1431227,MDAMB436
mdamb436,GSE152908,GSM4629405,MDAMB436,GSE73526,GSM1897330,MDAMB436
mdamb436,GSE152908,GSM4629405,MDAMB436,GSE87006,GSM2318770,MDAMB436
mdamb436,GSE152908,GSM4629405,MDAMB436,GSE87008,GSM2318770,MDAMB436
mdamb436,GSE16732,GSM419273,MDA-MB-436,GSE16795,GSM421878,MDA-MB-436
mdamb436,GSE16732,GSM419273,MDA-MB-436,GSE17945,GSM448878,MDA-MB-436
mdamb436,GSE16732,GSM419273,MDA-MB-436,GSE206324,GSM6250668,MDAMB436
mdamb436,GSE16732,GSM419273,MDA-MB-436,GSE212143,GSM6510144,MDA-MB-436
mdamb436,GSE16732,GSM419273,MDA-MB-436,GSE217579,GSM6722000,MDA-MB-436
mdamb436,GSE16732,GSM419273,MDA-MB-436,GSE58135,GSM1401656,MDA-MB-436
mdamb436,GSE16732,GSM419273,MDA-MB-436,GSE59242,GSM1431227,MDAMB436
mdamb436,GSE16732,GSM419273,MDA-MB-436,GSE73526,GSM1897330,MDAMB436
mdamb436,GSE16732,GSM419273,MDA-MB-436,GSE87006,GSM2318770,MDAMB436
mdamb436,GSE16732,GSM419273,MDA-MB-436,GSE87008,GSM2318770,MDAMB436
mdamb436,GSE16795,GSM421878,MDA-MB-436,GSE17945,GSM448878,MDA-MB-436
mdamb436,GSE16795,GSM421878,MDA-MB-436,GSE206324,GSM6250668,MDAMB436
mdamb436,GSE16795,GSM421878,MDA-MB-436,GSE212143,GSM6510144,MDA-MB-436
mdamb436,GSE16795,GSM421878,MDA-MB-436,GSE217579,GSM6722000,MDA-MB-436
mdamb436,GSE16795,GSM421878,MDA-MB-436,GSE58135,GSM1401656,MDA-MB-436
mdamb436,GSE16795,GSM421878,MDA-MB-436,GSE59242,GSM1431227,MDAMB436
mdamb436,GSE16795,GSM421878,MDA-MB-436,GSE73526,GSM1897330,MDAMB436
mdamb436,GSE16795,GSM421878,MDA-MB-436,GSE87006,GSM2318770,MDAMB436
mdamb436,GSE16795,GSM421878,MDA-MB-436,GSE87008,GSM2318770,MDAMB436
mdamb436,GSE17945,GSM448878,MDA-MB-436,GSE206324,GSM6250668,MDAMB436
mdamb436,GSE17945,GSM448878,MDA-MB-436,GSE212143,GSM6510144,MDA-MB-436
mdamb436,GSE17945,GSM448878,MDA-MB-436,GSE217579,GSM6722000,MDA-MB-436
mdamb436,GSE17945,GSM448878,MDA-MB-436,GSE58135,GSM1401656,MDA-MB-436
mdamb436,GSE17945,GSM448878,MDA-MB-436,GSE59242,GSM1431227,MDAMB436
mdamb436,GSE17945,GSM448878,MDA-MB-436,GSE73526,GSM1897330,MDAMB436
mdamb436,GSE17945,GSM448878,MDA-MB-436,GSE87006,GSM2318770,MDAMB436
mdamb436,GSE17945,GSM448878,MDA-MB-436,GSE87008,GSM2318770,MDAMB436
mdamb436,GSE206324,GSM6250668,MDAMB436,GSE212143,GSM6510144,MDA-MB-436
mdamb436,GSE206324,GSM6250668,MDAMB436,GSE217579,GSM6722000,MDA-MB-436
mdamb436,GSE206324,GSM6250668,MDAMB436,GSE58135,GSM1401656,MDA-MB-436
mdamb436,GSE206324,GSM6250668,MDAMB436,GSE59242,GSM1431227,MDAMB436
mdamb436,GSE206324,GSM6250668,MDAMB436,GSE73526,GSM1897330,MDAMB436
mdamb436,GSE206324,GSM6250668,MDAMB436,GSE87006,GSM2318770,MDAMB436
mdamb436,GSE206324,GSM6250668,MDAMB436,GSE87008,GSM2318770,MDAMB436
mdamb436,GSE212143,GSM6510144,MDA-MB-436,GSE217579,GSM6722000,MDA-MB-436
mdamb436,GSE212143,GSM6510144,MDA-MB-436,GSE58135,GSM1401656,MDA-MB-436
mdamb436,GSE212143,GSM6510144,MDA-MB-436,GSE59242,GSM1431227,MDAMB436
mdamb436,GSE212143,GSM6510144,MDA-MB-436,GSE73526,GSM1897330,MDAMB436
mdamb436,GSE212143,GSM6510144,MDA-MB-436,GSE87006,GSM2318770,MDAMB436
mdamb436,GSE212143,GSM6510144,MDA-MB-436,GSE87008,GSM2318770,MDAMB436
mdamb436,GSE217579,GSM6722000,MDA-MB-436,GSE58135,GSM1401656,MDA-MB-436
mdamb436,GSE217579,GSM6722000,MDA-MB-436,GSE59242,GSM1431227,MDAMB436
mdamb436,GSE217579,GSM6722000,MDA-MB-436,GSE73526,GSM1897330,MDAMB436
mdamb436,GSE217579,GSM6722000,MDA-MB-436,GSE87006,GSM2318770,MDAMB436
mdamb436,GSE217579,GSM6722000,MDA-MB-436,GSE87008,GSM2318770,MDAMB436
mdamb436,GSE58135,GSM1401656,MDA-MB-436,GSE59242,GSM1431227,MDAMB436
mdamb436,GSE58135,GSM1401656,MDA-MB-436,GSE73526,GSM1897330,MDAMB436
mdamb436,GSE58135,GSM1401656,MDA-MB-436,GSE87006,GSM2318770,MDAMB436
mdamb436,GSE58135,GSM1401656,MDA-MB-436,GSE87008,GSM2318770,MDAMB436
mdamb436,GSE59242,GSM1431227,MDAMB436,GSE73526,GSM1897330,MDAMB436
mdamb436,GSE59242,GSM1431227,MDAMB436,GSE87006,GSM2318770,MDAMB436
mdamb436,GSE59242,GSM1431227,MDAMB436,GSE87008,GSM2318770,MDAMB436
mdamb436,GSE73526,GSM1897330,MDAMB436,GSE87006,GSM2318770,MDAMB436
mdamb436,GSE73526,GSM1897330,MDAMB436,GSE87008,GSM2318770,MDAMB436
mdamb436cellline,GSE41119,GSM1008909,MDAMB436 cellline,GSE50470,GSM1214583,MDA-MB436 cell line
mdamb453,GSE152908,GSM4629406,MDAMB453,GSE16732,GSM419274,MDA-MB-453
mdamb453,GSE152908,GSM4629406,MDAMB453,GSE16795,GSM421879,MDA-MB-453
mdamb453,GSE152908,GSM4629406,MDAMB453,GSE173634,GSM5272823,MDAMB453
mdamb453,GSE152908,GSM4629406,MDAMB453,GSE212143,GSM6510145,MDA-MB-453
mdamb453,GSE152908,GSM4629406,MDAMB453,GSE57083,GSM1374661,MDA-MB-453
mdamb453,GSE152908,GSM4629406,MDAMB453,GSE58135,GSM1401667,MDA-MB-453
mdamb453,GSE152908,GSM4629406,MDAMB453,GSE59242,GSM1431231,MDAMB453
mdamb453,GSE152908,GSM4629406,MDAMB453,GSE73526,GSM1897331,MDAMB453
mdamb453,GSE16732,GSM419274,MDA-MB-453,GSE16795,GSM421879,MDA-MB-453
mdamb453,GSE16732,GSM419274,MDA-MB-453,GSE173634,GSM5272823,MDAMB453
mdamb453,GSE16732,GSM419274,MDA-MB-453,GSE212143,GSM6510145,MDA-MB-453
mdamb453,GSE16732,GSM419274,MDA-MB-453,GSE57083,GSM1374661,MDA-MB-453
mdamb453,GSE16732,GSM419274,MDA-MB-453,GSE58135,GSM1401667,MDA-MB-453
mdamb453,GSE16732,GSM419274,MDA-MB-453,GSE59242,GSM1431231,MDAMB453
mdamb453,GSE16732,GSM419274,MDA-MB-453,GSE73526,GSM1897331,MDAMB453
mdamb453,GSE16795,GSM421879,MDA-MB-453,GSE173634,GSM5272823,MDAMB453
mdamb453,GSE16795,GSM421879,MDA-MB-453,GSE212143,GSM6510145,MDA-MB-453
mdamb453,GSE16795,GSM421879,MDA-MB-453,GSE57083,GSM1374661,MDA-MB-453
mdamb453,GSE16795,GSM421879,MDA-MB-453,GSE58135,GSM1401667,MDA-MB-453
mdamb453,GSE16795,GSM421879,MDA-MB-453,GSE59242,GSM1431231,MDAMB453
mdamb453,GSE16795,GSM421879,MDA-MB-453,GSE73526,GSM1897331,MDAMB453
mdamb453,GSE173634,GSM5272823,MDAMB453,GSE212143,GSM6510145,MDA-MB-453
mdamb453,GSE173634,GSM5272823,MDAMB453,GSE57083,GSM1374661,MDA-MB-453
mdamb453,GSE173634,GSM5272823,MDAMB453,GSE58135,GSM1401667,MDA-MB-453
mdamb453,GSE173634,GSM5272823,MDAMB453,GSE59242,GSM1431231,MDAMB453
mdamb453,GSE173634,GSM5272823,MDAMB453,GSE73526,GSM1897331,MDAMB453
mdamb453,GSE212143,GSM6510145,MDA-MB-453,GSE57083,GSM1374661,MDA-MB-453
mdamb453,GSE212143,GSM6510145,MDA-MB-453,GSE58135,GSM1401667,MDA-MB-453
mdamb453,GSE212143,GSM6510145,MDA-MB-453,GSE59242,GSM1431231,MDAMB453
mdamb453,GSE212143,GSM6510145,MDA-MB-453,GSE73526,GSM1897331,MDAMB453
mdamb453,GSE57083,GSM1374661,MDA-MB-453,GSE58135,GSM1401667,MDA-MB-453
mdamb453,GSE57083,GSM1374661,MDA-MB-453,GSE59242,GSM1431231,MDAMB453
mdamb453,GSE57083,GSM1374661,MDA-MB-453,GSE73526,GSM1897331,MDAMB453
mdamb453,GSE58135,GSM1401667,MDA-MB-453,GSE59242,GSM1431231,MDAMB453
mdamb453,GSE58135,GSM1401667,MDA-MB-453,GSE73526,GSM1897331,MDAMB453
mdamb453,GSE59242,GSM1431231,MDAMB453,GSE73526,GSM1897331,MDAMB453
mdamb453abemaciclib7daysreplicate1,GSE157383,GSM4763904,MDA-MB-453 Abemaciclib 7 days (replicate 1),GSE99060,GSM2631697,MDA-MB-453 abemaciclib 7 days (replicate 1)
mdamb453abemaciclib7daysreplicate1,GSE157383,GSM4763904,MDA-MB-453 Abemaciclib 7 days (replicate 1),GSE99063,GSM2631697,MDA-MB-453 abemaciclib 7 days (replicate 1)
mdamb453abemaciclib7daysreplicate2,GSE157383,GSM4763905,MDA-MB-453 Abemaciclib 7 days (replicate 2),GSE99060,GSM2631698,MDA-MB-453 abemaciclib 7 days (replicate 2)
mdamb453abemaciclib7daysreplicate2,GSE157383,GSM4763905,MDA-MB-453 Abemaciclib 7 days (replicate 2),GSE99063,GSM2631698,MDA-MB-453 abemaciclib 7 days (replicate 2)
mdamb453abemaciclib7daysreplicate3,GSE157383,GSM4763906,MDA-MB-453 Abemaciclib 7 days (replicate 3),GSE99060,GSM2631699,MDA-MB-453 abemaciclib 7 days (replicate 3)
mdamb453abemaciclib7daysreplicate3,GSE157383,GSM4763906,MDA-MB-453 Abemaciclib 7 days (replicate 3),GSE99063,GSM2631699,MDA-MB-453 abemaciclib 7 days (replicate 3)
mdamb468,GSE152908,GSM4629407,MDAMB468,GSE16732,GSM419275,MDA-MB-468
mdamb468,GSE152908,GSM4629407,MDAMB468,GSE16795,GSM421880,MDA-MB-468
mdamb468,GSE152908,GSM4629407,MDAMB468,GSE173634,GSM5272824,MDAMB468
mdamb468,GSE152908,GSM4629407,MDAMB468,GSE212143,GSM6510146,MDA-MB-468
mdamb468,GSE152908,GSM4629407,MDAMB468,GSE41119,GSM1008911,MDAMB468
mdamb468,GSE152908,GSM4629407,MDAMB468,GSE52643,GSM1273497,MDA-MB-468
mdamb468,GSE152908,GSM4629407,MDAMB468,GSE58135,GSM1401650,MDA-MB-468
mdamb468,GSE152908,GSM4629407,MDAMB468,GSE59242,GSM1431230,MDAMB468
mdamb468,GSE152908,GSM4629407,MDAMB468,GSE73526,GSM1897332,MDAMB468
mdamb468,GSE152908,GSM4629407,MDAMB468,GSE87006,GSM2318771,MDAMB468
mdamb468,GSE152908,GSM4629407,MDAMB468,GSE87008,GSM2318771,MDAMB468
mdamb468,GSE16732,GSM419275,MDA-MB-468,GSE16795,GSM421880,MDA-MB-468
mdamb468,GSE16732,GSM419275,MDA-MB-468,GSE173634,GSM5272824,MDAMB468
mdamb468,GSE16732,GSM419275,MDA-MB-468,GSE212143,GSM6510146,MDA-MB-468
mdamb468,GSE16732,GSM419275,MDA-MB-468,GSE41119,GSM1008911,MDAMB468
mdamb468,GSE16732,GSM419275,MDA-MB-468,GSE52643,GSM1273497,MDA-MB-468
mdamb468,GSE16732,GSM419275,MDA-MB-468,GSE58135,GSM1401650,MDA-MB-468
mdamb468,GSE16732,GSM419275,MDA-MB-468,GSE59242,GSM1431230,MDAMB468
mdamb468,GSE16732,GSM419275,MDA-MB-468,GSE73526,GSM1897332,MDAMB468
mdamb468,GSE16732,GSM419275,MDA-MB-468,GSE87006,GSM2318771,MDAMB468
mdamb468,GSE16732,GSM419275,MDA-MB-468,GSE87008,GSM2318771,MDAMB468
mdamb468,GSE16795,GSM421880,MDA-MB-468,GSE173634,GSM5272824,MDAMB468
mdamb468,GSE16795,GSM421880,MDA-MB-468,GSE212143,GSM6510146,MDA-MB-468
mdamb468,GSE16795,GSM421880,MDA-MB-468,GSE41119,GSM1008911,MDAMB468
mdamb468,GSE16795,GSM421880,MDA-MB-468,GSE52643,GSM1273497,MDA-MB-468
mdamb468,GSE16795,GSM421880,MDA-MB-468,GSE58135,GSM1401650,MDA-MB-468
mdamb468,GSE16795,GSM421880,MDA-MB-468,GSE59242,GSM1431230,MDAMB468
mdamb468,GSE16795,GSM421880,MDA-MB-468,GSE73526,GSM1897332,MDAMB468
mdamb468,GSE16795,GSM421880,MDA-MB-468,GSE87006,GSM2318771,MDAMB468
mdamb468,GSE16795,GSM421880,MDA-MB-468,GSE87008,GSM2318771,MDAMB468
mdamb468,GSE173634,GSM5272824,MDAMB468,GSE212143,GSM6510146,MDA-MB-468
mdamb468,GSE173634,GSM5272824,MDAMB468,GSE41119,GSM1008911,MDAMB468
mdamb468,GSE173634,GSM5272824,MDAMB468,GSE52643,GSM1273497,MDA-MB-468
mdamb468,GSE173634,GSM5272824,MDAMB468,GSE58135,GSM1401650,MDA-MB-468
mdamb468,GSE173634,GSM5272824,MDAMB468,GSE59242,GSM1431230,MDAMB468
mdamb468,GSE173634,GSM5272824,MDAMB468,GSE73526,GSM1897332,MDAMB468
mdamb468,GSE173634,GSM5272824,MDAMB468,GSE87006,GSM2318771,MDAMB468
mdamb468,GSE173634,GSM5272824,MDAMB468,GSE87008,GSM2318771,MDAMB468
mdamb468,GSE212143,GSM6510146,MDA-MB-468,GSE41119,GSM1008911,MDAMB468
mdamb468,GSE212143,GSM6510146,MDA-MB-468,GSE52643,GSM1273497,MDA-MB-468
mdamb468,GSE212143,GSM6510146,MDA-MB-468,GSE58135,GSM1401650,MDA-MB-468
mdamb468,GSE212143,GSM6510146,MDA-MB-468,GSE59242,GSM1431230,MDAMB468
mdamb468,GSE212143,GSM6510146,MDA-MB-468,GSE73526,GSM1897332,MDAMB468
mdamb468,GSE212143,GSM6510146,MDA-MB-468,GSE87006,GSM2318771,MDAMB468
mdamb468,GSE212143,GSM6510146,MDA-MB-468,GSE87008,GSM2318771,MDAMB468
mdamb468,GSE41119,GSM1008911,MDAMB468,GSE52643,GSM1273497,MDA-MB-468
mdamb468,GSE41119,GSM1008911,MDAMB468,GSE58135,GSM1401650,MDA-MB-468
mdamb468,GSE41119,GSM1008911,MDAMB468,GSE59242,GSM1431230,MDAMB468
mdamb468,GSE41119,GSM1008911,MDAMB468,GSE73526,GSM1897332,MDAMB468
mdamb468,GSE41119,GSM1008911,MDAMB468,GSE87006,GSM2318771,MDAMB468
mdamb468,GSE41119,GSM1008911,MDAMB468,GSE87008,GSM2318771,MDAMB468
mdamb468,GSE52643,GSM1273497,MDA-MB-468,GSE58135,GSM1401650,MDA-MB-468
mdamb468,GSE52643,GSM1273497,MDA-MB-468,GSE59242,GSM1431230,MDAMB468
mdamb468,GSE52643,GSM1273497,MDA-MB-468,GSE73526,GSM1897332,MDAMB468
mdamb468,GSE52643,GSM1273497,MDA-MB-468,GSE87006,GSM2318771,MDAMB468
mdamb468,GSE52643,GSM1273497,MDA-MB-468,GSE87008,GSM2318771,MDAMB468
mdamb468,GSE58135,GSM1401650,MDA-MB-468,GSE59242,GSM1431230,MDAMB468
mdamb468,GSE58135,GSM1401650,MDA-MB-468,GSE73526,GSM1897332,MDAMB468
mdamb468,GSE58135,GSM1401650,MDA-MB-468,GSE87006,GSM2318771,MDAMB468
mdamb468,GSE58135,GSM1401650,MDA-MB-468,GSE87008,GSM2318771,MDAMB468
mdamb468,GSE59242,GSM1431230,MDAMB468,GSE73526,GSM1897332,MDAMB468
mdamb468,GSE59242,GSM1431230,MDAMB468,GSE87006,GSM2318771,MDAMB468
mdamb468,GSE59242,GSM1431230,MDAMB468,GSE87008,GSM2318771,MDAMB468
mdamb468,GSE73526,GSM1897332,MDAMB468,GSE87006,GSM2318771,MDAMB468
mdamb468,GSE73526,GSM1897332,MDAMB468,GSE87008,GSM2318771,MDAMB468
mdamb468cells,GSE214827,GSM6616373,MDAMB468 cells,GSE56306,GSM1358807,MDA-MB-468 cells
mdamb468cellscontrol1,GSE205252,GSM6209192,"MDA-MB-468 cells, Control 1",GSE326436,GSM9631208,MDA-MB-468 cells;control-1
mdamb468cellscontrol2,GSE205252,GSM6209193,"MDA-MB-468 cells, Control 2",GSE326436,GSM9631209,MDA-MB-468 cells;control-2
mdamb468comboa,GSE205729,GSM6222367,MDA-MB-468 COMBO A,GSE250632,GSM7983289,MDA-MB-468-COMBO-A
mdamb468comboa,GSE205729,GSM6222367,MDA-MB-468 COMBO A,GSE251710,GSM7983289,MDA-MB-468-COMBO-A
mdamb468comboa,GSE205731,GSM6222367,MDA-MB-468 COMBO A,GSE250632,GSM7983289,MDA-MB-468-COMBO-A
mdamb468comboa,GSE205731,GSM6222367,MDA-MB-468 COMBO A,GSE251710,GSM7983289,MDA-MB-468-COMBO-A
mdamb468combob,GSE205729,GSM6222368,MDA-MB-468 COMBO B,GSE250632,GSM7983290,MDA-MB-468-COMBO-B
mdamb468combob,GSE205729,GSM6222368,MDA-MB-468 COMBO B,GSE251710,GSM7983290,MDA-MB-468-COMBO-B
mdamb468combob,GSE205731,GSM6222368,MDA-MB-468 COMBO B,GSE250632,GSM7983290,MDA-MB-468-COMBO-B
mdamb468combob,GSE205731,GSM6222368,MDA-MB-468 COMBO B,GSE251710,GSM7983290,MDA-MB-468-COMBO-B
mdamb468comboc,GSE205729,GSM6222369,MDA-MB-468 COMBO C,GSE250632,GSM7983291,MDA-MB-468-COMBO-C
mdamb468comboc,GSE205729,GSM6222369,MDA-MB-468 COMBO C,GSE251710,GSM7983291,MDA-MB-468-COMBO-C
mdamb468comboc,GSE205731,GSM6222369,MDA-MB-468 COMBO C,GSE250632,GSM7983291,MDA-MB-468-COMBO-C
mdamb468comboc,GSE205731,GSM6222369,MDA-MB-468 COMBO C,GSE251710,GSM7983291,MDA-MB-468-COMBO-C
me16c12hsham,GSE1647,GSM11707,"ME16C, 12h, sham",GSE3178,GSM71556,"ME16C, 12h sham"
me16c12hsham,GSE3178,GSM71556,"ME16C, 12h sham",GSE763,GSM11707,"ME16C, 12h, sham"
me16c24hsham,GSE1647,GSM11851,"ME16C, 24h, sham",GSE3178,GSM71558,"ME16C, 24h sham"
me16c24hsham,GSE3178,GSM71558,"ME16C, 24h sham",GSE763,GSM11851,"ME16C, 24h, sham"
me16c36hsham,GSE1647,GSM11852,"ME16C, 36h, sham",GSE3178,GSM71559,"ME16C, 36h sham"
me16c36hsham,GSE3178,GSM71559,"ME16C, 36h sham",GSE763,GSM11852,"ME16C, 36h, sham"
mfm223,GSE217579,GSM6721991,MFM223,GSE59242,GSM1431184,MFM223
mfm223,GSE217579,GSM6721991,MFM223,GSE73526,GSM1897333,MFM223
mfm223,GSE59242,GSM1431184,MFM223,GSE73526,GSM1897333,MFM223
mpe600,GSE16732,GSM419276,MPE600,GSE16795,GSM421881,MPE600
n10,GSE131512,GSM3783630,N10,GSE69240,GSM1695871,N10
n12,GSE131512,GSM3783632,N12,GSE48408,GSM1177394,N12
n17,GSE131512,GSM3783637,N17,GSE48408,GSM1177402,N17
n19,GSE131512,GSM3783639,N19,GSE266680,GSM9078316,N19
n19,GSE131512,GSM3783639,N19,GSE48408,GSM1177406,N19
n19,GSE266680,GSM9078316,N19,GSE48408,GSM1177406,N19
n21,GSE131512,GSM3783641,N21,GSE48408,GSM1177410,N21
ncih460,GSE24737,GSM609290,NCI-H460,GSE57083,GSM1374747,NCI-H460
normal10,GSE29431,GSM728620,Normal-10,GSE45498,GSM1029142,Normal_10
normal11,GSE29431,GSM728621,Normal-11,GSE45498,GSM1029143,Normal_11
normal12,GSE29431,GSM728622,Normal-12,GSE45498,GSM1029144,Normal_12
p53koday0rep1,GSE248294,GSM7911073,"p53KO, Day 0 rep 1",GSE272312,GSM8398281,"p53KO, Day 0 rep 1"
p53koday0rep2,GSE248294,GSM7911074,"p53KO, Day 0 rep 2",GSE272312,GSM8398282,"p53KO, Day 0 rep 2"
p53koday21rep1,GSE248294,GSM7911081,"p53KO, Day 21 rep 1",GSE272312,GSM8398290,"p53KO, Day 21 rep 1"
p53koday21rep2,GSE248294,GSM7911082,"p53KO, Day 21 rep 2",GSE272312,GSM8398291,"p53KO, Day 21 rep 2"
p53koday3rep1,GSE248294,GSM7911077,"p53KO, Day 3 rep 1",GSE272312,GSM8398284,"p53KO, Day 3 rep 1"
p53koday3rep2,GSE248294,GSM7911078,"p53KO, Day 3 rep 2",GSE272312,GSM8398285,"p53KO, Day 3 rep 2"
pbp48,GSE26539,GSM652426,PB-p48,GSE50470,GSM1215259,PB-p48
pbp52,GSE26539,GSM652427,PB-p52,GSE50470,GSM1215260,PB-p52
pbp78,GSE26539,GSM652428,PB-p78,GSE50470,GSM1215261,PB-p78
pbp86,GSE26539,GSM652429,PB-p86,GSE50470,GSM1215262,PB-p86
pim010,GSE264252,GSM8215002,PIM010,GSE291966,GSM8845766,PIM010
pim014,GSE264252,GSM8215010,PIM014,GSE291966,GSM8845768,PIM014
pim024,GSE264252,GSM8215011,PIM024,GSE291966,GSM8845769,PIM024
pim025,GSE264252,GSM8215017,PIM025,GSE291966,GSM8845770,PIM025
pim038,GSE264252,GSM8215018,PIM038,GSE291966,GSM8845772,PIM038
pim040,GSE264252,GSM8215009,PIM040,GSE291966,GSM8845773,PIM040
pim046,GSE264252,GSM8215001,PIM046,GSE291966,GSM8845775,PIM046
pim051,GSE264252,GSM8215012,PIM051,GSE291966,GSM8845779,PIM051
pim053,GSE264252,GSM8215008,PIM053,GSE291966,GSM8845780,PIM053
pim056,GSE264252,GSM8215007,PIM056,GSE291966,GSM8845781,PIM056
pim068,GSE264252,GSM8215000,PIM068,GSE291966,GSM8845783,PIM068
pim077,GSE264252,GSM8215021,PIM077,GSE291966,GSM8845785,PIM077
pim091,GSE264252,GSM8215006,PIM091,GSE291966,GSM8845787,PIM091
pim137,GSE264252,GSM8215019,PIM137,GSE291966,GSM8845794,PIM137
pim163,GSE264252,GSM8215016,PIM163,GSE291966,GSM8845797,PIM163
pim164,GSE264252,GSM8215015,PIM164,GSE291966,GSM8845798,PIM164
pim172,GSE264252,GSM8215020,PIM172,GSE291966,GSM8845802,PIM172
pim190,GSE264252,GSM8215024,PIM190,GSE291966,GSM8845808,PIM190
pim231,GSE264252,GSM8215025,PIM231,GSE291966,GSM8845818,PIM231
pim242,GSE264252,GSM8214998,PIM242,GSE291966,GSM8845820,PIM242
pim254,GSE264252,GSM8215013,PIM254,GSE291966,GSM8845823,PIM254
pim262,GSE264252,GSM8215003,PIM262,GSE291966,GSM8845824,PIM262
pim269,GSE264252,GSM8214999,PIM269,GSE291966,GSM8845826,PIM269
pim284,GSE264252,GSM8215004,PIM284,GSE291966,GSM8845828,PIM284
pim300,GSE264252,GSM8215022,PIM300,GSE291966,GSM8845831,PIM300
pim311,GSE264252,GSM8215014,PIM311,GSE291966,GSM8845832,PIM311
pim321,GSE264252,GSM8215005,PIM321,GSE291966,GSM8845833,PIM321
pim328,GSE264252,GSM8215023,PIM328,GSE291966,GSM8845835,PIM328
pim387,GSE264252,GSM8214992,PIM387,GSE291966,GSM8845850,PIM387
pim388,GSE264252,GSM8214995,PIM388,GSE291966,GSM8845851,PIM388
pim393,GSE264252,GSM8214996,PIM393,GSE291966,GSM8845852,PIM393
pim402,GSE264252,GSM8214993,PIM402,GSE291966,GSM8845854,PIM402
pim404,GSE264252,GSM8214997,PIM404,GSE291966,GSM8845855,PIM404
pim407,GSE264252,GSM8214994,PIM407,GSE291966,GSM8845856,PIM407
r5020repl1,GSE24468,GSM602697,R5020 Repl. 1,GSE25077,GSM616014,"R5020, repl.1"
r5020repl2,GSE24468,GSM602698,R5020 Repl. 2,GSE25077,GSM616015,"R5020, repl.2"
s11,GSE26349,GSM651372,S11,GSE302031,GSM9094474,S11
s12,GSE302031,GSM9094475,S12,GSE93193,GSM2446088,S12
s134agrveh1,GSE148444,GSM4471584,S134A-GR Veh 1,GSE221355,GSM6858998,S134A-GR Veh 1
s134agrveh2,GSE148444,GSM4471585,S134A-GR Veh 2,GSE221355,GSM6858999,S134A-GR Veh 2
s134agrveh3,GSE148444,GSM4471586,S134A-GR Veh 3,GSE221355,GSM6859000,S134A-GR Veh 3
s14,GSE26349,GSM651373,S14,GSE302031,GSM9094477,S14
s24,GSE26349,GSM651383,S24,GSE266680,GSM9078321,S24
shcontrolrep1,GSE140848,GSM4188864,shControl-rep1,GSE98016,GSM2585548,sh-control_rep1
shcontrolrep2,GSE140848,GSM4188865,shControl-rep2,GSE98016,GSM2585549,sh-control_rep2
shctrlrep1,GSE251873,GSM7989366,shCtrl_Rep1,GSE76487,GSM2026522,shCTRL_rep1
shctrlrep1,GSE251873,GSM7989366,shCtrl_Rep1,GSE76488,GSM2026522,shCTRL_rep1
shctrlrep2,GSE251873,GSM7989367,shCtrl_Rep2,GSE76487,GSM2026523,shCTRL_rep2
shctrlrep2,GSE251873,GSM7989367,shCtrl_Rep2,GSE76488,GSM2026523,shCTRL_rep2
sicontrolrep1,GSE130868,GSM3755454,siControl_rep1,GSE130873,GSM3755489,siControl_rep1
sicontrolrep2,GSE130868,GSM3755455,siControl_rep2,GSE130873,GSM3755490,siControl_rep2
sum102,GSE58135,GSM1401675,SUM-102,GSE73526,GSM1897339,SUM102
sum1315,GSE152908,GSM4629415,SUM1315,GSE16732,GSM419282,SUM1315
sum1315,GSE152908,GSM4629415,SUM1315,GSE41119,GSM1008915,SUM1315
sum1315,GSE152908,GSM4629415,SUM1315,GSE46834,GSM1138986,SUM1315
sum1315,GSE152908,GSM4629415,SUM1315,GSE73526,GSM1897340,SUM1315
sum1315,GSE16732,GSM419282,SUM1315,GSE41119,GSM1008915,SUM1315
sum1315,GSE16732,GSM419282,SUM1315,GSE46834,GSM1138986,SUM1315
sum1315,GSE16732,GSM419282,SUM1315,GSE73526,GSM1897340,SUM1315
sum1315,GSE41119,GSM1008915,SUM1315,GSE46834,GSM1138986,SUM1315
sum1315,GSE41119,GSM1008915,SUM1315,GSE73526,GSM1897340,SUM1315
sum1315,GSE46834,GSM1138986,SUM1315,GSE73526,GSM1897340,SUM1315
sum149,GSE152908,GSM4629416,SUM149,GSE16732,GSM419283,SUM149
sum149,GSE152908,GSM4629416,SUM149,GSE206324,GSM6250671,SUM149
sum149,GSE152908,GSM4629416,SUM149,GSE58135,GSM1401669,SUM-149
sum149,GSE152908,GSM4629416,SUM149,GSE73526,GSM1897341,SUM149
sum149,GSE16732,GSM419283,SUM149,GSE206324,GSM6250671,SUM149
sum149,GSE16732,GSM419283,SUM149,GSE58135,GSM1401669,SUM-149
sum149,GSE16732,GSM419283,SUM149,GSE73526,GSM1897341,SUM149
sum149,GSE206324,GSM6250671,SUM149,GSE58135,GSM1401669,SUM-149
sum149,GSE206324,GSM6250671,SUM149,GSE73526,GSM1897341,SUM149
sum149,GSE58135,GSM1401669,SUM-149,GSE73526,GSM1897341,SUM149
sum149pt,GSE16795,GSM421889,SUM149PT,GSE228275,GSM7118110,SUM149PT
sum149pt,GSE16795,GSM421889,SUM149PT,GSE228382,GSM7118110,SUM149PT
sum149pt,GSE16795,GSM421889,SUM149PT,GSE59242,GSM1431211,SUM149PT
sum149pt,GSE228275,GSM7118110,SUM149PT,GSE59242,GSM1431211,SUM149PT
sum149pt,GSE228382,GSM7118110,SUM149PT,GSE59242,GSM1431211,SUM149PT
sum149sorted5br6humeccd49fepcamexp1,GSE18229,GSM501236,SUM149 sorted 5b/R6 HuMEC CD49f+/EpCAM+ --Exp1,GSE50470,GSM1215280,SUM149 sorted 5b/R6  HuMEC CD49f+/EpCAM+ --Exp1
sum149treatedwithgapmer3replicate1,GSE294997,GSM8939845,"SUM149 treated with gapmer 3 ,replicate 1",GSE295075,GSM8941758,"SUM149-treated with Gapmer 3, replicate 1"
sum149treatedwithgapmer3replicate2,GSE294997,GSM8939846,"SUM149 treated with gapmer 3 ,replicate 2",GSE295075,GSM8941761,"SUM149-treated with Gapmer 3, replicate 2"
sum149treatedwithgapmer3replicate3,GSE294997,GSM8939847,"SUM149 treated with gapmer 3 ,replicate 3",GSE295075,GSM8941764,"SUM149-treated with Gapmer 3, replicate 3"
sum149treatedwithgapmer4replicate1,GSE294997,GSM8939848,"SUM149 treated with gapmer 4,replicate 1",GSE295075,GSM8941759,"SUM149-treated with Gapmer 4, replicate 1"
sum149treatedwithgapmer4replicate2,GSE294997,GSM8939849,"SUM149 treated with gapmer 4 ,replicate 2",GSE295075,GSM8941762,"SUM149-treated with Gapmer 4, replicate 2"
sum149treatedwithgapmer4replicate3,GSE294997,GSM8939850,"SUM149 treated with gapmer 4,,replicate 3",GSE295075,GSM8941765,"SUM149-treated with Gapmer 4, replicate 3"
sum149treatedwithnegativecontrolgapmerreplicate1,GSE294997,GSM8939842,"SUM149 treated with negative control gapmer ,replicate 1",GSE295075,GSM8941760,"SUM149-treated with negative control gapmer, replicate 1"
sum149treatedwithnegativecontrolgapmerreplicate2,GSE294997,GSM8939843,"SUM149 treated with negative  control gapmer ,replicate 2",GSE295075,GSM8941763,"SUM149-treated with negative control gapmer, replicate 2"
sum149treatedwithnegativecontrolgapmerreplicate3,GSE294997,GSM8939844,"SUM149 treated with negative  control gapmer ,replicate 3",GSE295075,GSM8941766,"SUM149-treated with negative control gapmer, replicate 3"
sum149xenografttumorcellpool1,GSE196952,GSM5905627,SUM149 xenograft tumor cell pool1,GSE221183,GSM6850211,SUM149 xenograft tumor cell pool1
sum149xenografttumorcellpool2,GSE196952,GSM5905628,SUM149 xenograft tumor cell pool2,GSE221183,GSM6850212,SUM149 xenograft tumor cell pool2
sum159,GSE152908,GSM4629417,SUM159,GSE16732,GSM419284,SUM159
sum159,GSE152908,GSM4629417,SUM159,GSE206324,GSM6250675,SUM159
sum159,GSE152908,GSM4629417,SUM159,GSE25972,GSM637806,SUM159
sum159,GSE152908,GSM4629417,SUM159,GSE46073,GSM1207161,SUM159
sum159,GSE152908,GSM4629417,SUM159,GSE46834,GSM1138988,SUM159
sum159,GSE152908,GSM4629417,SUM159,GSE58135,GSM1401652,SUM-159
sum159,GSE152908,GSM4629417,SUM159,GSE73526,GSM1897342,SUM159
sum159,GSE16732,GSM419284,SUM159,GSE206324,GSM6250675,SUM159
sum159,GSE16732,GSM419284,SUM159,GSE25972,GSM637806,SUM159
sum159,GSE16732,GSM419284,SUM159,GSE46073,GSM1207161,SUM159
sum159,GSE16732,GSM419284,SUM159,GSE46834,GSM1138988,SUM159
sum159,GSE16732,GSM419284,SUM159,GSE58135,GSM1401652,SUM-159
sum159,GSE16732,GSM419284,SUM159,GSE73526,GSM1897342,SUM159
sum159,GSE206324,GSM6250675,SUM159,GSE25972,GSM637806,SUM159
sum159,GSE206324,GSM6250675,SUM159,GSE46073,GSM1207161,SUM159
sum159,GSE206324,GSM6250675,SUM159,GSE46834,GSM1138988,SUM159
sum159,GSE206324,GSM6250675,SUM159,GSE58135,GSM1401652,SUM-159
sum159,GSE206324,GSM6250675,SUM159,GSE73526,GSM1897342,SUM159
sum159,GSE25972,GSM637806,SUM159,GSE46073,GSM1207161,SUM159
sum159,GSE25972,GSM637806,SUM159,GSE46834,GSM1138988,SUM159
sum159,GSE25972,GSM637806,SUM159,GSE58135,GSM1401652,SUM-159
sum159,GSE25972,GSM637806,SUM159,GSE73526,GSM1897342,SUM159
sum159,GSE46073,GSM1207161,SUM159,GSE46834,GSM1138988,SUM159
sum159,GSE46073,GSM1207161,SUM159,GSE58135,GSM1401652,SUM-159
sum159,GSE46073,GSM1207161,SUM159,GSE73526,GSM1897342,SUM159
sum159,GSE46834,GSM1138988,SUM159,GSE58135,GSM1401652,SUM-159
sum159,GSE46834,GSM1138988,SUM159,GSE73526,GSM1897342,SUM159
sum159,GSE58135,GSM1401652,SUM-159,GSE73526,GSM1897342,SUM159
sum159cellline,GSE41119,GSM1008917,SUM159 cell line,GSE43657,GSM1067679,SUM159 cell line
sum159pt,GSE16795,GSM421890,SUM159PT,GSE228275,GSM7118111,SUM159PT
sum159pt,GSE16795,GSM421890,SUM159PT,GSE228382,GSM7118111,SUM159PT
sum159wt,GSE125802,GSM3582031,SUM159 WT,GSE162726,GSM4958095,SUM159 WT
sum159wt,GSE125802,GSM3582031,SUM159 WT,GSE306759,GSM9207315,SUM159-WT
sum159wt,GSE162726,GSM4958095,SUM159 WT,GSE306759,GSM9207315,SUM159-WT
sum185,GSE16732,GSM419285,SUM185,GSE206324,GSM6250662,SUM185
sum185,GSE16732,GSM419285,SUM185,GSE73526,GSM1897343,SUM185
sum185,GSE206324,GSM6250662,SUM185,GSE73526,GSM1897343,SUM185
sum185pe,GSE152908,GSM4629440,SUM185PE,GSE16795,GSM421891,SUM185PE
sum185pe,GSE152908,GSM4629440,SUM185PE,GSE228275,GSM7118112,SUM185PE
sum185pe,GSE152908,GSM4629440,SUM185PE,GSE228382,GSM7118112,SUM185PE
sum185pe,GSE16795,GSM421891,SUM185PE,GSE228275,GSM7118112,SUM185PE
sum185pe,GSE16795,GSM421891,SUM185PE,GSE228382,GSM7118112,SUM185PE
sum190,GSE16732,GSM419286,SUM190,GSE73526,GSM1897344,SUM190
sum190pt,GSE152908,GSM4629441,SUM190PT,GSE41119,GSM1008918,SUM190PT
sum225,GSE16732,GSM419287,SUM225,GSE73526,GSM1897345,SUM225
sum229,GSE16732,GSM419288,SUM229,GSE73526,GSM1897346,SUM229
sum229pe,GSE152908,GSM4629442,SUM229PE,GSE16795,GSM421892,SUM229PE
sum229pe,GSE152908,GSM4629442,SUM229PE,GSE206324,GSM6250663,SUM229PE
sum229pe,GSE152908,GSM4629442,SUM229PE,GSE228275,GSM7118113,SUM229PE
sum229pe,GSE152908,GSM4629442,SUM229PE,GSE228382,GSM7118113,SUM229PE
sum229pe,GSE16795,GSM421892,SUM229PE,GSE206324,GSM6250663,SUM229PE
sum229pe,GSE16795,GSM421892,SUM229PE,GSE228275,GSM7118113,SUM229PE
sum229pe,GSE16795,GSM421892,SUM229PE,GSE228382,GSM7118113,SUM229PE
sum229pe,GSE206324,GSM6250663,SUM229PE,GSE228275,GSM7118113,SUM229PE
sum229pe,GSE206324,GSM6250663,SUM229PE,GSE228382,GSM7118113,SUM229PE
sum44,GSE152367,GSM4616784,SUM44,GSE16732,GSM419289,SUM44
sum44,GSE152367,GSM4616784,SUM44,GSE73526,GSM1897347,SUM44
sum44,GSE16732,GSM419289,SUM44,GSE73526,GSM1897347,SUM44
sum44pe,GSE152908,GSM4629443,SUM44PE,GSE16795,GSM421886,SUM44PE
sum52,GSE16732,GSM419290,SUM52,GSE73526,GSM1897348,SUM52
sum52pe,GSE152908,GSM4629444,SUM52PE,GSE16795,GSM421887,SUM52PE
sw48,GSE24737,GSM609316,SW48,GSE57083,GSM1374925,SW48
sw480,GSE24737,GSM609317,SW480,GSE57083,GSM1374929,SW480
sw527,GSE59242,GSM1431183,SW527,GSE73526,GSM1897349,SW527
t10,GSE154932,GSM4684558,t10,GSE23720,GSM585309,T10
t10,GSE154932,GSM4684558,t10,GSE69240,GSM1695881,T10
t10,GSE154932,GSM4684558,t10,GSE81538,GSM2155567,T10
t10,GSE154932,GSM4684558,t10,GSE81540,GSM2155567,T10
t10,GSE23720,GSM585309,T10,GSE69240,GSM1695881,T10
t10,GSE23720,GSM585309,T10,GSE81538,GSM2155567,T10
t10,GSE23720,GSM585309,T10,GSE81540,GSM2155567,T10
t10,GSE69240,GSM1695881,T10,GSE81538,GSM2155567,T10
t10,GSE69240,GSM1695881,T10,GSE81540,GSM2155567,T10
t100,GSE17630,GSM440114,T100,GSE23720,GSM585399,T100
t100,GSE17630,GSM440114,T100,GSE81538,GSM2155657,T100
t100,GSE17630,GSM440114,T100,GSE81540,GSM2155657,T100
t100,GSE23720,GSM585399,T100,GSE81538,GSM2155657,T100
t100,GSE23720,GSM585399,T100,GSE81540,GSM2155657,T100
t101,GSE23720,GSM585400,T101,GSE81538,GSM2155658,T101
t101,GSE23720,GSM585400,T101,GSE81540,GSM2155658,T101
t102,GSE23720,GSM585401,T102,GSE81538,GSM2155659,T102
t102,GSE23720,GSM585401,T102,GSE81540,GSM2155659,T102
t103,GSE23720,GSM585402,T103,GSE81538,GSM2155660,T103
t103,GSE23720,GSM585402,T103,GSE81540,GSM2155660,T103
t104,GSE23720,GSM585403,T104,GSE81538,GSM2155661,T104
t104,GSE23720,GSM585403,T104,GSE81540,GSM2155661,T104
t105,GSE23720,GSM585404,T105,GSE81538,GSM2155662,T105
t105,GSE23720,GSM585404,T105,GSE81540,GSM2155662,T105
t106,GSE23720,GSM585405,T106,GSE81538,GSM2155663,T106
t106,GSE23720,GSM585405,T106,GSE81540,GSM2155663,T106
t107,GSE23720,GSM585406,T107,GSE81538,GSM2155664,T107
t107,GSE23720,GSM585406,T107,GSE81540,GSM2155664,T107
t108,GSE23720,GSM585407,T108,GSE81538,GSM2155665,T108
t108,GSE23720,GSM585407,T108,GSE81540,GSM2155665,T108
t109,GSE23720,GSM585408,T109,GSE81538,GSM2155666,T109
t109,GSE23720,GSM585408,T109,GSE81540,GSM2155666,T109
t11,GSE23720,GSM585310,T11,GSE69240,GSM1695882,T11
t11,GSE23720,GSM585310,T11,GSE81538,GSM2155568,T11
t11,GSE23720,GSM585310,T11,GSE81540,GSM2155568,T11
t11,GSE69240,GSM1695882,T11,GSE81538,GSM2155568,T11
t11,GSE69240,GSM1695882,T11,GSE81540,GSM2155568,T11
t110,GSE23720,GSM585409,T110,GSE81538,GSM2155667,T110
t110,GSE23720,GSM585409,T110,GSE81540,GSM2155667,T110
t111,GSE23720,GSM585410,T111,GSE81538,GSM2155668,T111
t111,GSE23720,GSM585410,T111,GSE81540,GSM2155668,T111
t112,GSE23720,GSM585411,T112,GSE81538,GSM2155669,T112
t112,GSE23720,GSM585411,T112,GSE81540,GSM2155669,T112
t113,GSE23720,GSM585412,T113,GSE81538,GSM2155670,T113
t113,GSE23720,GSM585412,T113,GSE81540,GSM2155670,T113
t114,GSE23720,GSM585413,T114,GSE81538,GSM2155671,T114
t114,GSE23720,GSM585413,T114,GSE81540,GSM2155671,T114
t115,GSE23720,GSM585414,T115,GSE81538,GSM2155672,T115
t115,GSE23720,GSM585414,T115,GSE81540,GSM2155672,T115
t116,GSE23720,GSM585415,T116,GSE81538,GSM2155673,T116
t116,GSE23720,GSM585415,T116,GSE81540,GSM2155673,T116
t117,GSE23720,GSM585416,T117,GSE81538,GSM2155674,T117
t117,GSE23720,GSM585416,T117,GSE81540,GSM2155674,T117
t118,GSE23720,GSM585417,T118,GSE81538,GSM2155675,T118
t118,GSE23720,GSM585417,T118,GSE81540,GSM2155675,T118
t119,GSE23720,GSM585418,T119,GSE81538,GSM2155676,T119
t119,GSE23720,GSM585418,T119,GSE81540,GSM2155676,T119
t12,GSE23720,GSM585311,T12,GSE334033,GSM9815324,T12
t12,GSE23720,GSM585311,T12,GSE69240,GSM1695883,T12
t12,GSE23720,GSM585311,T12,GSE81538,GSM2155569,T12
t12,GSE23720,GSM585311,T12,GSE81540,GSM2155569,T12
t12,GSE23720,GSM585311,T12,GSE86159,GSM2295988,T12
t12,GSE334033,GSM9815324,T12,GSE69240,GSM1695883,T12
t12,GSE334033,GSM9815324,T12,GSE81538,GSM2155569,T12
t12,GSE334033,GSM9815324,T12,GSE81540,GSM2155569,T12
t12,GSE334033,GSM9815324,T12,GSE86159,GSM2295988,T12
t12,GSE69240,GSM1695883,T12,GSE81538,GSM2155569,T12
t12,GSE69240,GSM1695883,T12,GSE81540,GSM2155569,T12
t12,GSE69240,GSM1695883,T12,GSE86159,GSM2295988,T12
t12,GSE81538,GSM2155569,T12,GSE86159,GSM2295988,T12
t12,GSE81540,GSM2155569,T12,GSE86159,GSM2295988,T12
t120,GSE23720,GSM585419,T120,GSE81538,GSM2155677,T120
t120,GSE23720,GSM585419,T120,GSE81540,GSM2155677,T120
t121,GSE23720,GSM585420,T121,GSE81538,GSM2155678,T121
t121,GSE23720,GSM585420,T121,GSE81540,GSM2155678,T121
t122,GSE23720,GSM585421,T122,GSE81538,GSM2155679,T122
t122,GSE23720,GSM585421,T122,GSE81540,GSM2155679,T122
t123,GSE23720,GSM585422,T123,GSE81538,GSM2155680,T123
t123,GSE23720,GSM585422,T123,GSE81540,GSM2155680,T123
t124,GSE23720,GSM585423,T124,GSE81538,GSM2155681,T124
t124,GSE23720,GSM585423,T124,GSE81540,GSM2155681,T124
t125,GSE23720,GSM585424,T125,GSE334033,GSM9815327,T125
t125,GSE23720,GSM585424,T125,GSE81538,GSM2155682,T125
t125,GSE23720,GSM585424,T125,GSE81540,GSM2155682,T125
t125,GSE334033,GSM9815327,T125,GSE81538,GSM2155682,T125
t125,GSE334033,GSM9815327,T125,GSE81540,GSM2155682,T125
t126,GSE23720,GSM585425,T126,GSE81538,GSM2155683,T126
t126,GSE23720,GSM585425,T126,GSE81540,GSM2155683,T126
t127,GSE23720,GSM585426,T127,GSE81538,GSM2155684,T127
t127,GSE23720,GSM585426,T127,GSE81540,GSM2155684,T127
t128,GSE23720,GSM585427,T128,GSE81538,GSM2155685,T128
t128,GSE23720,GSM585427,T128,GSE81540,GSM2155685,T128
t129,GSE23720,GSM585428,T129,GSE81538,GSM2155686,T129
t129,GSE23720,GSM585428,T129,GSE81540,GSM2155686,T129
t13,GSE23720,GSM585312,T13,GSE69240,GSM1695884,T13
t13,GSE23720,GSM585312,T13,GSE81538,GSM2155570,T13
t13,GSE23720,GSM585312,T13,GSE81540,GSM2155570,T13
t13,GSE69240,GSM1695884,T13,GSE81538,GSM2155570,T13
t13,GSE69240,GSM1695884,T13,GSE81540,GSM2155570,T13
t130,GSE23720,GSM585429,T130,GSE81538,GSM2155687,T130
t130,GSE23720,GSM585429,T130,GSE81540,GSM2155687,T130
t131,GSE23720,GSM585430,T131,GSE81538,GSM2155688,T131
t131,GSE23720,GSM585430,T131,GSE81540,GSM2155688,T131
t132,GSE23720,GSM585431,T132,GSE81538,GSM2155689,T132
t132,GSE23720,GSM585431,T132,GSE81540,GSM2155689,T132
t133,GSE23720,GSM585432,T133,GSE81538,GSM2155690,T133
t133,GSE23720,GSM585432,T133,GSE81540,GSM2155690,T133
t134,GSE23720,GSM585433,T134,GSE81538,GSM2155691,T134
t134,GSE23720,GSM585433,T134,GSE81540,GSM2155691,T134
t135,GSE23720,GSM585434,T135,GSE334033,GSM9815328,T135
t135,GSE23720,GSM585434,T135,GSE81538,GSM2155692,T135
t135,GSE23720,GSM585434,T135,GSE81540,GSM2155692,T135
t135,GSE334033,GSM9815328,T135,GSE81538,GSM2155692,T135
t135,GSE334033,GSM9815328,T135,GSE81540,GSM2155692,T135
t136,GSE23720,GSM585435,T136,GSE81538,GSM2155693,T136
t136,GSE23720,GSM585435,T136,GSE81540,GSM2155693,T136
t137,GSE23720,GSM585436,T137,GSE81538,GSM2155694,T137
t137,GSE23720,GSM585436,T137,GSE81540,GSM2155694,T137
t138,GSE23720,GSM585437,T138,GSE81538,GSM2155695,T138
t138,GSE23720,GSM585437,T138,GSE81540,GSM2155695,T138
t139,GSE23720,GSM585438,T139,GSE334033,GSM9815329,T139
t139,GSE23720,GSM585438,T139,GSE81538,GSM2155696,T139
t139,GSE23720,GSM585438,T139,GSE81540,GSM2155696,T139
t139,GSE334033,GSM9815329,T139,GSE81538,GSM2155696,T139
t139,GSE334033,GSM9815329,T139,GSE81540,GSM2155696,T139
t14,GSE23720,GSM585313,T14,GSE69240,GSM1695885,T14
t14,GSE23720,GSM585313,T14,GSE81538,GSM2155571,T14
t14,GSE23720,GSM585313,T14,GSE81540,GSM2155571,T14
t14,GSE69240,GSM1695885,T14,GSE81538,GSM2155571,T14
t14,GSE69240,GSM1695885,T14,GSE81540,GSM2155571,T14
t140,GSE23720,GSM585439,T140,GSE81538,GSM2155697,T140
t140,GSE23720,GSM585439,T140,GSE81540,GSM2155697,T140
t141,GSE234171,GSM7451136,T14.1,GSE23720,GSM585440,T141
t141,GSE234171,GSM7451136,T14.1,GSE334033,GSM9815330,T141
t141,GSE234171,GSM7451136,T14.1,GSE81538,GSM2155698,T141
t141,GSE234171,GSM7451136,T14.1,GSE81540,GSM2155698,T141
t141,GSE234185,GSM7451136,T14.1,GSE23720,GSM585440,T141
t141,GSE234185,GSM7451136,T14.1,GSE334033,GSM9815330,T141
t141,GSE234185,GSM7451136,T14.1,GSE81538,GSM2155698,T141
t141,GSE234185,GSM7451136,T14.1,GSE81540,GSM2155698,T141
t141,GSE23720,GSM585440,T141,GSE334033,GSM9815330,T141
t141,GSE23720,GSM585440,T141,GSE81538,GSM2155698,T141
t141,GSE23720,GSM585440,T141,GSE81540,GSM2155698,T141
t141,GSE334033,GSM9815330,T141,GSE81538,GSM2155698,T141
t141,GSE334033,GSM9815330,T141,GSE81540,GSM2155698,T141
t142,GSE234171,GSM7451137,T14.2,GSE23720,GSM585441,T142
t142,GSE234171,GSM7451137,T14.2,GSE81538,GSM2155699,T142
t142,GSE234171,GSM7451137,T14.2,GSE81540,GSM2155699,T142
t142,GSE234185,GSM7451137,T14.2,GSE23720,GSM585441,T142
t142,GSE234185,GSM7451137,T14.2,GSE81538,GSM2155699,T142
t142,GSE234185,GSM7451137,T14.2,GSE81540,GSM2155699,T142
t142,GSE23720,GSM585441,T142,GSE81538,GSM2155699,T142
t142,GSE23720,GSM585441,T142,GSE81540,GSM2155699,T142
t143,GSE23720,GSM585442,T143,GSE81538,GSM2155700,T143
t143,GSE23720,GSM585442,T143,GSE81540,GSM2155700,T143
t144,GSE23720,GSM585443,T144,GSE81538,GSM2155701,T144
t144,GSE23720,GSM585443,T144,GSE81540,GSM2155701,T144
t145,GSE23720,GSM585444,T145,GSE81538,GSM2155702,T145
t145,GSE23720,GSM585444,T145,GSE81540,GSM2155702,T145
t146,GSE23720,GSM585445,T146,GSE81538,GSM2155703,T146
t146,GSE23720,GSM585445,T146,GSE81540,GSM2155703,T146
t147,GSE23720,GSM585446,T147,GSE81538,GSM2155704,T147
t147,GSE23720,GSM585446,T147,GSE81540,GSM2155704,T147
t148,GSE23720,GSM585447,T148,GSE81538,GSM2155705,T148
t148,GSE23720,GSM585447,T148,GSE81540,GSM2155705,T148
t149,GSE23720,GSM585448,T149,GSE81538,GSM2155706,T149
t149,GSE23720,GSM585448,T149,GSE81540,GSM2155706,T149
t15,GSE23720,GSM585314,T15,GSE69240,GSM1695886,T15
t15,GSE23720,GSM585314,T15,GSE81538,GSM2155572,T15
t15,GSE23720,GSM585314,T15,GSE81540,GSM2155572,T15
t15,GSE69240,GSM1695886,T15,GSE81538,GSM2155572,T15
t15,GSE69240,GSM1695886,T15,GSE81540,GSM2155572,T15
t150,GSE23720,GSM585449,T150,GSE81538,GSM2155707,T150
t150,GSE23720,GSM585449,T150,GSE81540,GSM2155707,T150
t151,GSE23720,GSM585450,T151,GSE81538,GSM2155708,T151
t151,GSE23720,GSM585450,T151,GSE81540,GSM2155708,T151
t152,GSE23720,GSM585451,T152,GSE81538,GSM2155709,T152
t152,GSE23720,GSM585451,T152,GSE81540,GSM2155709,T152
t153,GSE23720,GSM585452,T153,GSE81538,GSM2155710,T153
t153,GSE23720,GSM585452,T153,GSE81540,GSM2155710,T153
t154,GSE23720,GSM585453,T154,GSE81538,GSM2155711,T154
t154,GSE23720,GSM585453,T154,GSE81540,GSM2155711,T154
t155,GSE23720,GSM585454,T155,GSE81538,GSM2155712,T155
t155,GSE23720,GSM585454,T155,GSE81540,GSM2155712,T155
t156,GSE23720,GSM585455,T156,GSE81538,GSM2155713,T156
t156,GSE23720,GSM585455,T156,GSE81540,GSM2155713,T156
t157,GSE23720,GSM585456,T157,GSE81538,GSM2155714,T157
t157,GSE23720,GSM585456,T157,GSE81540,GSM2155714,T157
t158,GSE23720,GSM585457,T158,GSE81538,GSM2155715,T158
t158,GSE23720,GSM585457,T158,GSE81540,GSM2155715,T158
t159,GSE23720,GSM585458,T159,GSE81538,GSM2155716,T159
t159,GSE23720,GSM585458,T159,GSE81540,GSM2155716,T159
t16,GSE23720,GSM585315,T16,GSE69240,GSM1695887,T16
t16,GSE23720,GSM585315,T16,GSE81538,GSM2155573,T16
t16,GSE23720,GSM585315,T16,GSE81540,GSM2155573,T16
t16,GSE69240,GSM1695887,T16,GSE81538,GSM2155573,T16
t16,GSE69240,GSM1695887,T16,GSE81540,GSM2155573,T16
t160,GSE23720,GSM585459,T160,GSE81538,GSM2155717,T160
t160,GSE23720,GSM585459,T160,GSE81540,GSM2155717,T160
t161,GSE23720,GSM585460,T161,GSE81538,GSM2155718,T161
t161,GSE23720,GSM585460,T161,GSE81540,GSM2155718,T161
t162,GSE23720,GSM585461,T162,GSE81538,GSM2155719,T162
t162,GSE23720,GSM585461,T162,GSE81540,GSM2155719,T162
t163,GSE23720,GSM585462,T163,GSE81538,GSM2155720,T163
t163,GSE23720,GSM585462,T163,GSE81540,GSM2155720,T163
t164,GSE23720,GSM585463,T164,GSE81538,GSM2155721,T164
t164,GSE23720,GSM585463,T164,GSE81540,GSM2155721,T164
t165,GSE23720,GSM585464,T165,GSE81538,GSM2155722,T165
t165,GSE23720,GSM585464,T165,GSE81540,GSM2155722,T165
t166,GSE23720,GSM585465,T166,GSE81538,GSM2155723,T166
t166,GSE23720,GSM585465,T166,GSE81540,GSM2155723,T166
t167,GSE23720,GSM585466,T167,GSE81538,GSM2155724,T167
t167,GSE23720,GSM585466,T167,GSE81540,GSM2155724,T167
t168,GSE23720,GSM585467,T168,GSE81538,GSM2155725,T168
t168,GSE23720,GSM585467,T168,GSE81540,GSM2155725,T168
t169,GSE23720,GSM585468,T169,GSE81538,GSM2155726,T169
t169,GSE23720,GSM585468,T169,GSE81540,GSM2155726,T169
t17,GSE23720,GSM585316,T17,GSE69240,GSM1695888,T17
t17,GSE23720,GSM585316,T17,GSE81538,GSM2155574,T17
t17,GSE23720,GSM585316,T17,GSE81540,GSM2155574,T17
t17,GSE69240,GSM1695888,T17,GSE81538,GSM2155574,T17
t17,GSE69240,GSM1695888,T17,GSE81540,GSM2155574,T17
t170,GSE23720,GSM585469,T170,GSE81538,GSM2155727,T170
t170,GSE23720,GSM585469,T170,GSE81540,GSM2155727,T170
t171,GSE23720,GSM585470,T171,GSE81538,GSM2155728,T171
t171,GSE23720,GSM585470,T171,GSE81540,GSM2155728,T171
t172,GSE23720,GSM585471,T172,GSE81538,GSM2155729,T172
t172,GSE23720,GSM585471,T172,GSE81540,GSM2155729,T172
t173,GSE23720,GSM585472,T173,GSE81538,GSM2155730,T173
t173,GSE23720,GSM585472,T173,GSE81540,GSM2155730,T173
t174,GSE23720,GSM585473,T174,GSE81538,GSM2155731,T174
t174,GSE23720,GSM585473,T174,GSE81540,GSM2155731,T174
t175,GSE23720,GSM585474,T175,GSE81538,GSM2155732,T175
t175,GSE23720,GSM585474,T175,GSE81540,GSM2155732,T175
t176,GSE23720,GSM585475,T176,GSE81538,GSM2155733,T176
t176,GSE23720,GSM585475,T176,GSE81540,GSM2155733,T176
t177,GSE23720,GSM585476,T177,GSE81538,GSM2155734,T177
t177,GSE23720,GSM585476,T177,GSE81540,GSM2155734,T177
t178,GSE23720,GSM585477,T178,GSE81538,GSM2155735,T178
t178,GSE23720,GSM585477,T178,GSE81540,GSM2155735,T178
t179,GSE23720,GSM585478,T179,GSE81538,GSM2155736,T179
t179,GSE23720,GSM585478,T179,GSE81540,GSM2155736,T179
t18,GSE23720,GSM585317,T18,GSE69240,GSM1695889,T18
t18,GSE23720,GSM585317,T18,GSE81538,GSM2155575,T18
t18,GSE23720,GSM585317,T18,GSE81540,GSM2155575,T18
t18,GSE69240,GSM1695889,T18,GSE81538,GSM2155575,T18
t18,GSE69240,GSM1695889,T18,GSE81540,GSM2155575,T18
t180,GSE23720,GSM585479,T180,GSE81538,GSM2155737,T180
t180,GSE23720,GSM585479,T180,GSE81540,GSM2155737,T180
t181,GSE23720,GSM585480,T181,GSE81538,GSM2155738,T181
t181,GSE23720,GSM585480,T181,GSE81540,GSM2155738,T181
t182,GSE23720,GSM585481,T182,GSE81538,GSM2155739,T182
t182,GSE23720,GSM585481,T182,GSE81540,GSM2155739,T182
t183,GSE23720,GSM585482,T183,GSE81538,GSM2155740,T183
t183,GSE23720,GSM585482,T183,GSE81540,GSM2155740,T183
t184,GSE23720,GSM585483,T184,GSE81538,GSM2155741,T184
t184,GSE23720,GSM585483,T184,GSE81540,GSM2155741,T184
t185,GSE23720,GSM585484,T185,GSE81538,GSM2155742,T185
t185,GSE23720,GSM585484,T185,GSE81540,GSM2155742,T185
t186,GSE23720,GSM585485,T186,GSE81538,GSM2155743,T186
t186,GSE23720,GSM585485,T186,GSE81540,GSM2155743,T186
t187,GSE23720,GSM585486,T187,GSE81538,GSM2155744,T187
t187,GSE23720,GSM585486,T187,GSE81540,GSM2155744,T187
t188,GSE23720,GSM585487,T188,GSE81538,GSM2155745,T188
t188,GSE23720,GSM585487,T188,GSE81540,GSM2155745,T188
t189,GSE23720,GSM585488,T189,GSE81538,GSM2155746,T189
t189,GSE23720,GSM585488,T189,GSE81540,GSM2155746,T189
t19,GSE23720,GSM585318,T19,GSE69240,GSM1695890,T19
t19,GSE23720,GSM585318,T19,GSE81538,GSM2155576,T19
t19,GSE23720,GSM585318,T19,GSE81540,GSM2155576,T19
t19,GSE69240,GSM1695890,T19,GSE81538,GSM2155576,T19
t19,GSE69240,GSM1695890,T19,GSE81540,GSM2155576,T19
t190,GSE23720,GSM585489,T190,GSE81538,GSM2155747,T190
t190,GSE23720,GSM585489,T190,GSE81540,GSM2155747,T190
t191,GSE23720,GSM585490,T191,GSE81538,GSM2155748,T191
t191,GSE23720,GSM585490,T191,GSE81540,GSM2155748,T191
t192,GSE23720,GSM585491,T192,GSE334033,GSM9815331,T192
t192,GSE23720,GSM585491,T192,GSE81538,GSM2155749,T192
t192,GSE23720,GSM585491,T192,GSE81540,GSM2155749,T192
t192,GSE334033,GSM9815331,T192,GSE81538,GSM2155749,T192
t192,GSE334033,GSM9815331,T192,GSE81540,GSM2155749,T192
t193,GSE23720,GSM585492,T193,GSE81538,GSM2155750,T193
t193,GSE23720,GSM585492,T193,GSE81540,GSM2155750,T193
t194,GSE23720,GSM585493,T194,GSE81538,GSM2155751,T194
t194,GSE23720,GSM585493,T194,GSE81540,GSM2155751,T194
t195,GSE23720,GSM585494,T195,GSE81538,GSM2155752,T195
t195,GSE23720,GSM585494,T195,GSE81540,GSM2155752,T195
t196,GSE23720,GSM585495,T196,GSE81538,GSM2155753,T196
t196,GSE23720,GSM585495,T196,GSE81540,GSM2155753,T196
t197,GSE23720,GSM585496,T197,GSE334033,GSM9815332,T197
t197,GSE23720,GSM585496,T197,GSE81538,GSM2155754,T197
t197,GSE23720,GSM585496,T197,GSE81540,GSM2155754,T197
t197,GSE334033,GSM9815332,T197,GSE81538,GSM2155754,T197
t197,GSE334033,GSM9815332,T197,GSE81540,GSM2155754,T197
t20,GSE23720,GSM585319,T20,GSE69240,GSM1695892,T20
t20,GSE23720,GSM585319,T20,GSE81538,GSM2155577,T20
t20,GSE23720,GSM585319,T20,GSE81540,GSM2155577,T20
t20,GSE69240,GSM1695892,T20,GSE81538,GSM2155577,T20
t20,GSE69240,GSM1695892,T20,GSE81540,GSM2155577,T20
t21,GSE23720,GSM585320,T21,GSE69240,GSM1695893,T21
t21,GSE23720,GSM585320,T21,GSE81538,GSM2155578,T21
t21,GSE23720,GSM585320,T21,GSE81540,GSM2155578,T21
t21,GSE69240,GSM1695893,T21,GSE81538,GSM2155578,T21
t21,GSE69240,GSM1695893,T21,GSE81540,GSM2155578,T21
t22,GSE23720,GSM585321,T22,GSE69240,GSM1695894,T22
t22,GSE23720,GSM585321,T22,GSE81538,GSM2155579,T22
t22,GSE23720,GSM585321,T22,GSE81540,GSM2155579,T22
t22,GSE69240,GSM1695894,T22,GSE81538,GSM2155579,T22
t22,GSE69240,GSM1695894,T22,GSE81540,GSM2155579,T22
t23,GSE23720,GSM585322,T23,GSE69240,GSM1695895,T23
t23,GSE23720,GSM585322,T23,GSE81538,GSM2155580,T23
t23,GSE23720,GSM585322,T23,GSE81540,GSM2155580,T23
t23,GSE69240,GSM1695895,T23,GSE81538,GSM2155580,T23
t23,GSE69240,GSM1695895,T23,GSE81540,GSM2155580,T23
t24,GSE23720,GSM585323,T24,GSE69240,GSM1695896,T24
t24,GSE23720,GSM585323,T24,GSE81538,GSM2155581,T24
t24,GSE23720,GSM585323,T24,GSE81540,GSM2155581,T24
t24,GSE69240,GSM1695896,T24,GSE81538,GSM2155581,T24
t24,GSE69240,GSM1695896,T24,GSE81540,GSM2155581,T24
t25,GSE23720,GSM585324,T25,GSE266680,GSM9078322,T25
t25,GSE23720,GSM585324,T25,GSE69240,GSM1695897,T25
t25,GSE23720,GSM585324,T25,GSE81538,GSM2155582,T25
t25,GSE23720,GSM585324,T25,GSE81540,GSM2155582,T25
t25,GSE266680,GSM9078322,T25,GSE69240,GSM1695897,T25
t25,GSE266680,GSM9078322,T25,GSE81538,GSM2155582,T25
t25,GSE266680,GSM9078322,T25,GSE81540,GSM2155582,T25
t25,GSE69240,GSM1695897,T25,GSE81538,GSM2155582,T25
t25,GSE69240,GSM1695897,T25,GSE81540,GSM2155582,T25
t257,GSE334033,GSM9833099,T257,GSE81538,GSM2155814,T257
t257,GSE334033,GSM9833099,T257,GSE81540,GSM2155814,T257
t26,GSE23720,GSM585325,T26,GSE81538,GSM2155583,T26
t26,GSE23720,GSM585325,T26,GSE81540,GSM2155583,T26
t265,GSE24737,GSM609287,T265,GSE81538,GSM2155822,T265
t265,GSE24737,GSM609287,T265,GSE81540,GSM2155822,T265
t268,GSE334033,GSM9815333,T268,GSE81538,GSM2155825,T268
t268,GSE334033,GSM9815333,T268,GSE81540,GSM2155825,T268
t27,GSE23720,GSM585326,T27,GSE334033,GSM9815325,T27
t27,GSE23720,GSM585326,T27,GSE81538,GSM2155584,T27
t27,GSE23720,GSM585326,T27,GSE81540,GSM2155584,T27
t27,GSE334033,GSM9815325,T27,GSE81538,GSM2155584,T27
t27,GSE334033,GSM9815325,T27,GSE81540,GSM2155584,T27
t28,GSE23720,GSM585327,T28,GSE81538,GSM2155585,T28
t28,GSE23720,GSM585327,T28,GSE81540,GSM2155585,T28
t29,GSE23720,GSM585328,T29,GSE81538,GSM2155586,T29
t29,GSE23720,GSM585328,T29,GSE81540,GSM2155586,T29
t30,GSE23720,GSM585329,T30,GSE81538,GSM2155587,T30
t30,GSE23720,GSM585329,T30,GSE81540,GSM2155587,T30
t301,GSE234171,GSM7451143,T30.1,GSE81538,GSM2155858,T301
t301,GSE234171,GSM7451143,T30.1,GSE81540,GSM2155858,T301
t301,GSE234185,GSM7451143,T30.1,GSE81538,GSM2155858,T301
t301,GSE234185,GSM7451143,T30.1,GSE81540,GSM2155858,T301
t302,GSE234171,GSM7451144,T30.2,GSE81538,GSM2155859,T302
t302,GSE234171,GSM7451144,T30.2,GSE81540,GSM2155859,T302
t302,GSE234185,GSM7451144,T30.2,GSE81538,GSM2155859,T302
t302,GSE234185,GSM7451144,T30.2,GSE81540,GSM2155859,T302
t31,GSE23720,GSM585330,T31,GSE81538,GSM2155588,T31
t31,GSE23720,GSM585330,T31,GSE81540,GSM2155588,T31
t32,GSE23720,GSM585331,T32,GSE81538,GSM2155589,T32
t32,GSE23720,GSM585331,T32,GSE81540,GSM2155589,T32
t33,GSE23720,GSM585332,T33,GSE81538,GSM2155590,T33
t33,GSE23720,GSM585332,T33,GSE81540,GSM2155590,T33
t34,GSE23720,GSM585333,T34,GSE81538,GSM2155591,T34
t34,GSE23720,GSM585333,T34,GSE81540,GSM2155591,T34
t35,GSE23720,GSM585334,T35,GSE81538,GSM2155592,T35
t35,GSE23720,GSM585334,T35,GSE81540,GSM2155592,T35
t36,GSE23720,GSM585335,T36,GSE81538,GSM2155593,T36
t36,GSE23720,GSM585335,T36,GSE81540,GSM2155593,T36
t37,GSE23720,GSM585336,T37,GSE81538,GSM2155594,T37
t37,GSE23720,GSM585336,T37,GSE81540,GSM2155594,T37
t38,GSE23720,GSM585337,T38,GSE81538,GSM2155595,T38
t38,GSE23720,GSM585337,T38,GSE81540,GSM2155595,T38
t39,GSE23720,GSM585338,T39,GSE81538,GSM2155596,T39
t39,GSE23720,GSM585338,T39,GSE81540,GSM2155596,T39
t40,GSE23720,GSM585339,T40,GSE81538,GSM2155597,T40
t40,GSE23720,GSM585339,T40,GSE81540,GSM2155597,T40
t41,GSE23720,GSM585340,T41,GSE81538,GSM2155598,T41
t41,GSE23720,GSM585340,T41,GSE81540,GSM2155598,T41
t42,GSE23720,GSM585341,T42,GSE81538,GSM2155599,T42
t42,GSE23720,GSM585341,T42,GSE81540,GSM2155599,T42
t43,GSE23720,GSM585342,T43,GSE81538,GSM2155600,T43
t43,GSE23720,GSM585342,T43,GSE81540,GSM2155600,T43
t44,GSE23720,GSM585343,T44,GSE81538,GSM2155601,T44
t44,GSE23720,GSM585343,T44,GSE81540,GSM2155601,T44
t45,GSE23720,GSM585344,T45,GSE81538,GSM2155602,T45
t45,GSE23720,GSM585344,T45,GSE81540,GSM2155602,T45
t46,GSE23720,GSM585345,T46,GSE81538,GSM2155603,T46
t46,GSE23720,GSM585345,T46,GSE81540,GSM2155603,T46
t47,GSE23720,GSM585346,T47,GSE81538,GSM2155604,T47
t47,GSE23720,GSM585346,T47,GSE81540,GSM2155604,T47
t48,GSE23720,GSM585347,T48,GSE81538,GSM2155605,T48
t48,GSE23720,GSM585347,T48,GSE81540,GSM2155605,T48
t49,GSE23720,GSM585348,T49,GSE81538,GSM2155606,T49
t49,GSE23720,GSM585348,T49,GSE81540,GSM2155606,T49
t50,GSE23720,GSM585349,T50,GSE81538,GSM2155607,T50
t50,GSE23720,GSM585349,T50,GSE81540,GSM2155607,T50
t51,GSE23720,GSM585350,T51,GSE81538,GSM2155608,T51
t51,GSE23720,GSM585350,T51,GSE81540,GSM2155608,T51
t52,GSE23720,GSM585351,T52,GSE81538,GSM2155609,T52
t52,GSE23720,GSM585351,T52,GSE81540,GSM2155609,T52
t53,GSE23720,GSM585352,T53,GSE81538,GSM2155610,T53
t53,GSE23720,GSM585352,T53,GSE81540,GSM2155610,T53
t54,GSE23720,GSM585353,T54,GSE81538,GSM2155611,T54
t54,GSE23720,GSM585353,T54,GSE81540,GSM2155611,T54
t55,GSE23720,GSM585354,T55,GSE81538,GSM2155612,T55
t55,GSE23720,GSM585354,T55,GSE81540,GSM2155612,T55
t56,GSE23720,GSM585355,T56,GSE81538,GSM2155613,T56
t56,GSE23720,GSM585355,T56,GSE81540,GSM2155613,T56
t57,GSE23720,GSM585356,T57,GSE81538,GSM2155614,T57
t57,GSE23720,GSM585356,T57,GSE81540,GSM2155614,T57
t58,GSE23720,GSM585357,T58,GSE81538,GSM2155615,T58
t58,GSE23720,GSM585357,T58,GSE81540,GSM2155615,T58
t59,GSE23720,GSM585358,T59,GSE81538,GSM2155616,T59
t59,GSE23720,GSM585358,T59,GSE81540,GSM2155616,T59
t60,GSE23720,GSM585359,T60,GSE81538,GSM2155617,T60
t60,GSE23720,GSM585359,T60,GSE81540,GSM2155617,T60
t61,GSE23720,GSM585360,T61,GSE334033,GSM9815326,T61
t61,GSE23720,GSM585360,T61,GSE81538,GSM2155618,T61
t61,GSE23720,GSM585360,T61,GSE81540,GSM2155618,T61
t61,GSE334033,GSM9815326,T61,GSE81538,GSM2155618,T61
t61,GSE334033,GSM9815326,T61,GSE81540,GSM2155618,T61
t62,GSE23720,GSM585361,T62,GSE81538,GSM2155619,T62
t62,GSE23720,GSM585361,T62,GSE81540,GSM2155619,T62
t63,GSE23720,GSM585362,T63,GSE81538,GSM2155620,T63
t63,GSE23720,GSM585362,T63,GSE81540,GSM2155620,T63
t64,GSE23720,GSM585363,T64,GSE81538,GSM2155621,T64
t64,GSE23720,GSM585363,T64,GSE81540,GSM2155621,T64
t65,GSE23720,GSM585364,T65,GSE81538,GSM2155622,T65
t65,GSE23720,GSM585364,T65,GSE81540,GSM2155622,T65
t66,GSE23720,GSM585365,T66,GSE81538,GSM2155623,T66
t66,GSE23720,GSM585365,T66,GSE81540,GSM2155623,T66
t67,GSE23720,GSM585366,T67,GSE81538,GSM2155624,T67
t67,GSE23720,GSM585366,T67,GSE81540,GSM2155624,T67
t68,GSE23720,GSM585367,T68,GSE81538,GSM2155625,T68
t68,GSE23720,GSM585367,T68,GSE81540,GSM2155625,T68
t69,GSE23720,GSM585368,T69,GSE81538,GSM2155626,T69
t69,GSE23720,GSM585368,T69,GSE81540,GSM2155626,T69
t70,GSE23720,GSM585369,T70,GSE81538,GSM2155627,T70
t70,GSE23720,GSM585369,T70,GSE81540,GSM2155627,T70
t71,GSE23720,GSM585370,T71,GSE81538,GSM2155628,T71
t71,GSE23720,GSM585370,T71,GSE81540,GSM2155628,T71
t72,GSE23720,GSM585371,T72,GSE81538,GSM2155629,T72
t72,GSE23720,GSM585371,T72,GSE81540,GSM2155629,T72
t73,GSE23720,GSM585372,T73,GSE81538,GSM2155630,T73
t73,GSE23720,GSM585372,T73,GSE81540,GSM2155630,T73
t74,GSE23720,GSM585373,T74,GSE81538,GSM2155631,T74
t74,GSE23720,GSM585373,T74,GSE81540,GSM2155631,T74
t75,GSE23720,GSM585374,T75,GSE81538,GSM2155632,T75
t75,GSE23720,GSM585374,T75,GSE81540,GSM2155632,T75
t76,GSE23720,GSM585375,T76,GSE81538,GSM2155633,T76
t76,GSE23720,GSM585375,T76,GSE81540,GSM2155633,T76
t77,GSE23720,GSM585376,T77,GSE81538,GSM2155634,T77
t77,GSE23720,GSM585376,T77,GSE81540,GSM2155634,T77
t78,GSE23720,GSM585377,T78,GSE81538,GSM2155635,T78
t78,GSE23720,GSM585377,T78,GSE81540,GSM2155635,T78
t79,GSE23720,GSM585378,T79,GSE81538,GSM2155636,T79
t79,GSE23720,GSM585378,T79,GSE81540,GSM2155636,T79
t80,GSE23720,GSM585379,T80,GSE81538,GSM2155637,T80
t80,GSE23720,GSM585379,T80,GSE81540,GSM2155637,T80
t81,GSE23720,GSM585380,T81,GSE81538,GSM2155638,T81
t81,GSE23720,GSM585380,T81,GSE81540,GSM2155638,T81
t82,GSE23720,GSM585381,T82,GSE81538,GSM2155639,T82
t82,GSE23720,GSM585381,T82,GSE81540,GSM2155639,T82
t83,GSE23720,GSM585382,T83,GSE81538,GSM2155640,T83
t83,GSE23720,GSM585382,T83,GSE81540,GSM2155640,T83
t84,GSE23720,GSM585383,T84,GSE81538,GSM2155641,T84
t84,GSE23720,GSM585383,T84,GSE81540,GSM2155641,T84
t85,GSE23720,GSM585384,T85,GSE81538,GSM2155642,T85
t85,GSE23720,GSM585384,T85,GSE81540,GSM2155642,T85
t86,GSE23720,GSM585385,T86,GSE81538,GSM2155643,T86
t86,GSE23720,GSM585385,T86,GSE81540,GSM2155643,T86
t87,GSE23720,GSM585386,T87,GSE81538,GSM2155644,T87
t87,GSE23720,GSM585386,T87,GSE81540,GSM2155644,T87
t88,GSE23720,GSM585387,T88,GSE81538,GSM2155645,T88
t88,GSE23720,GSM585387,T88,GSE81540,GSM2155645,T88
t89,GSE23720,GSM585388,T89,GSE81538,GSM2155646,T89
t89,GSE23720,GSM585388,T89,GSE81540,GSM2155646,T89
t90,GSE23720,GSM585389,T90,GSE81538,GSM2155647,T90
t90,GSE23720,GSM585389,T90,GSE81540,GSM2155647,T90
t91,GSE23720,GSM585390,T91,GSE81538,GSM2155648,T91
t91,GSE23720,GSM585390,T91,GSE81540,GSM2155648,T91
t92,GSE23720,GSM585391,T92,GSE81538,GSM2155649,T92
t92,GSE23720,GSM585391,T92,GSE81540,GSM2155649,T92
t93,GSE23720,GSM585392,T93,GSE81538,GSM2155650,T93
t93,GSE23720,GSM585392,T93,GSE81540,GSM2155650,T93
t94,GSE23720,GSM585393,T94,GSE81538,GSM2155651,T94
t94,GSE23720,GSM585393,T94,GSE81540,GSM2155651,T94
t95,GSE23720,GSM585394,T95,GSE81538,GSM2155652,T95
t95,GSE23720,GSM585394,T95,GSE81540,GSM2155652,T95
t96,GSE23720,GSM585395,T96,GSE81538,GSM2155653,T96
t96,GSE23720,GSM585395,T96,GSE81540,GSM2155653,T96
t97,GSE23720,GSM585396,T97,GSE81538,GSM2155654,T97
t97,GSE23720,GSM585396,T97,GSE81540,GSM2155654,T97
t98,GSE23720,GSM585397,T98,GSE81538,GSM2155655,T98
t98,GSE23720,GSM585397,T98,GSE81540,GSM2155655,T98
t98g,GSE224941,GSM7035968,T98G,GSE72955,GSM1875299,T98G
t98g,GSE224942,GSM7035968,T98G,GSE72955,GSM1875299,T98G
t99,GSE23720,GSM585398,T99,GSE81538,GSM2155656,T99
t99,GSE23720,GSM585398,T99,GSE81540,GSM2155656,T99
tn01,GSE43358,GSM1060950,TN-01,GSE86946,GSM2310729,TN01
tn01,GSE43358,GSM1060950,TN-01,GSE86948,GSM2310729,TN01
tn10,GSE206912,GSM6266769,TN_10,GSE46581,GSM1132797,TN10
tn10,GSE206912,GSM6266769,TN_10,GSE86946,GSM2310736,TN10
tn10,GSE206912,GSM6266769,TN_10,GSE86948,GSM2310736,TN10
tn10,GSE206912,GSM6266769,TN_10,GSE87007,GSM2318797,TN10
tn10,GSE206912,GSM6266769,TN_10,GSE87008,GSM2318797,TN10
tn10,GSE46581,GSM1132797,TN10,GSE86946,GSM2310736,TN10
tn10,GSE46581,GSM1132797,TN10,GSE86948,GSM2310736,TN10
tn10,GSE46581,GSM1132797,TN10,GSE87007,GSM2318797,TN10
tn10,GSE46581,GSM1132797,TN10,GSE87008,GSM2318797,TN10
tn10,GSE86946,GSM2310736,TN10,GSE87007,GSM2318797,TN10
tn10,GSE86946,GSM2310736,TN10,GSE87008,GSM2318797,TN10
tn10,GSE86948,GSM2310736,TN10,GSE87007,GSM2318797,TN10
tn10,GSE86948,GSM2310736,TN10,GSE87008,GSM2318797,TN10
tn11,GSE206912,GSM6266775,TN_11,GSE46581,GSM1132822,TN11
tn11,GSE206912,GSM6266775,TN_11,GSE86946,GSM2310737,TN11
tn11,GSE206912,GSM6266775,TN_11,GSE86948,GSM2310737,TN11
tn11,GSE46581,GSM1132822,TN11,GSE86946,GSM2310737,TN11
tn11,GSE46581,GSM1132822,TN11,GSE86948,GSM2310737,TN11
tn12,GSE206912,GSM6266791,TN_12,GSE46581,GSM1132823,TN12
tn13,GSE206912,GSM6266770,TN_13,GSE46581,GSM1132813,TN13
tn13,GSE206912,GSM6266770,TN_13,GSE86946,GSM2310738,TN13
tn13,GSE206912,GSM6266770,TN_13,GSE86948,GSM2310738,TN13
tn13,GSE46581,GSM1132813,TN13,GSE86946,GSM2310738,TN13
tn13,GSE46581,GSM1132813,TN13,GSE86948,GSM2310738,TN13
tn14,GSE206912,GSM6266790,TN_14,GSE46581,GSM1132796,TN14
tn14,GSE206912,GSM6266790,TN_14,GSE86946,GSM2310739,TN14
tn14,GSE206912,GSM6266790,TN_14,GSE86948,GSM2310739,TN14
tn14,GSE46581,GSM1132796,TN14,GSE86946,GSM2310739,TN14
tn14,GSE46581,GSM1132796,TN14,GSE86948,GSM2310739,TN14
tn15,GSE206912,GSM6266776,TN_15,GSE43358,GSM1060951,TN-15
tn15,GSE206912,GSM6266776,TN_15,GSE46581,GSM1132818,TN15
tn15,GSE43358,GSM1060951,TN-15,GSE46581,GSM1132818,TN15
tn16,GSE206912,GSM6266789,TN_16,GSE43358,GSM1060952,TN-16
tn16,GSE206912,GSM6266789,TN_16,GSE46581,GSM1132805,TN16
tn16,GSE206912,GSM6266789,TN_16,GSE86946,GSM2310740,TN16
tn16,GSE206912,GSM6266789,TN_16,GSE86948,GSM2310740,TN16
tn16,GSE43358,GSM1060952,TN-16,GSE46581,GSM1132805,TN16
tn16,GSE43358,GSM1060952,TN-16,GSE86946,GSM2310740,TN16
tn16,GSE43358,GSM1060952,TN-16,GSE86948,GSM2310740,TN16
tn16,GSE46581,GSM1132805,TN16,GSE86946,GSM2310740,TN16
tn16,GSE46581,GSM1132805,TN16,GSE86948,GSM2310740,TN16
tn17,GSE206912,GSM6266786,TN_17,GSE43358,GSM1060953,TN-17
tn17,GSE206912,GSM6266786,TN_17,GSE46581,GSM1132820,TN17
tn17,GSE206912,GSM6266786,TN_17,GSE86946,GSM2310741,TN17
tn17,GSE206912,GSM6266786,TN_17,GSE86948,GSM2310741,TN17
tn17,GSE43358,GSM1060953,TN-17,GSE46581,GSM1132820,TN17
tn17,GSE43358,GSM1060953,TN-17,GSE86946,GSM2310741,TN17
tn17,GSE43358,GSM1060953,TN-17,GSE86948,GSM2310741,TN17
tn17,GSE46581,GSM1132820,TN17,GSE86946,GSM2310741,TN17
tn17,GSE46581,GSM1132820,TN17,GSE86948,GSM2310741,TN17
tn18,GSE206912,GSM6266781,TN_18,GSE43358,GSM1060954,TN-18
tn18,GSE206912,GSM6266781,TN_18,GSE46581,GSM1132824,TN18
tn18,GSE206912,GSM6266781,TN_18,GSE86946,GSM2310742,TN18
tn18,GSE206912,GSM6266781,TN_18,GSE86948,GSM2310742,TN18
tn18,GSE43358,GSM1060954,TN-18,GSE46581,GSM1132824,TN18
tn18,GSE43358,GSM1060954,TN-18,GSE86946,GSM2310742,TN18
tn18,GSE43358,GSM1060954,TN-18,GSE86948,GSM2310742,TN18
tn18,GSE46581,GSM1132824,TN18,GSE86946,GSM2310742,TN18
tn18,GSE46581,GSM1132824,TN18,GSE86948,GSM2310742,TN18
tn19,GSE206912,GSM6266782,TN_19,GSE43358,GSM1060955,TN-19
tn19,GSE206912,GSM6266782,TN_19,GSE46581,GSM1132825,TN19
tn19,GSE206912,GSM6266782,TN_19,GSE86946,GSM2310743,TN19
tn19,GSE206912,GSM6266782,TN_19,GSE86948,GSM2310743,TN19
tn19,GSE43358,GSM1060955,TN-19,GSE46581,GSM1132825,TN19
tn19,GSE43358,GSM1060955,TN-19,GSE86946,GSM2310743,TN19
tn19,GSE43358,GSM1060955,TN-19,GSE86948,GSM2310743,TN19
tn19,GSE46581,GSM1132825,TN19,GSE86946,GSM2310743,TN19
tn19,GSE46581,GSM1132825,TN19,GSE86948,GSM2310743,TN19
tn20,GSE206912,GSM6266777,TN_20,GSE43358,GSM1060957,TN-20
tn20,GSE206912,GSM6266777,TN_20,GSE46581,GSM1132826,TN20
tn20,GSE206912,GSM6266777,TN_20,GSE86946,GSM2310744,TN20
tn20,GSE206912,GSM6266777,TN_20,GSE86948,GSM2310744,TN20
tn20,GSE43358,GSM1060957,TN-20,GSE46581,GSM1132826,TN20
tn20,GSE43358,GSM1060957,TN-20,GSE86946,GSM2310744,TN20
tn20,GSE43358,GSM1060957,TN-20,GSE86948,GSM2310744,TN20
tn20,GSE46581,GSM1132826,TN20,GSE86946,GSM2310744,TN20
tn20,GSE46581,GSM1132826,TN20,GSE86948,GSM2310744,TN20
tn21,GSE206912,GSM6266778,TN_21,GSE43358,GSM1060958,TN-21
tn21,GSE206912,GSM6266778,TN_21,GSE46581,GSM1132808,TN21
tn21,GSE43358,GSM1060958,TN-21,GSE46581,GSM1132808,TN21
tn22,GSE206912,GSM6266783,TN_22,GSE43358,GSM1060959,TN-22
tn22,GSE206912,GSM6266783,TN_22,GSE46581,GSM1132794,TN22
tn22,GSE206912,GSM6266783,TN_22,GSE86946,GSM2310745,TN22
tn22,GSE206912,GSM6266783,TN_22,GSE86948,GSM2310745,TN22
tn22,GSE43358,GSM1060959,TN-22,GSE46581,GSM1132794,TN22
tn22,GSE43358,GSM1060959,TN-22,GSE86946,GSM2310745,TN22
tn22,GSE43358,GSM1060959,TN-22,GSE86948,GSM2310745,TN22
tn22,GSE46581,GSM1132794,TN22,GSE86946,GSM2310745,TN22
tn22,GSE46581,GSM1132794,TN22,GSE86948,GSM2310745,TN22
tn23,GSE206912,GSM6266771,TN_23,GSE43358,GSM1060960,TN-23
tn23,GSE206912,GSM6266771,TN_23,GSE46581,GSM1132787,TN23
tn23,GSE206912,GSM6266771,TN_23,GSE86946,GSM2310746,TN23
tn23,GSE206912,GSM6266771,TN_23,GSE86948,GSM2310746,TN23
tn23,GSE43358,GSM1060960,TN-23,GSE46581,GSM1132787,TN23
tn23,GSE43358,GSM1060960,TN-23,GSE86946,GSM2310746,TN23
tn23,GSE43358,GSM1060960,TN-23,GSE86948,GSM2310746,TN23
tn23,GSE46581,GSM1132787,TN23,GSE86946,GSM2310746,TN23
tn23,GSE46581,GSM1132787,TN23,GSE86948,GSM2310746,TN23
tn24,GSE206912,GSM6266779,TN_24,GSE43358,GSM1060961,TN-24
tn24,GSE206912,GSM6266779,TN_24,GSE86946,GSM2310747,TN24
tn24,GSE206912,GSM6266779,TN_24,GSE86948,GSM2310747,TN24
tn24,GSE43358,GSM1060961,TN-24,GSE86946,GSM2310747,TN24
tn24,GSE43358,GSM1060961,TN-24,GSE86948,GSM2310747,TN24
tn25,GSE206912,GSM6266796,TN_25,GSE43358,GSM1060962,TN-25
tn25,GSE206912,GSM6266796,TN_25,GSE46581,GSM1132827,TN25
tn25,GSE43358,GSM1060962,TN-25,GSE46581,GSM1132827,TN25
tn26,GSE206912,GSM6266772,TN_26,GSE43358,GSM1060963,TN-26
tn26,GSE206912,GSM6266772,TN_26,GSE46581,GSM1132790,TN26
tn26,GSE206912,GSM6266772,TN_26,GSE86946,GSM2310748,TN26
tn26,GSE206912,GSM6266772,TN_26,GSE86948,GSM2310748,TN26
tn26,GSE43358,GSM1060963,TN-26,GSE46581,GSM1132790,TN26
tn26,GSE43358,GSM1060963,TN-26,GSE86946,GSM2310748,TN26
tn26,GSE43358,GSM1060963,TN-26,GSE86948,GSM2310748,TN26
tn26,GSE46581,GSM1132790,TN26,GSE86946,GSM2310748,TN26
tn26,GSE46581,GSM1132790,TN26,GSE86948,GSM2310748,TN26
tn27,GSE206912,GSM6266795,TN_27,GSE46581,GSM1132811,TN27
tn28,GSE206912,GSM6266773,TN_28,GSE43358,GSM1060964,TN-28
tn29,GSE206912,GSM6266794,TN_29,GSE46581,GSM1132828,TN29
tn29,GSE206912,GSM6266794,TN_29,GSE86946,GSM2310749,TN29
tn29,GSE206912,GSM6266794,TN_29,GSE86948,GSM2310749,TN29
tn29,GSE46581,GSM1132828,TN29,GSE86946,GSM2310749,TN29
tn29,GSE46581,GSM1132828,TN29,GSE86948,GSM2310749,TN29
tn30,GSE46581,GSM1132802,TN30,GSE86946,GSM2310750,TN30
tn30,GSE46581,GSM1132802,TN30,GSE86948,GSM2310750,TN30
tn32,GSE46581,GSM1132829,TN32,GSE86946,GSM2310751,TN32
tn32,GSE46581,GSM1132829,TN32,GSE86948,GSM2310751,TN32
tn36,GSE46581,GSM1132830,TN36,GSE86946,GSM2310752,TN36
tn36,GSE46581,GSM1132830,TN36,GSE86948,GSM2310752,TN36
tn39,GSE46581,GSM1132809,TN39,GSE86946,GSM2310754,TN39
tn39,GSE46581,GSM1132809,TN39,GSE86948,GSM2310754,TN39
tn42,GSE46581,GSM1132788,TN42,GSE86946,GSM2310756,TN42
tn42,GSE46581,GSM1132788,TN42,GSE86948,GSM2310756,TN42
tn45,GSE46581,GSM1132803,TN45,GSE86946,GSM2310757,TN45
tn45,GSE46581,GSM1132803,TN45,GSE86948,GSM2310757,TN45
tn46,GSE206912,GSM6266780,TN_46,GSE46581,GSM1132799,TN46
tn47,GSE206912,GSM6266787,TN_47,GSE46581,GSM1132815,TN47
tn47,GSE206912,GSM6266787,TN_47,GSE86946,GSM2310758,TN47
tn47,GSE206912,GSM6266787,TN_47,GSE86948,GSM2310758,TN47
tn47,GSE46581,GSM1132815,TN47,GSE86946,GSM2310758,TN47
tn47,GSE46581,GSM1132815,TN47,GSE86948,GSM2310758,TN47
tn53,GSE46581,GSM1132831,TN53,GSE86946,GSM2310764,TN53
tn53,GSE46581,GSM1132831,TN53,GSE86948,GSM2310764,TN53
tn54,GSE46581,GSM1132832,TN54,GSE86946,GSM2310765,TN54
tn54,GSE46581,GSM1132832,TN54,GSE86948,GSM2310765,TN54
tn60,GSE46581,GSM1132810,TN60,GSE86946,GSM2310769,TN60
tn60,GSE46581,GSM1132810,TN60,GSE86948,GSM2310769,TN60
tn66,GSE46581,GSM1132834,TN66,GSE86946,GSM2310773,TN66
tn66,GSE46581,GSM1132834,TN66,GSE86948,GSM2310773,TN66
tn68,GSE46581,GSM1132800,TN68,GSE86946,GSM2310774,TN68
tn68,GSE46581,GSM1132800,TN68,GSE86948,GSM2310774,TN68
tn70,GSE46581,GSM1132758,TN70,GSE86946,GSM2310775,TN70
tn70,GSE46581,GSM1132758,TN70,GSE86948,GSM2310775,TN70
tn73,GSE46581,GSM1132762,TN73,GSE86946,GSM2310776,TN73
tn73,GSE46581,GSM1132762,TN73,GSE86948,GSM2310776,TN73
tn76,GSE46581,GSM1132759,TN76,GSE86946,GSM2310778,TN76
tn76,GSE46581,GSM1132759,TN76,GSE86948,GSM2310778,TN76
tn80,GSE46581,GSM1132835,TN80,GSE86946,GSM2310781,TN80
tn80,GSE46581,GSM1132835,TN80,GSE86948,GSM2310781,TN80
tn81,GSE46581,GSM1132836,TN81,GSE86946,GSM2310782,TN81
tn81,GSE46581,GSM1132836,TN81,GSE86948,GSM2310782,TN81
tn83,GSE46581,GSM1132838,TN83,GSE86946,GSM2310783,TN83
tn83,GSE46581,GSM1132838,TN83,GSE86948,GSM2310783,TN83
tn85,GSE46581,GSM1132839,TN85,GSE86946,GSM2310784,TN85
tn85,GSE46581,GSM1132839,TN85,GSE86948,GSM2310784,TN85
tnbc10,GSE167213,GSM5099613,TNBC_10,GSE173991,GSM5284238,TNBC10
tnbc10,GSE167213,GSM5099613,TNBC_10,GSE190275,GSM5719012,TNBC_10
tnbc10,GSE167213,GSM5099613,TNBC_10,GSE94899,GSM2491650,TNBC10
tnbc10,GSE173991,GSM5284238,TNBC10,GSE190275,GSM5719012,TNBC_10
tnbc10,GSE173991,GSM5284238,TNBC10,GSE94899,GSM2491650,TNBC10
tnbc10,GSE190275,GSM5719012,TNBC_10,GSE94899,GSM2491650,TNBC10
tnbc11,GSE167213,GSM5099614,TNBC_11,GSE173991,GSM5284240,TNBC11
tnbc11,GSE167213,GSM5099614,TNBC_11,GSE190275,GSM5719013,TNBC_11
tnbc11,GSE167213,GSM5099614,TNBC_11,GSE94899,GSM2491651,TNBC11
tnbc11,GSE173991,GSM5284240,TNBC11,GSE190275,GSM5719013,TNBC_11
tnbc11,GSE173991,GSM5284240,TNBC11,GSE94899,GSM2491651,TNBC11
tnbc11,GSE190275,GSM5719013,TNBC_11,GSE94899,GSM2491651,TNBC11
tnbc12,GSE167213,GSM5099615,TNBC_12,GSE173991,GSM5284242,TNBC12
tnbc12,GSE167213,GSM5099615,TNBC_12,GSE190275,GSM5719014,TNBC_12
tnbc12,GSE167213,GSM5099615,TNBC_12,GSE94899,GSM2491652,TNBC12
tnbc12,GSE173991,GSM5284242,TNBC12,GSE190275,GSM5719014,TNBC_12
tnbc12,GSE173991,GSM5284242,TNBC12,GSE94899,GSM2491652,TNBC12
tnbc12,GSE190275,GSM5719014,TNBC_12,GSE94899,GSM2491652,TNBC12
tnbc13,GSE167213,GSM5099616,TNBC_13,GSE173991,GSM5284241,TNBC13
tnbc13,GSE167213,GSM5099616,TNBC_13,GSE190275,GSM5719015,TNBC_13
tnbc13,GSE167213,GSM5099616,TNBC_13,GSE94899,GSM2491653,TNBC13
tnbc13,GSE173991,GSM5284241,TNBC13,GSE190275,GSM5719015,TNBC_13
tnbc13,GSE173991,GSM5284241,TNBC13,GSE94899,GSM2491653,TNBC13
tnbc13,GSE190275,GSM5719015,TNBC_13,GSE94899,GSM2491653,TNBC13
tnbc14,GSE167213,GSM5099617,TNBC_14,GSE173991,GSM5284247,TNBC14
tnbc14,GSE167213,GSM5099617,TNBC_14,GSE190275,GSM5719016,TNBC_14
tnbc14,GSE167213,GSM5099617,TNBC_14,GSE94899,GSM2491654,TNBC14
tnbc14,GSE173991,GSM5284247,TNBC14,GSE190275,GSM5719016,TNBC_14
tnbc14,GSE173991,GSM5284247,TNBC14,GSE94899,GSM2491654,TNBC14
tnbc14,GSE190275,GSM5719016,TNBC_14,GSE94899,GSM2491654,TNBC14
tnbc15,GSE167213,GSM5099618,TNBC_15,GSE173991,GSM5284250,TNBC15
tnbc15,GSE167213,GSM5099618,TNBC_15,GSE190275,GSM5719017,TNBC_15
tnbc15,GSE173991,GSM5284250,TNBC15,GSE190275,GSM5719017,TNBC_15
tnbc16,GSE167213,GSM5099619,TNBC_16,GSE190275,GSM5719018,TNBC_16
tnbc17,GSE167213,GSM5099620,TNBC_17,GSE190275,GSM5719019,TNBC_17
tnbc18,GSE167213,GSM5099621,TNBC_18,GSE190275,GSM5719020,TNBC_18
tnbc19,GSE167213,GSM5099622,TNBC_19,GSE190275,GSM5719021,TNBC_19
tnbc20,GSE167213,GSM5099623,TNBC_20,GSE190275,GSM5719022,TNBC_20
tnbc21,GSE167213,GSM5099624,TNBC_21,GSE190275,GSM5719023,TNBC_21
tnbc22,GSE167213,GSM5099625,TNBC_22,GSE190275,GSM5719024,TNBC_22
tnbc23,GSE167213,GSM5099626,TNBC_23,GSE190275,GSM5719025,TNBC_23
tnbc24,GSE167213,GSM5099627,TNBC_24,GSE190275,GSM5719026,TNBC_24
tnbc25,GSE167213,GSM5099628,TNBC_25,GSE190275,GSM5719027,TNBC_25
tnbc26,GSE167213,GSM5099629,TNBC_26,GSE190275,GSM5719028,TNBC_26
tnbc27,GSE167213,GSM5099630,TNBC_27,GSE190275,GSM5719029,TNBC_27
tnbc28,GSE167213,GSM5099631,TNBC_28,GSE190275,GSM5719030,TNBC_28
tnbc29,GSE167213,GSM5099632,TNBC_29,GSE190275,GSM5719031,TNBC_29
tnbc30,GSE167213,GSM5099633,TNBC_30,GSE190275,GSM5719032,TNBC_30
tnbc31,GSE167213,GSM5099634,TNBC_31,GSE190275,GSM5719033,TNBC_31
tnbc32,GSE167213,GSM5099635,TNBC_32,GSE190275,GSM5719034,TNBC_32
tnbc33,GSE167213,GSM5099636,TNBC_33,GSE190275,GSM5719035,TNBC_33
tnbc34,GSE167213,GSM5099637,TNBC_34,GSE190275,GSM5719036,TNBC_34
tnbc35,GSE167213,GSM5099638,TNBC_35,GSE190275,GSM5719037,TNBC_35
tnbc36,GSE167213,GSM5099639,TNBC_36,GSE190275,GSM5719038,TNBC_36
tnbc37,GSE167213,GSM5099640,TNBC_37,GSE190275,GSM5719039,TNBC_37
tnbc38,GSE167213,GSM5099641,TNBC_38,GSE190275,GSM5719040,TNBC_38
tnbc39,GSE167213,GSM5099642,TNBC_39,GSE190275,GSM5719041,TNBC_39
tnbc40,GSE167213,GSM5099643,TNBC_40,GSE190275,GSM5719042,TNBC_40
tnbc41,GSE167213,GSM5099644,TNBC_41,GSE190275,GSM5719043,TNBC_41
tnbc42,GSE167213,GSM5099645,TNBC_42,GSE190275,GSM5719044,TNBC_42
tnbc43,GSE167213,GSM5099646,TNBC_43,GSE190275,GSM5719045,TNBC_43
tnbc44,GSE167213,GSM5099647,TNBC_44,GSE190275,GSM5719046,TNBC_44
tnbc45,GSE167213,GSM5099648,TNBC_45,GSE190275,GSM5719047,TNBC_45
tnbc46,GSE167213,GSM5099649,TNBC_46,GSE190275,GSM5719048,TNBC_46
tnbc47,GSE167213,GSM5099650,TNBC_47,GSE190275,GSM5719049,TNBC_47
tnbc48,GSE167213,GSM5099651,TNBC_48,GSE190275,GSM5719050,TNBC_48
tnbc49,GSE167213,GSM5099652,TNBC_49,GSE190275,GSM5719051,TNBC_49
tnbc50,GSE167213,GSM5099653,TNBC_50,GSE190275,GSM5719052,TNBC_50
tnbc51,GSE167213,GSM5099654,TNBC_51,GSE190275,GSM5719053,TNBC_51
tnbc52,GSE167213,GSM5099655,TNBC_52,GSE190275,GSM5719054,TNBC_52
tnbc53,GSE167213,GSM5099656,TNBC_53,GSE190275,GSM5719055,TNBC_53
tnbc54,GSE167213,GSM5099657,TNBC_54,GSE190275,GSM5719056,TNBC_54
tnbc55,GSE167213,GSM5099658,TNBC_55,GSE190275,GSM5719057,TNBC_55
tnbc56,GSE167213,GSM5099659,TNBC_56,GSE190275,GSM5719058,TNBC_56
tnbc57,GSE167213,GSM5099660,TNBC_57,GSE190275,GSM5719059,TNBC_57
tnbc58,GSE167213,GSM5099661,TNBC_58,GSE190275,GSM5719060,TNBC_58
tnbc59,GSE167213,GSM5099662,TNBC_59,GSE190275,GSM5719061,TNBC_59
tnbc60,GSE167213,GSM5099663,TNBC_60,GSE190275,GSM5719062,TNBC_60
uacc3199,GSE152908,GSM4629446,UACC3199,GSE206324,GSM6250667,UACC3199
uacc3199,GSE152908,GSM4629446,UACC3199,GSE73526,GSM1897351,UACC3199
uacc3199,GSE206324,GSM6250667,UACC3199,GSE73526,GSM1897351,UACC3199
uacc812,GSE119678,GSM3380716,UACC-812,GSE152908,GSM4629445,UACC-812
uacc812,GSE119678,GSM3380716,UACC-812,GSE16732,GSM419292,UACC812
uacc812,GSE119678,GSM3380716,UACC-812,GSE16795,GSM421895,UACC812
uacc812,GSE119678,GSM3380716,UACC-812,GSE21217,GSM530553,UACC812
uacc812,GSE119678,GSM3380716,UACC-812,GSE28866,GSM984234,UACC-812
uacc812,GSE119678,GSM3380716,UACC-812,GSE41119,GSM1008920,UACC812
uacc812,GSE119678,GSM3380716,UACC-812,GSE73526,GSM1897352,UACC812
uacc812,GSE152908,GSM4629445,UACC-812,GSE16732,GSM419292,UACC812
uacc812,GSE152908,GSM4629445,UACC-812,GSE16795,GSM421895,UACC812
uacc812,GSE152908,GSM4629445,UACC-812,GSE21217,GSM530553,UACC812
uacc812,GSE152908,GSM4629445,UACC-812,GSE28866,GSM984234,UACC-812
uacc812,GSE152908,GSM4629445,UACC-812,GSE41119,GSM1008920,UACC812
uacc812,GSE152908,GSM4629445,UACC-812,GSE73526,GSM1897352,UACC812
uacc812,GSE16732,GSM419292,UACC812,GSE16795,GSM421895,UACC812
uacc812,GSE16732,GSM419292,UACC812,GSE21217,GSM530553,UACC812
uacc812,GSE16732,GSM419292,UACC812,GSE28866,GSM984234,UACC-812
uacc812,GSE16732,GSM419292,UACC812,GSE41119,GSM1008920,UACC812
uacc812,GSE16732,GSM419292,UACC812,GSE73526,GSM1897352,UACC812
uacc812,GSE16795,GSM421895,UACC812,GSE21217,GSM530553,UACC812
uacc812,GSE16795,GSM421895,UACC812,GSE28866,GSM984234,UACC-812
uacc812,GSE16795,GSM421895,UACC812,GSE41119,GSM1008920,UACC812
uacc812,GSE16795,GSM421895,UACC812,GSE73526,GSM1897352,UACC812
uacc812,GSE21217,GSM530553,UACC812,GSE28866,GSM984234,UACC-812
uacc812,GSE21217,GSM530553,UACC812,GSE41119,GSM1008920,UACC812
uacc812,GSE21217,GSM530553,UACC812,GSE73526,GSM1897352,UACC812
uacc812,GSE28866,GSM984234,UACC-812,GSE41119,GSM1008920,UACC812
uacc812,GSE28866,GSM984234,UACC-812,GSE73526,GSM1897352,UACC812
uacc812,GSE41119,GSM1008920,UACC812,GSE73526,GSM1897352,UACC812
uacc893,GSE152908,GSM4629447,UACC893,GSE16732,GSM419293,UACC893
uacc893,GSE152908,GSM4629447,UACC893,GSE16795,GSM421896,UACC893
uacc893,GSE152908,GSM4629447,UACC893,GSE59242,GSM1431224,UACC893
uacc893,GSE152908,GSM4629447,UACC893,GSE73526,GSM1897353,UACC893
uacc893,GSE16732,GSM419293,UACC893,GSE16795,GSM421896,UACC893
uacc893,GSE16732,GSM419293,UACC893,GSE59242,GSM1431224,UACC893
uacc893,GSE16732,GSM419293,UACC893,GSE73526,GSM1897353,UACC893
uacc893,GSE16795,GSM421896,UACC893,GSE59242,GSM1431224,UACC893
uacc893,GSE16795,GSM421896,UACC893,GSE73526,GSM1897353,UACC893
uacc893,GSE59242,GSM1431224,UACC893,GSE73526,GSM1897353,UACC893
ub62,GSE1992,GSM34500,UB62,GSE20624,GSM517038,UB-62
ub62,GSE20624,GSM517038,UB-62,GSE2607,GSM34500,UB62
ub62,GSE20624,GSM517038,UB-62,GSE2740,GSM34500,UB62
ub62,GSE20624,GSM517038,UB-62,GSE2741,GSM34500,UB62
unc000164b44k,GSE10893,GSM373122,UNC00-0164B-44K,GSE35629,GSM871589,UNC00-0164B-44K
unc000164b44k,GSE18229,GSM373122,UNC00-0164B-44K,GSE35629,GSM871589,UNC00-0164B-44K
unc000164b44k,GSE26338,GSM373122,UNC00-0164B-44K,GSE35629,GSM871589,UNC00-0164B-44K
unc000552b44k,GSE18229,GSM501246,UNC00-0552B-44K,GSE35629,GSM871590,UNC00-0552B-44K
unc020155b,GSE10886,GSM141096,UNC-020155B,GSE35629,GSM870190,UNC-020155B
unc020155b,GSE18229,GSM141096,UNC-020155B,GSE35629,GSM870190,UNC-020155B
unc020155b,GSE26338,GSM141096,UNC-020155B,GSE35629,GSM870190,UNC-020155B
unc020155b,GSE35629,GSM870190,UNC-020155B,GSE6128,GSM141096,UNC-020155B
unc020306b,GSE10884,GSM141099,UNC-020306B,GSE35629,GSM870192,UNC-020306B
unc020306b,GSE10886,GSM141099,UNC-020306B,GSE35629,GSM870192,UNC-020306B
unc020306b,GSE10893,GSM141099,UNC-020306B,GSE35629,GSM870192,UNC-020306B
unc020306b,GSE18229,GSM141099,UNC-020306B,GSE35629,GSM870192,UNC-020306B
unc020306b,GSE20624,GSM141099,UNC-020306B,GSE35629,GSM870192,UNC-020306B
unc020306b,GSE26338,GSM141099,UNC-020306B,GSE35629,GSM870192,UNC-020306B
unc020306b,GSE35629,GSM870192,UNC-020306B,GSE6128,GSM141099,UNC-020306B
unc060121a,GSE16113,GSM402156,UNC06-0121A,GSE22384,GSM555454,UNC060121A
unc060121a,GSE22384,GSM555454,UNC060121A,GSE31589,GSM402156,UNC06-0121A
unc070475a,GSE16113,GSM403072,UNC07-0475A,GSE22384,GSM555492,UNC070475A
unc070475a,GSE22384,GSM555492,UNC070475A,GSE31589,GSM403072,UNC07-0475A
unc990141a,GSE16113,GSM403082,UNC99-0141A,GSE21997,GSM556167,UNC99-0141A
unc990141a,GSE21997,GSM556167,UNC99-0141A,GSE31589,GSM403082,UNC99-0141A
unc990158a,GSE16113,GSM403083,UNC99-0158A,GSE21997,GSM556168,UNC99-0158A
unc990158a,GSE21997,GSM556168,UNC99-0158A,GSE31589,GSM403083,UNC99-0158A
unc990158b44k,GSE10893,GSM373127,UNC99-0158B-44K,GSE35629,GSM871591,UNC99-0158B-44K
unc990158b44k,GSE18229,GSM373127,UNC99-0158B-44K,GSE35629,GSM871591,UNC99-0158B-44K
unc990158b44k,GSE26338,GSM373127,UNC99-0158B-44K,GSE35629,GSM871591,UNC99-0158B-44K
unc990182a,GSE16113,GSM403084,UNC99-0182A,GSE21997,GSM556169,UNC99-0182A
unc990182a,GSE21997,GSM556169,UNC99-0182A,GSE31589,GSM403084,UNC99-0182A
unc990216b44k,GSE10893,GSM373128,UNC99-0216B-44K,GSE35629,GSM871592,UNC99-0216B-44K
unc990216b44k,GSE18229,GSM373128,UNC99-0216B-44K,GSE35629,GSM871592,UNC99-0216B-44K
unc990216b44k,GSE26338,GSM373128,UNC99-0216B-44K,GSE35629,GSM871592,UNC99-0216B-44K
unc990339a,GSE16113,GSM403088,UNC99-0339A,GSE21997,GSM556170,UNC99-0339A
unc990339a,GSE21997,GSM556170,UNC99-0339A,GSE31589,GSM403088,UNC99-0339A
unc990363b44k,GSE10893,GSM373129,UNC99-0363B-44K,GSE35629,GSM871593,UNC99-0363B-44K
unc990363b44k,GSE18229,GSM373129,UNC99-0363B-44K,GSE35629,GSM871593,UNC99-0363B-44K
unc990363b44k,GSE26338,GSM373129,UNC99-0363B-44K,GSE35629,GSM871593,UNC99-0363B-44K
vehiclerep1,GSE168027,GSM5503045,vehicle_rep1,GSE76460,GSM2024873,Vehicle-rep1
vehiclerep1,GSE168027,GSM5503045,vehicle_rep1,GSE85141,GSM2258344,vehicle_rep1
vehiclerep1,GSE181471,GSM5503045,vehicle_rep1,GSE76460,GSM2024873,Vehicle-rep1
vehiclerep1,GSE181471,GSM5503045,vehicle_rep1,GSE85141,GSM2258344,vehicle_rep1
vehiclerep1,GSE76460,GSM2024873,Vehicle-rep1,GSE85141,GSM2258344,vehicle_rep1
vehiclerep2,GSE168027,GSM5503046,vehicle_rep2,GSE76460,GSM2024874,Vehicle-rep2
vehiclerep2,GSE168027,GSM5503046,vehicle_rep2,GSE85141,GSM2258345,vehicle_rep2
vehiclerep2,GSE181471,GSM5503046,vehicle_rep2,GSE76460,GSM2024874,Vehicle-rep2
vehiclerep2,GSE181471,GSM5503046,vehicle_rep2,GSE85141,GSM2258345,vehicle_rep2
vehiclerep2,GSE76460,GSM2024874,Vehicle-rep2,GSE85141,GSM2258345,vehicle_rep2
vehrep1,GSE108308,GSM2895237,Veh_Rep1,GSE139928,GSM4149697,Veh_rep1
vehrep1,GSE108308,GSM2895237,Veh_Rep1,GSE183458,GSM5557942,Veh_rep1
vehrep1,GSE108308,GSM2895237,Veh_Rep1,GSE183459,GSM5557942,Veh_rep1
vehrep1,GSE139928,GSM4149697,Veh_rep1,GSE183458,GSM5557942,Veh_rep1
vehrep1,GSE139928,GSM4149697,Veh_rep1,GSE183459,GSM5557942,Veh_rep1
vehrep2,GSE108308,GSM2895238,Veh_Rep2,GSE139928,GSM4149698,Veh_rep2
vehrep2,GSE108308,GSM2895238,Veh_Rep2,GSE183458,GSM5557943,Veh_rep2
vehrep2,GSE108308,GSM2895238,Veh_Rep2,GSE183459,GSM5557943,Veh_rep2
vehrep2,GSE139928,GSM4149698,Veh_rep2,GSE183458,GSM5557943,Veh_rep2
vehrep2,GSE139928,GSM4149698,Veh_rep2,GSE183459,GSM5557943,Veh_rep2
wtrep1,GSE112365,GSM3068400,WT-rep1,GSE124843,GSM3556954,WT_rep1
wtrep1,GSE112365,GSM3068400,WT-rep1,GSE176304,GSM5362434,WT_Rep1
wtrep1,GSE124843,GSM3556954,WT_rep1,GSE176304,GSM5362434,WT_Rep1
wtrep2,GSE112365,GSM3068401,WT-rep2,GSE124843,GSM3556955,WT_rep2
wtrep2,GSE112365,GSM3068401,WT-rep2,GSE176304,GSM5362435,WT_Rep2
wtrep2,GSE124843,GSM3556955,WT_rep2,GSE176304,GSM5362435,WT_Rep2
wtrep3,GSE112365,GSM3068402,WT-rep3,GSE124843,GSM3556956,WT_rep3
wu0780515726,GSE10886,GSM275908,WU-07805-15726,GSE10893,GSM372557,WU-07805-15726
wu0780515726,GSE10893,GSM372557,WU-07805-15726,GSE18229,GSM275908,WU-07805-15726
wu0780515726,GSE10893,GSM372557,WU-07805-15726,GSE20624,GSM275908,WU-07805-15726
wu0780515726,GSE10893,GSM372557,WU-07805-15726,GSE26338,GSM275908,WU-07805-15726
x125,GSE334033,GSM9815337,X125,GSE40115,GSM985373,x125
x125,GSE334033,GSM9815337,X125,GSE54275,GSM985373,x125
x135,GSE334033,GSM9815338,X135,GSE54275,GSM1311518,x135
x139,GSE334033,GSM9815339,X139,GSE40115,GSM985376,x139
x139,GSE334033,GSM9815339,X139,GSE54275,GSM985376,x139
x141,GSE334033,GSM9815340,X141,GSE54275,GSM1311493,x141
x192,GSE334033,GSM9815341,X192,GSE54275,GSM1311530,x192
x197,GSE334033,GSM9815342,X197,GSE54275,GSM1311568,x197
x236,GSE177043,GSM5372603,X236,GSE54275,GSM1311558,x236
x268,GSE334033,GSM9815343,X268,GSE54275,GSM1311560,x268
zr75,GSE132851,GSM3895097,ZR-75,GSE24578,GSM605923,ZR75
zr75,GSE132851,GSM3895097,ZR-75,GSE24717,GSM605923,ZR75
zr75,GSE132851,GSM3895097,ZR-75,GSE295979,GSM8962785,ZR75
zr75,GSE24578,GSM605923,ZR75,GSE295979,GSM8962785,ZR75
zr75,GSE24717,GSM605923,ZR75,GSE295979,GSM8962785,ZR75
zr751,GSE111151,GSM3024058,ZR-75-1,GSE16732,GSM419294,ZR75-1
zr751,GSE111151,GSM3024058,ZR-75-1,GSE16795,GSM421897,ZR-75-1
zr751,GSE111151,GSM3024058,ZR-75-1,GSE173634,GSM5272827,ZR751
zr751,GSE111151,GSM3024058,ZR-75-1,GSE17945,GSM448873,ZR-75-1
zr751,GSE111151,GSM3024058,ZR-75-1,GSE212143,GSM6510148,ZR-75-1
zr751,GSE111151,GSM3024058,ZR-75-1,GSE21217,GSM530554,ZR751
zr751,GSE111151,GSM3024058,ZR-75-1,GSE24737,GSM609327,ZR-751
zr751,GSE111151,GSM3024058,ZR-75-1,GSE262110,GSM8157738,ZR-75-1
zr751,GSE111151,GSM3024058,ZR-75-1,GSE40559,GSM996521,ZR75.1
zr751,GSE111151,GSM3024058,ZR-75-1,GSE52643,GSM1273499,ZR-75-1
zr751,GSE111151,GSM3024058,ZR-75-1,GSE57083,GSM1374994,ZR-75-1
zr751,GSE111151,GSM3024058,ZR-75-1,GSE58135,GSM1401648,ZR-75-1
zr751,GSE111151,GSM3024058,ZR-75-1,GSE59242,GSM1431219,ZR751
zr751,GSE111151,GSM3024058,ZR-75-1,GSE73526,GSM1897354,ZR751
zr751,GSE111151,GSM3024058,ZR-75-1,GSE87006,GSM2318774,ZR751
zr751,GSE111151,GSM3024058,ZR-75-1,GSE87008,GSM2318774,ZR751
zr751,GSE16732,GSM419294,ZR75-1,GSE16795,GSM421897,ZR-75-1
zr751,GSE16732,GSM419294,ZR75-1,GSE173634,GSM5272827,ZR751
zr751,GSE16732,GSM419294,ZR75-1,GSE17945,GSM448873,ZR-75-1
zr751,GSE16732,GSM419294,ZR75-1,GSE212143,GSM6510148,ZR-75-1
zr751,GSE16732,GSM419294,ZR75-1,GSE21217,GSM530554,ZR751
zr751,GSE16732,GSM419294,ZR75-1,GSE24737,GSM609327,ZR-751
zr751,GSE16732,GSM419294,ZR75-1,GSE262110,GSM8157738,ZR-75-1
zr751,GSE16732,GSM419294,ZR75-1,GSE40559,GSM996521,ZR75.1
zr751,GSE16732,GSM419294,ZR75-1,GSE52643,GSM1273499,ZR-75-1
zr751,GSE16732,GSM419294,ZR75-1,GSE57083,GSM1374994,ZR-75-1
zr751,GSE16732,GSM419294,ZR75-1,GSE58135,GSM1401648,ZR-75-1
zr751,GSE16732,GSM419294,ZR75-1,GSE59242,GSM1431219,ZR751
zr751,GSE16732,GSM419294,ZR75-1,GSE73526,GSM1897354,ZR751
zr751,GSE16732,GSM419294,ZR75-1,GSE87006,GSM2318774,ZR751
zr751,GSE16732,GSM419294,ZR75-1,GSE87008,GSM2318774,ZR751
zr751,GSE16795,GSM421897,ZR-75-1,GSE173634,GSM5272827,ZR751
zr751,GSE16795,GSM421897,ZR-75-1,GSE17945,GSM448873,ZR-75-1
zr751,GSE16795,GSM421897,ZR-75-1,GSE212143,GSM6510148,ZR-75-1
zr751,GSE16795,GSM421897,ZR-75-1,GSE21217,GSM530554,ZR751
zr751,GSE16795,GSM421897,ZR-75-1,GSE24737,GSM609327,ZR-751
zr751,GSE16795,GSM421897,ZR-75-1,GSE262110,GSM8157738,ZR-75-1
zr751,GSE16795,GSM421897,ZR-75-1,GSE40559,GSM996521,ZR75.1
zr751,GSE16795,GSM421897,ZR-75-1,GSE52643,GSM1273499,ZR-75-1
zr751,GSE16795,GSM421897,ZR-75-1,GSE57083,GSM1374994,ZR-75-1
zr751,GSE16795,GSM421897,ZR-75-1,GSE58135,GSM1401648,ZR-75-1
zr751,GSE16795,GSM421897,ZR-75-1,GSE59242,GSM1431219,ZR751
zr751,GSE16795,GSM421897,ZR-75-1,GSE73526,GSM1897354,ZR751
zr751,GSE16795,GSM421897,ZR-75-1,GSE87006,GSM2318774,ZR751
zr751,GSE16795,GSM421897,ZR-75-1,GSE87008,GSM2318774,ZR751
zr751,GSE173634,GSM5272827,ZR751,GSE17945,GSM448873,ZR-75-1
zr751,GSE173634,GSM5272827,ZR751,GSE212143,GSM6510148,ZR-75-1
zr751,GSE173634,GSM5272827,ZR751,GSE21217,GSM530554,ZR751
zr751,GSE173634,GSM5272827,ZR751,GSE24737,GSM609327,ZR-751
zr751,GSE173634,GSM5272827,ZR751,GSE262110,GSM8157738,ZR-75-1
zr751,GSE173634,GSM5272827,ZR751,GSE40559,GSM996521,ZR75.1
zr751,GSE173634,GSM5272827,ZR751,GSE52643,GSM1273499,ZR-75-1
zr751,GSE173634,GSM5272827,ZR751,GSE57083,GSM1374994,ZR-75-1
zr751,GSE173634,GSM5272827,ZR751,GSE58135,GSM1401648,ZR-75-1
zr751,GSE173634,GSM5272827,ZR751,GSE59242,GSM1431219,ZR751
zr751,GSE173634,GSM5272827,ZR751,GSE73526,GSM1897354,ZR751
zr751,GSE173634,GSM5272827,ZR751,GSE87006,GSM2318774,ZR751
zr751,GSE173634,GSM5272827,ZR751,GSE87008,GSM2318774,ZR751
zr751,GSE17945,GSM448873,ZR-75-1,GSE212143,GSM6510148,ZR-75-1
zr751,GSE17945,GSM448873,ZR-75-1,GSE21217,GSM530554,ZR751
zr751,GSE17945,GSM448873,ZR-75-1,GSE24737,GSM609327,ZR-751
zr751,GSE17945,GSM448873,ZR-75-1,GSE262110,GSM8157738,ZR-75-1
zr751,GSE17945,GSM448873,ZR-75-1,GSE40559,GSM996521,ZR75.1
zr751,GSE17945,GSM448873,ZR-75-1,GSE52643,GSM1273499,ZR-75-1
zr751,GSE17945,GSM448873,ZR-75-1,GSE57083,GSM1374994,ZR-75-1
zr751,GSE17945,GSM448873,ZR-75-1,GSE58135,GSM1401648,ZR-75-1
zr751,GSE17945,GSM448873,ZR-75-1,GSE59242,GSM1431219,ZR751
zr751,GSE17945,GSM448873,ZR-75-1,GSE73526,GSM1897354,ZR751
zr751,GSE17945,GSM448873,ZR-75-1,GSE87006,GSM2318774,ZR751
zr751,GSE17945,GSM448873,ZR-75-1,GSE87008,GSM2318774,ZR751
zr751,GSE212143,GSM6510148,ZR-75-1,GSE21217,GSM530554,ZR751
zr751,GSE212143,GSM6510148,ZR-75-1,GSE24737,GSM609327,ZR-751
zr751,GSE212143,GSM6510148,ZR-75-1,GSE262110,GSM8157738,ZR-75-1
zr751,GSE212143,GSM6510148,ZR-75-1,GSE40559,GSM996521,ZR75.1
zr751,GSE212143,GSM6510148,ZR-75-1,GSE52643,GSM1273499,ZR-75-1
zr751,GSE212143,GSM6510148,ZR-75-1,GSE57083,GSM1374994,ZR-75-1
zr751,GSE212143,GSM6510148,ZR-75-1,GSE58135,GSM1401648,ZR-75-1
zr751,GSE212143,GSM6510148,ZR-75-1,GSE59242,GSM1431219,ZR751
zr751,GSE212143,GSM6510148,ZR-75-1,GSE73526,GSM1897354,ZR751
zr751,GSE212143,GSM6510148,ZR-75-1,GSE87006,GSM2318774,ZR751
zr751,GSE212143,GSM6510148,ZR-75-1,GSE87008,GSM2318774,ZR751
zr751,GSE21217,GSM530554,ZR751,GSE24737,GSM609327,ZR-751
zr751,GSE21217,GSM530554,ZR751,GSE262110,GSM8157738,ZR-75-1
zr751,GSE21217,GSM530554,ZR751,GSE40559,GSM996521,ZR75.1
zr751,GSE21217,GSM530554,ZR751,GSE52643,GSM1273499,ZR-75-1
zr751,GSE21217,GSM530554,ZR751,GSE57083,GSM1374994,ZR-75-1
zr751,GSE21217,GSM530554,ZR751,GSE58135,GSM1401648,ZR-75-1
zr751,GSE21217,GSM530554,ZR751,GSE59242,GSM1431219,ZR751
zr751,GSE21217,GSM530554,ZR751,GSE73526,GSM1897354,ZR751
zr751,GSE21217,GSM530554,ZR751,GSE87006,GSM2318774,ZR751
zr751,GSE21217,GSM530554,ZR751,GSE87008,GSM2318774,ZR751
zr751,GSE24737,GSM609327,ZR-751,GSE262110,GSM8157738,ZR-75-1
zr751,GSE24737,GSM609327,ZR-751,GSE40559,GSM996521,ZR75.1
zr751,GSE24737,GSM609327,ZR-751,GSE52643,GSM1273499,ZR-75-1
zr751,GSE24737,GSM609327,ZR-751,GSE57083,GSM1374994,ZR-75-1
zr751,GSE24737,GSM609327,ZR-751,GSE58135,GSM1401648,ZR-75-1
zr751,GSE24737,GSM609327,ZR-751,GSE59242,GSM1431219,ZR751
zr751,GSE24737,GSM609327,ZR-751,GSE73526,GSM1897354,ZR751
zr751,GSE24737,GSM609327,ZR-751,GSE87006,GSM2318774,ZR751
zr751,GSE24737,GSM609327,ZR-751,GSE87008,GSM2318774,ZR751
zr751,GSE262110,GSM8157738,ZR-75-1,GSE40559,GSM996521,ZR75.1
zr751,GSE262110,GSM8157738,ZR-75-1,GSE52643,GSM1273499,ZR-75-1
zr751,GSE262110,GSM8157738,ZR-75-1,GSE57083,GSM1374994,ZR-75-1
zr751,GSE262110,GSM8157738,ZR-75-1,GSE58135,GSM1401648,ZR-75-1
zr751,GSE262110,GSM8157738,ZR-75-1,GSE59242,GSM1431219,ZR751
zr751,GSE262110,GSM8157738,ZR-75-1,GSE73526,GSM1897354,ZR751
zr751,GSE262110,GSM8157738,ZR-75-1,GSE87006,GSM2318774,ZR751
zr751,GSE262110,GSM8157738,ZR-75-1,GSE87008,GSM2318774,ZR751
zr751,GSE40559,GSM996521,ZR75.1,GSE52643,GSM1273499,ZR-75-1
zr751,GSE40559,GSM996521,ZR75.1,GSE57083,GSM1374994,ZR-75-1
zr751,GSE40559,GSM996521,ZR75.1,GSE58135,GSM1401648,ZR-75-1
zr751,GSE40559,GSM996521,ZR75.1,GSE59242,GSM1431219,ZR751
zr751,GSE40559,GSM996521,ZR75.1,GSE73526,GSM1897354,ZR751
zr751,GSE40559,GSM996521,ZR75.1,GSE87006,GSM2318774,ZR751
zr751,GSE40559,GSM996521,ZR75.1,GSE87008,GSM2318774,ZR751
zr751,GSE52643,GSM1273499,ZR-75-1,GSE57083,GSM1374994,ZR-75-1
zr751,GSE52643,GSM1273499,ZR-75-1,GSE58135,GSM1401648,ZR-75-1
zr751,GSE52643,GSM1273499,ZR-75-1,GSE59242,GSM1431219,ZR751
zr751,GSE52643,GSM1273499,ZR-75-1,GSE73526,GSM1897354,ZR751
zr751,GSE52643,GSM1273499,ZR-75-1,GSE87006,GSM2318774,ZR751
zr751,GSE52643,GSM1273499,ZR-75-1,GSE87008,GSM2318774,ZR751
zr751,GSE57083,GSM1374994,ZR-75-1,GSE58135,GSM1401648,ZR-75-1
zr751,GSE57083,GSM1374994,ZR-75-1,GSE59242,GSM1431219,ZR751
zr751,GSE57083,GSM1374994,ZR-75-1,GSE73526,GSM1897354,ZR751
zr751,GSE57083,GSM1374994,ZR-75-1,GSE87006,GSM2318774,ZR751
zr751,GSE57083,GSM1374994,ZR-75-1,GSE87008,GSM2318774,ZR751
zr751,GSE58135,GSM1401648,ZR-75-1,GSE59242,GSM1431219,ZR751
zr751,GSE58135,GSM1401648,ZR-75-1,GSE73526,GSM1897354,ZR751
zr751,GSE58135,GSM1401648,ZR-75-1,GSE87006,GSM2318774,ZR751
zr751,GSE58135,GSM1401648,ZR-75-1,GSE87008,GSM2318774,ZR751
zr751,GSE59242,GSM1431219,ZR751,GSE73526,GSM1897354,ZR751
zr751,GSE59242,GSM1431219,ZR751,GSE87006,GSM2318774,ZR751
zr751,GSE59242,GSM1431219,ZR751,GSE87008,GSM2318774,ZR751
zr751,GSE73526,GSM1897354,ZR751,GSE87006,GSM2318774,ZR751
zr751,GSE73526,GSM1897354,ZR751,GSE87008,GSM2318774,ZR751
zr75112hsham,GSE1647,GSM11853,"ZR-75-1, 12h, sham",GSE3178,GSM71571,"ZR-75-1, 12h sham"
zr75112hsham,GSE3178,GSM71571,"ZR-75-1, 12h sham",GSE763,GSM11853,"ZR-75-1, 12h, sham"
zr75124hsham,GSE1647,GSM11746,"ZR-75-1, 24h, sham",GSE3178,GSM71568,"ZR-75-1, 24h sham"
zr75124hsham,GSE3178,GSM71568,"ZR-75-1, 24h sham",GSE763,GSM11746,"ZR-75-1, 24h, sham"
zr75136hsham,GSE1647,GSM11854,"ZR-75-1, 36h, sham",GSE3178,GSM71570,"ZR-75-1, 36h sham"
zr75136hsham,GSE3178,GSM71570,"ZR-75-1, 36h sham",GSE763,GSM11854,"ZR-75-1, 36h, sham"
zr751cellline,GSE15134,GSM378142,ZR75-1 cell line,GSE50470,GSM1215256,ZR75-1 cell line
zr751rnaseq,GSE125034,GSM3561473,ZR-75-1_RNAseq,GSE48213,GSM1172908,"ZR751, RNA-Seq"
zr751rnaseq,GSE125034,GSM3561473,ZR-75-1_RNAseq,GSE48216,GSM1172908,"ZR751, RNA-Seq"
zr7530,GSE152908,GSM4629451,ZR-75-30,GSE16732,GSM419295,ZR75-30
zr7530,GSE152908,GSM4629451,ZR-75-30,GSE16795,GSM421898,ZR-75-30
zr7530,GSE152908,GSM4629451,ZR-75-30,GSE21217,GSM530555,ZR7530
zr7530,GSE152908,GSM4629451,ZR-75-30,GSE28866,GSM984235,ZR-75-30
zr7530,GSE152908,GSM4629451,ZR-75-30,GSE58135,GSM1401666,ZR-75-30
zr7530,GSE152908,GSM4629451,ZR-75-30,GSE59242,GSM1431235,ZR7530
zr7530,GSE152908,GSM4629451,ZR-75-30,GSE73526,GSM1897355,ZR7530
zr7530,GSE16732,GSM419295,ZR75-30,GSE16795,GSM421898,ZR-75-30
zr7530,GSE16732,GSM419295,ZR75-30,GSE21217,GSM530555,ZR7530
zr7530,GSE16732,GSM419295,ZR75-30,GSE28866,GSM984235,ZR-75-30
zr7530,GSE16732,GSM419295,ZR75-30,GSE58135,GSM1401666,ZR-75-30
zr7530,GSE16732,GSM419295,ZR75-30,GSE59242,GSM1431235,ZR7530
zr7530,GSE16732,GSM419295,ZR75-30,GSE73526,GSM1897355,ZR7530
zr7530,GSE16795,GSM421898,ZR-75-30,GSE21217,GSM530555,ZR7530
zr7530,GSE16795,GSM421898,ZR-75-30,GSE28866,GSM984235,ZR-75-30
zr7530,GSE16795,GSM421898,ZR-75-30,GSE58135,GSM1401666,ZR-75-30
zr7530,GSE16795,GSM421898,ZR-75-30,GSE59242,GSM1431235,ZR7530
zr7530,GSE16795,GSM421898,ZR-75-30,GSE73526,GSM1897355,ZR7530
zr7530,GSE21217,GSM530555,ZR7530,GSE28866,GSM984235,ZR-75-30
zr7530,GSE21217,GSM530555,ZR7530,GSE58135,GSM1401666,ZR-75-30
zr7530,GSE21217,GSM530555,ZR7530,GSE59242,GSM1431235,ZR7530
zr7530,GSE21217,GSM530555,ZR7530,GSE73526,GSM1897355,ZR7530
zr7530,GSE28866,GSM984235,ZR-75-30,GSE58135,GSM1401666,ZR-75-30
zr7530,GSE28866,GSM984235,ZR-75-30,GSE59242,GSM1431235,ZR7530
zr7530,GSE28866,GSM984235,ZR-75-30,GSE73526,GSM1897355,ZR7530
zr7530,GSE58135,GSM1401666,ZR-75-30,GSE59242,GSM1431235,ZR7530
zr7530,GSE58135,GSM1401666,ZR-75-30,GSE73526,GSM1897355,ZR7530
zr7530,GSE59242,GSM1431235,ZR7530,GSE73526,GSM1897355,ZR7530
zr75b,GSE100878,GSM2695493,ZR-75B,GSE50470,GSM1215271,ZR75-B
zr75b,GSE100878,GSM2695493,ZR-75B,GSE73526,GSM1897356,ZR75B
zr75b,GSE50470,GSM1215271,ZR75-B,GSE73526,GSM1897356,ZR75B
