series_a,series_b,candidate_links,shared_pubmed_ids,title_a,title_b
GSE115577,GSE93601,1110,,Tumor & Tumor-Adj Gene Expression in the Nurses' Health Study Cohorts,Alcohol Consumption and Breast Tumor Gene Expression
GSE23720,GSE81538,188,,High-resolution comparative genomic hybridization of inflammatory breast cancer and identification of candidate genes,Clinical Value of RNA Sequencing–Based Classifiers for Prediction of the Five Conventional Breast Cancer Biomarkers: A Report From the Population-Based Multicenter Sweden Cancerome Analysis Network—Breast Initiative [cohort 405]
GSE23720,GSE81540,188,,High-resolution comparative genomic hybridization of inflammatory breast cancer and identification of candidate genes,Clinical Value of RNA Sequencing–Based Classifiers for Prediction of the Five Conventional Breast Cancer Biomarkers: A Report From the Population-Based Multicenter Sweden Cancerome Analysis Network—Breast Initiative [superseries]
GSE181466,GSE181548,97,,RNAseq of a Triple-Negative Breast Cancer Cohort Treated with Neoadjuvant Carboplatin and Docetaxel According to Lehmann's Refined Classification,Pam50 of a Triple-Negative Breast Cancer Cohort Treated with Neoadjuvant Carboplatin and Docetaxel According to Lehmann's Refined Classification
GSE21653,GSE43615,77,,A gene expression signature identifies two prognostic subgroups of basal breast cancer,IRCC Breast Cancer dataset
GSE146558,GSE48390,74,34387660,Gene Expression Signature of Microcalcification among Taiwanese Breast Cancer,Concurrent Gene Signatures for Han Chinese Breast Cancers [Affymetrix]
GSE146558,GSE48391,74,34387660,Gene Expression Signature of Microcalcification among Taiwanese Breast Cancer,Concurrent Gene Signatures for Han Chinese Breast Cancers
GSE23988,GSE42822,60,,Expression data from breast cancer FNA biopsies from patients (US samples),Expression data from breast cancer FNA biopsies from patients ( (USO samples)
GSE167213,GSE190275,51,,Identifying High-Risk Triple-Negative Breast Cancer Patients by Molecular Subtyping,TP53 signature predicts survival outcome in triple-negative breast cancer with neoadjuvant chemotherapy
GSE152908,GSE73526,35,,Transcriptomic profiling of 62 breast cancer cell lines and PDX models,"The Functional Genomic Landscape of Human Breast Cancer Drivers, Vulnerabilities, and Resistance (RNASeq)"
GSE264252,GSE291966,34,,Targeting neddylation and sumoylation in chemoresistant triple negative breast cancer,An annotated biobank of triple negative breast cancer patient-derived xenografts featuring treatment-naïve and longitudinal samples throughout neoadjuvant chemotherapy
GSE46581,GSE86946,32,,Yale Triple Negative Breast Cancer Cohort,Transcriptome characterization of triple negative breast cancer [Mexico]
GSE46581,GSE86948,32,,Yale Triple Negative Breast Cancer Cohort,A microRNA signature identifies four subtypes of triple-negative breast cancer and correlates miR-342-3p as a regulator of the lactate metabolic pathway through silencing the monocarboxylate transporter 1
GSE59242,GSE73526,27,,Profiling of human cancer breast cell lines (Affymetrix),"The Functional Genomic Landscape of Human Breast Cancer Drivers, Vulnerabilities, and Resistance (RNASeq)"
GSE173661,GSE184869,26,,Investigating the altered brain metastatic transcriptome in breast cancer,Investigating the altered brain metastatic transcriptome in breast cancer
GSE131512,GSE48408,26,,Extracellular RNA in a single droplet of human serum reflects physiologic and disease states,Long non-coding RNA HOTAIR is an independent prognostic marker of metastasis in estrogen receptor positive primary breast cancer
GSE16732,GSE73526,25,,Affymetrix Gene Chip Human Exon 1.0 ST Array expression profiling of 41 human breast cancer cell lines,"The Functional Genomic Landscape of Human Breast Cancer Drivers, Vulnerabilities, and Resistance (RNASeq)"
GSE152908,GSE59242,20,,Transcriptomic profiling of 62 breast cancer cell lines and PDX models,Profiling of human cancer breast cell lines (Affymetrix)
GSE173634,GSE73526,20,,Molecular phenotyping of breast cancer cell lines at the single-cell level for automated tumour diagnosis and prediction of drug sensitivity,"The Functional Genomic Landscape of Human Breast Cancer Drivers, Vulnerabilities, and Resistance (RNASeq)"
GSE206912,GSE46581,20,,Identification of a minimum number of genes to predict triple negative breast cancer subgroups from gene expression profiles,Yale Triple Negative Breast Cancer Cohort
GSE58135,GSE73526,19,,Breast Cancer RNA-seq,"The Functional Genomic Landscape of Human Breast Cancer Drivers, Vulnerabilities, and Resistance (RNASeq)"
GSE244271,GSE329391,19,,Identification of a Therapeutically Targetable JAK-STAT Enriched Androgen Receptor (AR) and AR Splice Variant Positive Triple Negative Breast Cancer Subtype [project2],Uncovering of Intratumoral Androgen -Dependent Molecular Signature for Better Breast Cancer Prognosis [RNA-Seq]
GSE244283,GSE329391,19,,Identification of a Therapeutically Targetable JAK-STAT Enriched Androgen Receptor (AR) and AR Splice Variant Positive Triple Negative Breast Cancer Subtype,Uncovering of Intratumoral Androgen -Dependent Molecular Signature for Better Breast Cancer Prognosis [RNA-Seq]
GSE152908,GSE16795,18,,Transcriptomic profiling of 62 breast cancer cell lines and PDX models,Affymetrix HG-U133A gene expression profiles of 39 human breast cancer cell lines
GSE152908,GSE173634,17,,Transcriptomic profiling of 62 breast cancer cell lines and PDX models,Molecular phenotyping of breast cancer cell lines at the single-cell level for automated tumour diagnosis and prediction of drug sensitivity
GSE152908,GSE58135,17,,Transcriptomic profiling of 62 breast cancer cell lines and PDX models,Breast Cancer RNA-seq
GSE16732,GSE16795,17,,Affymetrix Gene Chip Human Exon 1.0 ST Array expression profiling of 41 human breast cancer cell lines,Affymetrix HG-U133A gene expression profiles of 39 human breast cancer cell lines
GSE16795,GSE73526,17,,Affymetrix HG-U133A gene expression profiles of 39 human breast cancer cell lines,"The Functional Genomic Landscape of Human Breast Cancer Drivers, Vulnerabilities, and Resistance (RNASeq)"
GSE152908,GSE16732,16,,Transcriptomic profiling of 62 breast cancer cell lines and PDX models,Affymetrix Gene Chip Human Exon 1.0 ST Array expression profiling of 41 human breast cancer cell lines
GSE2824,GSE4433,16,16518402,MCF10A_MYC_PLUS_CSN5,Genetic regulators of large-scale transcriptional signatures in cancer
GSE23720,GSE69240,16,,High-resolution comparative genomic hybridization of inflammatory breast cancer and identification of candidate genes,A Molecular Portrait Of High-Grade Ductal Carcinoma In Situ (DCIS) [RNA-seq]
GSE69240,GSE81538,16,,A Molecular Portrait Of High-Grade Ductal Carcinoma In Situ (DCIS) [RNA-seq],Clinical Value of RNA Sequencing–Based Classifiers for Prediction of the Five Conventional Breast Cancer Biomarkers: A Report From the Population-Based Multicenter Sweden Cancerome Analysis Network—Breast Initiative [cohort 405]
GSE69240,GSE81540,16,,A Molecular Portrait Of High-Grade Ductal Carcinoma In Situ (DCIS) [RNA-seq],Clinical Value of RNA Sequencing–Based Classifiers for Prediction of the Five Conventional Breast Cancer Biomarkers: A Report From the Population-Based Multicenter Sweden Cancerome Analysis Network—Breast Initiative [superseries]
GSE206912,GSE86946,15,,Identification of a minimum number of genes to predict triple negative breast cancer subgroups from gene expression profiles,Transcriptome characterization of triple negative breast cancer [Mexico]
GSE206912,GSE86948,15,,Identification of a minimum number of genes to predict triple negative breast cancer subgroups from gene expression profiles,A microRNA signature identifies four subtypes of triple-negative breast cancer and correlates miR-342-3p as a regulator of the lactate metabolic pathway through silencing the monocarboxylate transporter 1
GSE173634,GSE59242,14,,Molecular phenotyping of breast cancer cell lines at the single-cell level for automated tumour diagnosis and prediction of drug sensitivity,Profiling of human cancer breast cell lines (Affymetrix)
GSE58135,GSE59242,14,,Breast Cancer RNA-seq,Profiling of human cancer breast cell lines (Affymetrix)
GSE20271,GSE22093,13,23185353,Expression data from breast cancer FNA biopsies from patients,Expression data from breast cancer FNA biopsies from patients
GSE16795,GSE59242,13,,Affymetrix HG-U133A gene expression profiles of 39 human breast cancer cell lines,Profiling of human cancer breast cell lines (Affymetrix)
GSE73526,GSE87006,13,,"The Functional Genomic Landscape of Human Breast Cancer Drivers, Vulnerabilities, and Resistance (RNASeq)",CDK4 phosphorylation status and a linked gene expression profile predict sensitivity to Palbociclib [lines]
GSE73526,GSE87008,13,,"The Functional Genomic Landscape of Human Breast Cancer Drivers, Vulnerabilities, and Resistance (RNASeq)",CDK4 phosphorylation status and a linked gene expression profile predict sensitivity to Palbociclib
GSE206912,GSE43358,13,,Identification of a minimum number of genes to predict triple negative breast cancer subgroups from gene expression profiles,Transfer of clinically relevant gene expression signatures in breast cancer: from Affymetrix microarray to Illumina RNA-Sequencing technology
GSE212143,GSE73526,11,,Transcriptome analysis of 15 different breast cancer cell lines,"The Functional Genomic Landscape of Human Breast Cancer Drivers, Vulnerabilities, and Resistance (RNASeq)"
GSE152908,GSE87006,11,,Transcriptomic profiling of 62 breast cancer cell lines and PDX models,CDK4 phosphorylation status and a linked gene expression profile predict sensitivity to Palbociclib [lines]
GSE152908,GSE87008,11,,Transcriptomic profiling of 62 breast cancer cell lines and PDX models,CDK4 phosphorylation status and a linked gene expression profile predict sensitivity to Palbociclib
GSE16732,GSE58135,11,,Affymetrix Gene Chip Human Exon 1.0 ST Array expression profiling of 41 human breast cancer cell lines,Breast Cancer RNA-seq
GSE173634,GSE58135,11,,Molecular phenotyping of breast cancer cell lines at the single-cell level for automated tumour diagnosis and prediction of drug sensitivity,Breast Cancer RNA-seq
GSE334033,GSE81538,11,,A Patient-Derived Xenograft Model Identifies AK1 as a Key Regulator of Metastatic Potential in Primary Triple-Negative Breast Cancer,Clinical Value of RNA Sequencing–Based Classifiers for Prediction of the Five Conventional Breast Cancer Biomarkers: A Report From the Population-Based Multicenter Sweden Cancerome Analysis Network—Breast Initiative [cohort 405]
GSE334033,GSE81540,11,,A Patient-Derived Xenograft Model Identifies AK1 as a Key Regulator of Metastatic Potential in Primary Triple-Negative Breast Cancer,Clinical Value of RNA Sequencing–Based Classifiers for Prediction of the Five Conventional Breast Cancer Biomarkers: A Report From the Population-Based Multicenter Sweden Cancerome Analysis Network—Breast Initiative [superseries]
GSE43358,GSE46581,11,,Transfer of clinically relevant gene expression signatures in breast cancer: from Affymetrix microarray to Illumina RNA-Sequencing technology,Yale Triple Negative Breast Cancer Cohort
GSE152908,GSE212143,10,,Transcriptomic profiling of 62 breast cancer cell lines and PDX models,Transcriptome analysis of 15 different breast cancer cell lines
GSE173634,GSE212143,10,,Molecular phenotyping of breast cancer cell lines at the single-cell level for automated tumour diagnosis and prediction of drug sensitivity,Transcriptome analysis of 15 different breast cancer cell lines
GSE21653,GSE3193,10,,A gene expression signature identifies two prognostic subgroups of basal breast cancer,Breast Tumor Clinical Implications
GSE21653,GSE4335,10,,A gene expression signature identifies two prognostic subgroups of basal breast cancer,Norway/Stanford Breast Tumors
GSE21653,GSE4382,10,,A gene expression signature identifies two prognostic subgroups of basal breast cancer,Repeated observation of breast tumor subtypes in independent gene expression data sets
GSE3193,GSE43615,10,,Breast Tumor Clinical Implications,IRCC Breast Cancer dataset
GSE4335,GSE43615,10,,Norway/Stanford Breast Tumors,IRCC Breast Cancer dataset
GSE43615,GSE4382,10,,IRCC Breast Cancer dataset,Repeated observation of breast tumor subtypes in independent gene expression data sets
GSE16732,GSE59242,10,,Affymetrix Gene Chip Human Exon 1.0 ST Array expression profiling of 41 human breast cancer cell lines,Profiling of human cancer breast cell lines (Affymetrix)
GSE58135,GSE87006,10,,Breast Cancer RNA-seq,CDK4 phosphorylation status and a linked gene expression profile predict sensitivity to Palbociclib [lines]
GSE58135,GSE87008,10,,Breast Cancer RNA-seq,CDK4 phosphorylation status and a linked gene expression profile predict sensitivity to Palbociclib
GSE26304,GSE29581,10,,Molecular diversity in ductal carcinoma in situ (DCIS) and early invasive breast cancer,Lysyl oxidase-like 2 (LOXL2) a new regulator of cell polarity required for metastatic dissemination of basal-like breast carcinomas
GSE43358,GSE86946,10,,Transfer of clinically relevant gene expression signatures in breast cancer: from Affymetrix microarray to Illumina RNA-Sequencing technology,Transcriptome characterization of triple negative breast cancer [Mexico]
GSE43358,GSE86948,10,,Transfer of clinically relevant gene expression signatures in breast cancer: from Affymetrix microarray to Illumina RNA-Sequencing technology,A microRNA signature identifies four subtypes of triple-negative breast cancer and correlates miR-342-3p as a regulator of the lactate metabolic pathway through silencing the monocarboxylate transporter 1
GSE212143,GSE59242,9,,Transcriptome analysis of 15 different breast cancer cell lines,Profiling of human cancer breast cell lines (Affymetrix)
GSE18229,GSE35629,9,,Phenotypic and Molecular Characterization of the Claudin-low Intrinsic Subtype of Breast Cancer,Vimentin DNA Methylation Predicts Survival in Breast Cancer
GSE26338,GSE35629,9,,"Genomic analysis identifies unique signatures predictive of brain, lung, and liver relapse",Vimentin DNA Methylation Predicts Survival in Breast Cancer
GSE148848,GSE21653,9,,"microRNA expression profiling of paired primary and lymph node metastatic breast cancer patients, and gene expression profiling of MDA-MB-231 cells transfected with hsa-miR-205-5p and hsa-miR-214-3p compared to scrambled miRNA precursors",A gene expression signature identifies two prognostic subgroups of basal breast cancer
GSE148848,GSE43615,9,,"microRNA expression profiling of paired primary and lymph node metastatic breast cancer patients, and gene expression profiling of MDA-MB-231 cells transfected with hsa-miR-205-5p and hsa-miR-214-3p compared to scrambled miRNA precursors",IRCC Breast Cancer dataset
GSE16732,GSE173634,9,,Affymetrix Gene Chip Human Exon 1.0 ST Array expression profiling of 41 human breast cancer cell lines,Molecular phenotyping of breast cancer cell lines at the single-cell level for automated tumour diagnosis and prediction of drug sensitivity
GSE16795,GSE173634,9,,Affymetrix HG-U133A gene expression profiles of 39 human breast cancer cell lines,Molecular phenotyping of breast cancer cell lines at the single-cell level for automated tumour diagnosis and prediction of drug sensitivity
GSE16795,GSE58135,9,,Affymetrix HG-U133A gene expression profiles of 39 human breast cancer cell lines,Breast Cancer RNA-seq
GSE173634,GSE87006,9,,Molecular phenotyping of breast cancer cell lines at the single-cell level for automated tumour diagnosis and prediction of drug sensitivity,CDK4 phosphorylation status and a linked gene expression profile predict sensitivity to Palbociclib [lines]
GSE173634,GSE87008,9,,Molecular phenotyping of breast cancer cell lines at the single-cell level for automated tumour diagnosis and prediction of drug sensitivity,CDK4 phosphorylation status and a linked gene expression profile predict sensitivity to Palbociclib
GSE212143,GSE58135,9,,Transcriptome analysis of 15 different breast cancer cell lines,Breast Cancer RNA-seq
GSE212143,GSE87006,9,,Transcriptome analysis of 15 different breast cancer cell lines,CDK4 phosphorylation status and a linked gene expression profile predict sensitivity to Palbociclib [lines]
GSE212143,GSE87008,9,,Transcriptome analysis of 15 different breast cancer cell lines,CDK4 phosphorylation status and a linked gene expression profile predict sensitivity to Palbociclib
GSE59242,GSE87006,9,,Profiling of human cancer breast cell lines (Affymetrix),CDK4 phosphorylation status and a linked gene expression profile predict sensitivity to Palbociclib [lines]
GSE59242,GSE87008,9,,Profiling of human cancer breast cell lines (Affymetrix),CDK4 phosphorylation status and a linked gene expression profile predict sensitivity to Palbociclib
GSE29581,GSE55639,9,,Lysyl oxidase-like 2 (LOXL2) a new regulator of cell polarity required for metastatic dissemination of basal-like breast carcinomas,Expression profiling of papillary carcinoma of the breast
GSE29581,GSE55640,9,,Lysyl oxidase-like 2 (LOXL2) a new regulator of cell polarity required for metastatic dissemination of basal-like breast carcinomas,SNP6 and expression profiling of papillary carcinoma of the breast
GSE294997,GSE295075,9,40696096,Transcriptomic analysis of lncrna NRAD1 knockdown in SUM149 Breast cancer cells,The effect of lncRNA NRAD1 knockdown on mature miRNA levels in MDA-MB-468 and SUM149 cells
GSE23720,GSE334033,9,,High-resolution comparative genomic hybridization of inflammatory breast cancer and identification of candidate genes,A Patient-Derived Xenograft Model Identifies AK1 as a Key Regulator of Metastatic Potential in Primary Triple-Negative Breast Cancer
GSE206324,GSE73526,8,,Evaluating Cancer Subtypes and Enhancer Dynamics During the Acquisition of Drug Resistance by Nascent RNA-Sequencing,"The Functional Genomic Landscape of Human Breast Cancer Drivers, Vulnerabilities, and Resistance (RNASeq)"
GSE41119,GSE50470,8,,Molecular Characterization of Basal-like and Non-Basal-like Triple-Negative Breast Cancers,Characterization of Cell Lines Derived from Breast Cancers and Normal Mammary Tissues for the Study of the Intrinsic Molecular Subtypes
GSE10893,GSE35629,7,,"Basal-like Breast Cancer DNA copy number losses identify genes involved in genomic instability, response to therapy, and patient survival",Vimentin DNA Methylation Predicts Survival in Breast Cancer
GSE20624,GSE35629,7,,Breast Carcinomas arising at a Young Age:  A Unique Biology or a Surrogate for Aggressive Intrinsic Subtypes.,Vimentin DNA Methylation Predicts Survival in Breast Cancer
GSE16732,GSE212143,7,,Affymetrix Gene Chip Human Exon 1.0 ST Array expression profiling of 41 human breast cancer cell lines,Transcriptome analysis of 15 different breast cancer cell lines
GSE16732,GSE87006,7,,Affymetrix Gene Chip Human Exon 1.0 ST Array expression profiling of 41 human breast cancer cell lines,CDK4 phosphorylation status and a linked gene expression profile predict sensitivity to Palbociclib [lines]
GSE16732,GSE87008,7,,Affymetrix Gene Chip Human Exon 1.0 ST Array expression profiling of 41 human breast cancer cell lines,CDK4 phosphorylation status and a linked gene expression profile predict sensitivity to Palbociclib
GSE16795,GSE212143,7,,Affymetrix HG-U133A gene expression profiles of 39 human breast cancer cell lines,Transcriptome analysis of 15 different breast cancer cell lines
GSE16795,GSE87006,7,,Affymetrix HG-U133A gene expression profiles of 39 human breast cancer cell lines,CDK4 phosphorylation status and a linked gene expression profile predict sensitivity to Palbociclib [lines]
GSE16795,GSE87008,7,,Affymetrix HG-U133A gene expression profiles of 39 human breast cancer cell lines,CDK4 phosphorylation status and a linked gene expression profile predict sensitivity to Palbociclib
GSE152908,GSE41119,7,,Transcriptomic profiling of 62 breast cancer cell lines and PDX models,Molecular Characterization of Basal-like and Non-Basal-like Triple-Negative Breast Cancers
GSE152908,GSE206324,7,,Transcriptomic profiling of 62 breast cancer cell lines and PDX models,Evaluating Cancer Subtypes and Enhancer Dynamics During the Acquisition of Drug Resistance by Nascent RNA-Sequencing
GSE24737,GSE57083,7,,Large scale screening for known fusion genes in cancer cell lines,Expression data from AstraZeneca internal cell lines
GSE334033,GSE54275,7,,A Patient-Derived Xenograft Model Identifies AK1 as a Key Regulator of Metastatic Potential in Primary Triple-Negative Breast Cancer,Microarray gene expression analysis: Batch effect removal improves the cross-platform consistency
GSE5460,GSE86945,6,,Predicting Features of Breast Cancer with Gene Expression Patterns,Transcriptome characterization of triple negative breast cancer [Italy]
GSE5460,GSE86948,6,,Predicting Features of Breast Cancer with Gene Expression Patterns,A microRNA signature identifies four subtypes of triple-negative breast cancer and correlates miR-342-3p as a regulator of the lactate metabolic pathway through silencing the monocarboxylate transporter 1
GSE21653,GSE3281,6,,A gene expression signature identifies two prognostic subgroups of basal breast cancer,Breast Cancer aCGH
GSE21653,GSE61,6,,A gene expression signature identifies two prognostic subgroups of basal breast cancer,Molecular portraits of human breast tumors
GSE3281,GSE43615,6,,Breast Cancer aCGH,IRCC Breast Cancer dataset
GSE43615,GSE61,6,,IRCC Breast Cancer dataset,Molecular portraits of human breast tumors
GSE16732,GSE41119,6,,Affymetrix Gene Chip Human Exon 1.0 ST Array expression profiling of 41 human breast cancer cell lines,Molecular Characterization of Basal-like and Non-Basal-like Triple-Negative Breast Cancers
GSE41119,GSE73526,6,,Molecular Characterization of Basal-like and Non-Basal-like Triple-Negative Breast Cancers,"The Functional Genomic Landscape of Human Breast Cancer Drivers, Vulnerabilities, and Resistance (RNASeq)"
GSE109761,GSE126669,6,32905777,Neutrophils Escort Circulating Tumor Cells to Enable Cell Cycle Progression,Hypoxia Triggers the Intravasation of Clustered Circulating Tumor Cells
GSE223524,GSE290030,6,,Breast cancer prevention with liquiritigenin,Reprogramming SREBP1-dependent lipogenesis and inflammation in high-risk breast with licochalcone A: a novel path to cancer prevention
GSE1647,GSE3178,6,,Prediction of toxicant-specific gene expression signatures following chemotherapeutic treatment of breast cell lines,Gene expression patterns associated with p53 status in breast cancer
GSE3178,GSE763,6,,Gene expression patterns associated with p53 status in breast cancer,Cell-type specific responses to chemotherapeutics in breast cancer
GSE248294,GSE272312,6,39393354,Effect of long-term abemaiclicb and deletion of TP53 on gene expression in MCF7 cells,Effect of abemaiclicb and deletion of TP53 on gene expression in MCF7 cells at different timepoints
GSE167213,GSE173991,6,,Identifying High-Risk Triple-Negative Breast Cancer Patients by Molecular Subtyping,Integrated Metabolic Profiling and Gene Expression Analysis Reveals Therapeutic Modalities in Breast Cancer
GSE173991,GSE190275,6,,Integrated Metabolic Profiling and Gene Expression Analysis Reveals Therapeutic Modalities in Breast Cancer,TP53 signature predicts survival outcome in triple-negative breast cancer with neoadjuvant chemotherapy
GSE10884,GSE35629,5,,Loss of the retinoblastoma tumor suppressor is a common event in Basal-like and Luminal B breast carcinomas,Vimentin DNA Methylation Predicts Survival in Breast Cancer
GSE173661,GSE86945,5,,Investigating the altered brain metastatic transcriptome in breast cancer,Transcriptome characterization of triple negative breast cancer [Italy]
GSE173661,GSE86948,5,,Investigating the altered brain metastatic transcriptome in breast cancer,A microRNA signature identifies four subtypes of triple-negative breast cancer and correlates miR-342-3p as a regulator of the lactate metabolic pathway through silencing the monocarboxylate transporter 1
GSE184869,GSE86945,5,,Investigating the altered brain metastatic transcriptome in breast cancer,Transcriptome characterization of triple negative breast cancer [Italy]
GSE184869,GSE86948,5,,Investigating the altered brain metastatic transcriptome in breast cancer,A microRNA signature identifies four subtypes of triple-negative breast cancer and correlates miR-342-3p as a regulator of the lactate metabolic pathway through silencing the monocarboxylate transporter 1
GSE156943,GSE261192,5,,HIF1A signaling selectively supports proliferation of breast cancer in the brain [parental CTCs inVitro],CDKN1B (p27kip1) enhances drug tolerant persister CTCs by restricting polyploidy following mitotic inhibitors [CTClineRNAseq]
GSE156943,GSE261195,5,,HIF1A signaling selectively supports proliferation of breast cancer in the brain [parental CTCs inVitro],CDKN1B (p27kip1) enhances drug tolerant persister CTCs by restricting polyploidy following mitotic inhibitors.
GSE156944,GSE261192,5,,HIF1A signaling selectively supports proliferation of breast cancer in the brain,CDKN1B (p27kip1) enhances drug tolerant persister CTCs by restricting polyploidy following mitotic inhibitors [CTClineRNAseq]
GSE156944,GSE261195,5,,HIF1A signaling selectively supports proliferation of breast cancer in the brain,CDKN1B (p27kip1) enhances drug tolerant persister CTCs by restricting polyploidy following mitotic inhibitors.
GSE152908,GSE24578,5,,Transcriptomic profiling of 62 breast cancer cell lines and PDX models,Basal gene expression of breast cancer cell lines
GSE152908,GSE24717,5,,Transcriptomic profiling of 62 breast cancer cell lines and PDX models,Using a Stem Cell-Based Signature to Guide Therapeutic Selection in Cancer
GSE24578,GSE73526,5,,Basal gene expression of breast cancer cell lines,"The Functional Genomic Landscape of Human Breast Cancer Drivers, Vulnerabilities, and Resistance (RNASeq)"
GSE24717,GSE73526,5,,Using a Stem Cell-Based Signature to Guide Therapeutic Selection in Cancer,"The Functional Genomic Landscape of Human Breast Cancer Drivers, Vulnerabilities, and Resistance (RNASeq)"
GSE52643,GSE73526,5,,Fusion discovery in breast cancer cell line,"The Functional Genomic Landscape of Human Breast Cancer Drivers, Vulnerabilities, and Resistance (RNASeq)"
GSE26349,GSE37340,5,,Breast Cancer Methylomes Establish an Epigenomic Foundation for Metastasis,Preference of mitochondrial respiration over the Warbürg effect in breast tumor initiating cells in conditions of oxygen and glucose deprivation.
GSE206324,GSE58135,5,,Evaluating Cancer Subtypes and Enhancer Dynamics During the Acquisition of Drug Resistance by Nascent RNA-Sequencing,Breast Cancer RNA-seq
GSE21217,GSE73526,5,,18F-fluorodeoxy-glucose positron emission tomography marks MYC-overexpressing human basal-like breast cancers.,"The Functional Genomic Landscape of Human Breast Cancer Drivers, Vulnerabilities, and Resistance (RNASeq)"
GSE16732,GSE206324,5,,Affymetrix Gene Chip Human Exon 1.0 ST Array expression profiling of 41 human breast cancer cell lines,Evaluating Cancer Subtypes and Enhancer Dynamics During the Acquisition of Drug Resistance by Nascent RNA-Sequencing
GSE167213,GSE94899,5,,Identifying High-Risk Triple-Negative Breast Cancer Patients by Molecular Subtyping,Robust Stratification of Breast Cancer Subtypes
GSE173991,GSE94899,5,,Integrated Metabolic Profiling and Gene Expression Analysis Reveals Therapeutic Modalities in Breast Cancer,Robust Stratification of Breast Cancer Subtypes
GSE190275,GSE94899,5,,TP53 signature predicts survival outcome in triple-negative breast cancer with neoadjuvant chemotherapy,Robust Stratification of Breast Cancer Subtypes
GSE35629,GSE6128,4,,Vimentin DNA Methylation Predicts Survival in Breast Cancer,EGFR signaling varies with breast tumor subtype
GSE152908,GSE52643,4,,Transcriptomic profiling of 62 breast cancer cell lines and PDX models,Fusion discovery in breast cancer cell line
GSE16732,GSE24578,4,,Affymetrix Gene Chip Human Exon 1.0 ST Array expression profiling of 41 human breast cancer cell lines,Basal gene expression of breast cancer cell lines
GSE16732,GSE24717,4,,Affymetrix Gene Chip Human Exon 1.0 ST Array expression profiling of 41 human breast cancer cell lines,Using a Stem Cell-Based Signature to Guide Therapeutic Selection in Cancer
GSE16732,GSE52643,4,,Affymetrix Gene Chip Human Exon 1.0 ST Array expression profiling of 41 human breast cancer cell lines,Fusion discovery in breast cancer cell line
GSE16795,GSE24578,4,,Affymetrix HG-U133A gene expression profiles of 39 human breast cancer cell lines,Basal gene expression of breast cancer cell lines
GSE16795,GSE24717,4,,Affymetrix HG-U133A gene expression profiles of 39 human breast cancer cell lines,Using a Stem Cell-Based Signature to Guide Therapeutic Selection in Cancer
GSE16795,GSE52643,4,,Affymetrix HG-U133A gene expression profiles of 39 human breast cancer cell lines,Fusion discovery in breast cancer cell line
GSE173634,GSE52643,4,,Molecular phenotyping of breast cancer cell lines at the single-cell level for automated tumour diagnosis and prediction of drug sensitivity,Fusion discovery in breast cancer cell line
GSE212143,GSE52643,4,,Transcriptome analysis of 15 different breast cancer cell lines,Fusion discovery in breast cancer cell line
GSE52643,GSE58135,4,,Fusion discovery in breast cancer cell line,Breast Cancer RNA-seq
GSE52643,GSE87006,4,,Fusion discovery in breast cancer cell line,CDK4 phosphorylation status and a linked gene expression profile predict sensitivity to Palbociclib [lines]
GSE52643,GSE87008,4,,Fusion discovery in breast cancer cell line,CDK4 phosphorylation status and a linked gene expression profile predict sensitivity to Palbociclib
GSE152908,GSE17945,4,,Transcriptomic profiling of 62 breast cancer cell lines and PDX models,tRNA Over-Expression in Breast Cancer
GSE17945,GSE58135,4,,tRNA Over-Expression in Breast Cancer,Breast Cancer RNA-seq
GSE17945,GSE73526,4,,tRNA Over-Expression in Breast Cancer,"The Functional Genomic Landscape of Human Breast Cancer Drivers, Vulnerabilities, and Resistance (RNASeq)"
GSE17945,GSE87006,4,,tRNA Over-Expression in Breast Cancer,CDK4 phosphorylation status and a linked gene expression profile predict sensitivity to Palbociclib [lines]
GSE17945,GSE87008,4,,tRNA Over-Expression in Breast Cancer,CDK4 phosphorylation status and a linked gene expression profile predict sensitivity to Palbociclib
GSE16795,GSE41119,4,,Affymetrix HG-U133A gene expression profiles of 39 human breast cancer cell lines,Molecular Characterization of Basal-like and Non-Basal-like Triple-Negative Breast Cancers
GSE173634,GSE41119,4,,Molecular phenotyping of breast cancer cell lines at the single-cell level for automated tumour diagnosis and prediction of drug sensitivity,Molecular Characterization of Basal-like and Non-Basal-like Triple-Negative Breast Cancers
GSE19295,GSE51403,4,,HER2 and EGFR dependent activation of RalA in breast cancer,"RNA-seq differential expression studies: more sequence, or more replication?"
GSE15134,GSE50470,4,,PI3K inhibition in ER+ breast cancer microarray data,Characterization of Cell Lines Derived from Breast Cancers and Normal Mammary Tissues for the Study of the Intrinsic Molecular Subtypes
GSE152908,GSE28866,4,,Transcriptomic profiling of 62 breast cancer cell lines and PDX models,Transcriptional profiling of lncRNAs and novel transcribed regions across a diverse panel of archived human cancers
GSE28866,GSE73526,4,,Transcriptional profiling of lncRNAs and novel transcribed regions across a diverse panel of archived human cancers,"The Functional Genomic Landscape of Human Breast Cancer Drivers, Vulnerabilities, and Resistance (RNASeq)"
GSE152908,GSE21217,4,,Transcriptomic profiling of 62 breast cancer cell lines and PDX models,18F-fluorodeoxy-glucose positron emission tomography marks MYC-overexpressing human basal-like breast cancers.
GSE164694,GSE205725,4,,Transcriptome profiling of the normal breast of women at either high- or average risk for breast cancer,Transcriptome profiling of normal breast tissue
GSE205725,GSE277029,4,,Transcriptome profiling of normal breast tissue,A TRIM37 risk variant rs57141087 contributes to triple-negative breast cancer onset and progression in Black women.
GSE50470,GSE73526,4,,Characterization of Cell Lines Derived from Breast Cancers and Normal Mammary Tissues for the Study of the Intrinsic Molecular Subtypes,"The Functional Genomic Landscape of Human Breast Cancer Drivers, Vulnerabilities, and Resistance (RNASeq)"
GSE26539,GSE50470,4,,Generation of tumor initiating cells by exogenous delivery of OCT4 transcription factor,Characterization of Cell Lines Derived from Breast Cancers and Normal Mammary Tissues for the Study of the Intrinsic Molecular Subtypes
GSE16795,GSE228275,4,,Affymetrix HG-U133A gene expression profiles of 39 human breast cancer cell lines,"Gene expression profile at single cell level of SUM149PT, SUM185PE, SUM229PE, SUM159PT and SUM1315MO2 cell lines"
GSE16795,GSE228382,4,,Affymetrix HG-U133A gene expression profiles of 39 human breast cancer cell lines,Single cell lineage tracing reveals clonal dynamics of anti-EGFR therapy resistance in triple negative breast cancer.
GSE234171,GSE81538,4,,Long-term multi-modal recording reveals epigenetic adaptation routes in dormant breast cancer cells [RNA-Seq],Clinical Value of RNA Sequencing–Based Classifiers for Prediction of the Five Conventional Breast Cancer Biomarkers: A Report From the Population-Based Multicenter Sweden Cancerome Analysis Network—Breast Initiative [cohort 405]
GSE234171,GSE81540,4,,Long-term multi-modal recording reveals epigenetic adaptation routes in dormant breast cancer cells [RNA-Seq],Clinical Value of RNA Sequencing–Based Classifiers for Prediction of the Five Conventional Breast Cancer Biomarkers: A Report From the Population-Based Multicenter Sweden Cancerome Analysis Network—Breast Initiative [superseries]
GSE234185,GSE81538,4,,Long-term multi-modal recording reveals epigenetic adaptation routes in dormant breast cancer cells,Clinical Value of RNA Sequencing–Based Classifiers for Prediction of the Five Conventional Breast Cancer Biomarkers: A Report From the Population-Based Multicenter Sweden Cancerome Analysis Network—Breast Initiative [cohort 405]
GSE234185,GSE81540,4,,Long-term multi-modal recording reveals epigenetic adaptation routes in dormant breast cancer cells,Clinical Value of RNA Sequencing–Based Classifiers for Prediction of the Five Conventional Breast Cancer Biomarkers: A Report From the Population-Based Multicenter Sweden Cancerome Analysis Network—Breast Initiative [superseries]
GSE16113,GSE21997,4,,Activation of Host Wound Responses in Breast Cancer Microenvironment,Genomic predictors of response to doxorubicin versus docetaxel in breast cancer
GSE21997,GSE31589,4,,Genomic predictors of response to doxorubicin versus docetaxel in breast cancer,Expression of Epithelial-to-Mesenchymal Transition (EMT)-associated genes in extratumoral microenvironment predicts poor clinical outcome in breast cancer patients
GSE148848,GSE159448,3,,"microRNA expression profiling of paired primary and lymph node metastatic breast cancer patients, and gene expression profiling of MDA-MB-231 cells transfected with hsa-miR-205-5p and hsa-miR-214-3p compared to scrambled miRNA precursors",RNA-Seq analysis identifies to GATA3-AS1 as a lncRNA associated with resistance to neoadjuvant chemotherapy in locally advanced breast cancer patients
GSE159448,GSE21653,3,,RNA-Seq analysis identifies to GATA3-AS1 as a lncRNA associated with resistance to neoadjuvant chemotherapy in locally advanced breast cancer patients,A gene expression signature identifies two prognostic subgroups of basal breast cancer
GSE159448,GSE43615,3,,RNA-Seq analysis identifies to GATA3-AS1 as a lncRNA associated with resistance to neoadjuvant chemotherapy in locally advanced breast cancer patients,IRCC Breast Cancer dataset
GSE21653,GSE288482,3,,A gene expression signature identifies two prognostic subgroups of basal breast cancer,Integration activity of evolutionarily recent human retroelements Alu and LINE in tumors
GSE288482,GSE43615,3,,Integration activity of evolutionarily recent human retroelements Alu and LINE in tumors,IRCC Breast Cancer dataset
GSE173634,GSE24578,3,,Molecular phenotyping of breast cancer cell lines at the single-cell level for automated tumour diagnosis and prediction of drug sensitivity,Basal gene expression of breast cancer cell lines
GSE173634,GSE24717,3,,Molecular phenotyping of breast cancer cell lines at the single-cell level for automated tumour diagnosis and prediction of drug sensitivity,Using a Stem Cell-Based Signature to Guide Therapeutic Selection in Cancer
GSE24578,GSE58135,3,,Basal gene expression of breast cancer cell lines,Breast Cancer RNA-seq
GSE24717,GSE58135,3,,Using a Stem Cell-Based Signature to Guide Therapeutic Selection in Cancer,Breast Cancer RNA-seq
GSE52643,GSE59242,3,,Fusion discovery in breast cancer cell line,Profiling of human cancer breast cell lines (Affymetrix)
GSE16732,GSE17945,3,,Affymetrix Gene Chip Human Exon 1.0 ST Array expression profiling of 41 human breast cancer cell lines,tRNA Over-Expression in Breast Cancer
GSE16795,GSE17945,3,,Affymetrix HG-U133A gene expression profiles of 39 human breast cancer cell lines,tRNA Over-Expression in Breast Cancer
GSE173634,GSE17945,3,,Molecular phenotyping of breast cancer cell lines at the single-cell level for automated tumour diagnosis and prediction of drug sensitivity,tRNA Over-Expression in Breast Cancer
GSE17945,GSE212143,3,,tRNA Over-Expression in Breast Cancer,Transcriptome analysis of 15 different breast cancer cell lines
GSE19295,GSE327958,3,,HER2 and EGFR dependent activation of RalA in breast cancer,Transcriptomic responses to a PDE4DIP-directed siRNA in MDA-MB-231 breast cancer cells
GSE19295,GSE54756,3,,HER2 and EGFR dependent activation of RalA in breast cancer,Expression data from TGFBR3 controls and TGFBR3 knockdown of SUM159 3D cultures
GSE327958,GSE51403,3,,Transcriptomic responses to a PDE4DIP-directed siRNA in MDA-MB-231 breast cancer cells,"RNA-seq differential expression studies: more sequence, or more replication?"
GSE327958,GSE54756,3,,Transcriptomic responses to a PDE4DIP-directed siRNA in MDA-MB-231 breast cancer cells,Expression data from TGFBR3 controls and TGFBR3 knockdown of SUM159 3D cultures
GSE51403,GSE54756,3,,"RNA-seq differential expression studies: more sequence, or more replication?",Expression data from TGFBR3 controls and TGFBR3 knockdown of SUM159 3D cultures
GSE191050,GSE262009,3,,RNA-seq on HER2+ cell line upon treatments,Reciprocal inhibition of NOTCH and SOX2 shapes tumor cell plasticity and therapeutic escape in triple negative breast cancer.
GSE173634,GSE262110,3,,Molecular phenotyping of breast cancer cell lines at the single-cell level for automated tumour diagnosis and prediction of drug sensitivity,Patient-derived response estimates from zero-passage organoids of luminal breast cancer
GSE262110,GSE73526,3,,Patient-derived response estimates from zero-passage organoids of luminal breast cancer,"The Functional Genomic Landscape of Human Breast Cancer Drivers, Vulnerabilities, and Resistance (RNASeq)"
GSE253683,GSE81540,3,,Effects of Huaier of different TNBC cells on gene expression.,Clinical Value of RNA Sequencing–Based Classifiers for Prediction of the Five Conventional Breast Cancer Biomarkers: A Report From the Population-Based Multicenter Sweden Cancerome Analysis Network—Breast Initiative [superseries]
GSE253683,GSE96058,3,,Effects of Huaier of different TNBC cells on gene expression.,Clinical Value of RNA Sequencing–Based Classifiers for Prediction of the Five Conventional Breast Cancer Biomarkers: A Report From the Population-Based Multicenter Sweden Cancerome Analysis Network—Breast Initiative [cohort 3273]
GSE329389,GSE329391,3,,Uncovering of Intratumoral Androgen-Dependent Molecular Signature for Better Breast Cancer Prognosis [snRNA-seq],Uncovering of Intratumoral Androgen -Dependent Molecular Signature for Better Breast Cancer Prognosis [RNA-Seq]
GSE206324,GSE59242,3,,Evaluating Cancer Subtypes and Enhancer Dynamics During the Acquisition of Drug Resistance by Nascent RNA-Sequencing,Profiling of human cancer breast cell lines (Affymetrix)
GSE15134,GSE41119,3,,PI3K inhibition in ER+ breast cancer microarray data,Molecular Characterization of Basal-like and Non-Basal-like Triple-Negative Breast Cancers
GSE173634,GSE21217,3,,Molecular phenotyping of breast cancer cell lines at the single-cell level for automated tumour diagnosis and prediction of drug sensitivity,18F-fluorodeoxy-glucose positron emission tomography marks MYC-overexpressing human basal-like breast cancers.
GSE21217,GSE28866,3,,18F-fluorodeoxy-glucose positron emission tomography marks MYC-overexpressing human basal-like breast cancers.,Transcriptional profiling of lncRNAs and novel transcribed regions across a diverse panel of archived human cancers
GSE21217,GSE87006,3,,18F-fluorodeoxy-glucose positron emission tomography marks MYC-overexpressing human basal-like breast cancers.,CDK4 phosphorylation status and a linked gene expression profile predict sensitivity to Palbociclib [lines]
GSE21217,GSE87008,3,,18F-fluorodeoxy-glucose positron emission tomography marks MYC-overexpressing human basal-like breast cancers.,CDK4 phosphorylation status and a linked gene expression profile predict sensitivity to Palbociclib
GSE152908,GSE3353,3,,Transcriptomic profiling of 62 breast cancer cell lines and PDX models,A comparison of gene expression signatures from breast tumors and breast tissue derived cell lines
GSE3353,GSE73526,3,,A comparison of gene expression signatures from breast tumors and breast tissue derived cell lines,"The Functional Genomic Landscape of Human Breast Cancer Drivers, Vulnerabilities, and Resistance (RNASeq)"
GSE17945,GSE59242,3,,tRNA Over-Expression in Breast Cancer,Profiling of human cancer breast cell lines (Affymetrix)
GSE21217,GSE58135,3,,18F-fluorodeoxy-glucose positron emission tomography marks MYC-overexpressing human basal-like breast cancers.,Breast Cancer RNA-seq
GSE21217,GSE59242,3,,18F-fluorodeoxy-glucose positron emission tomography marks MYC-overexpressing human basal-like breast cancers.,Profiling of human cancer breast cell lines (Affymetrix)
GSE152908,GSE50470,3,,Transcriptomic profiling of 62 breast cancer cell lines and PDX models,Characterization of Cell Lines Derived from Breast Cancers and Normal Mammary Tissues for the Study of the Intrinsic Molecular Subtypes
GSE139270,GSE17945,3,,AIB1D4 role in early breast cancer progression,tRNA Over-Expression in Breast Cancer
GSE16732,GSE57083,3,,Affymetrix Gene Chip Human Exon 1.0 ST Array expression profiling of 41 human breast cancer cell lines,Expression data from AstraZeneca internal cell lines
GSE16795,GSE206324,3,,Affymetrix HG-U133A gene expression profiles of 39 human breast cancer cell lines,Evaluating Cancer Subtypes and Enhancer Dynamics During the Acquisition of Drug Resistance by Nascent RNA-Sequencing
GSE16795,GSE57083,3,,Affymetrix HG-U133A gene expression profiles of 39 human breast cancer cell lines,Expression data from AstraZeneca internal cell lines
GSE57083,GSE58135,3,,Expression data from AstraZeneca internal cell lines,Breast Cancer RNA-seq
GSE57083,GSE59242,3,,Expression data from AstraZeneca internal cell lines,Profiling of human cancer breast cell lines (Affymetrix)
GSE57083,GSE73526,3,,Expression data from AstraZeneca internal cell lines,"The Functional Genomic Landscape of Human Breast Cancer Drivers, Vulnerabilities, and Resistance (RNASeq)"
GSE157383,GSE99060,3,,RNA-seq analysis of human breast cancer cell lines treated with abemaciclib,Transcriptomic analysis in breast cancer cell lines after CDK4/6 inhibition
GSE157383,GSE99063,3,,RNA-seq analysis of human breast cancer cell lines treated with abemaciclib,CDK4/6 inhibition and tumor immunity
GSE205729,GSE250632,3,39385030,MDA-MB-468 cell line treated with AKTi (ipatasertib) and EZH2i (tazemetostat),MDA-MB-468 cells treated with docetaxel or EZH2i+AKTi I
GSE205729,GSE251710,3,39385030,MDA-MB-468 cell line treated with AKTi (ipatasertib) and EZH2i (tazemetostat),MDA-MB-468 cells treated with docetaxel or EZH2i+AKTi
GSE205731,GSE250632,3,39385030,MDA-MB-468 and SUM149PT cell lines treated with AKTi (ipatasertib) and EZH2i (tazemetostat),MDA-MB-468 cells treated with docetaxel or EZH2i+AKTi I
GSE205731,GSE251710,3,39385030,MDA-MB-468 and SUM149PT cell lines treated with AKTi (ipatasertib) and EZH2i (tazemetostat),MDA-MB-468 cells treated with docetaxel or EZH2i+AKTi
GSE29431,GSE45498,3,,Identifying breast cancer biomarkers,Integrated microRNA and mRNA Signatures Associated with Survival in Triple Negative Breast Cancer II
GSE148444,GSE221355,3,,Glucocorticoid Receptors are Required Effectors of TGFb1-Induced p38 MAPK Signaling to Advanced Cancer Phenotypes in Triple Negative Breast Cancer,Glucocorticoid receptors drive breast cancer cell migration and metabolic reprograming via pSer134-GR-induced expression of PDK4
GSE16732,GSE21217,3,,Affymetrix Gene Chip Human Exon 1.0 ST Array expression profiling of 41 human breast cancer cell lines,18F-fluorodeoxy-glucose positron emission tomography marks MYC-overexpressing human basal-like breast cancers.
GSE16795,GSE21217,3,,Affymetrix HG-U133A gene expression profiles of 39 human breast cancer cell lines,18F-fluorodeoxy-glucose positron emission tomography marks MYC-overexpressing human basal-like breast cancers.
GSE112365,GSE124843,3,,A SIRT1-centered Circuitry Regulates Breast Cancer Stemness and Metastasis,Integrative transcriptomic analysis reveals mechanisms controlling the reciprocity of epithelial and mesenchymal genes during epithelial-to-mesenchymal transition
GSE161911,GSE72363,2,,Targeting Aberrant Replication and DNA Repair Events for Treating Breast Cancers,Imipramine Blue: A potent therapeutic regimen that suppresses breast cancer growth and metastasis
GSE43306,GSE48408,2,,Translating transcriptome of cancer cells in situ in mesenchymal-rich tumor microenvironment,Long non-coding RNA HOTAIR is an independent prognostic marker of metastasis in estrogen receptor positive primary breast cancer
GSE59242,GSE72955,2,,Profiling of human cancer breast cell lines (Affymetrix),Retroviral Replicating Vectors Deliver Cytosine Deaminase Leading to Targeted 5-FU-Mediated Cytotoxicity in Multiple Human Cancer Types
GSE72955,GSE73526,2,,Retroviral Replicating Vectors Deliver Cytosine Deaminase Leading to Targeted 5-FU-Mediated Cytotoxicity in Multiple Human Cancer Types,"The Functional Genomic Landscape of Human Breast Cancer Drivers, Vulnerabilities, and Resistance (RNASeq)"
GSE10885,GSE35629,2,,An integromic analysis reveals that metaplastic carcinomas are distinct from basal-like tumors.,Vimentin DNA Methylation Predicts Survival in Breast Cancer
GSE22049,GSE35629,2,,MicroRNA-30c inhibits Human Breast Tumor Chemotherapy Resistance by regulating TWF1 and IL-11: Patient DataSet,Vimentin DNA Methylation Predicts Survival in Breast Cancer
GSE3165,GSE35629,2,,Identification of conserved gene expression features across human and murine mammary tumors,Vimentin DNA Methylation Predicts Survival in Breast Cancer
GSE148848,GSE3193,2,,"microRNA expression profiling of paired primary and lymph node metastatic breast cancer patients, and gene expression profiling of MDA-MB-231 cells transfected with hsa-miR-205-5p and hsa-miR-214-3p compared to scrambled miRNA precursors",Breast Tumor Clinical Implications
GSE148848,GSE3281,2,,"microRNA expression profiling of paired primary and lymph node metastatic breast cancer patients, and gene expression profiling of MDA-MB-231 cells transfected with hsa-miR-205-5p and hsa-miR-214-3p compared to scrambled miRNA precursors",Breast Cancer aCGH
GSE148848,GSE4335,2,,"microRNA expression profiling of paired primary and lymph node metastatic breast cancer patients, and gene expression profiling of MDA-MB-231 cells transfected with hsa-miR-205-5p and hsa-miR-214-3p compared to scrambled miRNA precursors",Norway/Stanford Breast Tumors
GSE148848,GSE4382,2,,"microRNA expression profiling of paired primary and lymph node metastatic breast cancer patients, and gene expression profiling of MDA-MB-231 cells transfected with hsa-miR-205-5p and hsa-miR-214-3p compared to scrambled miRNA precursors",Repeated observation of breast tumor subtypes in independent gene expression data sets
GSE148848,GSE61,2,,"microRNA expression profiling of paired primary and lymph node metastatic breast cancer patients, and gene expression profiling of MDA-MB-231 cells transfected with hsa-miR-205-5p and hsa-miR-214-3p compared to scrambled miRNA precursors",Molecular portraits of human breast tumors
GSE174588,GSE95700,2,,Pre-neoplastic stromal cells drive BRCA1-mediated breast tumorigenesis,Molecular subtyping of Triple negative Breast Cancer from Taiwanese
GSE12777,GSE48984,2,,Gene expression profiling of 51 human breast cancer cell lines,Glutamine sensitivity analysis identifies the xCT antiporter as a common triple negative breast tumor therapeutic target.
GSE12790,GSE48984,2,,Gene expression profiling of human breast cancers and cancer cell lines,Glutamine sensitivity analysis identifies the xCT antiporter as a common triple negative breast tumor therapeutic target.
GSE152908,GSE227630,2,,Transcriptomic profiling of 62 breast cancer cell lines and PDX models,Changes in expression of genes +/- CREB3L1 expression
GSE152908,GSE81032,2,,Transcriptomic profiling of 62 breast cancer cell lines and PDX models,Comparative proteomics and transcriptomics study of signaling network proteins across multiple normal and cancer cell lines
GSE16732,GSE24737,2,,Affymetrix Gene Chip Human Exon 1.0 ST Array expression profiling of 41 human breast cancer cell lines,Large scale screening for known fusion genes in cancer cell lines
GSE16795,GSE24737,2,,Affymetrix HG-U133A gene expression profiles of 39 human breast cancer cell lines,Large scale screening for known fusion genes in cancer cell lines
GSE173634,GSE24737,2,,Molecular phenotyping of breast cancer cell lines at the single-cell level for automated tumour diagnosis and prediction of drug sensitivity,Large scale screening for known fusion genes in cancer cell lines
GSE197763,GSE212854,2,,Pre-clinical validation of an RNA-based precision oncology platform for patient-therapy alignment in a diverse set of human malignancies resistant to standard treatments,An RNA-based precision oncology platform for patient-therapy alignment in a diverse set of treatment resistant malignancies
GSE212143,GSE24578,2,,Transcriptome analysis of 15 different breast cancer cell lines,Basal gene expression of breast cancer cell lines
GSE212143,GSE24717,2,,Transcriptome analysis of 15 different breast cancer cell lines,Using a Stem Cell-Based Signature to Guide Therapeutic Selection in Cancer
GSE212143,GSE24737,2,,Transcriptome analysis of 15 different breast cancer cell lines,Large scale screening for known fusion genes in cancer cell lines
GSE227630,GSE52643,2,,Changes in expression of genes +/- CREB3L1 expression,Fusion discovery in breast cancer cell line
GSE227630,GSE73526,2,,Changes in expression of genes +/- CREB3L1 expression,"The Functional Genomic Landscape of Human Breast Cancer Drivers, Vulnerabilities, and Resistance (RNASeq)"
GSE227630,GSE81032,2,,Changes in expression of genes +/- CREB3L1 expression,Comparative proteomics and transcriptomics study of signaling network proteins across multiple normal and cancer cell lines
GSE24578,GSE52643,2,,Basal gene expression of breast cancer cell lines,Fusion discovery in breast cancer cell line
GSE24578,GSE59242,2,,Basal gene expression of breast cancer cell lines,Profiling of human cancer breast cell lines (Affymetrix)
GSE24578,GSE87006,2,,Basal gene expression of breast cancer cell lines,CDK4 phosphorylation status and a linked gene expression profile predict sensitivity to Palbociclib [lines]
GSE24578,GSE87008,2,,Basal gene expression of breast cancer cell lines,CDK4 phosphorylation status and a linked gene expression profile predict sensitivity to Palbociclib
GSE24717,GSE52643,2,,Using a Stem Cell-Based Signature to Guide Therapeutic Selection in Cancer,Fusion discovery in breast cancer cell line
GSE24717,GSE59242,2,,Using a Stem Cell-Based Signature to Guide Therapeutic Selection in Cancer,Profiling of human cancer breast cell lines (Affymetrix)
GSE24717,GSE87006,2,,Using a Stem Cell-Based Signature to Guide Therapeutic Selection in Cancer,CDK4 phosphorylation status and a linked gene expression profile predict sensitivity to Palbociclib [lines]
GSE24717,GSE87008,2,,Using a Stem Cell-Based Signature to Guide Therapeutic Selection in Cancer,CDK4 phosphorylation status and a linked gene expression profile predict sensitivity to Palbociclib
GSE24737,GSE52643,2,,Large scale screening for known fusion genes in cancer cell lines,Fusion discovery in breast cancer cell line
GSE24737,GSE58135,2,,Large scale screening for known fusion genes in cancer cell lines,Breast Cancer RNA-seq
GSE24737,GSE59242,2,,Large scale screening for known fusion genes in cancer cell lines,Profiling of human cancer breast cell lines (Affymetrix)
GSE24737,GSE73526,2,,Large scale screening for known fusion genes in cancer cell lines,"The Functional Genomic Landscape of Human Breast Cancer Drivers, Vulnerabilities, and Resistance (RNASeq)"
GSE24737,GSE87006,2,,Large scale screening for known fusion genes in cancer cell lines,CDK4 phosphorylation status and a linked gene expression profile predict sensitivity to Palbociclib [lines]
GSE24737,GSE87008,2,,Large scale screening for known fusion genes in cancer cell lines,CDK4 phosphorylation status and a linked gene expression profile predict sensitivity to Palbociclib
GSE52643,GSE81032,2,,Fusion discovery in breast cancer cell line,Comparative proteomics and transcriptomics study of signaling network proteins across multiple normal and cancer cell lines
GSE73526,GSE81032,2,,"The Functional Genomic Landscape of Human Breast Cancer Drivers, Vulnerabilities, and Resistance (RNASeq)",Comparative proteomics and transcriptomics study of signaling network proteins across multiple normal and cancer cell lines
GSE111151,GSE16732,2,,RNA-sequencing of tamoxifen-resistant and -sensitive breast cancer cell lines.,Affymetrix Gene Chip Human Exon 1.0 ST Array expression profiling of 41 human breast cancer cell lines
GSE111151,GSE16795,2,,RNA-sequencing of tamoxifen-resistant and -sensitive breast cancer cell lines.,Affymetrix HG-U133A gene expression profiles of 39 human breast cancer cell lines
GSE111151,GSE173634,2,,RNA-sequencing of tamoxifen-resistant and -sensitive breast cancer cell lines.,Molecular phenotyping of breast cancer cell lines at the single-cell level for automated tumour diagnosis and prediction of drug sensitivity
GSE111151,GSE17945,2,,RNA-sequencing of tamoxifen-resistant and -sensitive breast cancer cell lines.,tRNA Over-Expression in Breast Cancer
GSE111151,GSE212143,2,,RNA-sequencing of tamoxifen-resistant and -sensitive breast cancer cell lines.,Transcriptome analysis of 15 different breast cancer cell lines
GSE111151,GSE52643,2,,RNA-sequencing of tamoxifen-resistant and -sensitive breast cancer cell lines.,Fusion discovery in breast cancer cell line
GSE111151,GSE58135,2,,RNA-sequencing of tamoxifen-resistant and -sensitive breast cancer cell lines.,Breast Cancer RNA-seq
GSE111151,GSE73526,2,,RNA-sequencing of tamoxifen-resistant and -sensitive breast cancer cell lines.,"The Functional Genomic Landscape of Human Breast Cancer Drivers, Vulnerabilities, and Resistance (RNASeq)"
GSE111151,GSE87006,2,,RNA-sequencing of tamoxifen-resistant and -sensitive breast cancer cell lines.,CDK4 phosphorylation status and a linked gene expression profile predict sensitivity to Palbociclib [lines]
GSE111151,GSE87008,2,,RNA-sequencing of tamoxifen-resistant and -sensitive breast cancer cell lines.,CDK4 phosphorylation status and a linked gene expression profile predict sensitivity to Palbociclib
GSE17945,GSE52643,2,,tRNA Over-Expression in Breast Cancer,Fusion discovery in breast cancer cell line
GSE119678,GSE152908,2,,Defective transcription elongation in a subset of cancers confers immunotherapy resistance (human cell lines RNA-Seq),Transcriptomic profiling of 62 breast cancer cell lines and PDX models
GSE119678,GSE73526,2,,Defective transcription elongation in a subset of cancers confers immunotherapy resistance (human cell lines RNA-Seq),"The Functional Genomic Landscape of Human Breast Cancer Drivers, Vulnerabilities, and Resistance (RNASeq)"
GSE19295,GSE196781,2,,HER2 and EGFR dependent activation of RalA in breast cancer,Gardenia Jasminoides induce paraptosis
GSE19295,GSE57243,2,,HER2 and EGFR dependent activation of RalA in breast cancer,Cell-type restricted activity of hnRNPM promotes breast cancer metastasis via regulating alternative splicing
GSE196781,GSE327958,2,,Gardenia Jasminoides induce paraptosis,Transcriptomic responses to a PDE4DIP-directed siRNA in MDA-MB-231 breast cancer cells
GSE196781,GSE51403,2,,Gardenia Jasminoides induce paraptosis,"RNA-seq differential expression studies: more sequence, or more replication?"
GSE196781,GSE54756,2,,Gardenia Jasminoides induce paraptosis,Expression data from TGFBR3 controls and TGFBR3 knockdown of SUM159 3D cultures
GSE196781,GSE57243,2,,Gardenia Jasminoides induce paraptosis,Cell-type restricted activity of hnRNPM promotes breast cancer metastasis via regulating alternative splicing
GSE327958,GSE57243,2,,Transcriptomic responses to a PDE4DIP-directed siRNA in MDA-MB-231 breast cancer cells,Cell-type restricted activity of hnRNPM promotes breast cancer metastasis via regulating alternative splicing
GSE51403,GSE57243,2,,"RNA-seq differential expression studies: more sequence, or more replication?",Cell-type restricted activity of hnRNPM promotes breast cancer metastasis via regulating alternative splicing
GSE54756,GSE57243,2,,Expression data from TGFBR3 controls and TGFBR3 knockdown of SUM159 3D cultures,Cell-type restricted activity of hnRNPM promotes breast cancer metastasis via regulating alternative splicing
GSE127212,GSE62766,2,,"MYC-associated Factor X, MAX, controls the clock transcriptional network [RNA-Seq]",Gene expression of T47D-MTVL human breast cancer cells upon H1X knock-down
GSE127213,GSE62766,2,,"MYC-associated factor X, MAX",Gene expression of T47D-MTVL human breast cancer cells upon H1X knock-down
GSE115550,GSE120756,2,,Spatially Constrained Tandem Bromodomain Inhibition Bolsters Sustained Repression of BRD4 Transcriptional Activity for TNBC Cell Growth,TET2 coactivates gene expression through demethylation of enhancers
GSE115550,GSE124843,2,,Spatially Constrained Tandem Bromodomain Inhibition Bolsters Sustained Repression of BRD4 Transcriptional Activity for TNBC Cell Growth,Integrative transcriptomic analysis reveals mechanisms controlling the reciprocity of epithelial and mesenchymal genes during epithelial-to-mesenchymal transition
GSE115550,GSE191050,2,,Spatially Constrained Tandem Bromodomain Inhibition Bolsters Sustained Repression of BRD4 Transcriptional Activity for TNBC Cell Growth,RNA-seq on HER2+ cell line upon treatments
GSE115550,GSE262009,2,,Spatially Constrained Tandem Bromodomain Inhibition Bolsters Sustained Repression of BRD4 Transcriptional Activity for TNBC Cell Growth,Reciprocal inhibition of NOTCH and SOX2 shapes tumor cell plasticity and therapeutic escape in triple negative breast cancer.
GSE120756,GSE124843,2,,TET2 coactivates gene expression through demethylation of enhancers,Integrative transcriptomic analysis reveals mechanisms controlling the reciprocity of epithelial and mesenchymal genes during epithelial-to-mesenchymal transition
GSE120756,GSE191050,2,,TET2 coactivates gene expression through demethylation of enhancers,RNA-seq on HER2+ cell line upon treatments
GSE120756,GSE262009,2,,TET2 coactivates gene expression through demethylation of enhancers,Reciprocal inhibition of NOTCH and SOX2 shapes tumor cell plasticity and therapeutic escape in triple negative breast cancer.
GSE124843,GSE191050,2,,Integrative transcriptomic analysis reveals mechanisms controlling the reciprocity of epithelial and mesenchymal genes during epithelial-to-mesenchymal transition,RNA-seq on HER2+ cell line upon treatments
GSE124843,GSE262009,2,,Integrative transcriptomic analysis reveals mechanisms controlling the reciprocity of epithelial and mesenchymal genes during epithelial-to-mesenchymal transition,Reciprocal inhibition of NOTCH and SOX2 shapes tumor cell plasticity and therapeutic escape in triple negative breast cancer.
GSE41119,GSE58135,2,,Molecular Characterization of Basal-like and Non-Basal-like Triple-Negative Breast Cancers,Breast Cancer RNA-seq
GSE41119,GSE59242,2,,Molecular Characterization of Basal-like and Non-Basal-like Triple-Negative Breast Cancers,Profiling of human cancer breast cell lines (Affymetrix)
GSE19639,GSE58643,2,,Hyperactivation of PI3K promotes escape from hormone dependence in estrogen receptor-positive breast cancer,An epigenetically distinct breast cancer cell subpopulation promotes collective invasion
GSE212143,GSE21217,2,,Transcriptome analysis of 15 different breast cancer cell lines,18F-fluorodeoxy-glucose positron emission tomography marks MYC-overexpressing human basal-like breast cancers.
GSE212143,GSE262110,2,,Transcriptome analysis of 15 different breast cancer cell lines,Patient-derived response estimates from zero-passage organoids of luminal breast cancer
GSE21217,GSE262110,2,,18F-fluorodeoxy-glucose positron emission tomography marks MYC-overexpressing human basal-like breast cancers.,Patient-derived response estimates from zero-passage organoids of luminal breast cancer
GSE262110,GSE87006,2,,Patient-derived response estimates from zero-passage organoids of luminal breast cancer,CDK4 phosphorylation status and a linked gene expression profile predict sensitivity to Palbociclib [lines]
GSE262110,GSE87008,2,,Patient-derived response estimates from zero-passage organoids of luminal breast cancer,CDK4 phosphorylation status and a linked gene expression profile predict sensitivity to Palbociclib
GSE173634,GSE3353,2,,Molecular phenotyping of breast cancer cell lines at the single-cell level for automated tumour diagnosis and prediction of drug sensitivity,A comparison of gene expression signatures from breast tumors and breast tissue derived cell lines
GSE3353,GSE59242,2,,A comparison of gene expression signatures from breast tumors and breast tissue derived cell lines,Profiling of human cancer breast cell lines (Affymetrix)
GSE17945,GSE21217,2,,tRNA Over-Expression in Breast Cancer,18F-fluorodeoxy-glucose positron emission tomography marks MYC-overexpressing human basal-like breast cancers.
GSE217579,GSE24737,2,,Nuclear pCHK1 as a potential biomarker of increased sensitivity to ATR inhibition,Large scale screening for known fusion genes in cancer cell lines
GSE217579,GSE57083,2,,Nuclear pCHK1 as a potential biomarker of increased sensitivity to ATR inhibition,Expression data from AstraZeneca internal cell lines
GSE207618,GSE38858,2,,Phenylacetaldehyde inhibits development of colorectal cancer,AcceSssIble Assay to Study the Chomatin Accessibility and DNA Methylation
GSE176304,GSE234179,2,,Expression and Function of C1orf132 Long-Noncoding RNA in Breast Cancer Cell Lines and Tissues,High-throughput sequencing in ARID1A knockout MDA-MB-231 cells
GSE192809,GSE43306,2,,RNA-Seq of MCF7 intraductal xenografts hormonally treated,Translating transcriptome of cancer cells in situ in mesenchymal-rich tumor microenvironment
GSE266680,GSE48408,2,,Architecture of the neutrophil compartment in mice,Long non-coding RNA HOTAIR is an independent prognostic marker of metastasis in estrogen receptor positive primary breast cancer
GSE135112,GSE159661,2,,RNA-SEQ of humna lung and breast cancer cell lines,Gene expression signatures for breast cancer cell lines
GSE144044,GSE74764,2,,Gene expression profiles in maspin-overexpressing MDA-MB-231 breast cancer cells,Development of gene expression signatures for the HDF and MDA-MB-231 cells that received TP4 (a cationic antimicrobial peptide) treatment
GSE152908,GSE30489,2,,Transcriptomic profiling of 62 breast cancer cell lines and PDX models,Defining the cellular precursors to human breast cancer
GSE30489,GSE3353,2,,Defining the cellular precursors to human breast cancer,A comparison of gene expression signatures from breast tumors and breast tissue derived cell lines
GSE30489,GSE73526,2,,Defining the cellular precursors to human breast cancer,"The Functional Genomic Landscape of Human Breast Cancer Drivers, Vulnerabilities, and Resistance (RNASeq)"
GSE3353,GSE50470,2,,A comparison of gene expression signatures from breast tumors and breast tissue derived cell lines,Characterization of Cell Lines Derived from Breast Cancers and Normal Mammary Tissues for the Study of the Intrinsic Molecular Subtypes
GSE139270,GSE171957,2,,AIB1D4 role in early breast cancer progression,Multi-omics data integration reveals correlated regulatory features of triple negative breast cancer [RNA-seq]
GSE139270,GSE171958,2,,AIB1D4 role in early breast cancer progression,Multi-omics data integration reveals correlated regulatory features of triple negative breast cancer
GSE139270,GSE207696,2,,AIB1D4 role in early breast cancer progression,Identification of recurrent chromosome breaks underlying structural rearrangements in mammary cancer cell lines [RNA-seq]
GSE171957,GSE17945,2,,Multi-omics data integration reveals correlated regulatory features of triple negative breast cancer [RNA-seq],tRNA Over-Expression in Breast Cancer
GSE171958,GSE17945,2,,Multi-omics data integration reveals correlated regulatory features of triple negative breast cancer,tRNA Over-Expression in Breast Cancer
GSE17945,GSE207696,2,,tRNA Over-Expression in Breast Cancer,Identification of recurrent chromosome breaks underlying structural rearrangements in mammary cancer cell lines [RNA-seq]
GSE173634,GSE50470,2,,Molecular phenotyping of breast cancer cell lines at the single-cell level for automated tumour diagnosis and prediction of drug sensitivity,Characterization of Cell Lines Derived from Breast Cancers and Normal Mammary Tissues for the Study of the Intrinsic Molecular Subtypes
GSE138361,GSE171957,2,,Identification of ALDH1A3 as a viable therapeutic target in breast cancer metastasis-initiating cells,Multi-omics data integration reveals correlated regulatory features of triple negative breast cancer [RNA-seq]
GSE138361,GSE171958,2,,Identification of ALDH1A3 as a viable therapeutic target in breast cancer metastasis-initiating cells,Multi-omics data integration reveals correlated regulatory features of triple negative breast cancer
GSE152908,GSE57083,2,,Transcriptomic profiling of 62 breast cancer cell lines and PDX models,Expression data from AstraZeneca internal cell lines
GSE16732,GSE50470,2,,Affymetrix Gene Chip Human Exon 1.0 ST Array expression profiling of 41 human breast cancer cell lines,Characterization of Cell Lines Derived from Breast Cancers and Normal Mammary Tissues for the Study of the Intrinsic Molecular Subtypes
GSE100878,GSE50470,2,,Gene expression profile in breast cancer cell lines using RNA sequencing,Characterization of Cell Lines Derived from Breast Cancers and Normal Mammary Tissues for the Study of the Intrinsic Molecular Subtypes
GSE217579,GSE59242,2,,Nuclear pCHK1 as a potential biomarker of increased sensitivity to ATR inhibition,Profiling of human cancer breast cell lines (Affymetrix)
GSE217579,GSE73526,2,,Nuclear pCHK1 as a potential biomarker of increased sensitivity to ATR inhibition,"The Functional Genomic Landscape of Human Breast Cancer Drivers, Vulnerabilities, and Resistance (RNASeq)"
GSE173634,GSE57083,2,,Molecular phenotyping of breast cancer cell lines at the single-cell level for automated tumour diagnosis and prediction of drug sensitivity,Expression data from AstraZeneca internal cell lines
GSE212143,GSE57083,2,,Transcriptome analysis of 15 different breast cancer cell lines,Expression data from AstraZeneca internal cell lines
GSE205252,GSE326436,2,,Integrated analysis reveals effects of bioactive ingredients from Limonium Sinense (Girard) Kuntze on hypoxia-inducible factor (HIF) activation,Gene Expression Changes Induced by FBXW5 overexpression in triple-negative breast cancer cells
GSE24468,GSE25077,2,,Elucidation of the Mechanisms by which the Progesterone Receptor Inhibits Inflammatory Responses in Cellular Models of Breast Cancer,Gene expression in response to progestin R5020
GSE26349,GSE302031,2,,Breast Cancer Methylomes Establish an Epigenomic Foundation for Metastasis,"XMD8-92 and JWG-045 exhibit anti-ferroptotic activities, independently of inhibiting ERK5"
GSE140848,GSE98016,2,,RNA sequencing analysis of shControl and shSASH1 in MDA-MB-468 cells,Transcriptome analysis on TDP43 and SRSF3 downstream genes and binding RNAs in MDA-MB231 cells by Next Generation Sequencing
GSE251873,GSE76487,2,,Loss of the lipid transfer protein STARD7 triggers metabolic reprogramming and an epigenetic-mediated cell cycle arrest in breast cancer,MBNL1-dependent modulation of gene expression in MDA-MB-231 breast cancer cells
GSE251873,GSE76488,2,,Loss of the lipid transfer protein STARD7 triggers metabolic reprogramming and an epigenetic-mediated cell cycle arrest in breast cancer,Muscleblind-like 1 suppresses breast cancer metastatic colonization and stabilizes metastasis suppressor transcripts
GSE130868,GSE130873,2,31300274,Total RNA-seq of siRNA-mediated SRSF1 knockdown,Total RNA-seq of siRNA-mediated WTAP and TPR knockdown
GSE152908,GSE46834,2,,Transcriptomic profiling of 62 breast cancer cell lines and PDX models,Gene expression profiles of human breast cancer cell lines
GSE16732,GSE46834,2,,Affymetrix Gene Chip Human Exon 1.0 ST Array expression profiling of 41 human breast cancer cell lines,Gene expression profiles of human breast cancer cell lines
GSE46834,GSE73526,2,,Gene expression profiles of human breast cancer cell lines,"The Functional Genomic Landscape of Human Breast Cancer Drivers, Vulnerabilities, and Resistance (RNASeq)"
GSE196952,GSE221183,2,,CD9 contributes to exit from a stem cell-like and embryonic diapause states and transit to drug resistant states ,Single cell RNA trajectory analysis reveals a CD9 positive cell state to contribute to exit from stem cell-like and embryonic diapause states and transit to drug resistant states
GSE152908,GSE228275,2,,Transcriptomic profiling of 62 breast cancer cell lines and PDX models,"Gene expression profile at single cell level of SUM149PT, SUM185PE, SUM229PE, SUM159PT and SUM1315MO2 cell lines"
GSE152908,GSE228382,2,,Transcriptomic profiling of 62 breast cancer cell lines and PDX models,Single cell lineage tracing reveals clonal dynamics of anti-EGFR therapy resistance in triple negative breast cancer.
GSE234171,GSE23720,2,,Long-term multi-modal recording reveals epigenetic adaptation routes in dormant breast cancer cells [RNA-Seq],High-resolution comparative genomic hybridization of inflammatory breast cancer and identification of candidate genes
GSE234185,GSE23720,2,,Long-term multi-modal recording reveals epigenetic adaptation routes in dormant breast cancer cells,High-resolution comparative genomic hybridization of inflammatory breast cancer and identification of candidate genes
GSE16732,GSE28866,2,,Affymetrix Gene Chip Human Exon 1.0 ST Array expression profiling of 41 human breast cancer cell lines,Transcriptional profiling of lncRNAs and novel transcribed regions across a diverse panel of archived human cancers
GSE16795,GSE28866,2,,Affymetrix HG-U133A gene expression profiles of 39 human breast cancer cell lines,Transcriptional profiling of lncRNAs and novel transcribed regions across a diverse panel of archived human cancers
GSE10886,GSE35629,2,,A Supervised Risk Predictor of Breast Cancer Based on Biological Subtypes,Vimentin DNA Methylation Predicts Survival in Breast Cancer
GSE16113,GSE22384,2,,Activation of Host Wound Responses in Breast Cancer Microenvironment,Systematic Bias in Genomic Classification Due to Contaminating Normal Tissue in Breast Tumor Samples
GSE22384,GSE31589,2,,Systematic Bias in Genomic Classification Due to Contaminating Normal Tissue in Breast Tumor Samples,Expression of Epithelial-to-Mesenchymal Transition (EMT)-associated genes in extratumoral microenvironment predicts poor clinical outcome in breast cancer patients
GSE168027,GSE76460,2,,Enhancer reactivation mediates adaptive resistance to FGFR inhibitors in triple-negative breast cancer,The Chromatin-Looping Factor ZNF143 Engages at Looping Promoters to Favor the Estrogen Response in Breast Cancer
GSE168027,GSE85141,2,,Enhancer reactivation mediates adaptive resistance to FGFR inhibitors in triple-negative breast cancer,Gene expression profile perturbed by ATRA
GSE181471,GSE76460,2,,Enhancer reactivation mediates adaptive resistance to FGFR inhibitors in triple-negative breast cancer [PDX_RNA_seq],The Chromatin-Looping Factor ZNF143 Engages at Looping Promoters to Favor the Estrogen Response in Breast Cancer
GSE181471,GSE85141,2,,Enhancer reactivation mediates adaptive resistance to FGFR inhibitors in triple-negative breast cancer [PDX_RNA_seq],Gene expression profile perturbed by ATRA
GSE76460,GSE85141,2,,The Chromatin-Looping Factor ZNF143 Engages at Looping Promoters to Favor the Estrogen Response in Breast Cancer,Gene expression profile perturbed by ATRA
GSE108308,GSE139928,2,,A cell-permeable stapled peptide inhibitor of the estrogen receptor/coactivator interaction,Genome wide analysis of transcripts regulated by PAX2 and Tamoxifen in MCF-7 cells
GSE108308,GSE183458,2,,A cell-permeable stapled peptide inhibitor of the estrogen receptor/coactivator interaction,EZH2-mediated epigenetic suppression of IFNa/b-STAT2 signaling enhances anti-tumor immunity in breast cancer [RNA-Seq]
GSE108308,GSE183459,2,,A cell-permeable stapled peptide inhibitor of the estrogen receptor/coactivator interaction,EZH2-mediated epigenetic suppression of IFNa/b-STAT2 signaling enhances anti-tumor immunity in breast cancer
GSE139928,GSE183458,2,,Genome wide analysis of transcripts regulated by PAX2 and Tamoxifen in MCF-7 cells,EZH2-mediated epigenetic suppression of IFNa/b-STAT2 signaling enhances anti-tumor immunity in breast cancer [RNA-Seq]
GSE139928,GSE183459,2,,Genome wide analysis of transcripts regulated by PAX2 and Tamoxifen in MCF-7 cells,EZH2-mediated epigenetic suppression of IFNa/b-STAT2 signaling enhances anti-tumor immunity in breast cancer
GSE112365,GSE176304,2,,A SIRT1-centered Circuitry Regulates Breast Cancer Stemness and Metastasis,Expression and Function of C1orf132 Long-Noncoding RNA in Breast Cancer Cell Lines and Tissues
GSE124843,GSE176304,2,,Integrative transcriptomic analysis reveals mechanisms controlling the reciprocity of epithelial and mesenchymal genes during epithelial-to-mesenchymal transition,Expression and Function of C1orf132 Long-Noncoding RNA in Breast Cancer Cell Lines and Tissues
GSE334033,GSE40115,2,,A Patient-Derived Xenograft Model Identifies AK1 as a Key Regulator of Metastatic Potential in Primary Triple-Negative Breast Cancer,Classifications within Molecular Subtypes Enables Identification of BRCA1/BRCA2 Mutation Carriers by RNA Tumor Profiling
GSE172159,GSE217579,1,,mRNA expression profiles of 223 cancer cell lines including newly established ones,Nuclear pCHK1 as a potential biomarker of increased sensitivity to ATR inhibition
GSE172159,GSE57083,1,,mRNA expression profiles of 223 cancer cell lines including newly established ones,Expression data from AstraZeneca internal cell lines
GSE57083,GSE65314,1,,Expression data from AstraZeneca internal cell lines,Experimental gene expression analysis of 12 cancer cell lines
GSE152908,GSE72955,1,,Transcriptomic profiling of 62 breast cancer cell lines and PDX models,Retroviral Replicating Vectors Deliver Cytosine Deaminase Leading to Targeted 5-FU-Mediated Cytotoxicity in Multiple Human Cancer Types
GSE173634,GSE72955,1,,Molecular phenotyping of breast cancer cell lines at the single-cell level for automated tumour diagnosis and prediction of drug sensitivity,Retroviral Replicating Vectors Deliver Cytosine Deaminase Leading to Targeted 5-FU-Mediated Cytotoxicity in Multiple Human Cancer Types
GSE212143,GSE72955,1,,Transcriptome analysis of 15 different breast cancer cell lines,Retroviral Replicating Vectors Deliver Cytosine Deaminase Leading to Targeted 5-FU-Mediated Cytotoxicity in Multiple Human Cancer Types
GSE3521,GSE35629,1,,A compact VEGF signature associated with distant metastases and poor outcomes,Vimentin DNA Methylation Predicts Survival in Breast Cancer
GSE148848,GSE149156,1,,"microRNA expression profiling of paired primary and lymph node metastatic breast cancer patients, and gene expression profiling of MDA-MB-231 cells transfected with hsa-miR-205-5p and hsa-miR-214-3p compared to scrambled miRNA precursors",Transcriptome and Retrotranscriptome profiling in HIV infected women with Breast Cancer (RNA-seq)
GSE149156,GSE159448,1,,Transcriptome and Retrotranscriptome profiling in HIV infected women with Breast Cancer (RNA-seq),RNA-Seq analysis identifies to GATA3-AS1 as a lncRNA associated with resistance to neoadjuvant chemotherapy in locally advanced breast cancer patients
GSE149156,GSE21653,1,,Transcriptome and Retrotranscriptome profiling in HIV infected women with Breast Cancer (RNA-seq),A gene expression signature identifies two prognostic subgroups of basal breast cancer
GSE149156,GSE43615,1,,Transcriptome and Retrotranscriptome profiling in HIV infected women with Breast Cancer (RNA-seq),IRCC Breast Cancer dataset
GSE148848,GSE281492,1,,"microRNA expression profiling of paired primary and lymph node metastatic breast cancer patients, and gene expression profiling of MDA-MB-231 cells transfected with hsa-miR-205-5p and hsa-miR-214-3p compared to scrambled miRNA precursors",Molecular characterisation of the metastatic cell state in Breast Cancer
GSE148848,GSE281580,1,,"microRNA expression profiling of paired primary and lymph node metastatic breast cancer patients, and gene expression profiling of MDA-MB-231 cells transfected with hsa-miR-205-5p and hsa-miR-214-3p compared to scrambled miRNA precursors",Human scRNA-seq of three primary and five metastatic breast cancers
GSE21653,GSE281492,1,,A gene expression signature identifies two prognostic subgroups of basal breast cancer,Molecular characterisation of the metastatic cell state in Breast Cancer
GSE21653,GSE281580,1,,A gene expression signature identifies two prognostic subgroups of basal breast cancer,Human scRNA-seq of three primary and five metastatic breast cancers
GSE281492,GSE3193,1,,Molecular characterisation of the metastatic cell state in Breast Cancer,Breast Tumor Clinical Implications
GSE281492,GSE3281,1,,Molecular characterisation of the metastatic cell state in Breast Cancer,Breast Cancer aCGH
GSE281492,GSE4335,1,,Molecular characterisation of the metastatic cell state in Breast Cancer,Norway/Stanford Breast Tumors
GSE281492,GSE43615,1,,Molecular characterisation of the metastatic cell state in Breast Cancer,IRCC Breast Cancer dataset
GSE281492,GSE4382,1,,Molecular characterisation of the metastatic cell state in Breast Cancer,Repeated observation of breast tumor subtypes in independent gene expression data sets
GSE281492,GSE61,1,,Molecular characterisation of the metastatic cell state in Breast Cancer,Molecular portraits of human breast tumors
GSE281580,GSE3193,1,,Human scRNA-seq of three primary and five metastatic breast cancers,Breast Tumor Clinical Implications
GSE281580,GSE3281,1,,Human scRNA-seq of three primary and five metastatic breast cancers,Breast Cancer aCGH
GSE281580,GSE4335,1,,Human scRNA-seq of three primary and five metastatic breast cancers,Norway/Stanford Breast Tumors
GSE281580,GSE43615,1,,Human scRNA-seq of three primary and five metastatic breast cancers,IRCC Breast Cancer dataset
GSE281580,GSE4382,1,,Human scRNA-seq of three primary and five metastatic breast cancers,Repeated observation of breast tumor subtypes in independent gene expression data sets
GSE281580,GSE61,1,,Human scRNA-seq of three primary and five metastatic breast cancers,Molecular portraits of human breast tumors
GSE1992,GSE35629,1,,A New Breast Tumor Intrinsic Gene List Identifies Novel Characteristics that are Conserved Across Microarray Platforms,Vimentin DNA Methylation Predicts Survival in Breast Cancer
GSE2740,GSE35629,1,,Estrogen-regulated genes predict survival in estrogen receptor and/or progesterone receptor-positive breast cancers,Vimentin DNA Methylation Predicts Survival in Breast Cancer
GSE2741,GSE35629,1,,Breast Tumor's study,Vimentin DNA Methylation Predicts Survival in Breast Cancer
GSE35629,GSE6130,1,,Vimentin DNA Methylation Predicts Survival in Breast Cancer,Agreement in Breast Cancer Classification between Microarray and qRT-PCR from Fresh-Frozen and Formalin-Fixed Tissues
GSE12777,GSE23640,1,,Gene expression profiling of 51 human breast cancer cell lines,Gene-expression profile of breast cancer cell lines and sorted breast cancer epithelial cells
GSE12790,GSE23640,1,,Gene expression profiling of human breast cancers and cancer cell lines,Gene-expression profile of breast cancer cell lines and sorted breast cancer epithelial cells
GSE12777,GSE7860,1,,Gene expression profiling of 51 human breast cancer cell lines,Non-coding antisense transcription detected by conventional and single-stranded cDNA microarray
GSE12790,GSE7860,1,,Gene expression profiling of human breast cancers and cancer cell lines,Non-coding antisense transcription detected by conventional and single-stranded cDNA microarray
GSE152908,GSE197763,1,,Transcriptomic profiling of 62 breast cancer cell lines and PDX models,Pre-clinical validation of an RNA-based precision oncology platform for patient-therapy alignment in a diverse set of human malignancies resistant to standard treatments
GSE152908,GSE212854,1,,Transcriptomic profiling of 62 breast cancer cell lines and PDX models,An RNA-based precision oncology platform for patient-therapy alignment in a diverse set of treatment resistant malignancies
GSE152908,GSE24737,1,,Transcriptomic profiling of 62 breast cancer cell lines and PDX models,Large scale screening for known fusion genes in cancer cell lines
GSE152908,GSE4000,1,,Transcriptomic profiling of 62 breast cancer cell lines and PDX models,A molecular 'signature' of primary breast cancer cultures; patterns resembling tumor tissue.
GSE16732,GSE197763,1,,Affymetrix Gene Chip Human Exon 1.0 ST Array expression profiling of 41 human breast cancer cell lines,Pre-clinical validation of an RNA-based precision oncology platform for patient-therapy alignment in a diverse set of human malignancies resistant to standard treatments
GSE16732,GSE212854,1,,Affymetrix Gene Chip Human Exon 1.0 ST Array expression profiling of 41 human breast cancer cell lines,An RNA-based precision oncology platform for patient-therapy alignment in a diverse set of treatment resistant malignancies
GSE16732,GSE227630,1,,Affymetrix Gene Chip Human Exon 1.0 ST Array expression profiling of 41 human breast cancer cell lines,Changes in expression of genes +/- CREB3L1 expression
GSE16732,GSE4000,1,,Affymetrix Gene Chip Human Exon 1.0 ST Array expression profiling of 41 human breast cancer cell lines,A molecular 'signature' of primary breast cancer cultures; patterns resembling tumor tissue.
GSE16732,GSE81032,1,,Affymetrix Gene Chip Human Exon 1.0 ST Array expression profiling of 41 human breast cancer cell lines,Comparative proteomics and transcriptomics study of signaling network proteins across multiple normal and cancer cell lines
GSE16795,GSE197763,1,,Affymetrix HG-U133A gene expression profiles of 39 human breast cancer cell lines,Pre-clinical validation of an RNA-based precision oncology platform for patient-therapy alignment in a diverse set of human malignancies resistant to standard treatments
GSE16795,GSE212854,1,,Affymetrix HG-U133A gene expression profiles of 39 human breast cancer cell lines,An RNA-based precision oncology platform for patient-therapy alignment in a diverse set of treatment resistant malignancies
GSE16795,GSE227630,1,,Affymetrix HG-U133A gene expression profiles of 39 human breast cancer cell lines,Changes in expression of genes +/- CREB3L1 expression
GSE16795,GSE4000,1,,Affymetrix HG-U133A gene expression profiles of 39 human breast cancer cell lines,A molecular 'signature' of primary breast cancer cultures; patterns resembling tumor tissue.
GSE16795,GSE81032,1,,Affymetrix HG-U133A gene expression profiles of 39 human breast cancer cell lines,Comparative proteomics and transcriptomics study of signaling network proteins across multiple normal and cancer cell lines
GSE173634,GSE197763,1,,Molecular phenotyping of breast cancer cell lines at the single-cell level for automated tumour diagnosis and prediction of drug sensitivity,Pre-clinical validation of an RNA-based precision oncology platform for patient-therapy alignment in a diverse set of human malignancies resistant to standard treatments
GSE173634,GSE212854,1,,Molecular phenotyping of breast cancer cell lines at the single-cell level for automated tumour diagnosis and prediction of drug sensitivity,An RNA-based precision oncology platform for patient-therapy alignment in a diverse set of treatment resistant malignancies
GSE173634,GSE227630,1,,Molecular phenotyping of breast cancer cell lines at the single-cell level for automated tumour diagnosis and prediction of drug sensitivity,Changes in expression of genes +/- CREB3L1 expression
GSE173634,GSE4000,1,,Molecular phenotyping of breast cancer cell lines at the single-cell level for automated tumour diagnosis and prediction of drug sensitivity,A molecular 'signature' of primary breast cancer cultures; patterns resembling tumor tissue.
GSE173634,GSE81032,1,,Molecular phenotyping of breast cancer cell lines at the single-cell level for automated tumour diagnosis and prediction of drug sensitivity,Comparative proteomics and transcriptomics study of signaling network proteins across multiple normal and cancer cell lines
GSE197763,GSE212143,1,,Pre-clinical validation of an RNA-based precision oncology platform for patient-therapy alignment in a diverse set of human malignancies resistant to standard treatments,Transcriptome analysis of 15 different breast cancer cell lines
GSE197763,GSE227630,1,,Pre-clinical validation of an RNA-based precision oncology platform for patient-therapy alignment in a diverse set of human malignancies resistant to standard treatments,Changes in expression of genes +/- CREB3L1 expression
GSE197763,GSE24578,1,,Pre-clinical validation of an RNA-based precision oncology platform for patient-therapy alignment in a diverse set of human malignancies resistant to standard treatments,Basal gene expression of breast cancer cell lines
GSE197763,GSE24717,1,,Pre-clinical validation of an RNA-based precision oncology platform for patient-therapy alignment in a diverse set of human malignancies resistant to standard treatments,Using a Stem Cell-Based Signature to Guide Therapeutic Selection in Cancer
GSE197763,GSE24737,1,,Pre-clinical validation of an RNA-based precision oncology platform for patient-therapy alignment in a diverse set of human malignancies resistant to standard treatments,Large scale screening for known fusion genes in cancer cell lines
GSE197763,GSE4000,1,,Pre-clinical validation of an RNA-based precision oncology platform for patient-therapy alignment in a diverse set of human malignancies resistant to standard treatments,A molecular 'signature' of primary breast cancer cultures; patterns resembling tumor tissue.
GSE197763,GSE52643,1,,Pre-clinical validation of an RNA-based precision oncology platform for patient-therapy alignment in a diverse set of human malignancies resistant to standard treatments,Fusion discovery in breast cancer cell line
GSE197763,GSE58135,1,,Pre-clinical validation of an RNA-based precision oncology platform for patient-therapy alignment in a diverse set of human malignancies resistant to standard treatments,Breast Cancer RNA-seq
GSE197763,GSE59242,1,,Pre-clinical validation of an RNA-based precision oncology platform for patient-therapy alignment in a diverse set of human malignancies resistant to standard treatments,Profiling of human cancer breast cell lines (Affymetrix)
GSE197763,GSE73526,1,,Pre-clinical validation of an RNA-based precision oncology platform for patient-therapy alignment in a diverse set of human malignancies resistant to standard treatments,"The Functional Genomic Landscape of Human Breast Cancer Drivers, Vulnerabilities, and Resistance (RNASeq)"
GSE197763,GSE81032,1,,Pre-clinical validation of an RNA-based precision oncology platform for patient-therapy alignment in a diverse set of human malignancies resistant to standard treatments,Comparative proteomics and transcriptomics study of signaling network proteins across multiple normal and cancer cell lines
GSE197763,GSE87006,1,,Pre-clinical validation of an RNA-based precision oncology platform for patient-therapy alignment in a diverse set of human malignancies resistant to standard treatments,CDK4 phosphorylation status and a linked gene expression profile predict sensitivity to Palbociclib [lines]
GSE197763,GSE87008,1,,Pre-clinical validation of an RNA-based precision oncology platform for patient-therapy alignment in a diverse set of human malignancies resistant to standard treatments,CDK4 phosphorylation status and a linked gene expression profile predict sensitivity to Palbociclib
GSE212143,GSE212854,1,,Transcriptome analysis of 15 different breast cancer cell lines,An RNA-based precision oncology platform for patient-therapy alignment in a diverse set of treatment resistant malignancies
GSE212143,GSE227630,1,,Transcriptome analysis of 15 different breast cancer cell lines,Changes in expression of genes +/- CREB3L1 expression
GSE212143,GSE4000,1,,Transcriptome analysis of 15 different breast cancer cell lines,A molecular 'signature' of primary breast cancer cultures; patterns resembling tumor tissue.
GSE212143,GSE81032,1,,Transcriptome analysis of 15 different breast cancer cell lines,Comparative proteomics and transcriptomics study of signaling network proteins across multiple normal and cancer cell lines
GSE212854,GSE227630,1,,An RNA-based precision oncology platform for patient-therapy alignment in a diverse set of treatment resistant malignancies,Changes in expression of genes +/- CREB3L1 expression
GSE212854,GSE24578,1,,An RNA-based precision oncology platform for patient-therapy alignment in a diverse set of treatment resistant malignancies,Basal gene expression of breast cancer cell lines
GSE212854,GSE24717,1,,An RNA-based precision oncology platform for patient-therapy alignment in a diverse set of treatment resistant malignancies,Using a Stem Cell-Based Signature to Guide Therapeutic Selection in Cancer
GSE212854,GSE24737,1,,An RNA-based precision oncology platform for patient-therapy alignment in a diverse set of treatment resistant malignancies,Large scale screening for known fusion genes in cancer cell lines
GSE212854,GSE4000,1,,An RNA-based precision oncology platform for patient-therapy alignment in a diverse set of treatment resistant malignancies,A molecular 'signature' of primary breast cancer cultures; patterns resembling tumor tissue.
GSE212854,GSE52643,1,,An RNA-based precision oncology platform for patient-therapy alignment in a diverse set of treatment resistant malignancies,Fusion discovery in breast cancer cell line
GSE212854,GSE58135,1,,An RNA-based precision oncology platform for patient-therapy alignment in a diverse set of treatment resistant malignancies,Breast Cancer RNA-seq
GSE212854,GSE59242,1,,An RNA-based precision oncology platform for patient-therapy alignment in a diverse set of treatment resistant malignancies,Profiling of human cancer breast cell lines (Affymetrix)
GSE212854,GSE73526,1,,An RNA-based precision oncology platform for patient-therapy alignment in a diverse set of treatment resistant malignancies,"The Functional Genomic Landscape of Human Breast Cancer Drivers, Vulnerabilities, and Resistance (RNASeq)"
GSE212854,GSE81032,1,,An RNA-based precision oncology platform for patient-therapy alignment in a diverse set of treatment resistant malignancies,Comparative proteomics and transcriptomics study of signaling network proteins across multiple normal and cancer cell lines
GSE212854,GSE87006,1,,An RNA-based precision oncology platform for patient-therapy alignment in a diverse set of treatment resistant malignancies,CDK4 phosphorylation status and a linked gene expression profile predict sensitivity to Palbociclib [lines]
GSE212854,GSE87008,1,,An RNA-based precision oncology platform for patient-therapy alignment in a diverse set of treatment resistant malignancies,CDK4 phosphorylation status and a linked gene expression profile predict sensitivity to Palbociclib
GSE227630,GSE24578,1,,Changes in expression of genes +/- CREB3L1 expression,Basal gene expression of breast cancer cell lines
GSE227630,GSE24717,1,,Changes in expression of genes +/- CREB3L1 expression,Using a Stem Cell-Based Signature to Guide Therapeutic Selection in Cancer
GSE227630,GSE24737,1,,Changes in expression of genes +/- CREB3L1 expression,Large scale screening for known fusion genes in cancer cell lines
GSE227630,GSE4000,1,,Changes in expression of genes +/- CREB3L1 expression,A molecular 'signature' of primary breast cancer cultures; patterns resembling tumor tissue.
GSE227630,GSE58135,1,,Changes in expression of genes +/- CREB3L1 expression,Breast Cancer RNA-seq
GSE227630,GSE59242,1,,Changes in expression of genes +/- CREB3L1 expression,Profiling of human cancer breast cell lines (Affymetrix)
GSE227630,GSE87006,1,,Changes in expression of genes +/- CREB3L1 expression,CDK4 phosphorylation status and a linked gene expression profile predict sensitivity to Palbociclib [lines]
GSE227630,GSE87008,1,,Changes in expression of genes +/- CREB3L1 expression,CDK4 phosphorylation status and a linked gene expression profile predict sensitivity to Palbociclib
GSE24578,GSE24737,1,,Basal gene expression of breast cancer cell lines,Large scale screening for known fusion genes in cancer cell lines
GSE24578,GSE4000,1,,Basal gene expression of breast cancer cell lines,A molecular 'signature' of primary breast cancer cultures; patterns resembling tumor tissue.
GSE24578,GSE81032,1,,Basal gene expression of breast cancer cell lines,Comparative proteomics and transcriptomics study of signaling network proteins across multiple normal and cancer cell lines
GSE24717,GSE24737,1,,Using a Stem Cell-Based Signature to Guide Therapeutic Selection in Cancer,Large scale screening for known fusion genes in cancer cell lines
GSE24717,GSE4000,1,,Using a Stem Cell-Based Signature to Guide Therapeutic Selection in Cancer,A molecular 'signature' of primary breast cancer cultures; patterns resembling tumor tissue.
GSE24717,GSE81032,1,,Using a Stem Cell-Based Signature to Guide Therapeutic Selection in Cancer,Comparative proteomics and transcriptomics study of signaling network proteins across multiple normal and cancer cell lines
GSE24737,GSE4000,1,,Large scale screening for known fusion genes in cancer cell lines,A molecular 'signature' of primary breast cancer cultures; patterns resembling tumor tissue.
GSE24737,GSE81032,1,,Large scale screening for known fusion genes in cancer cell lines,Comparative proteomics and transcriptomics study of signaling network proteins across multiple normal and cancer cell lines
GSE4000,GSE52643,1,,A molecular 'signature' of primary breast cancer cultures; patterns resembling tumor tissue.,Fusion discovery in breast cancer cell line
GSE4000,GSE58135,1,,A molecular 'signature' of primary breast cancer cultures; patterns resembling tumor tissue.,Breast Cancer RNA-seq
GSE4000,GSE59242,1,,A molecular 'signature' of primary breast cancer cultures; patterns resembling tumor tissue.,Profiling of human cancer breast cell lines (Affymetrix)
GSE4000,GSE73526,1,,A molecular 'signature' of primary breast cancer cultures; patterns resembling tumor tissue.,"The Functional Genomic Landscape of Human Breast Cancer Drivers, Vulnerabilities, and Resistance (RNASeq)"
GSE4000,GSE81032,1,,A molecular 'signature' of primary breast cancer cultures; patterns resembling tumor tissue.,Comparative proteomics and transcriptomics study of signaling network proteins across multiple normal and cancer cell lines
GSE4000,GSE87006,1,,A molecular 'signature' of primary breast cancer cultures; patterns resembling tumor tissue.,CDK4 phosphorylation status and a linked gene expression profile predict sensitivity to Palbociclib [lines]
GSE4000,GSE87008,1,,A molecular 'signature' of primary breast cancer cultures; patterns resembling tumor tissue.,CDK4 phosphorylation status and a linked gene expression profile predict sensitivity to Palbociclib
GSE58135,GSE81032,1,,Breast Cancer RNA-seq,Comparative proteomics and transcriptomics study of signaling network proteins across multiple normal and cancer cell lines
GSE59242,GSE81032,1,,Profiling of human cancer breast cell lines (Affymetrix),Comparative proteomics and transcriptomics study of signaling network proteins across multiple normal and cancer cell lines
GSE81032,GSE87006,1,,Comparative proteomics and transcriptomics study of signaling network proteins across multiple normal and cancer cell lines,CDK4 phosphorylation status and a linked gene expression profile predict sensitivity to Palbociclib [lines]
GSE81032,GSE87008,1,,Comparative proteomics and transcriptomics study of signaling network proteins across multiple normal and cancer cell lines,CDK4 phosphorylation status and a linked gene expression profile predict sensitivity to Palbociclib
GSE111151,GSE152908,1,,RNA-sequencing of tamoxifen-resistant and -sensitive breast cancer cell lines.,Transcriptomic profiling of 62 breast cancer cell lines and PDX models
GSE111151,GSE208238,1,,RNA-sequencing of tamoxifen-resistant and -sensitive breast cancer cell lines.,Alternative promoters and splicing create multiple functionally distinct isoforms of estrogen receptor alpha in breast cancer and healthy tissues
GSE111151,GSE24578,1,,RNA-sequencing of tamoxifen-resistant and -sensitive breast cancer cell lines.,Basal gene expression of breast cancer cell lines
GSE111151,GSE24717,1,,RNA-sequencing of tamoxifen-resistant and -sensitive breast cancer cell lines.,Using a Stem Cell-Based Signature to Guide Therapeutic Selection in Cancer
GSE111151,GSE65314,1,,RNA-sequencing of tamoxifen-resistant and -sensitive breast cancer cell lines.,Experimental gene expression analysis of 12 cancer cell lines
GSE152908,GSE208238,1,,Transcriptomic profiling of 62 breast cancer cell lines and PDX models,Alternative promoters and splicing create multiple functionally distinct isoforms of estrogen receptor alpha in breast cancer and healthy tissues
GSE152908,GSE65314,1,,Transcriptomic profiling of 62 breast cancer cell lines and PDX models,Experimental gene expression analysis of 12 cancer cell lines
GSE16732,GSE208238,1,,Affymetrix Gene Chip Human Exon 1.0 ST Array expression profiling of 41 human breast cancer cell lines,Alternative promoters and splicing create multiple functionally distinct isoforms of estrogen receptor alpha in breast cancer and healthy tissues
GSE16732,GSE65314,1,,Affymetrix Gene Chip Human Exon 1.0 ST Array expression profiling of 41 human breast cancer cell lines,Experimental gene expression analysis of 12 cancer cell lines
GSE16795,GSE208238,1,,Affymetrix HG-U133A gene expression profiles of 39 human breast cancer cell lines,Alternative promoters and splicing create multiple functionally distinct isoforms of estrogen receptor alpha in breast cancer and healthy tissues
GSE16795,GSE65314,1,,Affymetrix HG-U133A gene expression profiles of 39 human breast cancer cell lines,Experimental gene expression analysis of 12 cancer cell lines
GSE173634,GSE208238,1,,Molecular phenotyping of breast cancer cell lines at the single-cell level for automated tumour diagnosis and prediction of drug sensitivity,Alternative promoters and splicing create multiple functionally distinct isoforms of estrogen receptor alpha in breast cancer and healthy tissues
GSE173634,GSE65314,1,,Molecular phenotyping of breast cancer cell lines at the single-cell level for automated tumour diagnosis and prediction of drug sensitivity,Experimental gene expression analysis of 12 cancer cell lines
GSE17945,GSE208238,1,,tRNA Over-Expression in Breast Cancer,Alternative promoters and splicing create multiple functionally distinct isoforms of estrogen receptor alpha in breast cancer and healthy tissues
GSE17945,GSE24578,1,,tRNA Over-Expression in Breast Cancer,Basal gene expression of breast cancer cell lines
GSE17945,GSE24717,1,,tRNA Over-Expression in Breast Cancer,Using a Stem Cell-Based Signature to Guide Therapeutic Selection in Cancer
GSE17945,GSE65314,1,,tRNA Over-Expression in Breast Cancer,Experimental gene expression analysis of 12 cancer cell lines
GSE208238,GSE212143,1,,Alternative promoters and splicing create multiple functionally distinct isoforms of estrogen receptor alpha in breast cancer and healthy tissues,Transcriptome analysis of 15 different breast cancer cell lines
GSE208238,GSE24578,1,,Alternative promoters and splicing create multiple functionally distinct isoforms of estrogen receptor alpha in breast cancer and healthy tissues,Basal gene expression of breast cancer cell lines
GSE208238,GSE24717,1,,Alternative promoters and splicing create multiple functionally distinct isoforms of estrogen receptor alpha in breast cancer and healthy tissues,Using a Stem Cell-Based Signature to Guide Therapeutic Selection in Cancer
GSE208238,GSE52643,1,,Alternative promoters and splicing create multiple functionally distinct isoforms of estrogen receptor alpha in breast cancer and healthy tissues,Fusion discovery in breast cancer cell line
GSE208238,GSE58135,1,,Alternative promoters and splicing create multiple functionally distinct isoforms of estrogen receptor alpha in breast cancer and healthy tissues,Breast Cancer RNA-seq
GSE208238,GSE65314,1,,Alternative promoters and splicing create multiple functionally distinct isoforms of estrogen receptor alpha in breast cancer and healthy tissues,Experimental gene expression analysis of 12 cancer cell lines
GSE208238,GSE73526,1,,Alternative promoters and splicing create multiple functionally distinct isoforms of estrogen receptor alpha in breast cancer and healthy tissues,"The Functional Genomic Landscape of Human Breast Cancer Drivers, Vulnerabilities, and Resistance (RNASeq)"
GSE208238,GSE87006,1,,Alternative promoters and splicing create multiple functionally distinct isoforms of estrogen receptor alpha in breast cancer and healthy tissues,CDK4 phosphorylation status and a linked gene expression profile predict sensitivity to Palbociclib [lines]
GSE208238,GSE87008,1,,Alternative promoters and splicing create multiple functionally distinct isoforms of estrogen receptor alpha in breast cancer and healthy tissues,CDK4 phosphorylation status and a linked gene expression profile predict sensitivity to Palbociclib
GSE212143,GSE65314,1,,Transcriptome analysis of 15 different breast cancer cell lines,Experimental gene expression analysis of 12 cancer cell lines
GSE24578,GSE65314,1,,Basal gene expression of breast cancer cell lines,Experimental gene expression analysis of 12 cancer cell lines
GSE24717,GSE65314,1,,Using a Stem Cell-Based Signature to Guide Therapeutic Selection in Cancer,Experimental gene expression analysis of 12 cancer cell lines
GSE52643,GSE65314,1,,Fusion discovery in breast cancer cell line,Experimental gene expression analysis of 12 cancer cell lines
GSE58135,GSE65314,1,,Breast Cancer RNA-seq,Experimental gene expression analysis of 12 cancer cell lines
GSE65314,GSE73526,1,,Experimental gene expression analysis of 12 cancer cell lines,"The Functional Genomic Landscape of Human Breast Cancer Drivers, Vulnerabilities, and Resistance (RNASeq)"
GSE65314,GSE87006,1,,Experimental gene expression analysis of 12 cancer cell lines,CDK4 phosphorylation status and a linked gene expression profile predict sensitivity to Palbociclib [lines]
GSE65314,GSE87008,1,,Experimental gene expression analysis of 12 cancer cell lines,CDK4 phosphorylation status and a linked gene expression profile predict sensitivity to Palbociclib
GSE3281,GSE3353,1,,Breast Cancer aCGH,A comparison of gene expression signatures from breast tumors and breast tissue derived cell lines
GSE3353,GSE61,1,,A comparison of gene expression signatures from breast tumors and breast tissue derived cell lines,Molecular portraits of human breast tumors
GSE24578,GSE41119,1,,Basal gene expression of breast cancer cell lines,Molecular Characterization of Basal-like and Non-Basal-like Triple-Negative Breast Cancers
GSE24717,GSE41119,1,,Using a Stem Cell-Based Signature to Guide Therapeutic Selection in Cancer,Molecular Characterization of Basal-like and Non-Basal-like Triple-Negative Breast Cancers
GSE119678,GSE173634,1,,Defective transcription elongation in a subset of cancers confers immunotherapy resistance (human cell lines RNA-Seq),Molecular phenotyping of breast cancer cell lines at the single-cell level for automated tumour diagnosis and prediction of drug sensitivity
GSE119678,GSE59242,1,,Defective transcription elongation in a subset of cancers confers immunotherapy resistance (human cell lines RNA-Seq),Profiling of human cancer breast cell lines (Affymetrix)
GSE26411,GSE52783,1,,Interactions with Fibroblasts are Distinct in Basal-like and Luminal Breast Cancers,Over-expression of miR-146a in basal-like breast cancer cells confers enhanced tumorigenic potential in association with altered p53 status
GSE211183,GSE223524,1,,"In vitro transcriptomic analyses reveal pathway perturbations, estrogenic activities, and potencies of data-poor BPA alternative chemicals",Breast cancer prevention with liquiritigenin
GSE211183,GSE290030,1,,"In vitro transcriptomic analyses reveal pathway perturbations, estrogenic activities, and potencies of data-poor BPA alternative chemicals",Reprogramming SREBP1-dependent lipogenesis and inflammation in high-risk breast with licochalcone A: a novel path to cancer prevention
GSE107473,GSE73526,1,,tRNA-derived small non-coding RNAs (tDRs) as novel predictive biomarkers for trastuzumab-resistant breast cancer.,"The Functional Genomic Landscape of Human Breast Cancer Drivers, Vulnerabilities, and Resistance (RNASeq)"
GSE173634,GSE206324,1,,Molecular phenotyping of breast cancer cell lines at the single-cell level for automated tumour diagnosis and prediction of drug sensitivity,Evaluating Cancer Subtypes and Enhancer Dynamics During the Acquisition of Drug Resistance by Nascent RNA-Sequencing
GSE206324,GSE41119,1,,Evaluating Cancer Subtypes and Enhancer Dynamics During the Acquisition of Drug Resistance by Nascent RNA-Sequencing,Molecular Characterization of Basal-like and Non-Basal-like Triple-Negative Breast Cancers
GSE152908,GSE66072,1,,Transcriptomic profiling of 62 breast cancer cell lines and PDX models,Mcl-1 is a key determinant of breast cancer cell survival
GSE24578,GSE66072,1,,Basal gene expression of breast cancer cell lines,Mcl-1 is a key determinant of breast cancer cell survival
GSE24717,GSE66072,1,,Using a Stem Cell-Based Signature to Guide Therapeutic Selection in Cancer,Mcl-1 is a key determinant of breast cancer cell survival
GSE66072,GSE73526,1,,Mcl-1 is a key determinant of breast cancer cell survival,"The Functional Genomic Landscape of Human Breast Cancer Drivers, Vulnerabilities, and Resistance (RNASeq)"
GSE152908,GSE262110,1,,Transcriptomic profiling of 62 breast cancer cell lines and PDX models,Patient-derived response estimates from zero-passage organoids of luminal breast cancer
GSE173634,GSE28866,1,,Molecular phenotyping of breast cancer cell lines at the single-cell level for automated tumour diagnosis and prediction of drug sensitivity,Transcriptional profiling of lncRNAs and novel transcribed regions across a diverse panel of archived human cancers
GSE212143,GSE28866,1,,Transcriptome analysis of 15 different breast cancer cell lines,Transcriptional profiling of lncRNAs and novel transcribed regions across a diverse panel of archived human cancers
GSE262110,GSE28866,1,,Patient-derived response estimates from zero-passage organoids of luminal breast cancer,Transcriptional profiling of lncRNAs and novel transcribed regions across a diverse panel of archived human cancers
GSE28866,GSE87006,1,,Transcriptional profiling of lncRNAs and novel transcribed regions across a diverse panel of archived human cancers,CDK4 phosphorylation status and a linked gene expression profile predict sensitivity to Palbociclib [lines]
GSE28866,GSE87008,1,,Transcriptional profiling of lncRNAs and novel transcribed regions across a diverse panel of archived human cancers,CDK4 phosphorylation status and a linked gene expression profile predict sensitivity to Palbociclib
GSE16732,GSE3353,1,,Affymetrix Gene Chip Human Exon 1.0 ST Array expression profiling of 41 human breast cancer cell lines,A comparison of gene expression signatures from breast tumors and breast tissue derived cell lines
GSE16795,GSE3353,1,,Affymetrix HG-U133A gene expression profiles of 39 human breast cancer cell lines,A comparison of gene expression signatures from breast tumors and breast tissue derived cell lines
GSE212143,GSE3353,1,,Transcriptome analysis of 15 different breast cancer cell lines,A comparison of gene expression signatures from breast tumors and breast tissue derived cell lines
GSE3353,GSE58135,1,,A comparison of gene expression signatures from breast tumors and breast tissue derived cell lines,Breast Cancer RNA-seq
GSE3353,GSE87006,1,,A comparison of gene expression signatures from breast tumors and breast tissue derived cell lines,CDK4 phosphorylation status and a linked gene expression profile predict sensitivity to Palbociclib [lines]
GSE3353,GSE87008,1,,A comparison of gene expression signatures from breast tumors and breast tissue derived cell lines,CDK4 phosphorylation status and a linked gene expression profile predict sensitivity to Palbociclib
GSE152908,GSE45133,1,,Transcriptomic profiling of 62 breast cancer cell lines and PDX models,Breakpoint analysis of transcriptional and genomic profiles uncovers novel gene fusions spanning multiple human cancer types (RNA-seq)
GSE152908,GSE45137,1,,Transcriptomic profiling of 62 breast cancer cell lines and PDX models,Breakpoint analysis of transcriptional and genomic profiles uncovers novel gene fusions spanning multiple human cancer types
GSE173634,GSE45133,1,,Molecular phenotyping of breast cancer cell lines at the single-cell level for automated tumour diagnosis and prediction of drug sensitivity,Breakpoint analysis of transcriptional and genomic profiles uncovers novel gene fusions spanning multiple human cancer types (RNA-seq)
GSE173634,GSE45137,1,,Molecular phenotyping of breast cancer cell lines at the single-cell level for automated tumour diagnosis and prediction of drug sensitivity,Breakpoint analysis of transcriptional and genomic profiles uncovers novel gene fusions spanning multiple human cancer types
GSE212143,GSE45133,1,,Transcriptome analysis of 15 different breast cancer cell lines,Breakpoint analysis of transcriptional and genomic profiles uncovers novel gene fusions spanning multiple human cancer types (RNA-seq)
GSE212143,GSE45137,1,,Transcriptome analysis of 15 different breast cancer cell lines,Breakpoint analysis of transcriptional and genomic profiles uncovers novel gene fusions spanning multiple human cancer types
GSE45133,GSE58135,1,,Breakpoint analysis of transcriptional and genomic profiles uncovers novel gene fusions spanning multiple human cancer types (RNA-seq),Breast Cancer RNA-seq
GSE45133,GSE59242,1,,Breakpoint analysis of transcriptional and genomic profiles uncovers novel gene fusions spanning multiple human cancer types (RNA-seq),Profiling of human cancer breast cell lines (Affymetrix)
GSE45133,GSE73526,1,,Breakpoint analysis of transcriptional and genomic profiles uncovers novel gene fusions spanning multiple human cancer types (RNA-seq),"The Functional Genomic Landscape of Human Breast Cancer Drivers, Vulnerabilities, and Resistance (RNASeq)"
GSE45133,GSE87006,1,,Breakpoint analysis of transcriptional and genomic profiles uncovers novel gene fusions spanning multiple human cancer types (RNA-seq),CDK4 phosphorylation status and a linked gene expression profile predict sensitivity to Palbociclib [lines]
GSE45133,GSE87008,1,,Breakpoint analysis of transcriptional and genomic profiles uncovers novel gene fusions spanning multiple human cancer types (RNA-seq),CDK4 phosphorylation status and a linked gene expression profile predict sensitivity to Palbociclib
GSE45137,GSE58135,1,,Breakpoint analysis of transcriptional and genomic profiles uncovers novel gene fusions spanning multiple human cancer types,Breast Cancer RNA-seq
GSE45137,GSE59242,1,,Breakpoint analysis of transcriptional and genomic profiles uncovers novel gene fusions spanning multiple human cancer types,Profiling of human cancer breast cell lines (Affymetrix)
GSE45137,GSE73526,1,,Breakpoint analysis of transcriptional and genomic profiles uncovers novel gene fusions spanning multiple human cancer types,"The Functional Genomic Landscape of Human Breast Cancer Drivers, Vulnerabilities, and Resistance (RNASeq)"
GSE45137,GSE87006,1,,Breakpoint analysis of transcriptional and genomic profiles uncovers novel gene fusions spanning multiple human cancer types,CDK4 phosphorylation status and a linked gene expression profile predict sensitivity to Palbociclib [lines]
GSE45137,GSE87008,1,,Breakpoint analysis of transcriptional and genomic profiles uncovers novel gene fusions spanning multiple human cancer types,CDK4 phosphorylation status and a linked gene expression profile predict sensitivity to Palbociclib
GSE114597,GSE48213,1,,TRPS1 is a lineage-specific transcriptional dependency in breast cancer [Seq],Transcriptional profiling of a breast cancer cell line panel using RNAseq technology
GSE114597,GSE48216,1,,TRPS1 is a lineage-specific transcriptional dependency in breast cancer [Seq],Modeling precision treatment of breast cancer
GSE114600,GSE48213,1,,TRPS1 is a lineage-specific transcriptional dependency in breast cancer,Transcriptional profiling of a breast cancer cell line panel using RNAseq technology
GSE114600,GSE48216,1,,TRPS1 is a lineage-specific transcriptional dependency in breast cancer,Modeling precision treatment of breast cancer
GSE152908,GSE250156,1,,Transcriptomic profiling of 62 breast cancer cell lines and PDX models,An inflamed tumor cell subpopulation promotes chemotherapy resistance in triple negative breast cancer [scRNA-Seq]
GSE152908,GSE250158,1,,Transcriptomic profiling of 62 breast cancer cell lines and PDX models,An inflamed tumor cell subpopulation promotes chemotherapy resistance in triple negative breast cancer
GSE173634,GSE250156,1,,Molecular phenotyping of breast cancer cell lines at the single-cell level for automated tumour diagnosis and prediction of drug sensitivity,An inflamed tumor cell subpopulation promotes chemotherapy resistance in triple negative breast cancer [scRNA-Seq]
GSE173634,GSE250158,1,,Molecular phenotyping of breast cancer cell lines at the single-cell level for automated tumour diagnosis and prediction of drug sensitivity,An inflamed tumor cell subpopulation promotes chemotherapy resistance in triple negative breast cancer
GSE212143,GSE250156,1,,Transcriptome analysis of 15 different breast cancer cell lines,An inflamed tumor cell subpopulation promotes chemotherapy resistance in triple negative breast cancer [scRNA-Seq]
GSE212143,GSE250158,1,,Transcriptome analysis of 15 different breast cancer cell lines,An inflamed tumor cell subpopulation promotes chemotherapy resistance in triple negative breast cancer
GSE250156,GSE58135,1,,An inflamed tumor cell subpopulation promotes chemotherapy resistance in triple negative breast cancer [scRNA-Seq],Breast Cancer RNA-seq
GSE250156,GSE59242,1,,An inflamed tumor cell subpopulation promotes chemotherapy resistance in triple negative breast cancer [scRNA-Seq],Profiling of human cancer breast cell lines (Affymetrix)
GSE250156,GSE73526,1,,An inflamed tumor cell subpopulation promotes chemotherapy resistance in triple negative breast cancer [scRNA-Seq],"The Functional Genomic Landscape of Human Breast Cancer Drivers, Vulnerabilities, and Resistance (RNASeq)"
GSE250156,GSE87006,1,,An inflamed tumor cell subpopulation promotes chemotherapy resistance in triple negative breast cancer [scRNA-Seq],CDK4 phosphorylation status and a linked gene expression profile predict sensitivity to Palbociclib [lines]
GSE250156,GSE87008,1,,An inflamed tumor cell subpopulation promotes chemotherapy resistance in triple negative breast cancer [scRNA-Seq],CDK4 phosphorylation status and a linked gene expression profile predict sensitivity to Palbociclib
GSE250158,GSE58135,1,,An inflamed tumor cell subpopulation promotes chemotherapy resistance in triple negative breast cancer,Breast Cancer RNA-seq
GSE250158,GSE59242,1,,An inflamed tumor cell subpopulation promotes chemotherapy resistance in triple negative breast cancer,Profiling of human cancer breast cell lines (Affymetrix)
GSE250158,GSE73526,1,,An inflamed tumor cell subpopulation promotes chemotherapy resistance in triple negative breast cancer,"The Functional Genomic Landscape of Human Breast Cancer Drivers, Vulnerabilities, and Resistance (RNASeq)"
GSE250158,GSE87006,1,,An inflamed tumor cell subpopulation promotes chemotherapy resistance in triple negative breast cancer,CDK4 phosphorylation status and a linked gene expression profile predict sensitivity to Palbociclib [lines]
GSE250158,GSE87008,1,,An inflamed tumor cell subpopulation promotes chemotherapy resistance in triple negative breast cancer,CDK4 phosphorylation status and a linked gene expression profile predict sensitivity to Palbociclib
GSE13915,GSE15361,1,,Prognostic signature of epithelial-mesenchymal transition in breast cancer,Molecular profiling of breast cancer cell lines defines relevant tumor models (gene expression)
GSE13915,GSE15376,1,,Prognostic signature of epithelial-mesenchymal transition in breast cancer,Molecular profiling of breast cancer cell lines defines relevant tumor models
GSE26304,GSE55639,1,,Molecular diversity in ductal carcinoma in situ (DCIS) and early invasive breast cancer,Expression profiling of papillary carcinoma of the breast
GSE26304,GSE55640,1,,Molecular diversity in ductal carcinoma in situ (DCIS) and early invasive breast cancer,SNP6 and expression profiling of papillary carcinoma of the breast
GSE26304,GSE87517,1,,Molecular diversity in ductal carcinoma in situ (DCIS) and early invasive breast cancer,Immune escape in breast cancer during in situ to invasive carcinoma transition
GSE141828,GSE164694,1,,Transcriptome profiling of the microdissected breast tissue compartments,Transcriptome profiling of the normal breast of women at either high- or average risk for breast cancer
GSE152908,GSE2603,1,,Transcriptomic profiling of 62 breast cancer cell lines and PDX models,Subpopulations of MDA-MB-231 and Primary Breast Cancers
GSE152908,GSE44354,1,,Transcriptomic profiling of 62 breast cancer cell lines and PDX models,Identification of novel metastases-suppressor genes involved in breast cancer brain metastases (BCBM) formation
GSE227630,GSE2603,1,,Changes in expression of genes +/- CREB3L1 expression,Subpopulations of MDA-MB-231 and Primary Breast Cancers
GSE227630,GSE30489,1,,Changes in expression of genes +/- CREB3L1 expression,Defining the cellular precursors to human breast cancer
GSE227630,GSE3353,1,,Changes in expression of genes +/- CREB3L1 expression,A comparison of gene expression signatures from breast tumors and breast tissue derived cell lines
GSE227630,GSE44354,1,,Changes in expression of genes +/- CREB3L1 expression,Identification of novel metastases-suppressor genes involved in breast cancer brain metastases (BCBM) formation
GSE227630,GSE50470,1,,Changes in expression of genes +/- CREB3L1 expression,Characterization of Cell Lines Derived from Breast Cancers and Normal Mammary Tissues for the Study of the Intrinsic Molecular Subtypes
GSE2603,GSE30489,1,,Subpopulations of MDA-MB-231 and Primary Breast Cancers,Defining the cellular precursors to human breast cancer
GSE2603,GSE3353,1,,Subpopulations of MDA-MB-231 and Primary Breast Cancers,A comparison of gene expression signatures from breast tumors and breast tissue derived cell lines
GSE2603,GSE44354,1,,Subpopulations of MDA-MB-231 and Primary Breast Cancers,Identification of novel metastases-suppressor genes involved in breast cancer brain metastases (BCBM) formation
GSE2603,GSE50470,1,,Subpopulations of MDA-MB-231 and Primary Breast Cancers,Characterization of Cell Lines Derived from Breast Cancers and Normal Mammary Tissues for the Study of the Intrinsic Molecular Subtypes
GSE2603,GSE52643,1,,Subpopulations of MDA-MB-231 and Primary Breast Cancers,Fusion discovery in breast cancer cell line
GSE2603,GSE73526,1,,Subpopulations of MDA-MB-231 and Primary Breast Cancers,"The Functional Genomic Landscape of Human Breast Cancer Drivers, Vulnerabilities, and Resistance (RNASeq)"
GSE2603,GSE81032,1,,Subpopulations of MDA-MB-231 and Primary Breast Cancers,Comparative proteomics and transcriptomics study of signaling network proteins across multiple normal and cancer cell lines
GSE30489,GSE44354,1,,Defining the cellular precursors to human breast cancer,Identification of novel metastases-suppressor genes involved in breast cancer brain metastases (BCBM) formation
GSE30489,GSE52643,1,,Defining the cellular precursors to human breast cancer,Fusion discovery in breast cancer cell line
GSE30489,GSE81032,1,,Defining the cellular precursors to human breast cancer,Comparative proteomics and transcriptomics study of signaling network proteins across multiple normal and cancer cell lines
GSE3353,GSE44354,1,,A comparison of gene expression signatures from breast tumors and breast tissue derived cell lines,Identification of novel metastases-suppressor genes involved in breast cancer brain metastases (BCBM) formation
GSE3353,GSE52643,1,,A comparison of gene expression signatures from breast tumors and breast tissue derived cell lines,Fusion discovery in breast cancer cell line
GSE3353,GSE81032,1,,A comparison of gene expression signatures from breast tumors and breast tissue derived cell lines,Comparative proteomics and transcriptomics study of signaling network proteins across multiple normal and cancer cell lines
GSE44354,GSE50470,1,,Identification of novel metastases-suppressor genes involved in breast cancer brain metastases (BCBM) formation,Characterization of Cell Lines Derived from Breast Cancers and Normal Mammary Tissues for the Study of the Intrinsic Molecular Subtypes
GSE44354,GSE52643,1,,Identification of novel metastases-suppressor genes involved in breast cancer brain metastases (BCBM) formation,Fusion discovery in breast cancer cell line
GSE44354,GSE73526,1,,Identification of novel metastases-suppressor genes involved in breast cancer brain metastases (BCBM) formation,"The Functional Genomic Landscape of Human Breast Cancer Drivers, Vulnerabilities, and Resistance (RNASeq)"
GSE44354,GSE81032,1,,Identification of novel metastases-suppressor genes involved in breast cancer brain metastases (BCBM) formation,Comparative proteomics and transcriptomics study of signaling network proteins across multiple normal and cancer cell lines
GSE50470,GSE52643,1,,Characterization of Cell Lines Derived from Breast Cancers and Normal Mammary Tissues for the Study of the Intrinsic Molecular Subtypes,Fusion discovery in breast cancer cell line
GSE50470,GSE81032,1,,Characterization of Cell Lines Derived from Breast Cancers and Normal Mammary Tissues for the Study of the Intrinsic Molecular Subtypes,Comparative proteomics and transcriptomics study of signaling network proteins across multiple normal and cancer cell lines
GSE171957,GSE207696,1,,Multi-omics data integration reveals correlated regulatory features of triple negative breast cancer [RNA-seq],Identification of recurrent chromosome breaks underlying structural rearrangements in mammary cancer cell lines [RNA-seq]
GSE171958,GSE207696,1,,Multi-omics data integration reveals correlated regulatory features of triple negative breast cancer,Identification of recurrent chromosome breaks underlying structural rearrangements in mammary cancer cell lines [RNA-seq]
GSE139270,GSE152908,1,,AIB1D4 role in early breast cancer progression,Transcriptomic profiling of 62 breast cancer cell lines and PDX models
GSE152908,GSE207696,1,,Transcriptomic profiling of 62 breast cancer cell lines and PDX models,Identification of recurrent chromosome breaks underlying structural rearrangements in mammary cancer cell lines [RNA-seq]
GSE107209,GSE246689,1,,Expression of mRNA from MCF10A and UFH-001 human cell lines,Deterioration of multi-level 3D genome organization during breast cancer progression
GSE107209,GSE316327,1,,Expression of mRNA from MCF10A and UFH-001 human cell lines,HP1α depletion and TGFβ activation exert antagonistic effects on 3D genome organization
GSE246689,GSE316327,1,,Deterioration of multi-level 3D genome organization during breast cancer progression,HP1α depletion and TGFβ activation exert antagonistic effects on 3D genome organization
GSE173634,GSE30489,1,,Molecular phenotyping of breast cancer cell lines at the single-cell level for automated tumour diagnosis and prediction of drug sensitivity,Defining the cellular precursors to human breast cancer
GSE30489,GSE59242,1,,Defining the cellular precursors to human breast cancer,Profiling of human cancer breast cell lines (Affymetrix)
GSE50470,GSE59242,1,,Characterization of Cell Lines Derived from Breast Cancers and Normal Mammary Tissues for the Study of the Intrinsic Molecular Subtypes,Profiling of human cancer breast cell lines (Affymetrix)
GSE213841,GSE53370,1,,FOXC1 in triple negative breast cancer,RNA m5C Methylation in breast cancer using MeRIP-Seq
GSE100551,GSE157199,1,,Increased metastatic capacity of breast cancer cells after interaction and hybrid formation with mesenchymal stroma/stem cells (MSC),Breast cancer hybrid cells after spontaneous cell fusion with MSC display tumor dorming-like properties
GSE41119,GSE97726,1,,Molecular Characterization of Basal-like and Non-Basal-like Triple-Negative Breast Cancers,Cooperativity between EMT and non-EMT cells promotes breast cancer metastasis via paracrine GLI activation
GSE152908,GSE32905,1,,Transcriptomic profiling of 62 breast cancer cell lines and PDX models,EMT inducers catalyze malignant transformation of mammary epithelial cells and drive tumorigenesis towards claudin-low tumors
GSE16732,GSE32905,1,,Affymetrix Gene Chip Human Exon 1.0 ST Array expression profiling of 41 human breast cancer cell lines,EMT inducers catalyze malignant transformation of mammary epithelial cells and drive tumorigenesis towards claudin-low tumors
GSE16795,GSE32905,1,,Affymetrix HG-U133A gene expression profiles of 39 human breast cancer cell lines,EMT inducers catalyze malignant transformation of mammary epithelial cells and drive tumorigenesis towards claudin-low tumors
GSE206324,GSE24578,1,,Evaluating Cancer Subtypes and Enhancer Dynamics During the Acquisition of Drug Resistance by Nascent RNA-Sequencing,Basal gene expression of breast cancer cell lines
GSE206324,GSE24717,1,,Evaluating Cancer Subtypes and Enhancer Dynamics During the Acquisition of Drug Resistance by Nascent RNA-Sequencing,Using a Stem Cell-Based Signature to Guide Therapeutic Selection in Cancer
GSE206324,GSE32905,1,,Evaluating Cancer Subtypes and Enhancer Dynamics During the Acquisition of Drug Resistance by Nascent RNA-Sequencing,EMT inducers catalyze malignant transformation of mammary epithelial cells and drive tumorigenesis towards claudin-low tumors
GSE206324,GSE57083,1,,Evaluating Cancer Subtypes and Enhancer Dynamics During the Acquisition of Drug Resistance by Nascent RNA-Sequencing,Expression data from AstraZeneca internal cell lines
GSE24578,GSE32905,1,,Basal gene expression of breast cancer cell lines,EMT inducers catalyze malignant transformation of mammary epithelial cells and drive tumorigenesis towards claudin-low tumors
GSE24578,GSE57083,1,,Basal gene expression of breast cancer cell lines,Expression data from AstraZeneca internal cell lines
GSE24717,GSE32905,1,,Using a Stem Cell-Based Signature to Guide Therapeutic Selection in Cancer,EMT inducers catalyze malignant transformation of mammary epithelial cells and drive tumorigenesis towards claudin-low tumors
GSE24717,GSE57083,1,,Using a Stem Cell-Based Signature to Guide Therapeutic Selection in Cancer,Expression data from AstraZeneca internal cell lines
GSE32905,GSE57083,1,,EMT inducers catalyze malignant transformation of mammary epithelial cells and drive tumorigenesis towards claudin-low tumors,Expression data from AstraZeneca internal cell lines
GSE32905,GSE58135,1,,EMT inducers catalyze malignant transformation of mammary epithelial cells and drive tumorigenesis towards claudin-low tumors,Breast Cancer RNA-seq
GSE32905,GSE59242,1,,EMT inducers catalyze malignant transformation of mammary epithelial cells and drive tumorigenesis towards claudin-low tumors,Profiling of human cancer breast cell lines (Affymetrix)
GSE32905,GSE73526,1,,EMT inducers catalyze malignant transformation of mammary epithelial cells and drive tumorigenesis towards claudin-low tumors,"The Functional Genomic Landscape of Human Breast Cancer Drivers, Vulnerabilities, and Resistance (RNASeq)"
GSE16795,GSE50470,1,,Affymetrix HG-U133A gene expression profiles of 39 human breast cancer cell lines,Characterization of Cell Lines Derived from Breast Cancers and Normal Mammary Tissues for the Study of the Intrinsic Molecular Subtypes
GSE100878,GSE16732,1,,Gene expression profile in breast cancer cell lines using RNA sequencing,Affymetrix Gene Chip Human Exon 1.0 ST Array expression profiling of 41 human breast cancer cell lines
GSE100878,GSE41119,1,,Gene expression profile in breast cancer cell lines using RNA sequencing,Molecular Characterization of Basal-like and Non-Basal-like Triple-Negative Breast Cancers
GSE152908,GSE217579,1,,Transcriptomic profiling of 62 breast cancer cell lines and PDX models,Nuclear pCHK1 as a potential biomarker of increased sensitivity to ATR inhibition
GSE16732,GSE217579,1,,Affymetrix Gene Chip Human Exon 1.0 ST Array expression profiling of 41 human breast cancer cell lines,Nuclear pCHK1 as a potential biomarker of increased sensitivity to ATR inhibition
GSE16795,GSE217579,1,,Affymetrix HG-U133A gene expression profiles of 39 human breast cancer cell lines,Nuclear pCHK1 as a potential biomarker of increased sensitivity to ATR inhibition
GSE17945,GSE206324,1,,tRNA Over-Expression in Breast Cancer,Evaluating Cancer Subtypes and Enhancer Dynamics During the Acquisition of Drug Resistance by Nascent RNA-Sequencing
GSE17945,GSE217579,1,,tRNA Over-Expression in Breast Cancer,Nuclear pCHK1 as a potential biomarker of increased sensitivity to ATR inhibition
GSE206324,GSE212143,1,,Evaluating Cancer Subtypes and Enhancer Dynamics During the Acquisition of Drug Resistance by Nascent RNA-Sequencing,Transcriptome analysis of 15 different breast cancer cell lines
GSE206324,GSE217579,1,,Evaluating Cancer Subtypes and Enhancer Dynamics During the Acquisition of Drug Resistance by Nascent RNA-Sequencing,Nuclear pCHK1 as a potential biomarker of increased sensitivity to ATR inhibition
GSE206324,GSE87006,1,,Evaluating Cancer Subtypes and Enhancer Dynamics During the Acquisition of Drug Resistance by Nascent RNA-Sequencing,CDK4 phosphorylation status and a linked gene expression profile predict sensitivity to Palbociclib [lines]
GSE206324,GSE87008,1,,Evaluating Cancer Subtypes and Enhancer Dynamics During the Acquisition of Drug Resistance by Nascent RNA-Sequencing,CDK4 phosphorylation status and a linked gene expression profile predict sensitivity to Palbociclib
GSE212143,GSE217579,1,,Transcriptome analysis of 15 different breast cancer cell lines,Nuclear pCHK1 as a potential biomarker of increased sensitivity to ATR inhibition
GSE217579,GSE58135,1,,Nuclear pCHK1 as a potential biomarker of increased sensitivity to ATR inhibition,Breast Cancer RNA-seq
GSE217579,GSE87006,1,,Nuclear pCHK1 as a potential biomarker of increased sensitivity to ATR inhibition,CDK4 phosphorylation status and a linked gene expression profile predict sensitivity to Palbociclib [lines]
GSE217579,GSE87008,1,,Nuclear pCHK1 as a potential biomarker of increased sensitivity to ATR inhibition,CDK4 phosphorylation status and a linked gene expression profile predict sensitivity to Palbociclib
GSE212143,GSE41119,1,,Transcriptome analysis of 15 different breast cancer cell lines,Molecular Characterization of Basal-like and Non-Basal-like Triple-Negative Breast Cancers
GSE41119,GSE52643,1,,Molecular Characterization of Basal-like and Non-Basal-like Triple-Negative Breast Cancers,Fusion discovery in breast cancer cell line
GSE41119,GSE87006,1,,Molecular Characterization of Basal-like and Non-Basal-like Triple-Negative Breast Cancers,CDK4 phosphorylation status and a linked gene expression profile predict sensitivity to Palbociclib [lines]
GSE41119,GSE87008,1,,Molecular Characterization of Basal-like and Non-Basal-like Triple-Negative Breast Cancers,CDK4 phosphorylation status and a linked gene expression profile predict sensitivity to Palbociclib
GSE214827,GSE56306,1,,Gene expression profile at single cell level of MDAMB468 and CAL51 cell lines,The molecular changes that have occurred in breast cancer cells through the introduction of the MZF-1 fragment
GSE131512,GSE69240,1,,Extracellular RNA in a single droplet of human serum reflects physiologic and disease states,A Molecular Portrait Of High-Grade Ductal Carcinoma In Situ (DCIS) [RNA-seq]
GSE131512,GSE266680,1,,Extracellular RNA in a single droplet of human serum reflects physiologic and disease states,Architecture of the neutrophil compartment in mice
GSE302031,GSE93193,1,,"XMD8-92 and JWG-045 exhibit anti-ferroptotic activities, independently of inhibiting ERK5",Inhibition of CDK8 Mediator Kinase Suppresses Estrogen Receptor Signaling and Growth of Estrogen Receptor Positive Breast Cancer
GSE26349,GSE266680,1,,Breast Cancer Methylomes Establish an Epigenomic Foundation for Metastasis,Architecture of the neutrophil compartment in mice
GSE41119,GSE46834,1,,Molecular Characterization of Basal-like and Non-Basal-like Triple-Negative Breast Cancers,Gene expression profiles of human breast cancer cell lines
GSE228275,GSE59242,1,,"Gene expression profile at single cell level of SUM149PT, SUM185PE, SUM229PE, SUM159PT and SUM1315MO2 cell lines",Profiling of human cancer breast cell lines (Affymetrix)
GSE228382,GSE59242,1,,Single cell lineage tracing reveals clonal dynamics of anti-EGFR therapy resistance in triple negative breast cancer.,Profiling of human cancer breast cell lines (Affymetrix)
GSE18229,GSE50470,1,,Phenotypic and Molecular Characterization of the Claudin-low Intrinsic Subtype of Breast Cancer,Characterization of Cell Lines Derived from Breast Cancers and Normal Mammary Tissues for the Study of the Intrinsic Molecular Subtypes
GSE152908,GSE25972,1,,Transcriptomic profiling of 62 breast cancer cell lines and PDX models,expression of human and mouse breast cancer cell lines
GSE152908,GSE46073,1,,Transcriptomic profiling of 62 breast cancer cell lines and PDX models,Gene expression and genome-wide location analysis of breast cancer cell-lines
GSE16732,GSE25972,1,,Affymetrix Gene Chip Human Exon 1.0 ST Array expression profiling of 41 human breast cancer cell lines,expression of human and mouse breast cancer cell lines
GSE16732,GSE46073,1,,Affymetrix Gene Chip Human Exon 1.0 ST Array expression profiling of 41 human breast cancer cell lines,Gene expression and genome-wide location analysis of breast cancer cell-lines
GSE206324,GSE25972,1,,Evaluating Cancer Subtypes and Enhancer Dynamics During the Acquisition of Drug Resistance by Nascent RNA-Sequencing,expression of human and mouse breast cancer cell lines
GSE206324,GSE46073,1,,Evaluating Cancer Subtypes and Enhancer Dynamics During the Acquisition of Drug Resistance by Nascent RNA-Sequencing,Gene expression and genome-wide location analysis of breast cancer cell-lines
GSE206324,GSE46834,1,,Evaluating Cancer Subtypes and Enhancer Dynamics During the Acquisition of Drug Resistance by Nascent RNA-Sequencing,Gene expression profiles of human breast cancer cell lines
GSE25972,GSE46073,1,,expression of human and mouse breast cancer cell lines,Gene expression and genome-wide location analysis of breast cancer cell-lines
GSE25972,GSE46834,1,,expression of human and mouse breast cancer cell lines,Gene expression profiles of human breast cancer cell lines
GSE25972,GSE58135,1,,expression of human and mouse breast cancer cell lines,Breast Cancer RNA-seq
GSE25972,GSE73526,1,,expression of human and mouse breast cancer cell lines,"The Functional Genomic Landscape of Human Breast Cancer Drivers, Vulnerabilities, and Resistance (RNASeq)"
GSE46073,GSE46834,1,,Gene expression and genome-wide location analysis of breast cancer cell-lines,Gene expression profiles of human breast cancer cell lines
GSE46073,GSE58135,1,,Gene expression and genome-wide location analysis of breast cancer cell-lines,Breast Cancer RNA-seq
GSE46073,GSE73526,1,,Gene expression and genome-wide location analysis of breast cancer cell-lines,"The Functional Genomic Landscape of Human Breast Cancer Drivers, Vulnerabilities, and Resistance (RNASeq)"
GSE46834,GSE58135,1,,Gene expression profiles of human breast cancer cell lines,Breast Cancer RNA-seq
GSE41119,GSE43657,1,,Molecular Characterization of Basal-like and Non-Basal-like Triple-Negative Breast Cancers,Ovarian and Breast Cancer Spheres Are Similar in Transcriptomic Features and Sensitive to Fenretinide
GSE125802,GSE162726,1,,Plasminogen activator inhibitor 1 (PAI1) promotes actin cytoskeleton reorganization and glycolytic metabolism in triple negative breast cancer,Single-cell RNA-sequencing of migratory breast cancer cells: discovering genes associated with cancer metastasis
GSE125802,GSE306759,1,,Plasminogen activator inhibitor 1 (PAI1) promotes actin cytoskeleton reorganization and glycolytic metabolism in triple negative breast cancer,Effect of palmitate on breast cancer cells according to CD36 expression
GSE162726,GSE306759,1,,Single-cell RNA-sequencing of migratory breast cancer cells: discovering genes associated with cancer metastasis,Effect of palmitate on breast cancer cells according to CD36 expression
GSE206324,GSE228275,1,,Evaluating Cancer Subtypes and Enhancer Dynamics During the Acquisition of Drug Resistance by Nascent RNA-Sequencing,"Gene expression profile at single cell level of SUM149PT, SUM185PE, SUM229PE, SUM159PT and SUM1315MO2 cell lines"
GSE206324,GSE228382,1,,Evaluating Cancer Subtypes and Enhancer Dynamics During the Acquisition of Drug Resistance by Nascent RNA-Sequencing,Single cell lineage tracing reveals clonal dynamics of anti-EGFR therapy resistance in triple negative breast cancer.
GSE152367,GSE16732,1,,Chromatin Accessibility differentiates Invasive Lobular from Invasive Ductal Breast cancer and Dictates Response to Endocrine Treatment,Affymetrix Gene Chip Human Exon 1.0 ST Array expression profiling of 41 human breast cancer cell lines
GSE152367,GSE73526,1,,Chromatin Accessibility differentiates Invasive Lobular from Invasive Ductal Breast cancer and Dictates Response to Endocrine Treatment,"The Functional Genomic Landscape of Human Breast Cancer Drivers, Vulnerabilities, and Resistance (RNASeq)"
GSE154932,GSE23720,1,,Integrating multimodal data sets into a mathematical framework to describe and predict therapeutic resistance in cancer,High-resolution comparative genomic hybridization of inflammatory breast cancer and identification of candidate genes
GSE154932,GSE69240,1,,Integrating multimodal data sets into a mathematical framework to describe and predict therapeutic resistance in cancer,A Molecular Portrait Of High-Grade Ductal Carcinoma In Situ (DCIS) [RNA-seq]
GSE154932,GSE81538,1,,Integrating multimodal data sets into a mathematical framework to describe and predict therapeutic resistance in cancer,Clinical Value of RNA Sequencing–Based Classifiers for Prediction of the Five Conventional Breast Cancer Biomarkers: A Report From the Population-Based Multicenter Sweden Cancerome Analysis Network—Breast Initiative [cohort 405]
GSE154932,GSE81540,1,,Integrating multimodal data sets into a mathematical framework to describe and predict therapeutic resistance in cancer,Clinical Value of RNA Sequencing–Based Classifiers for Prediction of the Five Conventional Breast Cancer Biomarkers: A Report From the Population-Based Multicenter Sweden Cancerome Analysis Network—Breast Initiative [superseries]
GSE17630,GSE23720,1,,HER2-positive breast cancer cells resistant to trastuzumab and lapatinib lose reliance upon HER2 and are sensitive to the multitargeted kinase inhibitor sorafenib,High-resolution comparative genomic hybridization of inflammatory breast cancer and identification of candidate genes
GSE17630,GSE81538,1,,HER2-positive breast cancer cells resistant to trastuzumab and lapatinib lose reliance upon HER2 and are sensitive to the multitargeted kinase inhibitor sorafenib,Clinical Value of RNA Sequencing–Based Classifiers for Prediction of the Five Conventional Breast Cancer Biomarkers: A Report From the Population-Based Multicenter Sweden Cancerome Analysis Network—Breast Initiative [cohort 405]
GSE17630,GSE81540,1,,HER2-positive breast cancer cells resistant to trastuzumab and lapatinib lose reliance upon HER2 and are sensitive to the multitargeted kinase inhibitor sorafenib,Clinical Value of RNA Sequencing–Based Classifiers for Prediction of the Five Conventional Breast Cancer Biomarkers: A Report From the Population-Based Multicenter Sweden Cancerome Analysis Network—Breast Initiative [superseries]
GSE23720,GSE86159,1,,High-resolution comparative genomic hybridization of inflammatory breast cancer and identification of candidate genes,"LINC00520 is Induced by Src, STAT3, and PI3K and Plays a Functional Role in Breast Cancer"
GSE334033,GSE69240,1,,A Patient-Derived Xenograft Model Identifies AK1 as a Key Regulator of Metastatic Potential in Primary Triple-Negative Breast Cancer,A Molecular Portrait Of High-Grade Ductal Carcinoma In Situ (DCIS) [RNA-seq]
GSE334033,GSE86159,1,,A Patient-Derived Xenograft Model Identifies AK1 as a Key Regulator of Metastatic Potential in Primary Triple-Negative Breast Cancer,"LINC00520 is Induced by Src, STAT3, and PI3K and Plays a Functional Role in Breast Cancer"
GSE69240,GSE86159,1,,A Molecular Portrait Of High-Grade Ductal Carcinoma In Situ (DCIS) [RNA-seq],"LINC00520 is Induced by Src, STAT3, and PI3K and Plays a Functional Role in Breast Cancer"
GSE81538,GSE86159,1,,Clinical Value of RNA Sequencing–Based Classifiers for Prediction of the Five Conventional Breast Cancer Biomarkers: A Report From the Population-Based Multicenter Sweden Cancerome Analysis Network—Breast Initiative [cohort 405],"LINC00520 is Induced by Src, STAT3, and PI3K and Plays a Functional Role in Breast Cancer"
GSE81540,GSE86159,1,,Clinical Value of RNA Sequencing–Based Classifiers for Prediction of the Five Conventional Breast Cancer Biomarkers: A Report From the Population-Based Multicenter Sweden Cancerome Analysis Network—Breast Initiative [superseries],"LINC00520 is Induced by Src, STAT3, and PI3K and Plays a Functional Role in Breast Cancer"
GSE234171,GSE334033,1,,Long-term multi-modal recording reveals epigenetic adaptation routes in dormant breast cancer cells [RNA-Seq],A Patient-Derived Xenograft Model Identifies AK1 as a Key Regulator of Metastatic Potential in Primary Triple-Negative Breast Cancer
GSE234185,GSE334033,1,,Long-term multi-modal recording reveals epigenetic adaptation routes in dormant breast cancer cells,A Patient-Derived Xenograft Model Identifies AK1 as a Key Regulator of Metastatic Potential in Primary Triple-Negative Breast Cancer
GSE23720,GSE266680,1,,High-resolution comparative genomic hybridization of inflammatory breast cancer and identification of candidate genes,Architecture of the neutrophil compartment in mice
GSE266680,GSE69240,1,,Architecture of the neutrophil compartment in mice,A Molecular Portrait Of High-Grade Ductal Carcinoma In Situ (DCIS) [RNA-seq]
GSE266680,GSE81538,1,,Architecture of the neutrophil compartment in mice,Clinical Value of RNA Sequencing–Based Classifiers for Prediction of the Five Conventional Breast Cancer Biomarkers: A Report From the Population-Based Multicenter Sweden Cancerome Analysis Network—Breast Initiative [cohort 405]
GSE266680,GSE81540,1,,Architecture of the neutrophil compartment in mice,Clinical Value of RNA Sequencing–Based Classifiers for Prediction of the Five Conventional Breast Cancer Biomarkers: A Report From the Population-Based Multicenter Sweden Cancerome Analysis Network—Breast Initiative [superseries]
GSE24737,GSE81538,1,,Large scale screening for known fusion genes in cancer cell lines,Clinical Value of RNA Sequencing–Based Classifiers for Prediction of the Five Conventional Breast Cancer Biomarkers: A Report From the Population-Based Multicenter Sweden Cancerome Analysis Network—Breast Initiative [cohort 405]
GSE24737,GSE81540,1,,Large scale screening for known fusion genes in cancer cell lines,Clinical Value of RNA Sequencing–Based Classifiers for Prediction of the Five Conventional Breast Cancer Biomarkers: A Report From the Population-Based Multicenter Sweden Cancerome Analysis Network—Breast Initiative [superseries]
GSE224941,GSE72955,1,,Restoring Tumor Immunogenicity with Dendritic Cell Reprogramming [scRNA-seq],Retroviral Replicating Vectors Deliver Cytosine Deaminase Leading to Targeted 5-FU-Mediated Cytotoxicity in Multiple Human Cancer Types
GSE224942,GSE72955,1,,Restoring Tumor Immunogenicity with Dendritic Cell Reprogramming,Retroviral Replicating Vectors Deliver Cytosine Deaminase Leading to Targeted 5-FU-Mediated Cytotoxicity in Multiple Human Cancer Types
GSE206912,GSE87007,1,,Identification of a minimum number of genes to predict triple negative breast cancer subgroups from gene expression profiles,CDK4 phosphorylation status and a linked gene expression profile predict sensitivity to Palbociclib [tumors]
GSE206912,GSE87008,1,,Identification of a minimum number of genes to predict triple negative breast cancer subgroups from gene expression profiles,CDK4 phosphorylation status and a linked gene expression profile predict sensitivity to Palbociclib
GSE46581,GSE87007,1,,Yale Triple Negative Breast Cancer Cohort,CDK4 phosphorylation status and a linked gene expression profile predict sensitivity to Palbociclib [tumors]
GSE46581,GSE87008,1,,Yale Triple Negative Breast Cancer Cohort,CDK4 phosphorylation status and a linked gene expression profile predict sensitivity to Palbociclib
GSE86946,GSE87007,1,,Transcriptome characterization of triple negative breast cancer [Mexico],CDK4 phosphorylation status and a linked gene expression profile predict sensitivity to Palbociclib [tumors]
GSE86946,GSE87008,1,,Transcriptome characterization of triple negative breast cancer [Mexico],CDK4 phosphorylation status and a linked gene expression profile predict sensitivity to Palbociclib
GSE86948,GSE87007,1,,A microRNA signature identifies four subtypes of triple-negative breast cancer and correlates miR-342-3p as a regulator of the lactate metabolic pathway through silencing the monocarboxylate transporter 1,CDK4 phosphorylation status and a linked gene expression profile predict sensitivity to Palbociclib [tumors]
GSE86948,GSE87008,1,,A microRNA signature identifies four subtypes of triple-negative breast cancer and correlates miR-342-3p as a regulator of the lactate metabolic pathway through silencing the monocarboxylate transporter 1,CDK4 phosphorylation status and a linked gene expression profile predict sensitivity to Palbociclib
GSE119678,GSE16732,1,,Defective transcription elongation in a subset of cancers confers immunotherapy resistance (human cell lines RNA-Seq),Affymetrix Gene Chip Human Exon 1.0 ST Array expression profiling of 41 human breast cancer cell lines
GSE119678,GSE16795,1,,Defective transcription elongation in a subset of cancers confers immunotherapy resistance (human cell lines RNA-Seq),Affymetrix HG-U133A gene expression profiles of 39 human breast cancer cell lines
GSE119678,GSE21217,1,,Defective transcription elongation in a subset of cancers confers immunotherapy resistance (human cell lines RNA-Seq),18F-fluorodeoxy-glucose positron emission tomography marks MYC-overexpressing human basal-like breast cancers.
GSE119678,GSE28866,1,,Defective transcription elongation in a subset of cancers confers immunotherapy resistance (human cell lines RNA-Seq),Transcriptional profiling of lncRNAs and novel transcribed regions across a diverse panel of archived human cancers
GSE119678,GSE41119,1,,Defective transcription elongation in a subset of cancers confers immunotherapy resistance (human cell lines RNA-Seq),Molecular Characterization of Basal-like and Non-Basal-like Triple-Negative Breast Cancers
GSE21217,GSE41119,1,,18F-fluorodeoxy-glucose positron emission tomography marks MYC-overexpressing human basal-like breast cancers.,Molecular Characterization of Basal-like and Non-Basal-like Triple-Negative Breast Cancers
GSE28866,GSE41119,1,,Transcriptional profiling of lncRNAs and novel transcribed regions across a diverse panel of archived human cancers,Molecular Characterization of Basal-like and Non-Basal-like Triple-Negative Breast Cancers
GSE1992,GSE20624,1,,A New Breast Tumor Intrinsic Gene List Identifies Novel Characteristics that are Conserved Across Microarray Platforms,Breast Carcinomas arising at a Young Age:  A Unique Biology or a Surrogate for Aggressive Intrinsic Subtypes.
GSE20624,GSE2607,1,,Breast Carcinomas arising at a Young Age:  A Unique Biology or a Surrogate for Aggressive Intrinsic Subtypes.,Biological Classification of Breast Cancer by Real-Time Quantitative RTPCR: Comparisons to Microarray and Histopathology
GSE20624,GSE2740,1,,Breast Carcinomas arising at a Young Age:  A Unique Biology or a Surrogate for Aggressive Intrinsic Subtypes.,Estrogen-regulated genes predict survival in estrogen receptor and/or progesterone receptor-positive breast cancers
GSE20624,GSE2741,1,,Breast Carcinomas arising at a Young Age:  A Unique Biology or a Surrogate for Aggressive Intrinsic Subtypes.,Breast Tumor's study
GSE10886,GSE10893,1,,A Supervised Risk Predictor of Breast Cancer Based on Biological Subtypes,"Basal-like Breast Cancer DNA copy number losses identify genes involved in genomic instability, response to therapy, and patient survival"
GSE10893,GSE18229,1,,"Basal-like Breast Cancer DNA copy number losses identify genes involved in genomic instability, response to therapy, and patient survival",Phenotypic and Molecular Characterization of the Claudin-low Intrinsic Subtype of Breast Cancer
GSE10893,GSE20624,1,,"Basal-like Breast Cancer DNA copy number losses identify genes involved in genomic instability, response to therapy, and patient survival",Breast Carcinomas arising at a Young Age:  A Unique Biology or a Surrogate for Aggressive Intrinsic Subtypes.
GSE10893,GSE26338,1,,"Basal-like Breast Cancer DNA copy number losses identify genes involved in genomic instability, response to therapy, and patient survival","Genomic analysis identifies unique signatures predictive of brain, lung, and liver relapse"
GSE177043,GSE54275,1,,Spatial immunophenotypes predict response to anti-PD1 treatment and capture distinct paths of T-cell  evasion in triple negative breast cancer,Microarray gene expression analysis: Batch effect removal improves the cross-platform consistency
GSE132851,GSE24578,1,,"Overexpression of eukaryotic translation initiation factor, eIF4E confers tamoxifen resistance in breast cancer via the ERα/FOXM1 axis",Basal gene expression of breast cancer cell lines
GSE132851,GSE24717,1,,"Overexpression of eukaryotic translation initiation factor, eIF4E confers tamoxifen resistance in breast cancer via the ERα/FOXM1 axis",Using a Stem Cell-Based Signature to Guide Therapeutic Selection in Cancer
GSE132851,GSE295979,1,,"Overexpression of eukaryotic translation initiation factor, eIF4E confers tamoxifen resistance in breast cancer via the ERα/FOXM1 axis",The effect of BQ323636.1 overexpression on mRNA expression profile in breast cancer cells
GSE24578,GSE295979,1,,Basal gene expression of breast cancer cell lines,The effect of BQ323636.1 overexpression on mRNA expression profile in breast cancer cells
GSE24717,GSE295979,1,,Using a Stem Cell-Based Signature to Guide Therapeutic Selection in Cancer,The effect of BQ323636.1 overexpression on mRNA expression profile in breast cancer cells
GSE111151,GSE21217,1,,RNA-sequencing of tamoxifen-resistant and -sensitive breast cancer cell lines.,18F-fluorodeoxy-glucose positron emission tomography marks MYC-overexpressing human basal-like breast cancers.
GSE111151,GSE24737,1,,RNA-sequencing of tamoxifen-resistant and -sensitive breast cancer cell lines.,Large scale screening for known fusion genes in cancer cell lines
GSE111151,GSE262110,1,,RNA-sequencing of tamoxifen-resistant and -sensitive breast cancer cell lines.,Patient-derived response estimates from zero-passage organoids of luminal breast cancer
GSE111151,GSE40559,1,,RNA-sequencing of tamoxifen-resistant and -sensitive breast cancer cell lines.,Gene expression profiles of 5 cancer cell lines
GSE111151,GSE57083,1,,RNA-sequencing of tamoxifen-resistant and -sensitive breast cancer cell lines.,Expression data from AstraZeneca internal cell lines
GSE111151,GSE59242,1,,RNA-sequencing of tamoxifen-resistant and -sensitive breast cancer cell lines.,Profiling of human cancer breast cell lines (Affymetrix)
GSE16732,GSE262110,1,,Affymetrix Gene Chip Human Exon 1.0 ST Array expression profiling of 41 human breast cancer cell lines,Patient-derived response estimates from zero-passage organoids of luminal breast cancer
GSE16732,GSE40559,1,,Affymetrix Gene Chip Human Exon 1.0 ST Array expression profiling of 41 human breast cancer cell lines,Gene expression profiles of 5 cancer cell lines
GSE16795,GSE262110,1,,Affymetrix HG-U133A gene expression profiles of 39 human breast cancer cell lines,Patient-derived response estimates from zero-passage organoids of luminal breast cancer
GSE16795,GSE40559,1,,Affymetrix HG-U133A gene expression profiles of 39 human breast cancer cell lines,Gene expression profiles of 5 cancer cell lines
GSE173634,GSE40559,1,,Molecular phenotyping of breast cancer cell lines at the single-cell level for automated tumour diagnosis and prediction of drug sensitivity,Gene expression profiles of 5 cancer cell lines
GSE17945,GSE24737,1,,tRNA Over-Expression in Breast Cancer,Large scale screening for known fusion genes in cancer cell lines
GSE17945,GSE262110,1,,tRNA Over-Expression in Breast Cancer,Patient-derived response estimates from zero-passage organoids of luminal breast cancer
GSE17945,GSE40559,1,,tRNA Over-Expression in Breast Cancer,Gene expression profiles of 5 cancer cell lines
GSE17945,GSE57083,1,,tRNA Over-Expression in Breast Cancer,Expression data from AstraZeneca internal cell lines
GSE212143,GSE40559,1,,Transcriptome analysis of 15 different breast cancer cell lines,Gene expression profiles of 5 cancer cell lines
GSE21217,GSE24737,1,,18F-fluorodeoxy-glucose positron emission tomography marks MYC-overexpressing human basal-like breast cancers.,Large scale screening for known fusion genes in cancer cell lines
GSE21217,GSE40559,1,,18F-fluorodeoxy-glucose positron emission tomography marks MYC-overexpressing human basal-like breast cancers.,Gene expression profiles of 5 cancer cell lines
GSE21217,GSE52643,1,,18F-fluorodeoxy-glucose positron emission tomography marks MYC-overexpressing human basal-like breast cancers.,Fusion discovery in breast cancer cell line
GSE21217,GSE57083,1,,18F-fluorodeoxy-glucose positron emission tomography marks MYC-overexpressing human basal-like breast cancers.,Expression data from AstraZeneca internal cell lines
GSE24737,GSE262110,1,,Large scale screening for known fusion genes in cancer cell lines,Patient-derived response estimates from zero-passage organoids of luminal breast cancer
GSE24737,GSE40559,1,,Large scale screening for known fusion genes in cancer cell lines,Gene expression profiles of 5 cancer cell lines
GSE262110,GSE40559,1,,Patient-derived response estimates from zero-passage organoids of luminal breast cancer,Gene expression profiles of 5 cancer cell lines
GSE262110,GSE52643,1,,Patient-derived response estimates from zero-passage organoids of luminal breast cancer,Fusion discovery in breast cancer cell line
GSE262110,GSE57083,1,,Patient-derived response estimates from zero-passage organoids of luminal breast cancer,Expression data from AstraZeneca internal cell lines
GSE262110,GSE58135,1,,Patient-derived response estimates from zero-passage organoids of luminal breast cancer,Breast Cancer RNA-seq
GSE262110,GSE59242,1,,Patient-derived response estimates from zero-passage organoids of luminal breast cancer,Profiling of human cancer breast cell lines (Affymetrix)
GSE40559,GSE52643,1,,Gene expression profiles of 5 cancer cell lines,Fusion discovery in breast cancer cell line
GSE40559,GSE57083,1,,Gene expression profiles of 5 cancer cell lines,Expression data from AstraZeneca internal cell lines
GSE40559,GSE58135,1,,Gene expression profiles of 5 cancer cell lines,Breast Cancer RNA-seq
GSE40559,GSE59242,1,,Gene expression profiles of 5 cancer cell lines,Profiling of human cancer breast cell lines (Affymetrix)
GSE40559,GSE73526,1,,Gene expression profiles of 5 cancer cell lines,"The Functional Genomic Landscape of Human Breast Cancer Drivers, Vulnerabilities, and Resistance (RNASeq)"
GSE40559,GSE87006,1,,Gene expression profiles of 5 cancer cell lines,CDK4 phosphorylation status and a linked gene expression profile predict sensitivity to Palbociclib [lines]
GSE40559,GSE87008,1,,Gene expression profiles of 5 cancer cell lines,CDK4 phosphorylation status and a linked gene expression profile predict sensitivity to Palbociclib
GSE52643,GSE57083,1,,Fusion discovery in breast cancer cell line,Expression data from AstraZeneca internal cell lines
GSE57083,GSE87006,1,,Expression data from AstraZeneca internal cell lines,CDK4 phosphorylation status and a linked gene expression profile predict sensitivity to Palbociclib [lines]
GSE57083,GSE87008,1,,Expression data from AstraZeneca internal cell lines,CDK4 phosphorylation status and a linked gene expression profile predict sensitivity to Palbociclib
GSE125034,GSE48213,1,,Basal transcriptomic profiling of immortalized cholangiocyte and breast cancer cell lines.,Transcriptional profiling of a breast cancer cell line panel using RNAseq technology
GSE125034,GSE48216,1,,Basal transcriptomic profiling of immortalized cholangiocyte and breast cancer cell lines.,Modeling precision treatment of breast cancer
GSE28866,GSE58135,1,,Transcriptional profiling of lncRNAs and novel transcribed regions across a diverse panel of archived human cancers,Breast Cancer RNA-seq
GSE28866,GSE59242,1,,Transcriptional profiling of lncRNAs and novel transcribed regions across a diverse panel of archived human cancers,Profiling of human cancer breast cell lines (Affymetrix)
GSE100878,GSE73526,1,,Gene expression profile in breast cancer cell lines using RNA sequencing,"The Functional Genomic Landscape of Human Breast Cancer Drivers, Vulnerabilities, and Resistance (RNASeq)"
