series_accession,sample_accession,field,row_index,value
GSE20194,GSM505331,relation,2,Reanalyzed by: GSE205568
GSE20194,GSM505333,relation,2,Reanalyzed by: GSE205568
GSE20194,GSM505336,relation,2,Reanalyzed by: GSE205568
GSE20194,GSM505342,relation,2,Reanalyzed by: GSE205568
GSE20194,GSM505343,relation,2,Reanalyzed by: GSE205568
GSE20194,GSM505345,relation,2,Reanalyzed by: GSE205568
GSE20194,GSM505350,relation,2,Reanalyzed by: GSE47561
GSE20194,GSM505351,relation,2,Reanalyzed by: GSE205568
GSE20194,GSM505357,relation,2,Reanalyzed by: GSE205568
GSE20194,GSM505358,relation,2,Reanalyzed by: GSE205568
GSE20194,GSM505359,relation,2,Reanalyzed by: GSE205568
GSE20194,GSM505360,relation,2,Reanalyzed by: GSE205568
GSE20194,GSM505369,relation,2,Reanalyzed by: GSE205568
GSE20194,GSM505370,relation,2,Reanalyzed by: GSE205568
GSE20194,GSM505372,relation,2,Reanalyzed by: GSE205568
GSE20194,GSM505377,relation,2,Reanalyzed by: GSE205568
GSE20194,GSM505379,relation,2,Reanalyzed by: GSE205568
GSE20194,GSM505381,relation,2,Reanalyzed by: GSE205568
GSE20194,GSM505383,relation,2,Reanalyzed by: GSE205568
GSE20194,GSM505385,relation,2,Reanalyzed by: GSE205568
GSE20194,GSM505387,relation,2,Reanalyzed by: GSE205568
GSE20194,GSM505389,relation,2,Reanalyzed by: GSE205568
GSE20194,GSM505391,relation,2,Reanalyzed by: GSE205568
GSE20194,GSM505393,relation,2,Reanalyzed by: GSE205568
GSE20194,GSM505395,relation,2,Reanalyzed by: GSE205568
GSE20194,GSM505399,relation,2,Reanalyzed by: GSE205568
GSE20194,GSM505401,relation,2,Reanalyzed by: GSE205568
GSE20194,GSM505403,relation,2,Reanalyzed by: GSE205568
GSE20194,GSM505405,relation,2,Reanalyzed by: GSE205568
GSE20194,GSM505407,relation,2,Reanalyzed by: GSE205568
GSE20194,GSM505409,relation,2,Reanalyzed by: GSE205568
GSE20194,GSM505411,relation,2,Reanalyzed by: GSE205568
GSE20194,GSM505413,relation,2,Reanalyzed by: GSE47561
GSE20194,GSM505417,relation,2,Reanalyzed by: GSE205568
GSE20194,GSM505421,relation,2,Reanalyzed by: GSE205568
GSE20194,GSM505423,relation,2,Reanalyzed by: GSE205568
GSE20194,GSM505427,relation,2,Reanalyzed by: GSE205568
GSE20194,GSM505428,relation,2,Reanalyzed by: GSE47561
GSE20194,GSM505429,relation,2,Reanalyzed by: GSE205568
GSE20194,GSM505430,relation,2,Reanalyzed by: GSE205568
GSE20194,GSM505431,relation,2,Reanalyzed by: GSE205568
GSE20194,GSM505432,relation,2,Reanalyzed by: GSE205568
GSE20194,GSM505433,relation,2,Reanalyzed by: GSE205568
GSE20194,GSM505434,relation,2,Reanalyzed by: GSE205568
GSE20194,GSM505435,relation,2,Reanalyzed by: GSE47561
GSE20194,GSM505437,relation,2,Reanalyzed by: GSE205568
GSE20194,GSM505438,relation,2,Reanalyzed by: GSE205568
GSE20194,GSM505439,relation,2,Reanalyzed by: GSE205568
GSE20194,GSM505440,relation,2,Reanalyzed by: GSE205568
GSE20194,GSM505441,relation,2,Reanalyzed by: GSE205568
GSE20194,GSM505442,relation,2,Reanalyzed by: GSE205568
GSE20194,GSM505443,relation,2,Reanalyzed by: GSE205568
GSE20194,GSM505444,relation,2,Reanalyzed by: GSE205568
GSE20194,GSM505445,relation,2,Reanalyzed by: GSE205568
GSE20194,GSM505446,relation,2,Reanalyzed by: GSE205568
GSE20194,GSM505447,relation,2,Reanalyzed by: GSE205568
GSE20194,GSM505448,relation,2,Reanalyzed by: GSE205568
GSE20194,GSM505449,relation,2,Reanalyzed by: GSE47561
GSE20194,GSM505450,relation,2,Reanalyzed by: GSE47561
GSE20194,GSM505451,relation,2,Reanalyzed by: GSE205568
GSE20194,GSM505452,relation,2,Reanalyzed by: GSE205568
GSE20194,GSM505453,relation,2,Reanalyzed by: GSE205568
GSE20194,GSM505454,relation,2,Reanalyzed by: GSE205568
GSE20194,GSM505455,relation,2,Reanalyzed by: GSE205568
GSE20194,GSM505456,relation,2,Reanalyzed by: GSE205568
GSE20194,GSM505457,relation,2,Reanalyzed by: GSE205568
GSE20194,GSM505458,relation,2,Reanalyzed by: GSE205568
GSE20194,GSM505459,relation,2,Reanalyzed by: GSE47561
GSE20194,GSM505460,relation,2,Reanalyzed by: GSE47561
GSE20194,GSM505461,relation,2,Reanalyzed by: GSE205568
GSE20194,GSM505462,relation,2,Reanalyzed by: GSE47561
GSE20194,GSM505463,relation,2,Reanalyzed by: GSE205568
GSE20194,GSM505464,relation,2,Reanalyzed by: GSE205568
GSE20194,GSM505465,relation,2,Reanalyzed by: GSE205568
GSE20194,GSM505466,relation,2,Reanalyzed by: GSE205568
GSE20194,GSM505467,relation,2,Reanalyzed by: GSE47561
GSE20194,GSM505468,relation,2,Reanalyzed by: GSE205568
GSE20194,GSM505469,relation,2,Reanalyzed by: GSE205568
GSE20194,GSM505471,relation,2,Reanalyzed by: GSE205568
GSE20194,GSM505472,relation,2,Reanalyzed by: GSE205568
GSE20194,GSM505473,relation,2,Reanalyzed by: GSE47561
GSE20194,GSM505474,relation,2,Reanalyzed by: GSE205568
GSE20194,GSM505475,relation,2,Reanalyzed by: GSE205568
GSE20194,GSM505476,relation,2,Reanalyzed by: GSE205568
GSE20194,GSM505477,relation,2,Reanalyzed by: GSE205568
GSE20194,GSM505478,relation,2,Reanalyzed by: GSE205568
GSE20194,GSM505479,relation,2,Reanalyzed by: GSE205568
GSE20194,GSM505480,relation,2,Reanalyzed by: GSE205568
GSE20194,GSM505481,relation,2,Reanalyzed by: GSE205568
GSE20194,GSM505482,relation,2,Reanalyzed by: GSE205568
GSE20194,GSM505483,relation,2,Reanalyzed by: GSE205568
GSE20194,GSM505484,relation,2,Reanalyzed by: GSE205568
GSE20194,GSM505485,relation,2,Reanalyzed by: GSE205568
GSE20194,GSM505486,relation,2,Reanalyzed by: GSE205568
GSE20194,GSM505487,relation,2,Reanalyzed by: GSE47561
GSE20194,GSM505488,relation,2,Reanalyzed by: GSE205568
GSE20194,GSM505490,relation,2,Reanalyzed by: GSE205568
GSE20194,GSM505503,relation,2,Reanalyzed by: GSE205568
GSE20194,GSM505504,relation,2,Reanalyzed by: GSE205568
GSE20194,GSM505505,relation,2,Reanalyzed by: GSE205568
GSE20194,GSM505506,relation,2,Reanalyzed by: GSE205568
GSE20194,GSM505507,relation,2,Reanalyzed by: GSE205568
GSE20194,GSM505508,relation,2,Reanalyzed by: GSE205568
GSE20194,GSM505509,relation,2,Reanalyzed by: GSE205568
GSE20194,GSM505510,relation,2,Reanalyzed by: GSE205568
GSE20194,GSM505511,relation,2,Reanalyzed by: GSE205568
GSE20194,GSM505512,relation,2,Reanalyzed by: GSE205568
GSE20194,GSM505513,relation,2,Reanalyzed by: GSE47561
GSE20194,GSM505514,relation,2,Reanalyzed by: GSE47561
GSE20194,GSM505515,relation,2,Reanalyzed by: GSE205568
GSE20194,GSM505516,relation,2,Reanalyzed by: GSE47561
GSE20194,GSM505517,relation,2,Reanalyzed by: GSE47561
GSE20194,GSM505518,relation,2,Reanalyzed by: GSE205568
GSE20194,GSM505519,relation,2,Reanalyzed by: GSE205568
GSE20194,GSM505520,relation,2,Reanalyzed by: GSE205568
GSE20194,GSM505521,relation,2,Reanalyzed by: GSE205568
GSE20194,GSM505522,relation,2,Reanalyzed by: GSE205568
GSE20194,GSM505523,relation,2,Reanalyzed by: GSE205568
GSE20194,GSM505524,relation,2,Reanalyzed by: GSE205568
GSE20194,GSM505525,relation,2,Reanalyzed by: GSE205568
GSE20194,GSM505526,relation,2,Reanalyzed by: GSE47561
GSE20194,GSM505527,relation,2,Reanalyzed by: GSE47561
GSE20194,GSM505528,relation,2,Reanalyzed by: GSE47561
GSE20194,GSM505529,relation,2,Reanalyzed by: GSE205568
GSE20194,GSM505530,relation,2,Reanalyzed by: GSE205568
GSE20194,GSM505531,relation,2,Reanalyzed by: GSE47561
GSE20194,GSM505532,relation,2,Reanalyzed by: GSE205568
GSE20194,GSM505533,relation,2,Reanalyzed by: GSE47561
GSE20194,GSM505534,relation,2,Reanalyzed by: GSE47561
GSE20194,GSM505535,relation,2,Reanalyzed by: GSE205568
GSE20194,GSM505536,relation,2,Reanalyzed by: GSE205568
GSE20194,GSM505537,relation,2,Reanalyzed by: GSE205568
GSE20194,GSM505538,relation,2,Reanalyzed by: GSE205568
GSE20194,GSM505539,relation,2,Reanalyzed by: GSE205568
GSE20194,GSM505540,relation,2,Reanalyzed by: GSE205568
GSE20194,GSM505541,relation,2,Reanalyzed by: GSE47561
GSE20194,GSM505542,relation,2,Reanalyzed by: GSE205568
GSE20194,GSM505543,relation,2,Reanalyzed by: GSE47561
GSE20194,GSM505544,relation,2,Reanalyzed by: GSE205568
GSE20194,GSM505545,relation,2,Reanalyzed by: GSE47561
GSE20194,GSM505546,relation,2,Reanalyzed by: GSE205568
GSE20194,GSM505547,relation,2,Reanalyzed by: GSE205568
GSE20194,GSM505548,relation,2,Reanalyzed by: GSE47561
GSE20194,GSM505549,relation,2,Reanalyzed by: GSE205568
GSE20194,GSM505550,relation,2,Reanalyzed by: GSE205568
GSE20194,GSM505551,relation,2,Reanalyzed by: GSE205568
GSE20194,GSM505552,relation,2,Reanalyzed by: GSE47561
GSE20194,GSM505553,relation,2,Reanalyzed by: GSE47561
GSE20194,GSM505554,relation,2,Reanalyzed by: GSE47561
GSE20194,GSM505555,relation,2,Reanalyzed by: GSE205568
GSE20194,GSM505556,relation,2,Reanalyzed by: GSE205568
GSE20194,GSM505557,relation,2,Reanalyzed by: GSE205568
GSE20194,GSM505558,relation,2,Reanalyzed by: GSE205568
GSE20194,GSM505559,relation,2,Reanalyzed by: GSE205568
GSE20194,GSM505560,relation,2,Reanalyzed by: GSE205568
GSE20194,GSM505561,relation,2,Reanalyzed by: GSE47561
GSE20194,GSM505562,relation,2,Reanalyzed by: GSE47561
GSE20194,GSM505563,relation,2,Reanalyzed by: GSE47561
GSE20194,GSM505564,relation,2,Reanalyzed by: GSE47561
GSE20194,GSM505565,relation,2,Reanalyzed by: GSE205568
GSE20194,GSM505566,relation,2,Reanalyzed by: GSE47561
GSE20194,GSM505567,relation,2,Reanalyzed by: GSE205568
GSE20194,GSM505568,relation,2,Reanalyzed by: GSE47561
GSE20194,GSM505569,relation,2,Reanalyzed by: GSE205568
GSE20194,GSM505570,relation,2,Reanalyzed by: GSE47561
GSE20194,GSM505571,relation,2,Reanalyzed by: GSE205568
GSE20194,GSM505572,relation,2,Reanalyzed by: GSE47561
GSE20194,GSM505573,relation,2,Reanalyzed by: GSE205568
GSE20194,GSM505574,relation,2,Reanalyzed by: GSE47561
GSE20194,GSM505575,relation,2,Reanalyzed by: GSE47561
GSE20194,GSM505576,relation,2,Reanalyzed by: GSE205568
GSE20194,GSM505577,relation,2,Reanalyzed by: GSE205568
GSE20194,GSM505578,relation,2,Reanalyzed by: GSE205568
GSE20194,GSM505579,relation,2,Reanalyzed by: GSE205568
GSE20194,GSM505580,relation,2,Reanalyzed by: GSE47561
GSE20194,GSM505581,relation,2,Reanalyzed by: GSE205568
GSE20194,GSM505582,relation,2,Reanalyzed by: GSE205568
GSE20194,GSM505583,relation,2,Reanalyzed by: GSE47561
GSE20194,GSM505584,relation,2,Reanalyzed by: GSE47561
GSE20194,GSM505585,relation,2,Reanalyzed by: GSE205568
GSE20194,GSM505586,relation,2,Reanalyzed by: GSE47561
GSE20194,GSM505587,relation,2,Reanalyzed by: GSE205568
GSE20194,GSM505588,relation,2,Reanalyzed by: GSE47561
GSE20194,GSM505589,relation,2,Reanalyzed by: GSE205568
GSE20194,GSM505590,relation,2,Reanalyzed by: GSE205568
GSE20194,GSM505591,relation,2,Reanalyzed by: GSE205568
GSE20194,GSM505592,relation,2,Reanalyzed by: GSE47561
GSE20194,GSM505593,relation,2,Reanalyzed by: GSE205568
GSE20194,GSM505594,relation,2,Reanalyzed by: GSE205568
GSE20194,GSM505595,relation,2,Reanalyzed by: GSE205568
GSE20194,GSM505596,relation,2,Reanalyzed by: GSE205568
GSE20194,GSM505597,relation,2,Reanalyzed by: GSE205568
GSE20194,GSM505598,relation,2,Reanalyzed by: GSE205568
GSE20194,GSM505599,relation,2,Reanalyzed by: GSE205568
GSE20194,GSM505600,relation,2,Reanalyzed by: GSE205568
GSE20194,GSM505601,relation,2,Reanalyzed by: GSE205568
GSE20194,GSM505602,relation,2,Reanalyzed by: GSE205568
GSE20194,GSM505603,relation,2,Reanalyzed by: GSE205568
GSE20194,GSM505604,relation,2,Reanalyzed by: GSE205568
GSE20194,GSM505605,relation,2,Reanalyzed by: GSE205568
GSE20194,GSM505350,relation,3,Reanalyzed by: GSE205568
GSE20194,GSM505413,relation,3,Reanalyzed by: GSE205568
GSE20194,GSM505428,relation,3,Reanalyzed by: GSE205568
GSE20194,GSM505435,relation,3,Reanalyzed by: GSE205568
GSE20194,GSM505449,relation,3,Reanalyzed by: GSE205568
GSE20194,GSM505450,relation,3,Reanalyzed by: GSE205568
GSE20194,GSM505459,relation,3,Reanalyzed by: GSE205568
GSE20194,GSM505460,relation,3,Reanalyzed by: GSE205568
GSE20194,GSM505462,relation,3,Reanalyzed by: GSE205568
GSE20194,GSM505467,relation,3,Reanalyzed by: GSE205568
GSE20194,GSM505473,relation,3,Reanalyzed by: GSE205568
GSE20194,GSM505487,relation,3,Reanalyzed by: GSE205568
GSE20194,GSM505513,relation,3,Reanalyzed by: GSE205568
GSE20194,GSM505514,relation,3,Reanalyzed by: GSE205568
GSE20194,GSM505516,relation,3,Reanalyzed by: GSE205568
GSE20194,GSM505517,relation,3,Reanalyzed by: GSE205568
GSE20194,GSM505526,relation,3,Reanalyzed by: GSE205568
GSE20194,GSM505527,relation,3,Reanalyzed by: GSE205568
GSE20194,GSM505528,relation,3,Reanalyzed by: GSE205568
GSE20194,GSM505531,relation,3,Reanalyzed by: GSE205568
GSE20194,GSM505533,relation,3,Reanalyzed by: GSE205568
GSE20194,GSM505534,relation,3,Reanalyzed by: GSE205568
GSE20194,GSM505541,relation,3,Reanalyzed by: GSE205568
GSE20194,GSM505543,relation,3,Reanalyzed by: GSE205568
GSE20194,GSM505545,relation,3,Reanalyzed by: GSE205568
GSE20194,GSM505548,relation,3,Reanalyzed by: GSE205568
GSE20194,GSM505552,relation,3,Reanalyzed by: GSE205568
GSE20194,GSM505553,relation,3,Reanalyzed by: GSE205568
GSE20194,GSM505554,relation,3,Reanalyzed by: GSE205568
GSE20194,GSM505561,relation,3,Reanalyzed by: GSE205568
GSE20194,GSM505562,relation,3,Reanalyzed by: GSE205568
GSE20194,GSM505563,relation,3,Reanalyzed by: GSE205568
GSE20194,GSM505564,relation,3,Reanalyzed by: GSE205568
GSE20194,GSM505566,relation,3,Reanalyzed by: GSE205568
GSE20194,GSM505568,relation,3,Reanalyzed by: GSE205568
GSE20194,GSM505570,relation,3,Reanalyzed by: GSE205568
GSE20194,GSM505572,relation,3,Reanalyzed by: GSE205568
GSE20194,GSM505574,relation,3,Reanalyzed by: GSE205568
GSE20194,GSM505575,relation,3,Reanalyzed by: GSE205568
GSE20194,GSM505580,relation,3,Reanalyzed by: GSE205568
GSE20194,GSM505583,relation,3,Reanalyzed by: GSE205568
GSE20194,GSM505584,relation,3,Reanalyzed by: GSE205568
GSE20194,GSM505586,relation,3,Reanalyzed by: GSE205568
GSE20194,GSM505588,relation,3,Reanalyzed by: GSE205568
GSE20194,GSM505592,relation,3,Reanalyzed by: GSE205568
GSE20194,GSM505327,description,2,Please see the GSE20194_MDACC_Sample_Info.xls file on the GSE20194 Series record for additional information on the Sample characteristics
GSE20194,GSM505328,description,2,Please see the GSE20194_MDACC_Sample_Info.xls file on the GSE20194 Series record for additional information on the Sample characteristics
GSE20194,GSM505329,description,2,Please see the GSE20194_MDACC_Sample_Info.xls file on the GSE20194 Series record for additional information on the Sample characteristics
GSE20194,GSM505330,description,2,Please see the GSE20194_MDACC_Sample_Info.xls file on the GSE20194 Series record for additional information on the Sample characteristics
GSE20194,GSM505331,description,2,Please see the GSE20194_MDACC_Sample_Info.xls file on the GSE20194 Series record for additional information on the Sample characteristics
GSE20194,GSM505333,description,2,Please see the GSE20194_MDACC_Sample_Info.xls file on the GSE20194 Series record for additional information on the Sample characteristics
GSE20194,GSM505334,description,2,Please see the GSE20194_MDACC_Sample_Info.xls file on the GSE20194 Series record for additional information on the Sample characteristics
GSE20194,GSM505335,description,2,Please see the GSE20194_MDACC_Sample_Info.xls file on the GSE20194 Series record for additional information on the Sample characteristics
GSE20194,GSM505336,description,2,Please see the GSE20194_MDACC_Sample_Info.xls file on the GSE20194 Series record for additional information on the Sample characteristics
GSE20194,GSM505337,description,2,Please see the GSE20194_MDACC_Sample_Info.xls file on the GSE20194 Series record for additional information on the Sample characteristics
GSE20194,GSM505338,description,2,Please see the GSE20194_MDACC_Sample_Info.xls file on the GSE20194 Series record for additional information on the Sample characteristics
GSE20194,GSM505339,description,2,Please see the GSE20194_MDACC_Sample_Info.xls file on the GSE20194 Series record for additional information on the Sample characteristics
GSE20194,GSM505340,description,2,Please see the GSE20194_MDACC_Sample_Info.xls file on the GSE20194 Series record for additional information on the Sample characteristics
GSE20194,GSM505341,description,2,Please see the GSE20194_MDACC_Sample_Info.xls file on the GSE20194 Series record for additional information on the Sample characteristics
GSE20194,GSM505342,description,2,Please see the GSE20194_MDACC_Sample_Info.xls file on the GSE20194 Series record for additional information on the Sample characteristics
GSE20194,GSM505343,description,2,Please see the GSE20194_MDACC_Sample_Info.xls file on the GSE20194 Series record for additional information on the Sample characteristics
GSE20194,GSM505344,description,2,Please see the GSE20194_MDACC_Sample_Info.xls file on the GSE20194 Series record for additional information on the Sample characteristics
GSE20194,GSM505345,description,2,Please see the GSE20194_MDACC_Sample_Info.xls file on the GSE20194 Series record for additional information on the Sample characteristics
GSE20194,GSM505346,description,2,Please see the GSE20194_MDACC_Sample_Info.xls file on the GSE20194 Series record for additional information on the Sample characteristics
GSE20194,GSM505347,description,2,Please see the GSE20194_MDACC_Sample_Info.xls file on the GSE20194 Series record for additional information on the Sample characteristics
GSE20194,GSM505348,description,2,Please see the GSE20194_MDACC_Sample_Info.xls file on the GSE20194 Series record for additional information on the Sample characteristics
GSE20194,GSM505349,description,2,Please see the GSE20194_MDACC_Sample_Info.xls file on the GSE20194 Series record for additional information on the Sample characteristics
GSE20194,GSM505350,description,2,Please see the GSE20194_MDACC_Sample_Info.xls file on the GSE20194 Series record for additional information on the Sample characteristics
GSE20194,GSM505351,description,2,Please see the GSE20194_MDACC_Sample_Info.xls file on the GSE20194 Series record for additional information on the Sample characteristics
GSE20194,GSM505352,description,2,Please see the GSE20194_MDACC_Sample_Info.xls file on the GSE20194 Series record for additional information on the Sample characteristics
GSE20194,GSM505353,description,2,Please see the GSE20194_MDACC_Sample_Info.xls file on the GSE20194 Series record for additional information on the Sample characteristics
GSE20194,GSM505354,description,2,Please see the GSE20194_MDACC_Sample_Info.xls file on the GSE20194 Series record for additional information on the Sample characteristics
GSE20194,GSM505355,description,2,Please see the GSE20194_MDACC_Sample_Info.xls file on the GSE20194 Series record for additional information on the Sample characteristics
GSE20194,GSM505356,description,2,Please see the GSE20194_MDACC_Sample_Info.xls file on the GSE20194 Series record for additional information on the Sample characteristics
GSE20194,GSM505357,description,2,Please see the GSE20194_MDACC_Sample_Info.xls file on the GSE20194 Series record for additional information on the Sample characteristics
GSE20194,GSM505358,description,2,Please see the GSE20194_MDACC_Sample_Info.xls file on the GSE20194 Series record for additional information on the Sample characteristics
GSE20194,GSM505359,description,2,Please see the GSE20194_MDACC_Sample_Info.xls file on the GSE20194 Series record for additional information on the Sample characteristics
GSE20194,GSM505360,description,2,Please see the GSE20194_MDACC_Sample_Info.xls file on the GSE20194 Series record for additional information on the Sample characteristics
GSE20194,GSM505361,description,2,Please see the GSE20194_MDACC_Sample_Info.xls file on the GSE20194 Series record for additional information on the Sample characteristics
GSE20194,GSM505362,description,2,Please see the GSE20194_MDACC_Sample_Info.xls file on the GSE20194 Series record for additional information on the Sample characteristics
GSE20194,GSM505363,description,2,Please see the GSE20194_MDACC_Sample_Info.xls file on the GSE20194 Series record for additional information on the Sample characteristics
GSE20194,GSM505364,description,2,Please see the GSE20194_MDACC_Sample_Info.xls file on the GSE20194 Series record for additional information on the Sample characteristics
GSE20194,GSM505365,description,2,Please see the GSE20194_MDACC_Sample_Info.xls file on the GSE20194 Series record for additional information on the Sample characteristics
GSE20194,GSM505366,description,2,Please see the GSE20194_MDACC_Sample_Info.xls file on the GSE20194 Series record for additional information on the Sample characteristics
GSE20194,GSM505367,description,2,Please see the GSE20194_MDACC_Sample_Info.xls file on the GSE20194 Series record for additional information on the Sample characteristics
GSE20194,GSM505368,description,2,Please see the GSE20194_MDACC_Sample_Info.xls file on the GSE20194 Series record for additional information on the Sample characteristics
GSE20194,GSM505369,description,2,Please see the GSE20194_MDACC_Sample_Info.xls file on the GSE20194 Series record for additional information on the Sample characteristics
GSE20194,GSM505370,description,2,Please see the GSE20194_MDACC_Sample_Info.xls file on the GSE20194 Series record for additional information on the Sample characteristics
GSE20194,GSM505371,description,2,Please see the GSE20194_MDACC_Sample_Info.xls file on the GSE20194 Series record for additional information on the Sample characteristics
GSE20194,GSM505372,description,2,Please see the GSE20194_MDACC_Sample_Info.xls file on the GSE20194 Series record for additional information on the Sample characteristics
GSE20194,GSM505373,description,2,Please see the GSE20194_MDACC_Sample_Info.xls file on the GSE20194 Series record for additional information on the Sample characteristics
GSE20194,GSM505374,description,2,Please see the GSE20194_MDACC_Sample_Info.xls file on the GSE20194 Series record for additional information on the Sample characteristics
GSE20194,GSM505375,description,2,Please see the GSE20194_MDACC_Sample_Info.xls file on the GSE20194 Series record for additional information on the Sample characteristics
GSE20194,GSM505376,description,2,Please see the GSE20194_MDACC_Sample_Info.xls file on the GSE20194 Series record for additional information on the Sample characteristics
GSE20194,GSM505377,description,2,Please see the GSE20194_MDACC_Sample_Info.xls file on the GSE20194 Series record for additional information on the Sample characteristics
GSE20194,GSM505378,description,2,Please see the GSE20194_MDACC_Sample_Info.xls file on the GSE20194 Series record for additional information on the Sample characteristics
GSE20194,GSM505379,description,2,Please see the GSE20194_MDACC_Sample_Info.xls file on the GSE20194 Series record for additional information on the Sample characteristics
GSE20194,GSM505380,description,2,Please see the GSE20194_MDACC_Sample_Info.xls file on the GSE20194 Series record for additional information on the Sample characteristics
GSE20194,GSM505381,description,2,Please see the GSE20194_MDACC_Sample_Info.xls file on the GSE20194 Series record for additional information on the Sample characteristics
GSE20194,GSM505382,description,2,Please see the GSE20194_MDACC_Sample_Info.xls file on the GSE20194 Series record for additional information on the Sample characteristics
GSE20194,GSM505383,description,2,Please see the GSE20194_MDACC_Sample_Info.xls file on the GSE20194 Series record for additional information on the Sample characteristics
GSE20194,GSM505384,description,2,Please see the GSE20194_MDACC_Sample_Info.xls file on the GSE20194 Series record for additional information on the Sample characteristics
GSE20194,GSM505385,description,2,Please see the GSE20194_MDACC_Sample_Info.xls file on the GSE20194 Series record for additional information on the Sample characteristics
GSE20194,GSM505386,description,2,Please see the GSE20194_MDACC_Sample_Info.xls file on the GSE20194 Series record for additional information on the Sample characteristics
GSE20194,GSM505387,description,2,Please see the GSE20194_MDACC_Sample_Info.xls file on the GSE20194 Series record for additional information on the Sample characteristics
GSE20194,GSM505388,description,2,Please see the GSE20194_MDACC_Sample_Info.xls file on the GSE20194 Series record for additional information on the Sample characteristics
GSE20194,GSM505389,description,2,Please see the GSE20194_MDACC_Sample_Info.xls file on the GSE20194 Series record for additional information on the Sample characteristics
GSE20194,GSM505390,description,2,Please see the GSE20194_MDACC_Sample_Info.xls file on the GSE20194 Series record for additional information on the Sample characteristics
GSE20194,GSM505391,description,2,Please see the GSE20194_MDACC_Sample_Info.xls file on the GSE20194 Series record for additional information on the Sample characteristics
GSE20194,GSM505392,description,2,Please see the GSE20194_MDACC_Sample_Info.xls file on the GSE20194 Series record for additional information on the Sample characteristics
GSE20194,GSM505393,description,2,Please see the GSE20194_MDACC_Sample_Info.xls file on the GSE20194 Series record for additional information on the Sample characteristics
GSE20194,GSM505394,description,2,Please see the GSE20194_MDACC_Sample_Info.xls file on the GSE20194 Series record for additional information on the Sample characteristics
GSE20194,GSM505395,description,2,Please see the GSE20194_MDACC_Sample_Info.xls file on the GSE20194 Series record for additional information on the Sample characteristics
GSE20194,GSM505396,description,2,Please see the GSE20194_MDACC_Sample_Info.xls file on the GSE20194 Series record for additional information on the Sample characteristics
GSE20194,GSM505397,description,2,Please see the GSE20194_MDACC_Sample_Info.xls file on the GSE20194 Series record for additional information on the Sample characteristics
GSE20194,GSM505398,description,2,Please see the GSE20194_MDACC_Sample_Info.xls file on the GSE20194 Series record for additional information on the Sample characteristics
GSE20194,GSM505399,description,2,Please see the GSE20194_MDACC_Sample_Info.xls file on the GSE20194 Series record for additional information on the Sample characteristics
GSE20194,GSM505400,description,2,Please see the GSE20194_MDACC_Sample_Info.xls file on the GSE20194 Series record for additional information on the Sample characteristics
GSE20194,GSM505401,description,2,Please see the GSE20194_MDACC_Sample_Info.xls file on the GSE20194 Series record for additional information on the Sample characteristics
GSE20194,GSM505402,description,2,Please see the GSE20194_MDACC_Sample_Info.xls file on the GSE20194 Series record for additional information on the Sample characteristics
GSE20194,GSM505403,description,2,Please see the GSE20194_MDACC_Sample_Info.xls file on the GSE20194 Series record for additional information on the Sample characteristics
GSE20194,GSM505404,description,2,Please see the GSE20194_MDACC_Sample_Info.xls file on the GSE20194 Series record for additional information on the Sample characteristics
GSE20194,GSM505405,description,2,Please see the GSE20194_MDACC_Sample_Info.xls file on the GSE20194 Series record for additional information on the Sample characteristics
GSE20194,GSM505406,description,2,Please see the GSE20194_MDACC_Sample_Info.xls file on the GSE20194 Series record for additional information on the Sample characteristics
GSE20194,GSM505407,description,2,Please see the GSE20194_MDACC_Sample_Info.xls file on the GSE20194 Series record for additional information on the Sample characteristics
GSE20194,GSM505408,description,2,Please see the GSE20194_MDACC_Sample_Info.xls file on the GSE20194 Series record for additional information on the Sample characteristics
GSE20194,GSM505409,description,2,Please see the GSE20194_MDACC_Sample_Info.xls file on the GSE20194 Series record for additional information on the Sample characteristics
GSE20194,GSM505410,description,2,Please see the GSE20194_MDACC_Sample_Info.xls file on the GSE20194 Series record for additional information on the Sample characteristics
GSE20194,GSM505411,description,2,Please see the GSE20194_MDACC_Sample_Info.xls file on the GSE20194 Series record for additional information on the Sample characteristics
GSE20194,GSM505412,description,2,Please see the GSE20194_MDACC_Sample_Info.xls file on the GSE20194 Series record for additional information on the Sample characteristics
GSE20194,GSM505413,description,2,Please see the GSE20194_MDACC_Sample_Info.xls file on the GSE20194 Series record for additional information on the Sample characteristics
GSE20194,GSM505414,description,2,Please see the GSE20194_MDACC_Sample_Info.xls file on the GSE20194 Series record for additional information on the Sample characteristics
GSE20194,GSM505415,description,2,Please see the GSE20194_MDACC_Sample_Info.xls file on the GSE20194 Series record for additional information on the Sample characteristics
GSE20194,GSM505416,description,2,Please see the GSE20194_MDACC_Sample_Info.xls file on the GSE20194 Series record for additional information on the Sample characteristics
GSE20194,GSM505417,description,2,Please see the GSE20194_MDACC_Sample_Info.xls file on the GSE20194 Series record for additional information on the Sample characteristics
GSE20194,GSM505418,description,2,Please see the GSE20194_MDACC_Sample_Info.xls file on the GSE20194 Series record for additional information on the Sample characteristics
GSE20194,GSM505419,description,2,Please see the GSE20194_MDACC_Sample_Info.xls file on the GSE20194 Series record for additional information on the Sample characteristics
GSE20194,GSM505420,description,2,Please see the GSE20194_MDACC_Sample_Info.xls file on the GSE20194 Series record for additional information on the Sample characteristics
GSE20194,GSM505421,description,2,Please see the GSE20194_MDACC_Sample_Info.xls file on the GSE20194 Series record for additional information on the Sample characteristics
GSE20194,GSM505422,description,2,Please see the GSE20194_MDACC_Sample_Info.xls file on the GSE20194 Series record for additional information on the Sample characteristics
GSE20194,GSM505423,description,2,Please see the GSE20194_MDACC_Sample_Info.xls file on the GSE20194 Series record for additional information on the Sample characteristics
GSE20194,GSM505424,description,2,Please see the GSE20194_MDACC_Sample_Info.xls file on the GSE20194 Series record for additional information on the Sample characteristics
GSE20194,GSM505425,description,2,Please see the GSE20194_MDACC_Sample_Info.xls file on the GSE20194 Series record for additional information on the Sample characteristics
GSE20194,GSM505426,description,2,Please see the GSE20194_MDACC_Sample_Info.xls file on the GSE20194 Series record for additional information on the Sample characteristics
GSE20194,GSM505427,description,2,Please see the GSE20194_MDACC_Sample_Info.xls file on the GSE20194 Series record for additional information on the Sample characteristics
GSE20194,GSM505428,description,2,Please see the GSE20194_MDACC_Sample_Info.xls file on the GSE20194 Series record for additional information on the Sample characteristics
GSE20194,GSM505429,description,2,Please see the GSE20194_MDACC_Sample_Info.xls file on the GSE20194 Series record for additional information on the Sample characteristics
GSE20194,GSM505430,description,2,Please see the GSE20194_MDACC_Sample_Info.xls file on the GSE20194 Series record for additional information on the Sample characteristics
GSE20194,GSM505431,description,2,Please see the GSE20194_MDACC_Sample_Info.xls file on the GSE20194 Series record for additional information on the Sample characteristics
GSE20194,GSM505432,description,2,Please see the GSE20194_MDACC_Sample_Info.xls file on the GSE20194 Series record for additional information on the Sample characteristics
GSE20194,GSM505433,description,2,Please see the GSE20194_MDACC_Sample_Info.xls file on the GSE20194 Series record for additional information on the Sample characteristics
GSE20194,GSM505434,description,2,Please see the GSE20194_MDACC_Sample_Info.xls file on the GSE20194 Series record for additional information on the Sample characteristics
GSE20194,GSM505435,description,2,Please see the GSE20194_MDACC_Sample_Info.xls file on the GSE20194 Series record for additional information on the Sample characteristics
GSE20194,GSM505436,description,2,Please see the GSE20194_MDACC_Sample_Info.xls file on the GSE20194 Series record for additional information on the Sample characteristics
GSE20194,GSM505437,description,2,Please see the GSE20194_MDACC_Sample_Info.xls file on the GSE20194 Series record for additional information on the Sample characteristics
GSE20194,GSM505438,description,2,Please see the GSE20194_MDACC_Sample_Info.xls file on the GSE20194 Series record for additional information on the Sample characteristics
GSE20194,GSM505439,description,2,Please see the GSE20194_MDACC_Sample_Info.xls file on the GSE20194 Series record for additional information on the Sample characteristics
GSE20194,GSM505440,description,2,Please see the GSE20194_MDACC_Sample_Info.xls file on the GSE20194 Series record for additional information on the Sample characteristics
GSE20194,GSM505441,description,2,Please see the GSE20194_MDACC_Sample_Info.xls file on the GSE20194 Series record for additional information on the Sample characteristics
GSE20194,GSM505442,description,2,Please see the GSE20194_MDACC_Sample_Info.xls file on the GSE20194 Series record for additional information on the Sample characteristics
GSE20194,GSM505443,description,2,Please see the GSE20194_MDACC_Sample_Info.xls file on the GSE20194 Series record for additional information on the Sample characteristics
GSE20194,GSM505444,description,2,Please see the GSE20194_MDACC_Sample_Info.xls file on the GSE20194 Series record for additional information on the Sample characteristics
GSE20194,GSM505445,description,2,Please see the GSE20194_MDACC_Sample_Info.xls file on the GSE20194 Series record for additional information on the Sample characteristics
GSE20194,GSM505446,description,2,Please see the GSE20194_MDACC_Sample_Info.xls file on the GSE20194 Series record for additional information on the Sample characteristics
GSE20194,GSM505447,description,2,Please see the GSE20194_MDACC_Sample_Info.xls file on the GSE20194 Series record for additional information on the Sample characteristics
GSE20194,GSM505448,description,2,Please see the GSE20194_MDACC_Sample_Info.xls file on the GSE20194 Series record for additional information on the Sample characteristics
GSE20194,GSM505449,description,2,Please see the GSE20194_MDACC_Sample_Info.xls file on the GSE20194 Series record for additional information on the Sample characteristics
GSE20194,GSM505450,description,2,Please see the GSE20194_MDACC_Sample_Info.xls file on the GSE20194 Series record for additional information on the Sample characteristics
GSE20194,GSM505451,description,2,Please see the GSE20194_MDACC_Sample_Info.xls file on the GSE20194 Series record for additional information on the Sample characteristics
GSE20194,GSM505452,description,2,Please see the GSE20194_MDACC_Sample_Info.xls file on the GSE20194 Series record for additional information on the Sample characteristics
GSE20194,GSM505453,description,2,Please see the GSE20194_MDACC_Sample_Info.xls file on the GSE20194 Series record for additional information on the Sample characteristics
GSE20194,GSM505454,description,2,Please see the GSE20194_MDACC_Sample_Info.xls file on the GSE20194 Series record for additional information on the Sample characteristics
GSE20194,GSM505455,description,2,Please see the GSE20194_MDACC_Sample_Info.xls file on the GSE20194 Series record for additional information on the Sample characteristics
GSE20194,GSM505456,description,2,Please see the GSE20194_MDACC_Sample_Info.xls file on the GSE20194 Series record for additional information on the Sample characteristics
GSE20194,GSM505457,description,2,Please see the GSE20194_MDACC_Sample_Info.xls file on the GSE20194 Series record for additional information on the Sample characteristics
GSE20194,GSM505458,description,2,Please see the GSE20194_MDACC_Sample_Info.xls file on the GSE20194 Series record for additional information on the Sample characteristics
GSE20194,GSM505459,description,2,Please see the GSE20194_MDACC_Sample_Info.xls file on the GSE20194 Series record for additional information on the Sample characteristics
GSE20194,GSM505460,description,2,Please see the GSE20194_MDACC_Sample_Info.xls file on the GSE20194 Series record for additional information on the Sample characteristics
GSE20194,GSM505461,description,2,Please see the GSE20194_MDACC_Sample_Info.xls file on the GSE20194 Series record for additional information on the Sample characteristics
GSE20194,GSM505462,description,2,Please see the GSE20194_MDACC_Sample_Info.xls file on the GSE20194 Series record for additional information on the Sample characteristics
GSE20194,GSM505463,description,2,Please see the GSE20194_MDACC_Sample_Info.xls file on the GSE20194 Series record for additional information on the Sample characteristics
GSE20194,GSM505464,description,2,Please see the GSE20194_MDACC_Sample_Info.xls file on the GSE20194 Series record for additional information on the Sample characteristics
GSE20194,GSM505465,description,2,Please see the GSE20194_MDACC_Sample_Info.xls file on the GSE20194 Series record for additional information on the Sample characteristics
GSE20194,GSM505466,description,2,Please see the GSE20194_MDACC_Sample_Info.xls file on the GSE20194 Series record for additional information on the Sample characteristics
GSE20194,GSM505467,description,2,Please see the GSE20194_MDACC_Sample_Info.xls file on the GSE20194 Series record for additional information on the Sample characteristics
GSE20194,GSM505468,description,2,Please see the GSE20194_MDACC_Sample_Info.xls file on the GSE20194 Series record for additional information on the Sample characteristics
GSE20194,GSM505469,description,2,Please see the GSE20194_MDACC_Sample_Info.xls file on the GSE20194 Series record for additional information on the Sample characteristics
GSE20194,GSM505470,description,2,Please see the GSE20194_MDACC_Sample_Info.xls file on the GSE20194 Series record for additional information on the Sample characteristics
GSE20194,GSM505471,description,2,Please see the GSE20194_MDACC_Sample_Info.xls file on the GSE20194 Series record for additional information on the Sample characteristics
GSE20194,GSM505472,description,2,Please see the GSE20194_MDACC_Sample_Info.xls file on the GSE20194 Series record for additional information on the Sample characteristics
GSE20194,GSM505473,description,2,Please see the GSE20194_MDACC_Sample_Info.xls file on the GSE20194 Series record for additional information on the Sample characteristics
GSE20194,GSM505474,description,2,Please see the GSE20194_MDACC_Sample_Info.xls file on the GSE20194 Series record for additional information on the Sample characteristics
GSE20194,GSM505475,description,2,Please see the GSE20194_MDACC_Sample_Info.xls file on the GSE20194 Series record for additional information on the Sample characteristics
GSE20194,GSM505476,description,2,Please see the GSE20194_MDACC_Sample_Info.xls file on the GSE20194 Series record for additional information on the Sample characteristics
GSE20194,GSM505477,description,2,Please see the GSE20194_MDACC_Sample_Info.xls file on the GSE20194 Series record for additional information on the Sample characteristics
GSE20194,GSM505478,description,2,Please see the GSE20194_MDACC_Sample_Info.xls file on the GSE20194 Series record for additional information on the Sample characteristics
GSE20194,GSM505479,description,2,Please see the GSE20194_MDACC_Sample_Info.xls file on the GSE20194 Series record for additional information on the Sample characteristics
GSE20194,GSM505480,description,2,Please see the GSE20194_MDACC_Sample_Info.xls file on the GSE20194 Series record for additional information on the Sample characteristics
GSE20194,GSM505481,description,2,Please see the GSE20194_MDACC_Sample_Info.xls file on the GSE20194 Series record for additional information on the Sample characteristics
GSE20194,GSM505482,description,2,Please see the GSE20194_MDACC_Sample_Info.xls file on the GSE20194 Series record for additional information on the Sample characteristics
GSE20194,GSM505483,description,2,Please see the GSE20194_MDACC_Sample_Info.xls file on the GSE20194 Series record for additional information on the Sample characteristics
GSE20194,GSM505484,description,2,Please see the GSE20194_MDACC_Sample_Info.xls file on the GSE20194 Series record for additional information on the Sample characteristics
GSE20194,GSM505485,description,2,Please see the GSE20194_MDACC_Sample_Info.xls file on the GSE20194 Series record for additional information on the Sample characteristics
GSE20194,GSM505486,description,2,Please see the GSE20194_MDACC_Sample_Info.xls file on the GSE20194 Series record for additional information on the Sample characteristics
GSE20194,GSM505487,description,2,Please see the GSE20194_MDACC_Sample_Info.xls file on the GSE20194 Series record for additional information on the Sample characteristics
GSE20194,GSM505488,description,2,Please see the GSE20194_MDACC_Sample_Info.xls file on the GSE20194 Series record for additional information on the Sample characteristics
GSE20194,GSM505489,description,2,Please see the GSE20194_MDACC_Sample_Info.xls file on the GSE20194 Series record for additional information on the Sample characteristics
GSE20194,GSM505490,description,2,Please see the GSE20194_MDACC_Sample_Info.xls file on the GSE20194 Series record for additional information on the Sample characteristics
GSE20194,GSM505491,description,2,Please see the GSE20194_MDACC_Sample_Info.xls file on the GSE20194 Series record for additional information on the Sample characteristics
GSE20194,GSM505492,description,2,Please see the GSE20194_MDACC_Sample_Info.xls file on the GSE20194 Series record for additional information on the Sample characteristics
GSE20194,GSM505493,description,2,Please see the GSE20194_MDACC_Sample_Info.xls file on the GSE20194 Series record for additional information on the Sample characteristics
GSE20194,GSM505494,description,2,Please see the GSE20194_MDACC_Sample_Info.xls file on the GSE20194 Series record for additional information on the Sample characteristics
GSE20194,GSM505495,description,2,Please see the GSE20194_MDACC_Sample_Info.xls file on the GSE20194 Series record for additional information on the Sample characteristics
GSE20194,GSM505496,description,2,Please see the GSE20194_MDACC_Sample_Info.xls file on the GSE20194 Series record for additional information on the Sample characteristics
GSE20194,GSM505497,description,2,Please see the GSE20194_MDACC_Sample_Info.xls file on the GSE20194 Series record for additional information on the Sample characteristics
GSE20194,GSM505498,description,2,Please see the GSE20194_MDACC_Sample_Info.xls file on the GSE20194 Series record for additional information on the Sample characteristics
GSE20194,GSM505499,description,2,Please see the GSE20194_MDACC_Sample_Info.xls file on the GSE20194 Series record for additional information on the Sample characteristics
GSE20194,GSM505500,description,2,Please see the GSE20194_MDACC_Sample_Info.xls file on the GSE20194 Series record for additional information on the Sample characteristics
GSE20194,GSM505501,description,2,Please see the GSE20194_MDACC_Sample_Info.xls file on the GSE20194 Series record for additional information on the Sample characteristics
GSE20194,GSM505502,description,2,Please see the GSE20194_MDACC_Sample_Info.xls file on the GSE20194 Series record for additional information on the Sample characteristics
GSE20194,GSM505503,description,2,Please see the GSE20194_MDACC_Sample_Info.xls file on the GSE20194 Series record for additional information on the Sample characteristics
GSE20194,GSM505504,description,2,Please see the GSE20194_MDACC_Sample_Info.xls file on the GSE20194 Series record for additional information on the Sample characteristics
GSE20194,GSM505505,description,2,Please see the GSE20194_MDACC_Sample_Info.xls file on the GSE20194 Series record for additional information on the Sample characteristics
GSE20194,GSM505506,description,2,Please see the GSE20194_MDACC_Sample_Info.xls file on the GSE20194 Series record for additional information on the Sample characteristics
GSE20194,GSM505507,description,2,Please see the GSE20194_MDACC_Sample_Info.xls file on the GSE20194 Series record for additional information on the Sample characteristics
GSE20194,GSM505508,description,2,Please see the GSE20194_MDACC_Sample_Info.xls file on the GSE20194 Series record for additional information on the Sample characteristics
GSE20194,GSM505509,description,2,Please see the GSE20194_MDACC_Sample_Info.xls file on the GSE20194 Series record for additional information on the Sample characteristics
GSE20194,GSM505510,description,2,Please see the GSE20194_MDACC_Sample_Info.xls file on the GSE20194 Series record for additional information on the Sample characteristics
GSE20194,GSM505511,description,2,Please see the GSE20194_MDACC_Sample_Info.xls file on the GSE20194 Series record for additional information on the Sample characteristics
GSE20194,GSM505512,description,2,Please see the GSE20194_MDACC_Sample_Info.xls file on the GSE20194 Series record for additional information on the Sample characteristics
GSE20194,GSM505513,description,2,Please see the GSE20194_MDACC_Sample_Info.xls file on the GSE20194 Series record for additional information on the Sample characteristics
GSE20194,GSM505514,description,2,Please see the GSE20194_MDACC_Sample_Info.xls file on the GSE20194 Series record for additional information on the Sample characteristics
GSE20194,GSM505515,description,2,Please see the GSE20194_MDACC_Sample_Info.xls file on the GSE20194 Series record for additional information on the Sample characteristics
GSE20194,GSM505516,description,2,Please see the GSE20194_MDACC_Sample_Info.xls file on the GSE20194 Series record for additional information on the Sample characteristics
GSE20194,GSM505517,description,2,Please see the GSE20194_MDACC_Sample_Info.xls file on the GSE20194 Series record for additional information on the Sample characteristics
GSE20194,GSM505518,description,2,Please see the GSE20194_MDACC_Sample_Info.xls file on the GSE20194 Series record for additional information on the Sample characteristics
GSE20194,GSM505519,description,2,Please see the GSE20194_MDACC_Sample_Info.xls file on the GSE20194 Series record for additional information on the Sample characteristics
GSE20194,GSM505520,description,2,Please see the GSE20194_MDACC_Sample_Info.xls file on the GSE20194 Series record for additional information on the Sample characteristics
GSE20194,GSM505521,description,2,Please see the GSE20194_MDACC_Sample_Info.xls file on the GSE20194 Series record for additional information on the Sample characteristics
GSE20194,GSM505522,description,2,Please see the GSE20194_MDACC_Sample_Info.xls file on the GSE20194 Series record for additional information on the Sample characteristics
GSE20194,GSM505523,description,2,Please see the GSE20194_MDACC_Sample_Info.xls file on the GSE20194 Series record for additional information on the Sample characteristics
GSE20194,GSM505524,description,2,Please see the GSE20194_MDACC_Sample_Info.xls file on the GSE20194 Series record for additional information on the Sample characteristics
GSE20194,GSM505525,description,2,Please see the GSE20194_MDACC_Sample_Info.xls file on the GSE20194 Series record for additional information on the Sample characteristics
GSE20194,GSM505526,description,2,Please see the GSE20194_MDACC_Sample_Info.xls file on the GSE20194 Series record for additional information on the Sample characteristics
GSE20194,GSM505527,description,2,Please see the GSE20194_MDACC_Sample_Info.xls file on the GSE20194 Series record for additional information on the Sample characteristics
GSE20194,GSM505528,description,2,Please see the GSE20194_MDACC_Sample_Info.xls file on the GSE20194 Series record for additional information on the Sample characteristics
GSE20194,GSM505529,description,2,Please see the GSE20194_MDACC_Sample_Info.xls file on the GSE20194 Series record for additional information on the Sample characteristics
GSE20194,GSM505530,description,2,Please see the GSE20194_MDACC_Sample_Info.xls file on the GSE20194 Series record for additional information on the Sample characteristics
GSE20194,GSM505531,description,2,Please see the GSE20194_MDACC_Sample_Info.xls file on the GSE20194 Series record for additional information on the Sample characteristics
GSE20194,GSM505532,description,2,Please see the GSE20194_MDACC_Sample_Info.xls file on the GSE20194 Series record for additional information on the Sample characteristics
GSE20194,GSM505533,description,2,Please see the GSE20194_MDACC_Sample_Info.xls file on the GSE20194 Series record for additional information on the Sample characteristics
GSE20194,GSM505534,description,2,Please see the GSE20194_MDACC_Sample_Info.xls file on the GSE20194 Series record for additional information on the Sample characteristics
GSE20194,GSM505535,description,2,Please see the GSE20194_MDACC_Sample_Info.xls file on the GSE20194 Series record for additional information on the Sample characteristics
GSE20194,GSM505536,description,2,Please see the GSE20194_MDACC_Sample_Info.xls file on the GSE20194 Series record for additional information on the Sample characteristics
GSE20194,GSM505537,description,2,Please see the GSE20194_MDACC_Sample_Info.xls file on the GSE20194 Series record for additional information on the Sample characteristics
GSE20194,GSM505538,description,2,Please see the GSE20194_MDACC_Sample_Info.xls file on the GSE20194 Series record for additional information on the Sample characteristics
GSE20194,GSM505539,description,2,Please see the GSE20194_MDACC_Sample_Info.xls file on the GSE20194 Series record for additional information on the Sample characteristics
GSE20194,GSM505540,description,2,Please see the GSE20194_MDACC_Sample_Info.xls file on the GSE20194 Series record for additional information on the Sample characteristics
GSE20194,GSM505541,description,2,Please see the GSE20194_MDACC_Sample_Info.xls file on the GSE20194 Series record for additional information on the Sample characteristics
GSE20194,GSM505542,description,2,Please see the GSE20194_MDACC_Sample_Info.xls file on the GSE20194 Series record for additional information on the Sample characteristics
GSE20194,GSM505543,description,2,Please see the GSE20194_MDACC_Sample_Info.xls file on the GSE20194 Series record for additional information on the Sample characteristics
GSE20194,GSM505544,description,2,Please see the GSE20194_MDACC_Sample_Info.xls file on the GSE20194 Series record for additional information on the Sample characteristics
GSE20194,GSM505545,description,2,Please see the GSE20194_MDACC_Sample_Info.xls file on the GSE20194 Series record for additional information on the Sample characteristics
GSE20194,GSM505546,description,2,Please see the GSE20194_MDACC_Sample_Info.xls file on the GSE20194 Series record for additional information on the Sample characteristics
GSE20194,GSM505547,description,2,Please see the GSE20194_MDACC_Sample_Info.xls file on the GSE20194 Series record for additional information on the Sample characteristics
GSE20194,GSM505548,description,2,Please see the GSE20194_MDACC_Sample_Info.xls file on the GSE20194 Series record for additional information on the Sample characteristics
GSE20194,GSM505549,description,2,Please see the GSE20194_MDACC_Sample_Info.xls file on the GSE20194 Series record for additional information on the Sample characteristics
GSE20194,GSM505550,description,2,Please see the GSE20194_MDACC_Sample_Info.xls file on the GSE20194 Series record for additional information on the Sample characteristics
GSE20194,GSM505551,description,2,Please see the GSE20194_MDACC_Sample_Info.xls file on the GSE20194 Series record for additional information on the Sample characteristics
GSE20194,GSM505552,description,2,Please see the GSE20194_MDACC_Sample_Info.xls file on the GSE20194 Series record for additional information on the Sample characteristics
GSE20194,GSM505553,description,2,Please see the GSE20194_MDACC_Sample_Info.xls file on the GSE20194 Series record for additional information on the Sample characteristics
GSE20194,GSM505554,description,2,Please see the GSE20194_MDACC_Sample_Info.xls file on the GSE20194 Series record for additional information on the Sample characteristics
GSE20194,GSM505555,description,2,Please see the GSE20194_MDACC_Sample_Info.xls file on the GSE20194 Series record for additional information on the Sample characteristics
GSE20194,GSM505556,description,2,Please see the GSE20194_MDACC_Sample_Info.xls file on the GSE20194 Series record for additional information on the Sample characteristics
GSE20194,GSM505557,description,2,Please see the GSE20194_MDACC_Sample_Info.xls file on the GSE20194 Series record for additional information on the Sample characteristics
GSE20194,GSM505558,description,2,Please see the GSE20194_MDACC_Sample_Info.xls file on the GSE20194 Series record for additional information on the Sample characteristics
GSE20194,GSM505559,description,2,Please see the GSE20194_MDACC_Sample_Info.xls file on the GSE20194 Series record for additional information on the Sample characteristics
GSE20194,GSM505560,description,2,Please see the GSE20194_MDACC_Sample_Info.xls file on the GSE20194 Series record for additional information on the Sample characteristics
GSE20194,GSM505561,description,2,Please see the GSE20194_MDACC_Sample_Info.xls file on the GSE20194 Series record for additional information on the Sample characteristics
GSE20194,GSM505562,description,2,Please see the GSE20194_MDACC_Sample_Info.xls file on the GSE20194 Series record for additional information on the Sample characteristics
GSE20194,GSM505563,description,2,Please see the GSE20194_MDACC_Sample_Info.xls file on the GSE20194 Series record for additional information on the Sample characteristics
GSE20194,GSM505564,description,2,Please see the GSE20194_MDACC_Sample_Info.xls file on the GSE20194 Series record for additional information on the Sample characteristics
GSE20194,GSM505565,description,2,Please see the GSE20194_MDACC_Sample_Info.xls file on the GSE20194 Series record for additional information on the Sample characteristics
GSE20194,GSM505566,description,2,Please see the GSE20194_MDACC_Sample_Info.xls file on the GSE20194 Series record for additional information on the Sample characteristics
GSE20194,GSM505567,description,2,Please see the GSE20194_MDACC_Sample_Info.xls file on the GSE20194 Series record for additional information on the Sample characteristics
GSE20194,GSM505568,description,2,Please see the GSE20194_MDACC_Sample_Info.xls file on the GSE20194 Series record for additional information on the Sample characteristics
GSE20194,GSM505569,description,2,Please see the GSE20194_MDACC_Sample_Info.xls file on the GSE20194 Series record for additional information on the Sample characteristics
GSE20194,GSM505570,description,2,Please see the GSE20194_MDACC_Sample_Info.xls file on the GSE20194 Series record for additional information on the Sample characteristics
GSE20194,GSM505571,description,2,Please see the GSE20194_MDACC_Sample_Info.xls file on the GSE20194 Series record for additional information on the Sample characteristics
GSE20194,GSM505572,description,2,Please see the GSE20194_MDACC_Sample_Info.xls file on the GSE20194 Series record for additional information on the Sample characteristics
GSE20194,GSM505573,description,2,Please see the GSE20194_MDACC_Sample_Info.xls file on the GSE20194 Series record for additional information on the Sample characteristics
GSE20194,GSM505574,description,2,Please see the GSE20194_MDACC_Sample_Info.xls file on the GSE20194 Series record for additional information on the Sample characteristics
GSE20194,GSM505575,description,2,Please see the GSE20194_MDACC_Sample_Info.xls file on the GSE20194 Series record for additional information on the Sample characteristics
GSE20194,GSM505576,description,2,Please see the GSE20194_MDACC_Sample_Info.xls file on the GSE20194 Series record for additional information on the Sample characteristics
GSE20194,GSM505577,description,2,Please see the GSE20194_MDACC_Sample_Info.xls file on the GSE20194 Series record for additional information on the Sample characteristics
GSE20194,GSM505578,description,2,Please see the GSE20194_MDACC_Sample_Info.xls file on the GSE20194 Series record for additional information on the Sample characteristics
GSE20194,GSM505579,description,2,Please see the GSE20194_MDACC_Sample_Info.xls file on the GSE20194 Series record for additional information on the Sample characteristics
GSE20194,GSM505580,description,2,Please see the GSE20194_MDACC_Sample_Info.xls file on the GSE20194 Series record for additional information on the Sample characteristics
GSE20194,GSM505581,description,2,Please see the GSE20194_MDACC_Sample_Info.xls file on the GSE20194 Series record for additional information on the Sample characteristics
GSE20194,GSM505582,description,2,Please see the GSE20194_MDACC_Sample_Info.xls file on the GSE20194 Series record for additional information on the Sample characteristics
GSE20194,GSM505583,description,2,Please see the GSE20194_MDACC_Sample_Info.xls file on the GSE20194 Series record for additional information on the Sample characteristics
GSE20194,GSM505584,description,2,Please see the GSE20194_MDACC_Sample_Info.xls file on the GSE20194 Series record for additional information on the Sample characteristics
GSE20194,GSM505585,description,2,Please see the GSE20194_MDACC_Sample_Info.xls file on the GSE20194 Series record for additional information on the Sample characteristics
GSE20194,GSM505586,description,2,Please see the GSE20194_MDACC_Sample_Info.xls file on the GSE20194 Series record for additional information on the Sample characteristics
GSE20194,GSM505587,description,2,Please see the GSE20194_MDACC_Sample_Info.xls file on the GSE20194 Series record for additional information on the Sample characteristics
GSE20194,GSM505588,description,2,Please see the GSE20194_MDACC_Sample_Info.xls file on the GSE20194 Series record for additional information on the Sample characteristics
GSE20194,GSM505589,description,2,Please see the GSE20194_MDACC_Sample_Info.xls file on the GSE20194 Series record for additional information on the Sample characteristics
GSE20194,GSM505590,description,2,Please see the GSE20194_MDACC_Sample_Info.xls file on the GSE20194 Series record for additional information on the Sample characteristics
GSE20194,GSM505591,description,2,Please see the GSE20194_MDACC_Sample_Info.xls file on the GSE20194 Series record for additional information on the Sample characteristics
GSE20194,GSM505592,description,2,Please see the GSE20194_MDACC_Sample_Info.xls file on the GSE20194 Series record for additional information on the Sample characteristics
GSE20194,GSM505593,description,2,Please see the GSE20194_MDACC_Sample_Info.xls file on the GSE20194 Series record for additional information on the Sample characteristics
GSE20194,GSM505594,description,2,Please see the GSE20194_MDACC_Sample_Info.xls file on the GSE20194 Series record for additional information on the Sample characteristics
GSE20194,GSM505595,description,2,Please see the GSE20194_MDACC_Sample_Info.xls file on the GSE20194 Series record for additional information on the Sample characteristics
GSE20194,GSM505596,description,2,Please see the GSE20194_MDACC_Sample_Info.xls file on the GSE20194 Series record for additional information on the Sample characteristics
GSE20194,GSM505597,description,2,Please see the GSE20194_MDACC_Sample_Info.xls file on the GSE20194 Series record for additional information on the Sample characteristics
GSE20194,GSM505598,description,2,Please see the GSE20194_MDACC_Sample_Info.xls file on the GSE20194 Series record for additional information on the Sample characteristics
GSE20194,GSM505599,description,2,Please see the GSE20194_MDACC_Sample_Info.xls file on the GSE20194 Series record for additional information on the Sample characteristics
GSE20194,GSM505600,description,2,Please see the GSE20194_MDACC_Sample_Info.xls file on the GSE20194 Series record for additional information on the Sample characteristics
GSE20194,GSM505601,description,2,Please see the GSE20194_MDACC_Sample_Info.xls file on the GSE20194 Series record for additional information on the Sample characteristics
GSE20194,GSM505602,description,2,Please see the GSE20194_MDACC_Sample_Info.xls file on the GSE20194 Series record for additional information on the Sample characteristics
GSE20194,GSM505603,description,2,Please see the GSE20194_MDACC_Sample_Info.xls file on the GSE20194 Series record for additional information on the Sample characteristics
GSE20194,GSM505604,description,2,Please see the GSE20194_MDACC_Sample_Info.xls file on the GSE20194 Series record for additional information on the Sample characteristics
GSE20194,GSM505605,description,2,Please see the GSE20194_MDACC_Sample_Info.xls file on the GSE20194 Series record for additional information on the Sample characteristics
GSE22093,GSM549230,description,2,Characteristics legend:
GSE22093,GSM549231,description,2,Characteristics legend:
GSE22093,GSM549232,description,2,Characteristics legend:
GSE22093,GSM549233,description,2,Characteristics legend:
GSE22093,GSM549234,description,2,Characteristics legend:
GSE22093,GSM549235,description,2,Characteristics legend:
GSE22093,GSM549236,description,2,Characteristics legend:
GSE22093,GSM549237,description,2,Characteristics legend:
GSE22093,GSM549238,description,2,Characteristics legend:
GSE22093,GSM549239,description,2,Characteristics legend:
GSE22093,GSM549240,description,2,Characteristics legend:
GSE22093,GSM549241,description,2,Characteristics legend:
GSE22093,GSM549242,description,2,Characteristics legend:
GSE22093,GSM549243,description,2,Characteristics legend:
GSE22093,GSM549244,description,2,Characteristics legend:
GSE22093,GSM549245,description,2,Characteristics legend:
GSE22093,GSM549246,description,2,Characteristics legend:
GSE22093,GSM549247,description,2,Characteristics legend:
GSE22093,GSM549248,description,2,Characteristics legend:
GSE22093,GSM549249,description,2,Characteristics legend:
GSE22093,GSM549250,description,2,Characteristics legend:
GSE22093,GSM549251,description,2,Characteristics legend:
GSE22093,GSM549252,description,2,Characteristics legend:
GSE22093,GSM549253,description,2,Characteristics legend:
GSE22093,GSM549254,description,2,Characteristics legend:
GSE22093,GSM549255,description,2,Characteristics legend:
GSE22093,GSM549256,description,2,Characteristics legend:
GSE22093,GSM549257,description,2,Characteristics legend:
GSE22093,GSM549258,description,2,Characteristics legend:
GSE22093,GSM549259,description,2,Characteristics legend:
GSE22093,GSM549260,description,2,Characteristics legend:
GSE22093,GSM549261,description,2,Characteristics legend:
GSE22093,GSM549262,description,2,Characteristics legend:
GSE22093,GSM549263,description,2,Characteristics legend:
GSE22093,GSM549264,description,2,Characteristics legend:
GSE22093,GSM549265,description,2,Characteristics legend:
GSE22093,GSM549266,description,2,Characteristics legend:
GSE22093,GSM549267,description,2,Characteristics legend:
GSE22093,GSM549268,description,2,Characteristics legend:
GSE22093,GSM549269,description,2,Characteristics legend:
GSE22093,GSM549270,description,2,Characteristics legend:
GSE22093,GSM549271,description,2,Characteristics legend:
GSE22093,GSM549272,description,2,Characteristics legend:
GSE22093,GSM549273,description,2,Characteristics legend:
GSE22093,GSM549274,description,2,Characteristics legend:
GSE22093,GSM549275,description,2,Characteristics legend:
GSE22093,GSM549276,description,2,Characteristics legend:
GSE22093,GSM549277,description,2,Characteristics legend:
GSE22093,GSM549278,description,2,Characteristics legend:
GSE22093,GSM549279,description,2,Characteristics legend:
GSE22093,GSM549280,description,2,Characteristics legend:
GSE22093,GSM549281,description,2,Characteristics legend:
GSE22093,GSM549282,description,2,Characteristics legend:
GSE22093,GSM549283,description,2,Characteristics legend:
GSE22093,GSM549284,description,2,Characteristics legend:
GSE22093,GSM549285,description,2,Characteristics legend:
GSE22093,GSM549286,description,2,Characteristics legend:
GSE22093,GSM549287,description,2,Characteristics legend:
GSE22093,GSM549288,description,2,Characteristics legend:
GSE22093,GSM549289,description,2,Characteristics legend:
GSE22093,GSM549290,description,2,Characteristics legend:
GSE22093,GSM549291,description,2,Characteristics legend:
GSE22093,GSM549292,description,2,Characteristics legend:
GSE22093,GSM549293,description,2,Characteristics legend:
GSE22093,GSM549294,description,2,Characteristics legend:
GSE22093,GSM549295,description,2,Characteristics legend:
GSE22093,GSM549296,description,2,Characteristics legend:
GSE22093,GSM549297,description,2,Characteristics legend:
GSE22093,GSM549298,description,2,Characteristics legend:
GSE22093,GSM549299,description,2,Characteristics legend:
GSE22093,GSM549300,description,2,Characteristics legend:
GSE22093,GSM549301,description,2,Characteristics legend:
GSE22093,GSM549302,description,2,Characteristics legend:
GSE22093,GSM549303,description,2,Characteristics legend:
GSE22093,GSM549304,description,2,Characteristics legend:
GSE22093,GSM549305,description,2,Characteristics legend:
GSE22093,GSM549306,description,2,Characteristics legend:
GSE22093,GSM549307,description,2,Characteristics legend:
GSE22093,GSM549308,description,2,Characteristics legend:
GSE22093,GSM549309,description,2,Characteristics legend:
GSE22093,GSM549310,description,2,Characteristics legend:
GSE22093,GSM549311,description,2,Characteristics legend:
GSE22093,GSM750734,description,2,Characteristics legend:
GSE22093,GSM750735,description,2,Characteristics legend:
GSE22093,GSM750736,description,2,Characteristics legend:
GSE22093,GSM750737,description,2,Characteristics legend:
GSE22093,GSM750738,description,2,Characteristics legend:
GSE22093,GSM750739,description,2,Characteristics legend:
GSE22093,GSM750740,description,2,Characteristics legend:
GSE22093,GSM750741,description,2,Characteristics legend:
GSE22093,GSM750742,description,2,Characteristics legend:
GSE22093,GSM750743,description,2,Characteristics legend:
GSE22093,GSM750744,description,2,Characteristics legend:
GSE22093,GSM750745,description,2,Characteristics legend:
GSE22093,GSM750746,description,2,Characteristics legend:
GSE22093,GSM750747,description,2,Characteristics legend:
GSE22093,GSM750748,description,2,Characteristics legend:
GSE22093,GSM750749,description,2,Characteristics legend:
GSE22093,GSM750750,description,2,Characteristics legend:
GSE22093,GSM750751,description,2,Characteristics legend:
GSE22093,GSM750752,description,2,Characteristics legend:
GSE22093,GSM750753,description,2,Characteristics legend:
GSE22093,GSM750754,description,2,Characteristics legend:
GSE22093,GSM549230,description,3,pCR: pathologic complete response was defined as no residual invasive cancer in the breast and lymph nodes after preoperative chemotherapy.
GSE22093,GSM549231,description,3,pCR: pathologic complete response was defined as no residual invasive cancer in the breast and lymph nodes after preoperative chemotherapy.
GSE22093,GSM549232,description,3,pCR: pathologic complete response was defined as no residual invasive cancer in the breast and lymph nodes after preoperative chemotherapy.
GSE22093,GSM549233,description,3,pCR: pathologic complete response was defined as no residual invasive cancer in the breast and lymph nodes after preoperative chemotherapy.
GSE22093,GSM549234,description,3,pCR: pathologic complete response was defined as no residual invasive cancer in the breast and lymph nodes after preoperative chemotherapy.
GSE22093,GSM549235,description,3,pCR: pathologic complete response was defined as no residual invasive cancer in the breast and lymph nodes after preoperative chemotherapy.
GSE22093,GSM549236,description,3,pCR: pathologic complete response was defined as no residual invasive cancer in the breast and lymph nodes after preoperative chemotherapy.
GSE22093,GSM549237,description,3,pCR: pathologic complete response was defined as no residual invasive cancer in the breast and lymph nodes after preoperative chemotherapy.
GSE22093,GSM549238,description,3,pCR: pathologic complete response was defined as no residual invasive cancer in the breast and lymph nodes after preoperative chemotherapy.
GSE22093,GSM549239,description,3,pCR: pathologic complete response was defined as no residual invasive cancer in the breast and lymph nodes after preoperative chemotherapy.
GSE22093,GSM549240,description,3,pCR: pathologic complete response was defined as no residual invasive cancer in the breast and lymph nodes after preoperative chemotherapy.
GSE22093,GSM549241,description,3,pCR: pathologic complete response was defined as no residual invasive cancer in the breast and lymph nodes after preoperative chemotherapy.
GSE22093,GSM549242,description,3,pCR: pathologic complete response was defined as no residual invasive cancer in the breast and lymph nodes after preoperative chemotherapy.
GSE22093,GSM549243,description,3,pCR: pathologic complete response was defined as no residual invasive cancer in the breast and lymph nodes after preoperative chemotherapy.
GSE22093,GSM549244,description,3,pCR: pathologic complete response was defined as no residual invasive cancer in the breast and lymph nodes after preoperative chemotherapy.
GSE22093,GSM549245,description,3,pCR: pathologic complete response was defined as no residual invasive cancer in the breast and lymph nodes after preoperative chemotherapy.
GSE22093,GSM549246,description,3,pCR: pathologic complete response was defined as no residual invasive cancer in the breast and lymph nodes after preoperative chemotherapy.
GSE22093,GSM549247,description,3,pCR: pathologic complete response was defined as no residual invasive cancer in the breast and lymph nodes after preoperative chemotherapy.
GSE22093,GSM549248,description,3,pCR: pathologic complete response was defined as no residual invasive cancer in the breast and lymph nodes after preoperative chemotherapy.
GSE22093,GSM549249,description,3,pCR: pathologic complete response was defined as no residual invasive cancer in the breast and lymph nodes after preoperative chemotherapy.
GSE22093,GSM549250,description,3,pCR: pathologic complete response was defined as no residual invasive cancer in the breast and lymph nodes after preoperative chemotherapy.
GSE22093,GSM549251,description,3,pCR: pathologic complete response was defined as no residual invasive cancer in the breast and lymph nodes after preoperative chemotherapy.
GSE22093,GSM549252,description,3,pCR: pathologic complete response was defined as no residual invasive cancer in the breast and lymph nodes after preoperative chemotherapy.
GSE22093,GSM549253,description,3,pCR: pathologic complete response was defined as no residual invasive cancer in the breast and lymph nodes after preoperative chemotherapy.
GSE22093,GSM549254,description,3,pCR: pathologic complete response was defined as no residual invasive cancer in the breast and lymph nodes after preoperative chemotherapy.
GSE22093,GSM549255,description,3,pCR: pathologic complete response was defined as no residual invasive cancer in the breast and lymph nodes after preoperative chemotherapy.
GSE22093,GSM549256,description,3,pCR: pathologic complete response was defined as no residual invasive cancer in the breast and lymph nodes after preoperative chemotherapy.
GSE22093,GSM549257,description,3,pCR: pathologic complete response was defined as no residual invasive cancer in the breast and lymph nodes after preoperative chemotherapy.
GSE22093,GSM549258,description,3,pCR: pathologic complete response was defined as no residual invasive cancer in the breast and lymph nodes after preoperative chemotherapy.
GSE22093,GSM549259,description,3,pCR: pathologic complete response was defined as no residual invasive cancer in the breast and lymph nodes after preoperative chemotherapy.
GSE22093,GSM549260,description,3,pCR: pathologic complete response was defined as no residual invasive cancer in the breast and lymph nodes after preoperative chemotherapy.
GSE22093,GSM549261,description,3,pCR: pathologic complete response was defined as no residual invasive cancer in the breast and lymph nodes after preoperative chemotherapy.
GSE22093,GSM549262,description,3,pCR: pathologic complete response was defined as no residual invasive cancer in the breast and lymph nodes after preoperative chemotherapy.
GSE22093,GSM549263,description,3,pCR: pathologic complete response was defined as no residual invasive cancer in the breast and lymph nodes after preoperative chemotherapy.
GSE22093,GSM549264,description,3,pCR: pathologic complete response was defined as no residual invasive cancer in the breast and lymph nodes after preoperative chemotherapy.
GSE22093,GSM549265,description,3,pCR: pathologic complete response was defined as no residual invasive cancer in the breast and lymph nodes after preoperative chemotherapy.
GSE22093,GSM549266,description,3,pCR: pathologic complete response was defined as no residual invasive cancer in the breast and lymph nodes after preoperative chemotherapy.
GSE22093,GSM549267,description,3,pCR: pathologic complete response was defined as no residual invasive cancer in the breast and lymph nodes after preoperative chemotherapy.
GSE22093,GSM549268,description,3,pCR: pathologic complete response was defined as no residual invasive cancer in the breast and lymph nodes after preoperative chemotherapy.
GSE22093,GSM549269,description,3,pCR: pathologic complete response was defined as no residual invasive cancer in the breast and lymph nodes after preoperative chemotherapy.
GSE22093,GSM549270,description,3,pCR: pathologic complete response was defined as no residual invasive cancer in the breast and lymph nodes after preoperative chemotherapy.
GSE22093,GSM549271,description,3,pCR: pathologic complete response was defined as no residual invasive cancer in the breast and lymph nodes after preoperative chemotherapy.
GSE22093,GSM549272,description,3,pCR: pathologic complete response was defined as no residual invasive cancer in the breast and lymph nodes after preoperative chemotherapy.
GSE22093,GSM549273,description,3,pCR: pathologic complete response was defined as no residual invasive cancer in the breast and lymph nodes after preoperative chemotherapy.
GSE22093,GSM549274,description,3,pCR: pathologic complete response was defined as no residual invasive cancer in the breast and lymph nodes after preoperative chemotherapy.
GSE22093,GSM549275,description,3,pCR: pathologic complete response was defined as no residual invasive cancer in the breast and lymph nodes after preoperative chemotherapy.
GSE22093,GSM549276,description,3,pCR: pathologic complete response was defined as no residual invasive cancer in the breast and lymph nodes after preoperative chemotherapy.
GSE22093,GSM549277,description,3,pCR: pathologic complete response was defined as no residual invasive cancer in the breast and lymph nodes after preoperative chemotherapy.
GSE22093,GSM549278,description,3,pCR: pathologic complete response was defined as no residual invasive cancer in the breast and lymph nodes after preoperative chemotherapy.
GSE22093,GSM549279,description,3,pCR: pathologic complete response was defined as no residual invasive cancer in the breast and lymph nodes after preoperative chemotherapy.
GSE22093,GSM549280,description,3,pCR: pathologic complete response was defined as no residual invasive cancer in the breast and lymph nodes after preoperative chemotherapy.
GSE22093,GSM549281,description,3,pCR: pathologic complete response was defined as no residual invasive cancer in the breast and lymph nodes after preoperative chemotherapy.
GSE22093,GSM549282,description,3,pCR: pathologic complete response was defined as no residual invasive cancer in the breast and lymph nodes after preoperative chemotherapy.
GSE22093,GSM549283,description,3,pCR: pathologic complete response was defined as no residual invasive cancer in the breast and lymph nodes after preoperative chemotherapy.
GSE22093,GSM549284,description,3,pCR: pathologic complete response was defined as no residual invasive cancer in the breast and lymph nodes after preoperative chemotherapy.
GSE22093,GSM549285,description,3,pCR: pathologic complete response was defined as no residual invasive cancer in the breast and lymph nodes after preoperative chemotherapy.
GSE22093,GSM549286,description,3,pCR: pathologic complete response was defined as no residual invasive cancer in the breast and lymph nodes after preoperative chemotherapy.
GSE22093,GSM549287,description,3,pCR: pathologic complete response was defined as no residual invasive cancer in the breast and lymph nodes after preoperative chemotherapy.
GSE22093,GSM549288,description,3,pCR: pathologic complete response was defined as no residual invasive cancer in the breast and lymph nodes after preoperative chemotherapy.
GSE22093,GSM549289,description,3,pCR: pathologic complete response was defined as no residual invasive cancer in the breast and lymph nodes after preoperative chemotherapy.
GSE22093,GSM549290,description,3,pCR: pathologic complete response was defined as no residual invasive cancer in the breast and lymph nodes after preoperative chemotherapy.
GSE22093,GSM549291,description,3,pCR: pathologic complete response was defined as no residual invasive cancer in the breast and lymph nodes after preoperative chemotherapy.
GSE22093,GSM549292,description,3,pCR: pathologic complete response was defined as no residual invasive cancer in the breast and lymph nodes after preoperative chemotherapy.
GSE22093,GSM549293,description,3,pCR: pathologic complete response was defined as no residual invasive cancer in the breast and lymph nodes after preoperative chemotherapy.
GSE22093,GSM549294,description,3,pCR: pathologic complete response was defined as no residual invasive cancer in the breast and lymph nodes after preoperative chemotherapy.
GSE22093,GSM549295,description,3,pCR: pathologic complete response was defined as no residual invasive cancer in the breast and lymph nodes after preoperative chemotherapy.
GSE22093,GSM549296,description,3,pCR: pathologic complete response was defined as no residual invasive cancer in the breast and lymph nodes after preoperative chemotherapy.
GSE22093,GSM549297,description,3,pCR: pathologic complete response was defined as no residual invasive cancer in the breast and lymph nodes after preoperative chemotherapy.
GSE22093,GSM549298,description,3,pCR: pathologic complete response was defined as no residual invasive cancer in the breast and lymph nodes after preoperative chemotherapy.
GSE22093,GSM549299,description,3,pCR: pathologic complete response was defined as no residual invasive cancer in the breast and lymph nodes after preoperative chemotherapy.
GSE22093,GSM549300,description,3,pCR: pathologic complete response was defined as no residual invasive cancer in the breast and lymph nodes after preoperative chemotherapy.
GSE22093,GSM549301,description,3,pCR: pathologic complete response was defined as no residual invasive cancer in the breast and lymph nodes after preoperative chemotherapy.
GSE22093,GSM549302,description,3,pCR: pathologic complete response was defined as no residual invasive cancer in the breast and lymph nodes after preoperative chemotherapy.
GSE22093,GSM549303,description,3,pCR: pathologic complete response was defined as no residual invasive cancer in the breast and lymph nodes after preoperative chemotherapy.
GSE22093,GSM549304,description,3,pCR: pathologic complete response was defined as no residual invasive cancer in the breast and lymph nodes after preoperative chemotherapy.
GSE22093,GSM549305,description,3,pCR: pathologic complete response was defined as no residual invasive cancer in the breast and lymph nodes after preoperative chemotherapy.
GSE22093,GSM549306,description,3,pCR: pathologic complete response was defined as no residual invasive cancer in the breast and lymph nodes after preoperative chemotherapy.
GSE22093,GSM549307,description,3,pCR: pathologic complete response was defined as no residual invasive cancer in the breast and lymph nodes after preoperative chemotherapy.
GSE22093,GSM549308,description,3,pCR: pathologic complete response was defined as no residual invasive cancer in the breast and lymph nodes after preoperative chemotherapy.
GSE22093,GSM549309,description,3,pCR: pathologic complete response was defined as no residual invasive cancer in the breast and lymph nodes after preoperative chemotherapy.
GSE22093,GSM549310,description,3,pCR: pathologic complete response was defined as no residual invasive cancer in the breast and lymph nodes after preoperative chemotherapy.
GSE22093,GSM549311,description,3,pCR: pathologic complete response was defined as no residual invasive cancer in the breast and lymph nodes after preoperative chemotherapy.
GSE22093,GSM750734,description,3,pCR: pathologic complete response was defined as no residual invasive cancer in the breast and lymph nodes after preoperative chemotherapy.
GSE22093,GSM750735,description,3,pCR: pathologic complete response was defined as no residual invasive cancer in the breast and lymph nodes after preoperative chemotherapy.
GSE22093,GSM750736,description,3,pCR: pathologic complete response was defined as no residual invasive cancer in the breast and lymph nodes after preoperative chemotherapy.
GSE22093,GSM750737,description,3,pCR: pathologic complete response was defined as no residual invasive cancer in the breast and lymph nodes after preoperative chemotherapy.
GSE22093,GSM750738,description,3,pCR: pathologic complete response was defined as no residual invasive cancer in the breast and lymph nodes after preoperative chemotherapy.
GSE22093,GSM750739,description,3,pCR: pathologic complete response was defined as no residual invasive cancer in the breast and lymph nodes after preoperative chemotherapy.
GSE22093,GSM750740,description,3,pCR: pathologic complete response was defined as no residual invasive cancer in the breast and lymph nodes after preoperative chemotherapy.
GSE22093,GSM750741,description,3,pCR: pathologic complete response was defined as no residual invasive cancer in the breast and lymph nodes after preoperative chemotherapy.
GSE22093,GSM750742,description,3,pCR: pathologic complete response was defined as no residual invasive cancer in the breast and lymph nodes after preoperative chemotherapy.
GSE22093,GSM750743,description,3,pCR: pathologic complete response was defined as no residual invasive cancer in the breast and lymph nodes after preoperative chemotherapy.
GSE22093,GSM750744,description,3,pCR: pathologic complete response was defined as no residual invasive cancer in the breast and lymph nodes after preoperative chemotherapy.
GSE22093,GSM750745,description,3,pCR: pathologic complete response was defined as no residual invasive cancer in the breast and lymph nodes after preoperative chemotherapy.
GSE22093,GSM750746,description,3,pCR: pathologic complete response was defined as no residual invasive cancer in the breast and lymph nodes after preoperative chemotherapy.
GSE22093,GSM750747,description,3,pCR: pathologic complete response was defined as no residual invasive cancer in the breast and lymph nodes after preoperative chemotherapy.
GSE22093,GSM750748,description,3,pCR: pathologic complete response was defined as no residual invasive cancer in the breast and lymph nodes after preoperative chemotherapy.
GSE22093,GSM750749,description,3,pCR: pathologic complete response was defined as no residual invasive cancer in the breast and lymph nodes after preoperative chemotherapy.
GSE22093,GSM750750,description,3,pCR: pathologic complete response was defined as no residual invasive cancer in the breast and lymph nodes after preoperative chemotherapy.
GSE22093,GSM750751,description,3,pCR: pathologic complete response was defined as no residual invasive cancer in the breast and lymph nodes after preoperative chemotherapy.
GSE22093,GSM750752,description,3,pCR: pathologic complete response was defined as no residual invasive cancer in the breast and lymph nodes after preoperative chemotherapy.
GSE22093,GSM750753,description,3,pCR: pathologic complete response was defined as no residual invasive cancer in the breast and lymph nodes after preoperative chemotherapy.
GSE22093,GSM750754,description,3,pCR: pathologic complete response was defined as no residual invasive cancer in the breast and lymph nodes after preoperative chemotherapy.
GSE22093,GSM549230,description,4,RD: residual disease was defined as any degree of invasive cancer that survived preoperative chemotherapy.
GSE22093,GSM549231,description,4,RD: residual disease was defined as any degree of invasive cancer that survived preoperative chemotherapy.
GSE22093,GSM549232,description,4,RD: residual disease was defined as any degree of invasive cancer that survived preoperative chemotherapy.
GSE22093,GSM549233,description,4,RD: residual disease was defined as any degree of invasive cancer that survived preoperative chemotherapy.
GSE22093,GSM549234,description,4,RD: residual disease was defined as any degree of invasive cancer that survived preoperative chemotherapy.
GSE22093,GSM549235,description,4,RD: residual disease was defined as any degree of invasive cancer that survived preoperative chemotherapy.
GSE22093,GSM549236,description,4,RD: residual disease was defined as any degree of invasive cancer that survived preoperative chemotherapy.
GSE22093,GSM549237,description,4,RD: residual disease was defined as any degree of invasive cancer that survived preoperative chemotherapy.
GSE22093,GSM549238,description,4,RD: residual disease was defined as any degree of invasive cancer that survived preoperative chemotherapy.
GSE22093,GSM549239,description,4,RD: residual disease was defined as any degree of invasive cancer that survived preoperative chemotherapy.
GSE22093,GSM549240,description,4,RD: residual disease was defined as any degree of invasive cancer that survived preoperative chemotherapy.
GSE22093,GSM549241,description,4,RD: residual disease was defined as any degree of invasive cancer that survived preoperative chemotherapy.
GSE22093,GSM549242,description,4,RD: residual disease was defined as any degree of invasive cancer that survived preoperative chemotherapy.
GSE22093,GSM549243,description,4,RD: residual disease was defined as any degree of invasive cancer that survived preoperative chemotherapy.
GSE22093,GSM549244,description,4,RD: residual disease was defined as any degree of invasive cancer that survived preoperative chemotherapy.
GSE22093,GSM549245,description,4,RD: residual disease was defined as any degree of invasive cancer that survived preoperative chemotherapy.
GSE22093,GSM549246,description,4,RD: residual disease was defined as any degree of invasive cancer that survived preoperative chemotherapy.
GSE22093,GSM549247,description,4,RD: residual disease was defined as any degree of invasive cancer that survived preoperative chemotherapy.
GSE22093,GSM549248,description,4,RD: residual disease was defined as any degree of invasive cancer that survived preoperative chemotherapy.
GSE22093,GSM549249,description,4,RD: residual disease was defined as any degree of invasive cancer that survived preoperative chemotherapy.
GSE22093,GSM549250,description,4,RD: residual disease was defined as any degree of invasive cancer that survived preoperative chemotherapy.
GSE22093,GSM549251,description,4,RD: residual disease was defined as any degree of invasive cancer that survived preoperative chemotherapy.
GSE22093,GSM549252,description,4,RD: residual disease was defined as any degree of invasive cancer that survived preoperative chemotherapy.
GSE22093,GSM549253,description,4,RD: residual disease was defined as any degree of invasive cancer that survived preoperative chemotherapy.
GSE22093,GSM549254,description,4,RD: residual disease was defined as any degree of invasive cancer that survived preoperative chemotherapy.
GSE22093,GSM549255,description,4,RD: residual disease was defined as any degree of invasive cancer that survived preoperative chemotherapy.
GSE22093,GSM549256,description,4,RD: residual disease was defined as any degree of invasive cancer that survived preoperative chemotherapy.
GSE22093,GSM549257,description,4,RD: residual disease was defined as any degree of invasive cancer that survived preoperative chemotherapy.
GSE22093,GSM549258,description,4,RD: residual disease was defined as any degree of invasive cancer that survived preoperative chemotherapy.
GSE22093,GSM549259,description,4,RD: residual disease was defined as any degree of invasive cancer that survived preoperative chemotherapy.
GSE22093,GSM549260,description,4,RD: residual disease was defined as any degree of invasive cancer that survived preoperative chemotherapy.
GSE22093,GSM549261,description,4,RD: residual disease was defined as any degree of invasive cancer that survived preoperative chemotherapy.
GSE22093,GSM549262,description,4,RD: residual disease was defined as any degree of invasive cancer that survived preoperative chemotherapy.
GSE22093,GSM549263,description,4,RD: residual disease was defined as any degree of invasive cancer that survived preoperative chemotherapy.
GSE22093,GSM549264,description,4,RD: residual disease was defined as any degree of invasive cancer that survived preoperative chemotherapy.
GSE22093,GSM549265,description,4,RD: residual disease was defined as any degree of invasive cancer that survived preoperative chemotherapy.
GSE22093,GSM549266,description,4,RD: residual disease was defined as any degree of invasive cancer that survived preoperative chemotherapy.
GSE22093,GSM549267,description,4,RD: residual disease was defined as any degree of invasive cancer that survived preoperative chemotherapy.
GSE22093,GSM549268,description,4,RD: residual disease was defined as any degree of invasive cancer that survived preoperative chemotherapy.
GSE22093,GSM549269,description,4,RD: residual disease was defined as any degree of invasive cancer that survived preoperative chemotherapy.
GSE22093,GSM549270,description,4,RD: residual disease was defined as any degree of invasive cancer that survived preoperative chemotherapy.
GSE22093,GSM549271,description,4,RD: residual disease was defined as any degree of invasive cancer that survived preoperative chemotherapy.
GSE22093,GSM549272,description,4,RD: residual disease was defined as any degree of invasive cancer that survived preoperative chemotherapy.
GSE22093,GSM549273,description,4,RD: residual disease was defined as any degree of invasive cancer that survived preoperative chemotherapy.
GSE22093,GSM549274,description,4,RD: residual disease was defined as any degree of invasive cancer that survived preoperative chemotherapy.
GSE22093,GSM549275,description,4,RD: residual disease was defined as any degree of invasive cancer that survived preoperative chemotherapy.
GSE22093,GSM549276,description,4,RD: residual disease was defined as any degree of invasive cancer that survived preoperative chemotherapy.
GSE22093,GSM549277,description,4,RD: residual disease was defined as any degree of invasive cancer that survived preoperative chemotherapy.
GSE22093,GSM549278,description,4,RD: residual disease was defined as any degree of invasive cancer that survived preoperative chemotherapy.
GSE22093,GSM549279,description,4,RD: residual disease was defined as any degree of invasive cancer that survived preoperative chemotherapy.
GSE22093,GSM549280,description,4,RD: residual disease was defined as any degree of invasive cancer that survived preoperative chemotherapy.
GSE22093,GSM549281,description,4,RD: residual disease was defined as any degree of invasive cancer that survived preoperative chemotherapy.
GSE22093,GSM549282,description,4,RD: residual disease was defined as any degree of invasive cancer that survived preoperative chemotherapy.
GSE22093,GSM549283,description,4,RD: residual disease was defined as any degree of invasive cancer that survived preoperative chemotherapy.
GSE22093,GSM549284,description,4,RD: residual disease was defined as any degree of invasive cancer that survived preoperative chemotherapy.
GSE22093,GSM549285,description,4,RD: residual disease was defined as any degree of invasive cancer that survived preoperative chemotherapy.
GSE22093,GSM549286,description,4,RD: residual disease was defined as any degree of invasive cancer that survived preoperative chemotherapy.
GSE22093,GSM549287,description,4,RD: residual disease was defined as any degree of invasive cancer that survived preoperative chemotherapy.
GSE22093,GSM549288,description,4,RD: residual disease was defined as any degree of invasive cancer that survived preoperative chemotherapy.
GSE22093,GSM549289,description,4,RD: residual disease was defined as any degree of invasive cancer that survived preoperative chemotherapy.
GSE22093,GSM549290,description,4,RD: residual disease was defined as any degree of invasive cancer that survived preoperative chemotherapy.
GSE22093,GSM549291,description,4,RD: residual disease was defined as any degree of invasive cancer that survived preoperative chemotherapy.
GSE22093,GSM549292,description,4,RD: residual disease was defined as any degree of invasive cancer that survived preoperative chemotherapy.
GSE22093,GSM549293,description,4,RD: residual disease was defined as any degree of invasive cancer that survived preoperative chemotherapy.
GSE22093,GSM549294,description,4,RD: residual disease was defined as any degree of invasive cancer that survived preoperative chemotherapy.
GSE22093,GSM549295,description,4,RD: residual disease was defined as any degree of invasive cancer that survived preoperative chemotherapy.
GSE22093,GSM549296,description,4,RD: residual disease was defined as any degree of invasive cancer that survived preoperative chemotherapy.
GSE22093,GSM549297,description,4,RD: residual disease was defined as any degree of invasive cancer that survived preoperative chemotherapy.
GSE22093,GSM549298,description,4,RD: residual disease was defined as any degree of invasive cancer that survived preoperative chemotherapy.
GSE22093,GSM549299,description,4,RD: residual disease was defined as any degree of invasive cancer that survived preoperative chemotherapy.
GSE22093,GSM549300,description,4,RD: residual disease was defined as any degree of invasive cancer that survived preoperative chemotherapy.
GSE22093,GSM549301,description,4,RD: residual disease was defined as any degree of invasive cancer that survived preoperative chemotherapy.
GSE22093,GSM549302,description,4,RD: residual disease was defined as any degree of invasive cancer that survived preoperative chemotherapy.
GSE22093,GSM549303,description,4,RD: residual disease was defined as any degree of invasive cancer that survived preoperative chemotherapy.
GSE22093,GSM549304,description,4,RD: residual disease was defined as any degree of invasive cancer that survived preoperative chemotherapy.
GSE22093,GSM549305,description,4,RD: residual disease was defined as any degree of invasive cancer that survived preoperative chemotherapy.
GSE22093,GSM549306,description,4,RD: residual disease was defined as any degree of invasive cancer that survived preoperative chemotherapy.
GSE22093,GSM549307,description,4,RD: residual disease was defined as any degree of invasive cancer that survived preoperative chemotherapy.
GSE22093,GSM549308,description,4,RD: residual disease was defined as any degree of invasive cancer that survived preoperative chemotherapy.
GSE22093,GSM549309,description,4,RD: residual disease was defined as any degree of invasive cancer that survived preoperative chemotherapy.
GSE22093,GSM549310,description,4,RD: residual disease was defined as any degree of invasive cancer that survived preoperative chemotherapy.
GSE22093,GSM549311,description,4,RD: residual disease was defined as any degree of invasive cancer that survived preoperative chemotherapy.
GSE22093,GSM750734,description,4,RD: residual disease was defined as any degree of invasive cancer that survived preoperative chemotherapy.
GSE22093,GSM750735,description,4,RD: residual disease was defined as any degree of invasive cancer that survived preoperative chemotherapy.
GSE22093,GSM750736,description,4,RD: residual disease was defined as any degree of invasive cancer that survived preoperative chemotherapy.
GSE22093,GSM750737,description,4,RD: residual disease was defined as any degree of invasive cancer that survived preoperative chemotherapy.
GSE22093,GSM750738,description,4,RD: residual disease was defined as any degree of invasive cancer that survived preoperative chemotherapy.
GSE22093,GSM750739,description,4,RD: residual disease was defined as any degree of invasive cancer that survived preoperative chemotherapy.
GSE22093,GSM750740,description,4,RD: residual disease was defined as any degree of invasive cancer that survived preoperative chemotherapy.
GSE22093,GSM750741,description,4,RD: residual disease was defined as any degree of invasive cancer that survived preoperative chemotherapy.
GSE22093,GSM750742,description,4,RD: residual disease was defined as any degree of invasive cancer that survived preoperative chemotherapy.
GSE22093,GSM750743,description,4,RD: residual disease was defined as any degree of invasive cancer that survived preoperative chemotherapy.
GSE22093,GSM750744,description,4,RD: residual disease was defined as any degree of invasive cancer that survived preoperative chemotherapy.
GSE22093,GSM750745,description,4,RD: residual disease was defined as any degree of invasive cancer that survived preoperative chemotherapy.
GSE22093,GSM750746,description,4,RD: residual disease was defined as any degree of invasive cancer that survived preoperative chemotherapy.
GSE22093,GSM750747,description,4,RD: residual disease was defined as any degree of invasive cancer that survived preoperative chemotherapy.
GSE22093,GSM750748,description,4,RD: residual disease was defined as any degree of invasive cancer that survived preoperative chemotherapy.
GSE22093,GSM750749,description,4,RD: residual disease was defined as any degree of invasive cancer that survived preoperative chemotherapy.
GSE22093,GSM750750,description,4,RD: residual disease was defined as any degree of invasive cancer that survived preoperative chemotherapy.
GSE22093,GSM750751,description,4,RD: residual disease was defined as any degree of invasive cancer that survived preoperative chemotherapy.
GSE22093,GSM750752,description,4,RD: residual disease was defined as any degree of invasive cancer that survived preoperative chemotherapy.
GSE22093,GSM750753,description,4,RD: residual disease was defined as any degree of invasive cancer that survived preoperative chemotherapy.
GSE22093,GSM750754,description,4,RD: residual disease was defined as any degree of invasive cancer that survived preoperative chemotherapy.
GSE22093,GSM549230,description,5,Prechemo T and Prechemo N: were modified by TNM staging system in the American Joint Committee on Cancer
GSE22093,GSM549231,description,5,Prechemo T and Prechemo N: were modified by TNM staging system in the American Joint Committee on Cancer
GSE22093,GSM549232,description,5,Prechemo T and Prechemo N: were modified by TNM staging system in the American Joint Committee on Cancer
GSE22093,GSM549233,description,5,Prechemo T and Prechemo N: were modified by TNM staging system in the American Joint Committee on Cancer
GSE22093,GSM549234,description,5,Prechemo T and Prechemo N: were modified by TNM staging system in the American Joint Committee on Cancer
GSE22093,GSM549235,description,5,Prechemo T and Prechemo N: were modified by TNM staging system in the American Joint Committee on Cancer
GSE22093,GSM549236,description,5,Prechemo T and Prechemo N: were modified by TNM staging system in the American Joint Committee on Cancer
GSE22093,GSM549237,description,5,Prechemo T and Prechemo N: were modified by TNM staging system in the American Joint Committee on Cancer
GSE22093,GSM549238,description,5,Prechemo T and Prechemo N: were modified by TNM staging system in the American Joint Committee on Cancer
GSE22093,GSM549239,description,5,Prechemo T and Prechemo N: were modified by TNM staging system in the American Joint Committee on Cancer
GSE22093,GSM549240,description,5,Prechemo T and Prechemo N: were modified by TNM staging system in the American Joint Committee on Cancer
GSE22093,GSM549241,description,5,Prechemo T and Prechemo N: were modified by TNM staging system in the American Joint Committee on Cancer
GSE22093,GSM549242,description,5,Prechemo T and Prechemo N: were modified by TNM staging system in the American Joint Committee on Cancer
GSE22093,GSM549243,description,5,Prechemo T and Prechemo N: were modified by TNM staging system in the American Joint Committee on Cancer
GSE22093,GSM549244,description,5,Prechemo T and Prechemo N: were modified by TNM staging system in the American Joint Committee on Cancer
GSE22093,GSM549245,description,5,Prechemo T and Prechemo N: were modified by TNM staging system in the American Joint Committee on Cancer
GSE22093,GSM549246,description,5,Prechemo T and Prechemo N: were modified by TNM staging system in the American Joint Committee on Cancer
GSE22093,GSM549247,description,5,Prechemo T and Prechemo N: were modified by TNM staging system in the American Joint Committee on Cancer
GSE22093,GSM549248,description,5,Prechemo T and Prechemo N: were modified by TNM staging system in the American Joint Committee on Cancer
GSE22093,GSM549249,description,5,Prechemo T and Prechemo N: were modified by TNM staging system in the American Joint Committee on Cancer
GSE22093,GSM549250,description,5,Prechemo T and Prechemo N: were modified by TNM staging system in the American Joint Committee on Cancer
GSE22093,GSM549251,description,5,Prechemo T and Prechemo N: were modified by TNM staging system in the American Joint Committee on Cancer
GSE22093,GSM549252,description,5,Prechemo T and Prechemo N: were modified by TNM staging system in the American Joint Committee on Cancer
GSE22093,GSM549253,description,5,Prechemo T and Prechemo N: were modified by TNM staging system in the American Joint Committee on Cancer
GSE22093,GSM549254,description,5,Prechemo T and Prechemo N: were modified by TNM staging system in the American Joint Committee on Cancer
GSE22093,GSM549255,description,5,Prechemo T and Prechemo N: were modified by TNM staging system in the American Joint Committee on Cancer
GSE22093,GSM549256,description,5,Prechemo T and Prechemo N: were modified by TNM staging system in the American Joint Committee on Cancer
GSE22093,GSM549257,description,5,Prechemo T and Prechemo N: were modified by TNM staging system in the American Joint Committee on Cancer
GSE22093,GSM549258,description,5,Prechemo T and Prechemo N: were modified by TNM staging system in the American Joint Committee on Cancer
GSE22093,GSM549259,description,5,Prechemo T and Prechemo N: were modified by TNM staging system in the American Joint Committee on Cancer
GSE22093,GSM549260,description,5,Prechemo T and Prechemo N: were modified by TNM staging system in the American Joint Committee on Cancer
GSE22093,GSM549261,description,5,Prechemo T and Prechemo N: were modified by TNM staging system in the American Joint Committee on Cancer
GSE22093,GSM549262,description,5,Prechemo T and Prechemo N: were modified by TNM staging system in the American Joint Committee on Cancer
GSE22093,GSM549263,description,5,Prechemo T and Prechemo N: were modified by TNM staging system in the American Joint Committee on Cancer
GSE22093,GSM549264,description,5,Prechemo T and Prechemo N: were modified by TNM staging system in the American Joint Committee on Cancer
GSE22093,GSM549265,description,5,Prechemo T and Prechemo N: were modified by TNM staging system in the American Joint Committee on Cancer
GSE22093,GSM549266,description,5,Prechemo T and Prechemo N: were modified by TNM staging system in the American Joint Committee on Cancer
GSE22093,GSM549267,description,5,Prechemo T and Prechemo N: were modified by TNM staging system in the American Joint Committee on Cancer
GSE22093,GSM549268,description,5,Prechemo T and Prechemo N: were modified by TNM staging system in the American Joint Committee on Cancer
GSE22093,GSM549269,description,5,Prechemo T and Prechemo N: were modified by TNM staging system in the American Joint Committee on Cancer
GSE22093,GSM549270,description,5,Prechemo T and Prechemo N: were modified by TNM staging system in the American Joint Committee on Cancer
GSE22093,GSM549271,description,5,Prechemo T and Prechemo N: were modified by TNM staging system in the American Joint Committee on Cancer
GSE22093,GSM549272,description,5,Prechemo T and Prechemo N: were modified by TNM staging system in the American Joint Committee on Cancer
GSE22093,GSM549273,description,5,Prechemo T and Prechemo N: were modified by TNM staging system in the American Joint Committee on Cancer
GSE22093,GSM549274,description,5,Prechemo T and Prechemo N: were modified by TNM staging system in the American Joint Committee on Cancer
GSE22093,GSM549275,description,5,Prechemo T and Prechemo N: were modified by TNM staging system in the American Joint Committee on Cancer
GSE22093,GSM549276,description,5,Prechemo T and Prechemo N: were modified by TNM staging system in the American Joint Committee on Cancer
GSE22093,GSM549277,description,5,Prechemo T and Prechemo N: were modified by TNM staging system in the American Joint Committee on Cancer
GSE22093,GSM549278,description,5,Prechemo T and Prechemo N: were modified by TNM staging system in the American Joint Committee on Cancer
GSE22093,GSM549279,description,5,Prechemo T and Prechemo N: were modified by TNM staging system in the American Joint Committee on Cancer
GSE22093,GSM549280,description,5,Prechemo T and Prechemo N: were modified by TNM staging system in the American Joint Committee on Cancer
GSE22093,GSM549281,description,5,Prechemo T and Prechemo N: were modified by TNM staging system in the American Joint Committee on Cancer
GSE22093,GSM549282,description,5,Prechemo T and Prechemo N: were modified by TNM staging system in the American Joint Committee on Cancer
GSE22093,GSM549283,description,5,Prechemo T and Prechemo N: were modified by TNM staging system in the American Joint Committee on Cancer
GSE22093,GSM549284,description,5,Prechemo T and Prechemo N: were modified by TNM staging system in the American Joint Committee on Cancer
GSE22093,GSM549285,description,5,Prechemo T and Prechemo N: were modified by TNM staging system in the American Joint Committee on Cancer
GSE22093,GSM549286,description,5,Prechemo T and Prechemo N: were modified by TNM staging system in the American Joint Committee on Cancer
GSE22093,GSM549287,description,5,Prechemo T and Prechemo N: were modified by TNM staging system in the American Joint Committee on Cancer
GSE22093,GSM549288,description,5,Prechemo T and Prechemo N: were modified by TNM staging system in the American Joint Committee on Cancer
GSE22093,GSM549289,description,5,Prechemo T and Prechemo N: were modified by TNM staging system in the American Joint Committee on Cancer
GSE22093,GSM549290,description,5,Prechemo T and Prechemo N: were modified by TNM staging system in the American Joint Committee on Cancer
GSE22093,GSM549291,description,5,Prechemo T and Prechemo N: were modified by TNM staging system in the American Joint Committee on Cancer
GSE22093,GSM549292,description,5,Prechemo T and Prechemo N: were modified by TNM staging system in the American Joint Committee on Cancer
GSE22093,GSM549293,description,5,Prechemo T and Prechemo N: were modified by TNM staging system in the American Joint Committee on Cancer
GSE22093,GSM549294,description,5,Prechemo T and Prechemo N: were modified by TNM staging system in the American Joint Committee on Cancer
GSE22093,GSM549295,description,5,Prechemo T and Prechemo N: were modified by TNM staging system in the American Joint Committee on Cancer
GSE22093,GSM549296,description,5,Prechemo T and Prechemo N: were modified by TNM staging system in the American Joint Committee on Cancer
GSE22093,GSM549297,description,5,Prechemo T and Prechemo N: were modified by TNM staging system in the American Joint Committee on Cancer
GSE22093,GSM549298,description,5,Prechemo T and Prechemo N: were modified by TNM staging system in the American Joint Committee on Cancer
GSE22093,GSM549299,description,5,Prechemo T and Prechemo N: were modified by TNM staging system in the American Joint Committee on Cancer
GSE22093,GSM549300,description,5,Prechemo T and Prechemo N: were modified by TNM staging system in the American Joint Committee on Cancer
GSE22093,GSM549301,description,5,Prechemo T and Prechemo N: were modified by TNM staging system in the American Joint Committee on Cancer
GSE22093,GSM549302,description,5,Prechemo T and Prechemo N: were modified by TNM staging system in the American Joint Committee on Cancer
GSE22093,GSM549303,description,5,Prechemo T and Prechemo N: were modified by TNM staging system in the American Joint Committee on Cancer
GSE22093,GSM549304,description,5,Prechemo T and Prechemo N: were modified by TNM staging system in the American Joint Committee on Cancer
GSE22093,GSM549305,description,5,Prechemo T and Prechemo N: were modified by TNM staging system in the American Joint Committee on Cancer
GSE22093,GSM549306,description,5,Prechemo T and Prechemo N: were modified by TNM staging system in the American Joint Committee on Cancer
GSE22093,GSM549307,description,5,Prechemo T and Prechemo N: were modified by TNM staging system in the American Joint Committee on Cancer
GSE22093,GSM549308,description,5,Prechemo T and Prechemo N: were modified by TNM staging system in the American Joint Committee on Cancer
GSE22093,GSM549309,description,5,Prechemo T and Prechemo N: were modified by TNM staging system in the American Joint Committee on Cancer
GSE22093,GSM549310,description,5,Prechemo T and Prechemo N: were modified by TNM staging system in the American Joint Committee on Cancer
GSE22093,GSM549311,description,5,Prechemo T and Prechemo N: were modified by TNM staging system in the American Joint Committee on Cancer
GSE22093,GSM750734,description,5,Prechemo T and Prechemo N: were modified by TNM staging system in the American Joint Committee on Cancer
GSE22093,GSM750735,description,5,Prechemo T and Prechemo N: were modified by TNM staging system in the American Joint Committee on Cancer
GSE22093,GSM750736,description,5,Prechemo T and Prechemo N: were modified by TNM staging system in the American Joint Committee on Cancer
GSE22093,GSM750737,description,5,Prechemo T and Prechemo N: were modified by TNM staging system in the American Joint Committee on Cancer
GSE22093,GSM750738,description,5,Prechemo T and Prechemo N: were modified by TNM staging system in the American Joint Committee on Cancer
GSE22093,GSM750739,description,5,Prechemo T and Prechemo N: were modified by TNM staging system in the American Joint Committee on Cancer
GSE22093,GSM750740,description,5,Prechemo T and Prechemo N: were modified by TNM staging system in the American Joint Committee on Cancer
GSE22093,GSM750741,description,5,Prechemo T and Prechemo N: were modified by TNM staging system in the American Joint Committee on Cancer
GSE22093,GSM750742,description,5,Prechemo T and Prechemo N: were modified by TNM staging system in the American Joint Committee on Cancer
GSE22093,GSM750743,description,5,Prechemo T and Prechemo N: were modified by TNM staging system in the American Joint Committee on Cancer
GSE22093,GSM750744,description,5,Prechemo T and Prechemo N: were modified by TNM staging system in the American Joint Committee on Cancer
GSE22093,GSM750745,description,5,Prechemo T and Prechemo N: were modified by TNM staging system in the American Joint Committee on Cancer
GSE22093,GSM750746,description,5,Prechemo T and Prechemo N: were modified by TNM staging system in the American Joint Committee on Cancer
GSE22093,GSM750747,description,5,Prechemo T and Prechemo N: were modified by TNM staging system in the American Joint Committee on Cancer
GSE22093,GSM750748,description,5,Prechemo T and Prechemo N: were modified by TNM staging system in the American Joint Committee on Cancer
GSE22093,GSM750749,description,5,Prechemo T and Prechemo N: were modified by TNM staging system in the American Joint Committee on Cancer
GSE22093,GSM750750,description,5,Prechemo T and Prechemo N: were modified by TNM staging system in the American Joint Committee on Cancer
GSE22093,GSM750751,description,5,Prechemo T and Prechemo N: were modified by TNM staging system in the American Joint Committee on Cancer
GSE22093,GSM750752,description,5,Prechemo T and Prechemo N: were modified by TNM staging system in the American Joint Committee on Cancer
GSE22093,GSM750753,description,5,Prechemo T and Prechemo N: were modified by TNM staging system in the American Joint Committee on Cancer
GSE22093,GSM750754,description,5,Prechemo T and Prechemo N: were modified by TNM staging system in the American Joint Committee on Cancer
GSE22093,GSM549230,description,6,Prechemo Tumor size: Clinical tumor size
GSE22093,GSM549231,description,6,Prechemo Tumor size: Clinical tumor size
GSE22093,GSM549232,description,6,Prechemo Tumor size: Clinical tumor size
GSE22093,GSM549233,description,6,Prechemo Tumor size: Clinical tumor size
GSE22093,GSM549234,description,6,Prechemo Tumor size: Clinical tumor size
GSE22093,GSM549235,description,6,Prechemo Tumor size: Clinical tumor size
GSE22093,GSM549236,description,6,Prechemo Tumor size: Clinical tumor size
GSE22093,GSM549237,description,6,Prechemo Tumor size: Clinical tumor size
GSE22093,GSM549238,description,6,Prechemo Tumor size: Clinical tumor size
GSE22093,GSM549239,description,6,Prechemo Tumor size: Clinical tumor size
GSE22093,GSM549240,description,6,Prechemo Tumor size: Clinical tumor size
GSE22093,GSM549241,description,6,Prechemo Tumor size: Clinical tumor size
GSE22093,GSM549242,description,6,Prechemo Tumor size: Clinical tumor size
GSE22093,GSM549243,description,6,Prechemo Tumor size: Clinical tumor size
GSE22093,GSM549244,description,6,Prechemo Tumor size: Clinical tumor size
GSE22093,GSM549245,description,6,Prechemo Tumor size: Clinical tumor size
GSE22093,GSM549246,description,6,Prechemo Tumor size: Clinical tumor size
GSE22093,GSM549247,description,6,Prechemo Tumor size: Clinical tumor size
GSE22093,GSM549248,description,6,Prechemo Tumor size: Clinical tumor size
GSE22093,GSM549249,description,6,Prechemo Tumor size: Clinical tumor size
GSE22093,GSM549250,description,6,Prechemo Tumor size: Clinical tumor size
GSE22093,GSM549251,description,6,Prechemo Tumor size: Clinical tumor size
GSE22093,GSM549252,description,6,Prechemo Tumor size: Clinical tumor size
GSE22093,GSM549253,description,6,Prechemo Tumor size: Clinical tumor size
GSE22093,GSM549254,description,6,Prechemo Tumor size: Clinical tumor size
GSE22093,GSM549255,description,6,Prechemo Tumor size: Clinical tumor size
GSE22093,GSM549256,description,6,Prechemo Tumor size: Clinical tumor size
GSE22093,GSM549257,description,6,Prechemo Tumor size: Clinical tumor size
GSE22093,GSM549258,description,6,Prechemo Tumor size: Clinical tumor size
GSE22093,GSM549259,description,6,Prechemo Tumor size: Clinical tumor size
GSE22093,GSM549260,description,6,Prechemo Tumor size: Clinical tumor size
GSE22093,GSM549261,description,6,Prechemo Tumor size: Clinical tumor size
GSE22093,GSM549262,description,6,Prechemo Tumor size: Clinical tumor size
GSE22093,GSM549263,description,6,Prechemo Tumor size: Clinical tumor size
GSE22093,GSM549264,description,6,Prechemo Tumor size: Clinical tumor size
GSE22093,GSM549265,description,6,Prechemo Tumor size: Clinical tumor size
GSE22093,GSM549266,description,6,Prechemo Tumor size: Clinical tumor size
GSE22093,GSM549267,description,6,Prechemo Tumor size: Clinical tumor size
GSE22093,GSM549268,description,6,Prechemo Tumor size: Clinical tumor size
GSE22093,GSM549269,description,6,Prechemo Tumor size: Clinical tumor size
GSE22093,GSM549270,description,6,Prechemo Tumor size: Clinical tumor size
GSE22093,GSM549271,description,6,Prechemo Tumor size: Clinical tumor size
GSE22093,GSM549272,description,6,Prechemo Tumor size: Clinical tumor size
GSE22093,GSM549273,description,6,Prechemo Tumor size: Clinical tumor size
GSE22093,GSM549274,description,6,Prechemo Tumor size: Clinical tumor size
GSE22093,GSM549275,description,6,Prechemo Tumor size: Clinical tumor size
GSE22093,GSM549276,description,6,Prechemo Tumor size: Clinical tumor size
GSE22093,GSM549277,description,6,Prechemo Tumor size: Clinical tumor size
GSE22093,GSM549278,description,6,Prechemo Tumor size: Clinical tumor size
GSE22093,GSM549279,description,6,Prechemo Tumor size: Clinical tumor size
GSE22093,GSM549280,description,6,Prechemo Tumor size: Clinical tumor size
GSE22093,GSM549281,description,6,Prechemo Tumor size: Clinical tumor size
GSE22093,GSM549282,description,6,Prechemo Tumor size: Clinical tumor size
GSE22093,GSM549283,description,6,Prechemo Tumor size: Clinical tumor size
GSE22093,GSM549284,description,6,Prechemo Tumor size: Clinical tumor size
GSE22093,GSM549285,description,6,Prechemo Tumor size: Clinical tumor size
GSE22093,GSM549286,description,6,Prechemo Tumor size: Clinical tumor size
GSE22093,GSM549287,description,6,Prechemo Tumor size: Clinical tumor size
GSE22093,GSM549288,description,6,Prechemo Tumor size: Clinical tumor size
GSE22093,GSM549289,description,6,Prechemo Tumor size: Clinical tumor size
GSE22093,GSM549290,description,6,Prechemo Tumor size: Clinical tumor size
GSE22093,GSM549291,description,6,Prechemo Tumor size: Clinical tumor size
GSE22093,GSM549292,description,6,Prechemo Tumor size: Clinical tumor size
GSE22093,GSM549293,description,6,Prechemo Tumor size: Clinical tumor size
GSE22093,GSM549294,description,6,Prechemo Tumor size: Clinical tumor size
GSE22093,GSM549295,description,6,Prechemo Tumor size: Clinical tumor size
GSE22093,GSM549296,description,6,Prechemo Tumor size: Clinical tumor size
GSE22093,GSM549297,description,6,Prechemo Tumor size: Clinical tumor size
GSE22093,GSM549298,description,6,Prechemo Tumor size: Clinical tumor size
GSE22093,GSM549299,description,6,Prechemo Tumor size: Clinical tumor size
GSE22093,GSM549300,description,6,Prechemo Tumor size: Clinical tumor size
GSE22093,GSM549301,description,6,Prechemo Tumor size: Clinical tumor size
GSE22093,GSM549302,description,6,Prechemo Tumor size: Clinical tumor size
GSE22093,GSM549303,description,6,Prechemo Tumor size: Clinical tumor size
GSE22093,GSM549304,description,6,Prechemo Tumor size: Clinical tumor size
GSE22093,GSM549305,description,6,Prechemo Tumor size: Clinical tumor size
GSE22093,GSM549306,description,6,Prechemo Tumor size: Clinical tumor size
GSE22093,GSM549307,description,6,Prechemo Tumor size: Clinical tumor size
GSE22093,GSM549308,description,6,Prechemo Tumor size: Clinical tumor size
GSE22093,GSM549309,description,6,Prechemo Tumor size: Clinical tumor size
GSE22093,GSM549310,description,6,Prechemo Tumor size: Clinical tumor size
GSE22093,GSM549311,description,6,Prechemo Tumor size: Clinical tumor size
GSE22093,GSM750734,description,6,Prechemo Tumor size: Clinical tumor size
GSE22093,GSM750735,description,6,Prechemo Tumor size: Clinical tumor size
GSE22093,GSM750736,description,6,Prechemo Tumor size: Clinical tumor size
GSE22093,GSM750737,description,6,Prechemo Tumor size: Clinical tumor size
GSE22093,GSM750738,description,6,Prechemo Tumor size: Clinical tumor size
GSE22093,GSM750739,description,6,Prechemo Tumor size: Clinical tumor size
GSE22093,GSM750740,description,6,Prechemo Tumor size: Clinical tumor size
GSE22093,GSM750741,description,6,Prechemo Tumor size: Clinical tumor size
GSE22093,GSM750742,description,6,Prechemo Tumor size: Clinical tumor size
GSE22093,GSM750743,description,6,Prechemo Tumor size: Clinical tumor size
GSE22093,GSM750744,description,6,Prechemo Tumor size: Clinical tumor size
GSE22093,GSM750745,description,6,Prechemo Tumor size: Clinical tumor size
GSE22093,GSM750746,description,6,Prechemo Tumor size: Clinical tumor size
GSE22093,GSM750747,description,6,Prechemo Tumor size: Clinical tumor size
GSE22093,GSM750748,description,6,Prechemo Tumor size: Clinical tumor size
GSE22093,GSM750749,description,6,Prechemo Tumor size: Clinical tumor size
GSE22093,GSM750750,description,6,Prechemo Tumor size: Clinical tumor size
GSE22093,GSM750751,description,6,Prechemo Tumor size: Clinical tumor size
GSE22093,GSM750752,description,6,Prechemo Tumor size: Clinical tumor size
GSE22093,GSM750753,description,6,Prechemo Tumor size: Clinical tumor size
GSE22093,GSM750754,description,6,Prechemo Tumor size: Clinical tumor size
GSE22093,GSM549230,description,7,BMN.grade: were modified by Black's Nuclear Grade
GSE22093,GSM549231,description,7,BMN.grade: were modified by Black's Nuclear Grade
GSE22093,GSM549232,description,7,BMN.grade: were modified by Black's Nuclear Grade
GSE22093,GSM549233,description,7,BMN.grade: were modified by Black's Nuclear Grade
GSE22093,GSM549234,description,7,BMN.grade: were modified by Black's Nuclear Grade
GSE22093,GSM549235,description,7,BMN.grade: were modified by Black's Nuclear Grade
GSE22093,GSM549236,description,7,BMN.grade: were modified by Black's Nuclear Grade
GSE22093,GSM549237,description,7,BMN.grade: were modified by Black's Nuclear Grade
GSE22093,GSM549238,description,7,BMN.grade: were modified by Black's Nuclear Grade
GSE22093,GSM549239,description,7,BMN.grade: were modified by Black's Nuclear Grade
GSE22093,GSM549240,description,7,BMN.grade: were modified by Black's Nuclear Grade
GSE22093,GSM549241,description,7,BMN.grade: were modified by Black's Nuclear Grade
GSE22093,GSM549242,description,7,BMN.grade: were modified by Black's Nuclear Grade
GSE22093,GSM549243,description,7,BMN.grade: were modified by Black's Nuclear Grade
GSE22093,GSM549244,description,7,BMN.grade: were modified by Black's Nuclear Grade
GSE22093,GSM549245,description,7,BMN.grade: were modified by Black's Nuclear Grade
GSE22093,GSM549246,description,7,BMN.grade: were modified by Black's Nuclear Grade
GSE22093,GSM549247,description,7,BMN.grade: were modified by Black's Nuclear Grade
GSE22093,GSM549248,description,7,BMN.grade: were modified by Black's Nuclear Grade
GSE22093,GSM549249,description,7,BMN.grade: were modified by Black's Nuclear Grade
GSE22093,GSM549250,description,7,BMN.grade: were modified by Black's Nuclear Grade
GSE22093,GSM549251,description,7,BMN.grade: were modified by Black's Nuclear Grade
GSE22093,GSM549252,description,7,BMN.grade: were modified by Black's Nuclear Grade
GSE22093,GSM549253,description,7,BMN.grade: were modified by Black's Nuclear Grade
GSE22093,GSM549254,description,7,BMN.grade: were modified by Black's Nuclear Grade
GSE22093,GSM549255,description,7,BMN.grade: were modified by Black's Nuclear Grade
GSE22093,GSM549256,description,7,BMN.grade: were modified by Black's Nuclear Grade
GSE22093,GSM549257,description,7,BMN.grade: were modified by Black's Nuclear Grade
GSE22093,GSM549258,description,7,BMN.grade: were modified by Black's Nuclear Grade
GSE22093,GSM549259,description,7,BMN.grade: were modified by Black's Nuclear Grade
GSE22093,GSM549260,description,7,BMN.grade: were modified by Black's Nuclear Grade
GSE22093,GSM549261,description,7,BMN.grade: were modified by Black's Nuclear Grade
GSE22093,GSM549262,description,7,BMN.grade: were modified by Black's Nuclear Grade
GSE22093,GSM549263,description,7,BMN.grade: were modified by Black's Nuclear Grade
GSE22093,GSM549264,description,7,BMN.grade: were modified by Black's Nuclear Grade
GSE22093,GSM549265,description,7,BMN.grade: were modified by Black's Nuclear Grade
GSE22093,GSM549266,description,7,BMN.grade: were modified by Black's Nuclear Grade
GSE22093,GSM549267,description,7,BMN.grade: were modified by Black's Nuclear Grade
GSE22093,GSM549268,description,7,BMN.grade: were modified by Black's Nuclear Grade
GSE22093,GSM549269,description,7,BMN.grade: were modified by Black's Nuclear Grade
GSE22093,GSM549270,description,7,BMN.grade: were modified by Black's Nuclear Grade
GSE22093,GSM549271,description,7,BMN.grade: were modified by Black's Nuclear Grade
GSE22093,GSM549272,description,7,BMN.grade: were modified by Black's Nuclear Grade
GSE22093,GSM549273,description,7,BMN.grade: were modified by Black's Nuclear Grade
GSE22093,GSM549274,description,7,BMN.grade: were modified by Black's Nuclear Grade
GSE22093,GSM549275,description,7,BMN.grade: were modified by Black's Nuclear Grade
GSE22093,GSM549276,description,7,BMN.grade: were modified by Black's Nuclear Grade
GSE22093,GSM549277,description,7,BMN.grade: were modified by Black's Nuclear Grade
GSE22093,GSM549278,description,7,BMN.grade: were modified by Black's Nuclear Grade
GSE22093,GSM549279,description,7,BMN.grade: were modified by Black's Nuclear Grade
GSE22093,GSM549280,description,7,BMN.grade: were modified by Black's Nuclear Grade
GSE22093,GSM549281,description,7,BMN.grade: were modified by Black's Nuclear Grade
GSE22093,GSM549282,description,7,BMN.grade: were modified by Black's Nuclear Grade
GSE22093,GSM549283,description,7,BMN.grade: were modified by Black's Nuclear Grade
GSE22093,GSM549284,description,7,BMN.grade: were modified by Black's Nuclear Grade
GSE22093,GSM549285,description,7,BMN.grade: were modified by Black's Nuclear Grade
GSE22093,GSM549286,description,7,BMN.grade: were modified by Black's Nuclear Grade
GSE22093,GSM549287,description,7,BMN.grade: were modified by Black's Nuclear Grade
GSE22093,GSM549288,description,7,BMN.grade: were modified by Black's Nuclear Grade
GSE22093,GSM549289,description,7,BMN.grade: were modified by Black's Nuclear Grade
GSE22093,GSM549290,description,7,BMN.grade: were modified by Black's Nuclear Grade
GSE22093,GSM549291,description,7,BMN.grade: were modified by Black's Nuclear Grade
GSE22093,GSM549292,description,7,BMN.grade: were modified by Black's Nuclear Grade
GSE22093,GSM549293,description,7,BMN.grade: were modified by Black's Nuclear Grade
GSE22093,GSM549294,description,7,BMN.grade: were modified by Black's Nuclear Grade
GSE22093,GSM549295,description,7,BMN.grade: were modified by Black's Nuclear Grade
GSE22093,GSM549296,description,7,BMN.grade: were modified by Black's Nuclear Grade
GSE22093,GSM549297,description,7,BMN.grade: were modified by Black's Nuclear Grade
GSE22093,GSM549298,description,7,BMN.grade: were modified by Black's Nuclear Grade
GSE22093,GSM549299,description,7,BMN.grade: were modified by Black's Nuclear Grade
GSE22093,GSM549300,description,7,BMN.grade: were modified by Black's Nuclear Grade
GSE22093,GSM549301,description,7,BMN.grade: were modified by Black's Nuclear Grade
GSE22093,GSM549302,description,7,BMN.grade: were modified by Black's Nuclear Grade
GSE22093,GSM549303,description,7,BMN.grade: were modified by Black's Nuclear Grade
GSE22093,GSM549304,description,7,BMN.grade: were modified by Black's Nuclear Grade
GSE22093,GSM549305,description,7,BMN.grade: were modified by Black's Nuclear Grade
GSE22093,GSM549306,description,7,BMN.grade: were modified by Black's Nuclear Grade
GSE22093,GSM549307,description,7,BMN.grade: were modified by Black's Nuclear Grade
GSE22093,GSM549308,description,7,BMN.grade: were modified by Black's Nuclear Grade
GSE22093,GSM549309,description,7,BMN.grade: were modified by Black's Nuclear Grade
GSE22093,GSM549310,description,7,BMN.grade: were modified by Black's Nuclear Grade
GSE22093,GSM549311,description,7,BMN.grade: were modified by Black's Nuclear Grade
GSE22093,GSM750734,description,7,BMN.grade: were modified by Black's Nuclear Grade
GSE22093,GSM750735,description,7,BMN.grade: were modified by Black's Nuclear Grade
GSE22093,GSM750736,description,7,BMN.grade: were modified by Black's Nuclear Grade
GSE22093,GSM750737,description,7,BMN.grade: were modified by Black's Nuclear Grade
GSE22093,GSM750738,description,7,BMN.grade: were modified by Black's Nuclear Grade
GSE22093,GSM750739,description,7,BMN.grade: were modified by Black's Nuclear Grade
GSE22093,GSM750740,description,7,BMN.grade: were modified by Black's Nuclear Grade
GSE22093,GSM750741,description,7,BMN.grade: were modified by Black's Nuclear Grade
GSE22093,GSM750742,description,7,BMN.grade: were modified by Black's Nuclear Grade
GSE22093,GSM750743,description,7,BMN.grade: were modified by Black's Nuclear Grade
GSE22093,GSM750744,description,7,BMN.grade: were modified by Black's Nuclear Grade
GSE22093,GSM750745,description,7,BMN.grade: were modified by Black's Nuclear Grade
GSE22093,GSM750746,description,7,BMN.grade: were modified by Black's Nuclear Grade
GSE22093,GSM750747,description,7,BMN.grade: were modified by Black's Nuclear Grade
GSE22093,GSM750748,description,7,BMN.grade: were modified by Black's Nuclear Grade
GSE22093,GSM750749,description,7,BMN.grade: were modified by Black's Nuclear Grade
GSE22093,GSM750750,description,7,BMN.grade: were modified by Black's Nuclear Grade
GSE22093,GSM750751,description,7,BMN.grade: were modified by Black's Nuclear Grade
GSE22093,GSM750752,description,7,BMN.grade: were modified by Black's Nuclear Grade
GSE22093,GSM750753,description,7,BMN.grade: were modified by Black's Nuclear Grade
GSE22093,GSM750754,description,7,BMN.grade: were modified by Black's Nuclear Grade
GSE41998,GSM1030079,description,2,EA08029_87464_H133A2_S1178752_1
GSE41998,GSM1030080,description,2,EA08029_56188_H133A2_E3837722_1
GSE41998,GSM1030081,description,2,EA08029_53531_H133A2_A6263061_1
GSE41998,GSM1030082,description,2,EA08029_53532_H133A2_A6263065_1
GSE41998,GSM1030083,description,2,EA08029_56175_H133A2_S1038589_1
GSE41998,GSM1030084,description,2,EA08029_87417_H133A2_A6999197_1
GSE41998,GSM1030085,description,2,EA08029_56190_H133A2_E3800109_1
GSE41998,GSM1030086,description,2,EA08029_80468_H133A2_S1116462_1
GSE41998,GSM1030087,description,2,EA08029_87418_H133A2_A6997531_1
GSE41998,GSM1030088,description,2,EA08029_87646_H133A2_E4340702_1
GSE41998,GSM1030089,description,2,EA08029_87638_H133A2_E4639353_1
GSE41998,GSM1030090,description,2,EA08029_87465_H133A2_S1297269_1
GSE41998,GSM1030091,description,2,EA08029_56182_H133A2_S1032217_1
GSE41998,GSM1030092,description,2,EA08029_80473_H133A2_S1089746_1
GSE41998,GSM1030093,description,2,EA08029_80471_H133A2_S1032225_1
GSE41998,GSM1030094,description,2,EA08029_87636_H133A2_E4343481_1
GSE41998,GSM1030095,description,2,EA08029_87441_H133A2_S1126096_1
GSE41998,GSM1030096,description,2,EA08029_87420_H133A2_A7082100_1
GSE41998,GSM1030097,description,2,EA08029_87647_H133A2_E3800101_1
GSE41998,GSM1030098,description,2,EA08029_81471_H133A2_E4343479_1
GSE41998,GSM1030099,description,2,EA08029_81483_H133A2_E3916680_1
GSE41998,GSM1030100,description,2,EA08029_83642_H133A2_A6952000_1
GSE41998,GSM1030101,description,2,EA08029_87618_H133A2_E4222992_1
GSE41998,GSM1030102,description,2,EA08029_83720_H133A2_E4332196_1
GSE41998,GSM1030103,description,2,EA08029_83653_H133A2_A7295220_1
GSE41998,GSM1030104,description,2,EA08029_87451_H133A2_S1076366_1
GSE41998,GSM1030105,description,2,EA08029_87407_H133A2_A7330542_1
GSE41998,GSM1030106,description,2,EA08029_87644_H133A2_E4606438_1
GSE41998,GSM1030107,description,2,EA08029_87645_H133A2_E4606440_1
GSE41998,GSM1030108,description,2,EA08029_87630_H133A2_E4340700_1
GSE41998,GSM1030109,description,2,EA08029_87400_H133A2_A7241236_1
GSE41998,GSM1030110,description,2,EA08029_87639_H133A2_E4477306_1
GSE41998,GSM1030111,description,2,EA08029_87444_H133A2_S1123419_1
GSE41998,GSM1030112,description,2,EA08029_87458_H133A2_S1032221_1
GSE41998,GSM1030113,description,2,EA08029_87422_H133A2_A7082102_1
GSE41998,GSM1030114,description,2,EA08029_92095_H133A2_E4708763_1
GSE41998,GSM1030115,description,2,EA08029_87668_H133A2_E4710305_1
GSE41998,GSM1030116,description,2,EA08029_92060_H133A2_L0628963_1
GSE41998,GSM1030117,description,2,EA08029_92067_H133A2_A7573397_1
GSE41998,GSM1030118,description,2,EA08029_92070_H133A2_E4534819_1
GSE41998,GSM1030119,description,2,EA08029_92098_H133A2_E4690595_1
GSE41998,GSM1030120,description,2,EA08029_92087_H133A2_E4751070_1
GSE41998,GSM1030121,description,2,EA08029_92091_H133A2_E4751072_1
GSE41998,GSM1030122,description,2,EA08029_83644_H133A2_A6736485_1
GSE41998,GSM1030123,description,2,EA08029_80465_H133A2_S1076360_1
GSE41998,GSM1030124,description,2,EA08029_81470_H133A2_E3648192_1
GSE41998,GSM1030125,description,2,EA08029_92055_H133A2_L0488310_1
GSE41998,GSM1030126,description,2,EA08029_80474_H133A2_S1121949_1
GSE41998,GSM1030127,description,2,EA08029_81811_H133A2_S1141087_1
GSE41998,GSM1030128,description,2,EA08029_81816_H133A2_S1141089_1
GSE41998,GSM1030129,description,2,EA08029_83208_H133A2_S1038597_1
GSE41998,GSM1030130,description,2,EA08029_83209_H133A2_S1148765_1
GSE41998,GSM1030131,description,2,EA08029_87626_H133A2_E4343389_4
GSE41998,GSM1030132,description,2,EA08029_87627_H133A2_E4343389_3
GSE41998,GSM1030133,description,2,EA08029_83199_H133A2_S1123405_1
GSE41998,GSM1030134,description,2,EA08029_87416_H133A2_A6999199_1
GSE41998,GSM1030135,description,2,EA08029_87633_H133A2_E3837732_1
GSE41998,GSM1030136,description,2,EA08029_83206_H133A2_S1189555_1
GSE41998,GSM1030137,description,2,EA08029_87442_H133A2_S1134718_1
GSE41998,GSM1030138,description,2,EA08029_87616_H133A2_E4690599_1
GSE41998,GSM1030139,description,2,EA08029_87401_H133A2_A7330534_1
GSE41998,GSM1030140,description,2,EA08029_87461_H133A2_S1148757_1
GSE41998,GSM1030141,description,2,EA08029_92105_H133A2_S1189563_1
GSE41998,GSM1030142,description,2,EA08029_92093_H133A2_E4708767_1
GSE41998,GSM1030143,description,2,EA08029_87467_H133A2_S1178750_1
GSE41998,GSM1030144,description,2,EA08029_87670_H133A2_E4764497_1
GSE41998,GSM1030145,description,2,EA08029_87406_H133A2_A6657371_1
GSE41998,GSM1030146,description,2,EA08029_92078_H133A2_E4751060_1
GSE41998,GSM1030147,description,2,EA08029_92084_H133A2_E4719356_1
GSE41998,GSM1030148,description,2,EA08029_92089_H133A2_E4999453_1
GSE41998,GSM1030149,description,2,EA08029_87628_H133A2_E4343389_2
GSE41998,GSM1030150,description,2,EA08029_87663_H133A2_E4597713_1
GSE41998,GSM1030151,description,2,EA08029_87398_H133A2_L0638228_4
GSE41998,GSM1030152,description,2,EA08029_87659_H133A2_E4751058_1
GSE41998,GSM1030153,description,2,EA08029_92075_H133A2_E4669580_1
GSE41998,GSM1030154,description,2,EA08029_92071_H133A2_E4534823_1
GSE41998,GSM1030155,description,2,EA08029_92083_H133A2_E4830792_1
GSE41998,GSM1030156,description,2,EA08029_52113_H133A2_E3385598_1
GSE41998,GSM1030157,description,2,EA08029_52114_H133A2_E3730747_1
GSE41998,GSM1030158,description,2,EA08029_52102_H133A2_S0895769_1
GSE41998,GSM1030159,description,2,EA08029_52100_H133A2_S0895765_1
GSE41998,GSM1030160,description,2,EA08029_52111_H133A2_S0898012_1
GSE41998,GSM1030161,description,2,EA08029_52101_H133A2_S0895767_1
GSE41998,GSM1030162,description,2,EA08029_53587_H133A2_S0960945_1
GSE41998,GSM1030163,description,2,EA08029_52122_H133A2_E3569360_1
GSE41998,GSM1030164,description,2,EA08029_53580_H133A2_S0895756_1
GSE41998,GSM1030165,description,2,EA08029_53574_H133A2_E3663949_1
GSE41998,GSM1030166,description,2,EA08029_53575_H133A2_E3569362_1
GSE41998,GSM1030167,description,2,EA08029_87413_H133A2_A6718068_1
GSE41998,GSM1030168,description,2,EA08029_80463_H133A2_S1183157_1
GSE41998,GSM1030169,description,2,EA08029_56176_H133A2_S1089744_1
GSE41998,GSM1030170,description,2,EA08029_56177_H133A2_S1005949_1
GSE41998,GSM1030171,description,2,EA08029_56172_H133A2_A6926680_1
GSE41998,GSM1030172,description,2,EA08029_81809_H133A2_S1005935_1
GSE41998,GSM1030173,description,2,EA08029_87411_H133A2_A6719819_1
GSE41998,GSM1030174,description,2,EA08029_80476_H133A2_S1121959_1
GSE41998,GSM1030175,description,2,EA08029_81814_H133A2_S1123415_1
GSE41998,GSM1030176,description,2,EA08029_81476_H133A2_E4242182_1
GSE41998,GSM1030177,description,2,EA08029_80475_H133A2_S1121945_1
GSE41998,GSM1030178,description,2,EA08029_80480_H133A2_S1038593_1
GSE41998,GSM1030179,description,2,EA08029_81482_H133A2_E4376531_1
GSE41998,GSM1030180,description,2,EA08029_80485_H133A2_S1121963_1
GSE41998,GSM1030181,description,2,EA08029_87625_H133A2_E3648194_1
GSE41998,GSM1030182,description,2,EA08029_83194_H133A2_S1172325_1
GSE41998,GSM1030183,description,2,EA08029_83646_H133A2_A7181969_1
GSE41998,GSM1030184,description,2,EA08029_83722_H133A2_E4332194_1
GSE41998,GSM1030185,description,2,EA08029_83648_H133A2_A6914216_1
GSE41998,GSM1030186,description,2,EA08029_83201_H133A2_S1230596_1
GSE41998,GSM1030187,description,2,EA08029_83202_H133A2_S1212000_1
GSE41998,GSM1030188,description,2,EA08029_87612_H133A2_E4597723_1
GSE41998,GSM1030189,description,2,EA08029_87614_H133A2_E3416700_1
GSE41998,GSM1030190,description,2,EA08029_83655_H133A2_A7347583_1
GSE41998,GSM1030191,description,2,EA08029_83656_H133A2_A7347583_2
GSE41998,GSM1030192,description,2,EA08029_87620_H133A2_E4555791_1
GSE41998,GSM1030193,description,2,EA08029_87621_H133A2_E4555791_2
GSE41998,GSM1030194,description,2,EA08029_87622_H133A2_E4555791_3
GSE41998,GSM1030195,description,2,EA08029_92066_H133A2_A6997527_1
GSE41998,GSM1030196,description,2,EA08029_87624_H133A2_E3416702_1
GSE41998,GSM1030197,description,2,EA08029_87643_H133A2_E3385596_1
GSE41998,GSM1030198,description,2,EA08029_87409_H133A2_A7342589_1
GSE41998,GSM1030199,description,2,EA08029_87611_H133A2_E4343543_1
GSE41998,GSM1030200,description,2,EA08029_87450_H133A2_S1121941_4
GSE41998,GSM1030201,description,2,EA08029_87459_H133A2_S1038591_1
GSE41998,GSM1030202,description,2,EA08029_87421_H133A2_A7082075_1
GSE41998,GSM1030203,description,2,EA08029_87463_H133A2_S1172333_1
GSE41998,GSM1030204,description,2,EA08029_87656_H133A2_E3837740_1
GSE41998,GSM1030205,description,2,EA08029_87661_H133A2_E3800099_1
GSE41998,GSM1030206,description,2,EA08029_95879_H133A2_A7181973_1
GSE41998,GSM1030207,description,2,EA08029_92099_H133A2_E4791654_1
GSE41998,GSM1030208,description,2,EA08029_92065_H133A2_A7585250_1
GSE41998,GSM1030209,description,2,EA08029_92076_H133A2_E4751082_1
GSE41998,GSM1030210,description,2,EA08029_92057_H133A2_L0638222_4
GSE41998,GSM1030211,description,2,EA08029_92058_H133A2_L0638218_4
GSE41998,GSM1030212,description,2,EA08029_92059_H133A2_L0638232_4
GSE41998,GSM1030213,description,2,EA08029_56185_H133A2_S1037482_1
GSE41998,GSM1030214,description,2,EA08029_53591_H133A2_S0898799_1
GSE41998,GSM1030215,description,2,EA08029_56178_H133A2_S1005937_1
GSE41998,GSM1030216,description,2,EA08029_56181_H133A2_S1005933_1
GSE41998,GSM1030217,description,2,EA08029_80478_H133A2_S1172331_1
GSE41998,GSM1030218,description,2,EA08029_92077_H133A2_E4532900_1
GSE41998,GSM1030219,description,2,EA08029_87642_H133A2_E4639355_1
GSE41998,GSM1030220,description,2,EA08029_52121_H133A2_E3569373_1
GSE41998,GSM1030221,description,2,EA08029_53576_H133A2_E3665685_1
GSE41998,GSM1030222,description,2,EA08029_53583_H133A2_S0922645_1
GSE41998,GSM1030223,description,2,EA08029_56186_H133A2_S0869886_1
GSE41998,GSM1030224,description,2,EA08029_87414_H133A2_A6719815_1
GSE41998,GSM1030225,description,2,EA08029_83657_H133A2_A7347583_3
GSE41998,GSM1030226,description,2,EA08029_87652_H133A2_E4343539_1
GSE41998,GSM1030227,description,2,EA08029_92085_H133A2_E4343515_1
GSE41998,GSM1030228,description,2,EA08029_53578_H133A2_S0953607_1
GSE41998,GSM1030229,description,2,EA08029_53579_H133A2_S0953605_1
GSE41998,GSM1030230,description,2,EA08029_83647_H133A2_A6952002_1
GSE41998,GSM1030231,description,2,EA08029_83721_H133A2_E4606442_1
GSE41998,GSM1030232,description,2,EA08029_87446_H133A2_S1178754_1
GSE41998,GSM1030233,description,2,EA08029_87454_H133A2_S1230600_1
GSE41998,GSM1030234,description,2,EA08029_87403_H133A2_A7013456_1
GSE41998,GSM1030235,description,2,EA08029_83639_H133A2_A7013465_1
GSE41998,GSM1030236,description,2,EA08029_80482_H133A2_S1091332_1
GSE41998,GSM1030237,description,2,EA08029_80481_H133A2_S1005927_1
GSE41998,GSM1030238,description,2,EA08029_87456_H133A2_S1032219_1
GSE41998,GSM1030239,description,2,EA08029_92072_H133A2_E4555795_1
GSE41998,GSM1030240,description,2,EA08029_80466_H133A2_S1089750_1
GSE41998,GSM1030241,description,2,EA08029_81478_H133A2_E4343391_4
GSE41998,GSM1030242,description,2,EA08029_81479_H133A2_E4343391_3
GSE41998,GSM1030243,description,2,EA08029_81480_H133A2_E4343391_2
GSE41998,GSM1030244,description,2,EA08029_80483_H133A2_S1148763_1
GSE41998,GSM1030245,description,2,EA08029_83649_H133A2_A7241230_1
GSE41998,GSM1030246,description,2,EA08029_83200_H133A2_S1148753_1
GSE41998,GSM1030247,description,2,EA08029_83204_H133A2_S1189561_1
GSE41998,GSM1030248,description,2,EA08029_87439_H133A2_S1230608_1
GSE41998,GSM1030249,description,2,EA08029_87641_H133A2_E4597719_1
GSE41998,GSM1030250,description,2,EA08029_92092_H133A2_E4597721_1
GSE41998,GSM1030251,description,2,EA08029_87397_H133A2_L0506122_1
GSE41998,GSM1030252,description,2,EA08029_87648_H133A2_E4597711_1
GSE41998,GSM1030253,description,2,EA08029_87649_H133A2_E4597717_1
GSE41998,GSM1030254,description,2,EA08029_87657_H133A2_E3837750_1
GSE41998,GSM1030255,description,2,EA08029_87665_H133A2_E4534882_1
GSE41998,GSM1030256,description,2,EA08029_92069_H133A2_A6997529_1
GSE41998,GSM1030257,description,2,EA08029_92080_H133A2_E4830790_1
GSE41998,GSM1030258,description,2,EA08029_92086_H133A2_E4751064_1
GSE41998,GSM1030259,description,2,EA08029_52103_H133A2_S0869900_2
GSE41998,GSM1030260,description,2,EA08029_83643_H133A2_A6926682_1
GSE41998,GSM1030261,description,2,EA08029_81475_H133A2_E4242180_1
GSE41998,GSM1030262,description,2,EA08029_80464_H133A2_S1089752_1
GSE41998,GSM1030263,description,2,EA08029_87632_H133A2_E3837744_1
GSE41998,GSM1030264,description,2,EA08029_83198_H133A2_S1184746_1
GSE41998,GSM1030265,description,2,EA08029_87445_H133A2_S1076358_1
GSE41998,GSM1030266,description,2,EA08029_83203_H133A2_S1032223_1
GSE41998,GSM1030267,description,2,EA08029_87613_H133A2_E4597705_1
GSE41998,GSM1030268,description,2,EA08029_87629_H133A2_E3837736_1
GSE41998,GSM1030269,description,2,EA08029_87452_H133A2_S1126094_4
GSE41998,GSM1030270,description,2,EA08029_87635_H133A2_E4597715_1
GSE41998,GSM1030271,description,2,EA08029_87440_H133A2_S1178760_1
GSE41998,GSM1030272,description,2,EA08029_92104_H133A2_S1189557_4
GSE41998,GSM1030273,description,2,EA08029_87655_H133A2_E4343519_1
GSE41998,GSM1030274,description,2,EA08029_87619_H133A2_E4477302_1
GSE41998,GSM1030275,description,2,EA08029_87617_H133A2_E4477304_1
GSE41998,GSM1030276,description,2,EA08029_87457_H133A2_S1121939_4
GSE41998,GSM1030277,description,2,EA08029_87466_H133A2_S1230610_1
GSE41998,GSM1030278,description,2,EA08029_87669_H133A2_E3837746_1
GSE41998,GSM1030279,description,2,EA08029_87399_H133A2_L0638234_4
GSE41998,GSM1030280,description,2,EA08029_87423_H133A2_A7082104_1
GSE41998,GSM1030281,description,2,EA08029_87664_H133A2_E4708765_1
GSE41998,GSM1030282,description,2,EA08029_92097_H133A2_E4751084_1
GSE41998,GSM1030283,description,2,EA08029_92056_H133A2_L0506126_1
GSE41998,GSM1030284,description,2,EA08029_92061_H133A2_L0661244_4
GSE41998,GSM1030285,description,2,EA08029_56170_H133A2_A6779099_4
GSE41998,GSM1030286,description,2,EA08029_83195_H133A2_S1141081_1
GSE41998,GSM1030287,description,2,EA08029_87654_H133A2_E4690597_1
GSE41998,GSM1030288,description,2,EA08029_87662_H133A2_E4682893_1
GSE41998,GSM1030289,description,2,EA08029_92081_H133A2_E4669578_1
GSE41998,GSM1030290,description,2,EA08029_92082_H133A2_E4830786_1
GSE41998,GSM1030291,description,2,EA08029_92090_H133A2_E4669582_1
GSE41998,GSM1030292,description,2,EA08029_52112_H133A2_E3385594_1
GSE41998,GSM1030293,description,2,EA08029_52123_H133A2_E3730745_1
GSE41998,GSM1030294,description,2,EA08029_53577_H133A2_S0898797_1
GSE41998,GSM1030295,description,2,EA08029_52110_H133A2_S0898016_1
GSE41998,GSM1030296,description,2,EA08029_52119_H133A2_E3569371_1
GSE41998,GSM1030297,description,2,EA08029_53589_H133A2_S0900086_1
GSE41998,GSM1030298,description,2,EA08029_52120_H133A2_E3569369_1
GSE41998,GSM1030299,description,2,EA08029_52108_H133A2_S0895758_1
GSE41998,GSM1030300,description,2,EA08029_53572_H133A2_E3569364_1
GSE41998,GSM1030301,description,2,EA08029_53582_H133A2_S0960943_1
GSE41998,GSM1030302,description,2,EA08029_53533_H133A2_A6263046_1
GSE41998,GSM1030303,description,2,EA08029_53581_H133A2_S0922647_1
GSE41998,GSM1030304,description,2,EA08029_53584_H133A2_S0900095_1
GSE41998,GSM1030305,description,2,EA08029_53585_H133A2_S0922641_1
GSE41998,GSM1030306,description,2,EA08029_53586_H133A2_S0952246_1
GSE41998,GSM1030307,description,2,EA08029_53534_H133A2_A6432766_3
GSE41998,GSM1030308,description,2,EA08029_56173_H133A2_A6432766_2
GSE41998,GSM1030309,description,2,EA08029_56174_H133A2_A6432766_4
GSE41998,GSM1030310,description,2,EA08029_56191_H133A2_E3665687_1
GSE41998,GSM1030311,description,2,EA08029_87410_H133A2_A6719817_1
GSE41998,GSM1030312,description,2,EA08029_56189_H133A2_E3665683_2
GSE41998,GSM1030313,description,2,EA08029_56192_H133A2_E3800107_1
GSE41998,GSM1030314,description,2,EA08029_56171_H133A2_A6926678_1
GSE41998,GSM1030315,description,2,EA08029_56183_H133A2_S1123417_1
GSE41998,GSM1030316,description,2,EA08029_56184_H133A2_S1089748_1
GSE41998,GSM1030317,description,2,EA08029_87412_H133A2_A6719813_1
GSE41998,GSM1030318,description,2,EA08029_80477_H133A2_S1121955_1
GSE41998,GSM1030319,description,2,EA08029_81477_H133A2_E3916682_1
GSE41998,GSM1030320,description,2,EA08029_87415_H133A2_A6718367_1
GSE41998,GSM1030321,description,2,EA08029_81474_H133A2_E4376535_1
GSE41998,GSM1030322,description,2,EA08029_83640_H133A2_A7013452_1
GSE41998,GSM1030323,description,2,EA08029_83210_H133A2_S1087426_1
GSE41998,GSM1030324,description,2,EA08029_83641_H133A2_A7014562_1
GSE41998,GSM1030325,description,2,EA08029_83645_H133A2_A6779101_1
GSE41998,GSM1030326,description,2,EA08029_87438_H133A2_S1083021_1
GSE41998,GSM1030327,description,2,EA08029_83650_H133A2_A6914218_1
GSE41998,GSM1030328,description,2,EA08029_83724_H133A2_E4332198_1
GSE41998,GSM1030329,description,2,EA08029_83651_H133A2_A7181967_1
GSE41998,GSM1030330,description,2,EA08029_87631_H133A2_E3837738_1
GSE41998,GSM1030331,description,2,EA08029_83654_H133A2_A6765383_1
GSE41998,GSM1030332,description,2,EA08029_83207_H133A2_S1134710_1
GSE41998,GSM1030333,description,2,EA08029_87623_H133A2_E3800093_1
GSE41998,GSM1030334,description,2,EA08029_87408_H133A2_A7241234_1
GSE41998,GSM1030335,description,2,EA08029_87640_H133A2_E4340698_1
GSE41998,GSM1030336,description,2,EA08029_87449_H133A2_S1172335_1
GSE41998,GSM1030337,description,2,EA08029_87419_H133A2_A6999201_1
GSE41998,GSM1030338,description,2,EA08029_87650_H133A2_E3800095_1
GSE41998,GSM1030339,description,2,EA08029_87658_H133A2_E3837748_1
GSE41998,GSM1030340,description,2,EA08029_87462_H133A2_S1148759_1
GSE41998,GSM1030341,description,2,EA08029_87402_H133A2_A7274132_1
GSE41998,GSM1030342,description,2,EA08029_95880_H133A2_A7341588_1
GSE41998,GSM1030343,description,2,EA08029_87666_H133A2_E3800097_1
GSE41998,GSM1030344,description,2,EA08029_92079_H133A2_E4534827_1
GSE41998,GSM1030345,description,2,EA08029_92073_H133A2_E4785455_1
GSE41998,GSM1030346,description,2,EA08029_92062_H133A2_A6999299_1
GSE41998,GSM1030347,description,2,EA08029_95878_H133A2_A7241232_1
GSE41998,GSM1030348,description,2,EA08029_80472_H133A2_S1121937_4
GSE41998,GSM1030349,description,2,EA08029_81484_H133A2_E4376533_1
GSE41998,GSM1030350,description,2,EA08029_80486_H133A2_S1172323_1
GSE41998,GSM1030351,description,2,EA08029_87637_H133A2_E4534878_1
GSE41998,GSM1030352,description,2,EA08029_52104_H133A2_S0869902_1
GSE41998,GSM1030353,description,2,EA08029_56180_H133A2_S1005947_1
GSE41998,GSM1030354,description,2,EA08029_81472_H133A2_E3416698_4
GSE41998,GSM1030355,description,2,EA08029_80479_H133A2_S1172329_1
GSE41998,GSM1030356,description,2,EA08029_87447_H133A2_S1172337_1
GSE41998,GSM1030357,description,2,EA08029_92068_H133A2_A7585244_1
