sample_accession,series_count,series_accessions,sample_titles
GSM125123,2,GSE20181;GSE5462,10A;pretreatment;female;breast tumor; responder
GSM125124,2,GSE20181;GSE5462,"10B;female;breast tumor;Letrozole, 2.5mg/day,oral, 10-14 days; responder"
GSM125125,2,GSE20181;GSE5462,11A;pretreatment;female;breast tumor; nonresponder
GSM125126,2,GSE20181;GSE5462,"11B;female;breast tumor;Letrozole, 2.5mg/day,oral, 10-14 days; nonresponder"
GSM125127,2,GSE20181;GSE5462,12A;pretreatment;female;breast tumor; responder
GSM125128,2,GSE20181;GSE5462,"12B;female;breast tumor;Letrozole, 2.5mg/day,oral, 10-14 days; responder"
GSM125129,2,GSE20181;GSE5462,13A;pretreatment;female;breast tumor; responder
GSM125130,2,GSE20181;GSE5462,"13B;female;breast tumor;Letrozole, 2.5mg/day,oral, 10-14 days; responder"
GSM125131,2,GSE20181;GSE5462,14A;pretreatment;female;breast tumor; responder
GSM125132,2,GSE20181;GSE5462,"14B;female;breast tumor;Letrozole, 2.5mg/day,oral, 10-14 days; responder"
GSM125133,2,GSE20181;GSE5462,15A;pretreatment;female;breast tumor; responder
GSM125134,2,GSE20181;GSE5462,"15B;female;breast tumor;Letrozole, 2.5mg/day,oral, 10-14 days; responder"
GSM125135,2,GSE20181;GSE5462,16A;pretreatment;female;breast tumor; not assessable
GSM125136,2,GSE20181;GSE5462,"16B;female;breast tumor;Letrozole, 2.5mg/day,oral, 10-14 days; not assessable"
GSM125137,2,GSE20181;GSE5462,17A;pretreatment;female;breast tumor; responder
GSM125138,2,GSE20181;GSE5462,"17B;female;breast tumor;Letrozole, 2.5mg/day,oral, 10-14 days; responder"
GSM125139,2,GSE20181;GSE5462,18A;pretreatment;female;breast tumor; responder
GSM125140,2,GSE20181;GSE5462,"18B;female;breast tumor;Letrozole, 2.5mg/day,oral, 10-14 days; responder"
GSM125141,2,GSE20181;GSE5462,19A;pretreatment;female;breast tumor; responder
GSM125142,2,GSE20181;GSE5462,"19B;female;breast tumor;Letrozole, 2.5mg/day,oral, 10-14 days; responder"
GSM125143,2,GSE20181;GSE5462,20A;pretreatment;female;breast tumor; responder
GSM125144,2,GSE20181;GSE5462,"20B;female;breast tumor;Letrozole, 2.5mg/day,oral, 10-14 days; responder"
GSM125145,2,GSE20181;GSE5462,21A;pretreatment;female;breast tumor; responder
GSM125146,2,GSE20181;GSE5462,"21B;female;breast tumor;Letrozole, 2.5mg/day,oral, 10-14 days; responder"
GSM125147,2,GSE20181;GSE5462,22A;pretreatment;female;breast tumor; responder
GSM125148,2,GSE20181;GSE5462,"22B;female;breast tumor;Letrozole, 2.5mg/day,oral, 10-14 days; responder"
GSM125149,2,GSE20181;GSE5462,23A;pretreatment;female;breast tumor; responder
GSM125150,2,GSE20181;GSE5462,"23B;female;breast tumor;Letrozole, 2.5mg/day,oral, 10-14 days; responder"
GSM125151,2,GSE20181;GSE5462,24A;pretreatment;female;breast tumor; not assessable
GSM125152,2,GSE20181;GSE5462,"24B;female;breast tumor;Letrozole, 2.5mg/day,oral, 10-14 days; not assessable"
GSM125153,2,GSE20181;GSE5462,25A;pretreatment;female;breast tumor; responder
GSM125154,2,GSE20181;GSE5462,"25B;female;breast tumor;Letrozole, 2.5mg/day,oral, 10-14 days; responder"
GSM125155,2,GSE20181;GSE5462,27A;pretreatment;female;breast tumor; nonresponder
GSM125156,2,GSE20181;GSE5462,"27B;female;breast tumor;Letrozole, 2.5mg/day,oral, 10-14 days; nonresponder"
GSM125157,2,GSE20181;GSE5462,28A;pretreatment;female;breast tumor; responder
GSM125158,2,GSE20181;GSE5462,"28B;female;breast tumor;Letrozole, 2.5mg/day,oral, 10-14 days; responder"
GSM125159,2,GSE20181;GSE5462,29A;pretreatment;female;breast tumor; responder
GSM125160,2,GSE20181;GSE5462,"29B;female;breast tumor;Letrozole, 2.5mg/day,oral, 10-14 days; responder"
GSM125161,2,GSE20181;GSE5462,2A;pretreatment;female;breast tumor; responder
GSM125162,2,GSE20181;GSE5462,"2B;female;breast tumor;Letrozole, 2.5mg/day,oral, 10-14 days; responder"
GSM125163,2,GSE20181;GSE5462,30A;pretreatment;female;breast tumor; nonresponder
GSM125164,2,GSE20181;GSE5462,"30B;female;breast tumor;Letrozole, 2.5mg/day,oral, 10-14 days; nonresponder"
GSM125165,2,GSE20181;GSE5462,31A;pretreatment;female;breast tumor; responder
GSM125166,2,GSE20181;GSE5462,"31B;female;breast tumor;Letrozole, 2.5mg/day,oral, 10-14 days; responder"
GSM125167,2,GSE20181;GSE5462,33A;pretreatment;female;breast tumor; nonresponder
GSM125168,2,GSE20181;GSE5462,"33B;female;breast tumor;Letrozole, 2.5mg/day,oral, 10-14 days; nonresponder"
GSM125169,2,GSE20181;GSE5462,34A;pretreatment;female;breast tumor; responder
GSM125170,2,GSE20181;GSE5462,"34B;female;breast tumor;Letrozole, 2.5mg/day,oral, 10-14 days; responder"
GSM125171,2,GSE20181;GSE5462,35A;pretreatment;female;breast tumor; nonresponder
GSM125172,2,GSE20181;GSE5462,"35B;female;breast tumor;Letrozole, 2.5mg/day,oral, 10-14 days; nonresponder"
GSM125173,2,GSE20181;GSE5462,36A;pretreatment;female;breast tumor; nonresponder
GSM125174,2,GSE20181;GSE5462,"36B;female;breast tumor;Letrozole, 2.5mg/day,oral, 10-14 days; nonresponder"
GSM125175,2,GSE20181;GSE5462,37A;pretreatment;female;breast tumor; not assessable
GSM125176,2,GSE20181;GSE5462,"37B;female;breast tumor;Letrozole, 2.5mg/day,oral, 10-14 days; not assessable"
GSM125177,2,GSE20181;GSE5462,38A;pretreatment;female;breast tumor; nonresponder
GSM125178,2,GSE20181;GSE5462,"38B;female;breast tumor;Letrozole, 2.5mg/day,oral, 10-14 days; nonresponder"
GSM125179,2,GSE20181;GSE5462,39A;pretreatment;female;breast tumor; responder
GSM125180,2,GSE20181;GSE5462,"39B;female;breast tumor;Letrozole, 2.5mg/day,oral, 10-14 days; responder"
GSM125181,2,GSE20181;GSE5462,40A;pretreatment;female;breast tumor; responder
GSM125182,2,GSE20181;GSE5462,"40B;female;breast tumor;Letrozole, 2.5mg/day,oral, 10-14 days; responder"
GSM125183,2,GSE20181;GSE5462,41A;pretreatment;female;breast tumor; responder
GSM125184,2,GSE20181;GSE5462,"41B;female;breast tumor;Letrozole, 2.5mg/day,oral, 10-14 days; responder"
GSM125185,2,GSE20181;GSE5462,42A;pretreatment;female;breast tumor; nonresponder
GSM125186,2,GSE20181;GSE5462,"42B;female;breast tumor;Letrozole, 2.5mg/day,oral, 10-14 days; nonresponder"
GSM125187,2,GSE20181;GSE5462,44A;pretreatment;female;breast tumor; nonresponder
GSM125188,2,GSE20181;GSE5462,"44B;female;breast tumor;Letrozole, 2.5mg/day,oral, 10-14 days; nonresponder"
GSM125189,2,GSE20181;GSE5462,45A;pretreatment;female;breast tumor; responder
GSM125190,2,GSE20181;GSE5462,"45B;female;breast tumor;Letrozole, 2.5mg/day,oral, 10-14 days; responder"
GSM125191,2,GSE20181;GSE5462,46A;pretreatment;female;breast tumor; not assessable
GSM125192,2,GSE20181;GSE5462,"46B;female;breast tumor;Letrozole, 2.5mg/day,oral, 10-14 days; not assessable"
GSM125193,2,GSE20181;GSE5462,47A;pretreatment;female;breast tumor; responder
GSM125194,2,GSE20181;GSE5462,"47B;female;breast tumor;Letrozole, 2.5mg/day,oral, 10-14 days; responder"
GSM125195,2,GSE20181;GSE5462,48A;pretreatment;female;breast tumor; responder
GSM125196,2,GSE20181;GSE5462,"48B;female;breast tumor;Letrozole, 2.5mg/day,oral, 10-14 days; responder"
GSM125197,2,GSE20181;GSE5462,49A;pretreatment;female;breast tumor; responder
GSM125198,2,GSE20181;GSE5462,"49B;female;breast tumor;Letrozole, 2.5mg/day,oral, 10-14 days; responder"
GSM125199,2,GSE20181;GSE5462,4A;pretreatment;female;breast tumor; not assessable
GSM125200,2,GSE20181;GSE5462,"4B;female;breast tumor;Letrozole, 2.5mg/day,oral, 10-14 days; not assessable"
GSM125201,2,GSE20181;GSE5462,50A;pretreatment;female;breast tumor; responder
GSM125202,2,GSE20181;GSE5462,"50B;female;breast tumor;Letrozole, 2.5mg/day,oral, 10-14 days; responder"
GSM125203,2,GSE20181;GSE5462,51A;pretreatment;female;breast tumor; responder
GSM125204,2,GSE20181;GSE5462,"51B;female;breast tumor;Letrozole, 2.5mg/day,oral, 10-14 days; responder"
GSM125205,2,GSE20181;GSE5462,52A;pretreatment;female;breast tumor; nonresponder
GSM125206,2,GSE20181;GSE5462,"52B;female;breast tumor;Letrozole, 2.5mg/day,oral, 10-14 days; nonresponder"
GSM125207,2,GSE20181;GSE5462,53A;pretreatment;female;breast tumor; nonresponder
GSM125208,2,GSE20181;GSE5462,"53B;female;breast tumor;Letrozole, 2.5mg/day,oral, 10-14 days; nonresponder"
GSM125209,2,GSE20181;GSE5462,55A;pretreatment;female;breast tumor; responder
GSM125210,2,GSE20181;GSE5462,"55B;female;breast tumor;Letrozole, 2.5mg/day,oral, 10-14 days; responder"
GSM125211,2,GSE20181;GSE5462,56A;pretreatment;female;breast tumor; not assessable
GSM125212,2,GSE20181;GSE5462,"56B;female;breast tumor;Letrozole, 2.5mg/day,oral, 10-14 days; not assessable"
GSM125213,2,GSE20181;GSE5462,57A;pretreatment;female;breast tumor; responder
GSM125214,2,GSE20181;GSE5462,"57B;female;breast tumor;Letrozole, 2.5mg/day,oral, 10-14 days; responder"
GSM125215,2,GSE20181;GSE5462,58A;pretreatment;female;breast tumor; responder
GSM125216,2,GSE20181;GSE5462,"58B;female;breast tumor;Letrozole, 2.5mg/day,oral, 10-14 days; responder"
GSM125217,2,GSE20181;GSE5462,59A;pretreatment;female;breast tumor; nonresponder
GSM125218,2,GSE20181;GSE5462,"59B;female;breast tumor;Letrozole, 2.5mg/day,oral, 10-14 days; nonresponder"
GSM125219,2,GSE20181;GSE5462,5A;pretreatment;female;breast tumor; responder
GSM125220,2,GSE20181;GSE5462,"5B;female;breast tumor;Letrozole, 2.5mg/day,oral, 10-14 days; responder"
GSM125221,2,GSE20181;GSE5462,60A;pretreatment;female;breast tumor; responder
GSM125222,2,GSE20181;GSE5462,"60B;female;breast tumor;Letrozole, 2.5mg/day,oral, 10-14 days; responder"
GSM125223,2,GSE20181;GSE5462,63A;pretreatment;female;breast tumor; responder
GSM125224,2,GSE20181;GSE5462,"63B;female;breast tumor;Letrozole, 2.5mg/day,oral, 10-14 days; responder"
GSM125225,2,GSE20181;GSE5462,64A;pretreatment;female;breast tumor; responder
GSM125226,2,GSE20181;GSE5462,"64B;female;breast tumor;Letrozole, 2.5mg/day,oral, 10-14 days; responder"
GSM125227,2,GSE20181;GSE5462,65A;pretreatment;female;breast tumor; nonresponder
GSM125228,2,GSE20181;GSE5462,"65B;female;breast tumor;Letrozole, 2.5mg/day,oral, 10-14 days; nonresponder"
GSM125229,2,GSE20181;GSE5462,68A;pretreatment;female;breast tumor; nonresponder
GSM125230,2,GSE20181;GSE5462,"68B;female;breast tumor;Letrozole, 2.5mg/day,oral, 10-14 days; nonresponder"
GSM125231,2,GSE20181;GSE5462,69A;pretreatment;female;breast tumor; responder
GSM125232,2,GSE20181;GSE5462,"69B;female;breast tumor;Letrozole, 2.5mg/day,oral, 10-14 days; responder"
GSM125233,2,GSE20181;GSE5462,7A;pretreatment;female;breast tumor; responder
GSM125234,2,GSE20181;GSE5462,"7B;female;breast tumor;Letrozole, 2.5mg/day,oral, 10-14 days; responder"
GSM125235,2,GSE20181;GSE5462,8A;pretreatment;female;breast tumor; nonresponder
GSM125236,2,GSE20181;GSE5462,"8B;female;breast tumor;Letrozole, 2.5mg/day,oral, 10-14 days; nonresponder"
GSM125237,2,GSE20181;GSE5462,9A;pretreatment;female;breast tumor; responder
GSM125238,2,GSE20181;GSE5462,"9B;female;breast tumor;Letrozole, 2.5mg/day,oral, 10-14 days; responder"
GSM140974,2,GSE20624;GSE26338,A4-LLL-Lung-Met-Custom
GSM140983,2,GSE20624;GSE26338,A6-Liver-Met-LumB
GSM140986,3,GSE10886;GSE20624;GSE26338,BR01-0125-LumB
GSM140987,2,GSE20624;GSE26338,BR95-0017-LumB
GSM140992,2,GSE10886;GSE26338,PB126-Custom
GSM140994,2,GSE20624;GSE26338,PB407-LumB
GSM140999,4,GSE10886;GSE18229;GSE20624;GSE26338,010235B-Genomic-Core
GSM141000,2,GSE18229;GSE26338,010348B-Genomic-Core
GSM141001,5,GSE10886;GSE10893;GSE18229;GSE20624;GSE26338,010353B-Genomic-Core
GSM141002,5,GSE10886;GSE10893;GSE18229;GSE20624;GSE26338,010456B-Genomic-Core
GSM141008,3,GSE10893;GSE18229;GSE26338,9819-000129B
GSM141010,2,GSE20624;GSE6130,9819-000315B
GSM141011,2,GSE20624;GSE6130,9819-000392B
GSM141017,4,GSE10893;GSE18229;GSE20624;GSE26338,9819-010142B
GSM141022,5,GSE10893;GSE18229;GSE20624;GSE26338;GSE6130,9819-010372B
GSM141023,2,GSE20624;GSE6130,9819-010432B(1)
GSM141033,2,GSE20624;GSE26338,9819-020204B
GSM141070,3,GSE10886;GSE20624;GSE6130,UB-100
GSM141071,3,GSE10886;GSE20624;GSE6130,UB-110
GSM141072,2,GSE10886;GSE6130,UB-116
GSM141073,2,GSE10886;GSE6130,UB-117
GSM141074,2,GSE20624;GSE6130,UB-118
GSM141075,4,GSE10886;GSE20624;GSE26338;GSE6130,UB-120
GSM141076,2,GSE10886;GSE20624,UB131
GSM141077,2,GSE10886;GSE20624,UB23_C
GSM141079,3,GSE10886;GSE20624;GSE6130,UB-81L
GSM141081,3,GSE10886;GSE20624;GSE6130,UB-82
GSM141082,2,GSE20624;GSE6130,UB-85
GSM141083,2,GSE20624;GSE6130,UB-87
GSM141084,4,GSE10886;GSE20624;GSE26338;GSE6130,UB-88
GSM141085,3,GSE10886;GSE20624;GSE6130,UB-91
GSM141086,4,GSE10893;GSE18229;GSE20624;GSE26338,UB-94
GSM141087,2,GSE20624;GSE6130,UB-95
GSM141088,4,GSE10886;GSE20624;GSE26338;GSE6130,UB-99
GSM141089,2,GSE26338;GSE6130,UB-99LN
GSM141090,4,GSE10893;GSE18229;GSE20624;GSE26338,UNC-000279B
GSM141091,3,GSE18229;GSE20624;GSE26338,UNC-010208B
GSM141092,5,GSE10886;GSE10893;GSE18229;GSE20624;GSE26338,UNC-010224B
GSM141093,4,GSE10886;GSE10893;GSE18229;GSE26338,UNC-010318B
GSM141094,3,GSE10893;GSE18229;GSE26338,UNC-010355B
GSM141095,4,GSE10886;GSE10893;GSE18229;GSE26338,UNC-010509B
GSM141096,3,GSE10886;GSE18229;GSE26338,UNC-020155B
GSM141097,4,GSE10886;GSE18229;GSE20624;GSE26338,UNC-020242B
GSM141098,5,GSE10886;GSE10893;GSE18229;GSE20624;GSE26338,UNC-020297B
GSM141099,5,GSE10886;GSE10893;GSE18229;GSE20624;GSE26338,UNC-020306B
GSM141100,3,GSE10893;GSE18229;GSE26338,UNC-020320B
GSM141101,4,GSE10893;GSE18229;GSE20624;GSE26338,UNC-020428B
GSM141102,5,GSE10886;GSE10893;GSE18229;GSE20624;GSE26338,UNC-020439B
GSM141103,4,GSE10893;GSE18229;GSE20624;GSE26338,UNC-020510B..
GSM141104,2,GSE18229;GSE26338,UNC-020568B
GSM141105,5,GSE10886;GSE10893;GSE18229;GSE20624;GSE26338,UNC-020578B
GSM141106,4,GSE10893;GSE18229;GSE20624;GSE26338,UNC-030065B
GSM141107,3,GSE10893;GSE18229;GSE26338,UNC-030183B
GSM141108,5,GSE10886;GSE10893;GSE18229;GSE20624;GSE26338,UNC-030408B-core
GSM141109,3,GSE18229;GSE20624;GSE26338,UNC-030429B-core
GSM141110,4,GSE10886;GSE18229;GSE20624;GSE26338,UNC-030459B
GSM141111,4,GSE10886;GSE10893;GSE18229;GSE26338,UNC-030528B
GSM141113,3,GSE10893;GSE18229;GSE26338,UNC-040011B
GSM141114,5,GSE10886;GSE10893;GSE18229;GSE20624;GSE26338,UNC-040114B-core
GSM141115,4,GSE10893;GSE18229;GSE20624;GSE26338,UNC-040134B
GSM141117,5,GSE10886;GSE10893;GSE18229;GSE20624;GSE26338,UNC-040182B
GSM141118,5,GSE10886;GSE10893;GSE18229;GSE20624;GSE26338,UNC-040191B-core
GSM141119,2,GSE18229;GSE26338,UNC-040211B
GSM141120,2,GSE18229;GSE26338,UNC-040227B-core
GSM141121,4,GSE10886;GSE18229;GSE20624;GSE26338,UNC-040269B
GSM1619387,2,GSE66305;GSE66399,sample_01_01-TT-001 [expression]
GSM1619388,2,GSE66305;GSE66399,sample_01-OR-011 [expression]
GSM1619389,2,GSE66305;GSE66399,sample_102_01-PDG-017 [expression]
GSM1619390,2,GSE66305;GSE66399,sample_103_01-VT-018 [expression]
GSM1619391,2,GSE66305;GSE66399,sample_107_02-BG-006 [expression]
GSM1619392,2,GSE66305;GSE66399,sample_108_02-FM-007 [expression]
GSM1619393,2,GSE66305;GSE66399,sample_109_01-PK-019 [expression]
GSM1619394,2,GSE66305;GSE66399,sample_110_01-NB-020 [expression]
GSM1619395,2,GSE66305;GSE66399,sample_112_06-NP-002 [expression]
GSM1619396,2,GSE66305;GSE66399,sample_113_06-SF-003 [expression]
GSM1619397,2,GSE66305;GSE66399,sample_115_01-ESA-021 [expression]
GSM1619398,2,GSE66305;GSE66399,sample_12_02-FML-002 [expression]
GSM1619399,2,GSE66305;GSE66399,sample_139_08-NC-008 [expression]
GSM1619400,2,GSE66305;GSE66399,sample_140_08-MR-009 [expression]
GSM1619401,2,GSE66305;GSE66399,sample_142_01-MB-022 [expression]
GSM1619402,2,GSE66305;GSE66399,sample_143_01-MGC-023 [expression]
GSM1619403,2,GSE66305;GSE66399,sample_144_01-MPC-024 [expression]
GSM1619404,2,GSE66305;GSE66399,sample_145_01-LF-025 [expression]
GSM1619405,2,GSE66305;GSE66399,sample_146_01-SB-026 [expression]
GSM1619406,2,GSE66305;GSE66399,sample_147_06-LN-005 [expression]
GSM1619407,2,GSE66305;GSE66399,sample_148_02-IR-008 [expression]
GSM1619408,2,GSE66305;GSE66399,sample_149_02-MF-009 [expression]
GSM1619409,2,GSE66305;GSE66399,sample_150_02-CS-010 [expression]
GSM1619410,2,GSE66305;GSE66399,sample_157_01-VV-027 [expression]
GSM1619411,2,GSE66305;GSE66399,sample_158_03-ECC-003 [expression]
GSM1619412,2,GSE66305;GSE66399,sample_159_03-AA-004 [expression]
GSM1619413,2,GSE66305;GSE66399,sample_160_03-PP-005 [expression]
GSM1619414,2,GSE66305;GSE66399,sample_161_03-PB-006 [expression]
GSM1619415,2,GSE66305;GSE66399,sample_162_03-MG-007 [expression]
GSM1619416,2,GSE66305;GSE66399,sample_163_03-MAM-008 [expression]
GSM1619417,2,GSE66305;GSE66399,sample_164_03-PM-009 [expression]
GSM1619418,2,GSE66305;GSE66399,sample_17_02-MS-003 [expression]
GSM1619419,2,GSE66305;GSE66399,sample_171_11-GM-007_III [expression]
GSM1619420,2,GSE66305;GSE66399,sample_172_11-GR-008 [expression]
GSM1619421,2,GSE66305;GSE66399,sample_173_11-LT-009 [expression]
GSM1619422,2,GSE66305;GSE66399,sample_176_12-GP-001 [expression]
GSM1619423,2,GSE66305;GSE66399,sample_177_12-OH-002 [expression]
GSM1619424,2,GSE66305;GSE66399,sample_178_12-AP-003 [expression]
GSM1619425,2,GSE66305;GSE66399,sample_179_12-LA-004 [expression]
GSM1619426,2,GSE66305;GSE66399,sample_180_12-RP-005 [expression]
GSM1619427,2,GSE66305;GSE66399,sample_181_12-MBC-006 [expression]
GSM1619428,2,GSE66305;GSE66399,sample_182_01-NF-029 [expression]
GSM1619429,2,GSE66305;GSE66399,sample_183_01-PF-030 [expression]
GSM1619430,2,GSE66305;GSE66399,sample_184_01-IR-031 [expression]
GSM1619431,2,GSE66305;GSE66399,sample_185_08-GZ-010 [expression]
GSM1619432,2,GSE66305;GSE66399,sample_186_08-BS-012 [expression]
GSM1619433,2,GSE66305;GSE66399,sample_195_01-GL-032 [expression]
GSM1619434,2,GSE66305;GSE66399,sample_196_02-AN-011 [expression]
GSM1619435,2,GSE66305;GSE66399,sample_197_02-SC-012 [expression]
GSM1619436,2,GSE66305;GSE66399,sample_202_03_AM-10 [expression]
GSM1619437,2,GSE66305;GSE66399,sample_205_05-MP-006 [expression]
GSM1619438,2,GSE66305;GSE66399,sample_206_05-GS-007 [expression]
GSM1619439,2,GSE66305;GSE66399,sample_208_08-BMC-017 [expression]
GSM1619440,2,GSE66305;GSE66399,sample_209_08-MS-016 [expression]
GSM1619441,2,GSE66305;GSE66399,sample_21_01-ES-005 [expression]
GSM1619442,2,GSE66305;GSE66399,sample_210_08-AT-015 [expression]
GSM1619443,2,GSE66305;GSE66399,sample_211_08-EM-014 [expression]
GSM1619444,2,GSE66305;GSE66399,sample_212_08-OS-013 [expression]
GSM1619445,2,GSE66305;GSE66399,sample_213_12-DB-007 [expression]
GSM1619446,2,GSE66305;GSE66399,sample_28_01-MR-006 [expression]
GSM1619447,2,GSE66305;GSE66399,sample_35_01-CB-07 [expression]
GSM1619448,2,GSE66305;GSE66399,sample_44_01-WG-012 [expression]
GSM1619449,2,GSE66305;GSE66399,sample_45_01-AV-013 [expression]
GSM1619450,2,GSE66305;GSE66399,sample_47_01-PJL-014 [expression]
GSM1619451,2,GSE66305;GSE66399,sample_51_08-FP-003 [expression]
GSM1619452,2,GSE66305;GSE66399,sample_53_08-GC-001 [expression]
GSM1619453,2,GSE66305;GSE66399,sample_55_08-GL-002 [expression]
GSM1619454,2,GSE66305;GSE66399,sample_61_11-VB-001 [expression]
GSM1619455,2,GSE66305;GSE66399,sample_66_02-GS-005 [expression]
GSM1619456,2,GSE66305;GSE66399,sample_69_05-IL-001 [expression]
GSM1619457,2,GSE66305;GSE66399,sample_72_06-AD-001 [expression]
GSM1619458,2,GSE66305;GSE66399,sample_77_07-SF-002 [expression]
GSM1619459,2,GSE66305;GSE66399,sample_78_07-MS-003 [expression]
GSM1619460,2,GSE66305;GSE66399,sample_79_01-AG-015 [expression]
GSM1619461,2,GSE66305;GSE66399,sample_82_05-LF-002 [expression]
GSM1619462,2,GSE66305;GSE66399,sample_83_05-LA-003 [expression]
GSM1619463,2,GSE66305;GSE66399,sample_84_05-LR-004 [expression]
GSM1619464,2,GSE66305;GSE66399,sample_87_01-PD-016 [expression]
GSM1619465,2,GSE66305;GSE66399,sample_88_03-CV-002 [expression]
GSM1619466,2,GSE66305;GSE66399,sample_90_08-ZMT-06 [expression]
GSM1619467,2,GSE66305;GSE66399,sample_91_08-KA-04 [expression]
GSM1619468,2,GSE66305;GSE66399,sample_93_08-CM-05 [expression]
GSM1619469,2,GSE66305;GSE66399,sample_94_08-FR-07 [expression]
GSM1619470,2,GSE66305;GSE66399,sample_95_05-CB-005 [expression]
GSM1619471,2,GSE66305;GSE66399,sample_96_11-EB-002 [expression]
GSM1619472,2,GSE66305;GSE66399,sample_97_11-EV-003 [expression]
GSM1619473,2,GSE66305;GSE66399,sample_98_11-IS-004 [expression]
GSM1619474,2,GSE66305;GSE66399,sample_99_11-RG-005 [expression]
GSM1621442,2,GSE66398;GSE66399,sample_01-AG-015 [copy number]
GSM1621443,2,GSE66398;GSE66399,sample_01-AV-013 [copy number]
GSM1621444,2,GSE66398;GSE66399,sample_01-CB-007 [copy number]
GSM1621445,2,GSE66398;GSE66399,sample_01-EG-009 [copy number]
GSM1621446,2,GSE66398;GSE66399,sample_01-ES-005 [copy number]
GSM1621447,2,GSE66398;GSE66399,sample_01-ESA-021 [copy number]
GSM1621448,2,GSE66398;GSE66399,sample_01-FF-030 [copy number]
GSM1621449,2,GSE66398;GSE66399,sample_01-GL-032 [copy number]
GSM1621450,2,GSE66398;GSE66399,sample_01-LF-025 [copy number]
GSM1621451,2,GSE66398;GSE66399,sample_01-MB-022 [copy number]
GSM1621452,2,GSE66398;GSE66399,sample_01-MGC-023 [copy number]
GSM1621453,2,GSE66398;GSE66399,sample_01-MPC-024 [copy number]
GSM1621454,2,GSE66398;GSE66399,sample_01-MR-006 [copy number]
GSM1621455,2,GSE66398;GSE66399,sample_01-NB-020 [copy number]
GSM1621456,2,GSE66398;GSE66399,sample_01-NF-029 [copy number]
GSM1621457,2,GSE66398;GSE66399,sample_01-OR-011 [copy number]
GSM1621458,2,GSE66398;GSE66399,sample_01-PD-016 [copy number]
GSM1621459,2,GSE66398;GSE66399,sample_01-PDG-017 [copy number]
GSM1621460,2,GSE66398;GSE66399,sample_01-PJL-014 [copy number]
GSM1621462,2,GSE66398;GSE66399,sample_01-PK-019 [copy number]
GSM1621463,2,GSE66398;GSE66399,sample_01-SB-026 [copy number]
GSM1621464,2,GSE66398;GSE66399,sample_01-ST-008 [copy number]
GSM1621465,2,GSE66398;GSE66399,sample_01-TT-001 [copy number]
GSM1621466,2,GSE66398;GSE66399,sample_01-VT-018 [copy number]
GSM1621467,2,GSE66398;GSE66399,sample_01-VV-027 [copy number]
GSM1621468,2,GSE66398;GSE66399,sample_02-BG-006 [copy number]
GSM1621469,2,GSE66398;GSE66399,sample_02-CS-010 [copy number]
GSM1621470,2,GSE66398;GSE66399,sample_02-FML-002 [copy number]
GSM1621471,2,GSE66398;GSE66399,sample_02-IR-008 [copy number]
GSM1621472,2,GSE66398;GSE66399,sample_02-MF-009 [copy number]
GSM1621473,2,GSE66398;GSE66399,sample_02-MS-003 [copy number]
GSM1621474,2,GSE66398;GSE66399,sample_02-SC-012 [copy number]
GSM1621475,2,GSE66398;GSE66399,sample_03-AM-010 [copy number]
GSM1621476,2,GSE66398;GSE66399,sample_03-CV-002 [copy number]
GSM1621477,2,GSE66398;GSE66399,sample_03-ECC-003 [copy number]
GSM1621478,2,GSE66398;GSE66399,sample_03-MAM-008 [copy number]
GSM1621479,2,GSE66398;GSE66399,sample_05-CB-005 [copy number]
GSM1621480,2,GSE66398;GSE66399,sample_05-GS-007 [copy number]
GSM1621481,2,GSE66398;GSE66399,sample_05-IL-001 [copy number]
GSM1621482,2,GSE66398;GSE66399,sample_05-LA-003 [copy number]
GSM1621483,2,GSE66398;GSE66399,sample_05-LF-002 [copy number]
GSM1621484,2,GSE66398;GSE66399,sample_05-LR-004 [copy number]
GSM1621485,2,GSE66398;GSE66399,sample_05-MP-006 [copy number]
GSM1621486,2,GSE66398;GSE66399,sample_06-AD-001 [copy number]
GSM1621487,2,GSE66398;GSE66399,sample_06-LN-005 [copy number]
GSM1621488,2,GSE66398;GSE66399,sample_06-NP-002 [copy number]
GSM1621489,2,GSE66398;GSE66399,sample_06-SF-003 [copy number]
GSM1621490,2,GSE66398;GSE66399,sample_08-AT-015 [copy number]
GSM1621491,2,GSE66398;GSE66399,sample_08-BMC-017 [copy number]
GSM1621493,2,GSE66398;GSE66399,sample_08-BS-012 [copy number]
GSM1621494,2,GSE66398;GSE66399,sample_08-CM-05 [copy number]
GSM1621495,2,GSE66398;GSE66399,sample_08-EM-014 [copy number]
GSM1621496,2,GSE66398;GSE66399,sample_08-FP-003 [copy number]
GSM1621497,2,GSE66398;GSE66399,sample_08-GC-001 [copy number]
GSM1621498,2,GSE66398;GSE66399,sample_08-GL-002 [copy number]
GSM1621499,2,GSE66398;GSE66399,sample_08-GZ-010 [copy number]
GSM1621500,2,GSE66398;GSE66399,sample_08-KA-004 [copy number]
GSM1621501,2,GSE66398;GSE66399,sample_08-MR-009 [copy number]
GSM1621502,2,GSE66398;GSE66399,sample_08-MS-016 [copy number]
GSM1621503,2,GSE66398;GSE66399,sample_08-NC-008 [copy number]
GSM1621504,2,GSE66398;GSE66399,sample_08-OS-013 [copy number]
GSM1621505,2,GSE66398;GSE66399,sample_08-ZMT-006 [copy number]
GSM1621506,2,GSE66398;GSE66399,sample_11-EV-003 [copy number]
GSM1621507,2,GSE66398;GSE66399,sample_11-IS-004 [copy number]
GSM1621508,2,GSE66398;GSE66399,sample_11-LT-009 [copy number]
GSM1621509,2,GSE66398;GSE66399,sample_11-RG-005 [copy number]
GSM1621511,2,GSE66398;GSE66399,sample_11-VB-001 [copy number]
GSM1621512,2,GSE66398;GSE66399,sample_12-DB-007 [copy number]
GSM1844,2,GSE4335;GSE4382,BC402B-BE
GSM1845,2,GSE4335;GSE4382,BC709B-BE
GSM1846,2,GSE4335;GSE4382,BC107B-BE
GSM1849,2,GSE4335;GSE4382,BC1369
GSM1850,2,GSE4335;GSE4382,BC123B-BE
GSM1852,2,GSE4335;GSE4382,BC14
GSM1854,2,GSE4335;GSE4382,BC16
GSM1855,2,GSE4335;GSE4382,BC111A-BE
GSM1858,2,GSE4335;GSE4382,BC118B-BE
GSM1860,2,GSE4335;GSE4382,BC2
GSM1861,2,GSE4335;GSE4382,BC309A-BE
GSM1866,2,GSE4335;GSE4382,BC206A-BE
GSM1867,2,GSE4335;GSE4382,BC124A-BE
GSM1868,2,GSE4335;GSE4382,BC114A-BE
GSM1871,2,GSE4335;GSE4382,BC17
GSM1872,2,GSE4335;GSE4382,BC1257
GSM1873,2,GSE4335;GSE4382,BC35-0
GSM1874,2,GSE4335;GSE4382,BC24
GSM1877,2,GSE4335;GSE4382,BC116A-BE
GSM1878,2,GSE4335;GSE4382,BC111B-BE
GSM1880,2,GSE4335;GSE4382,BC208A-BE
GSM1882,2,GSE4335;GSE4382,BC708B-BE
GSM1887,2,GSE4335;GSE4382,Normal Breast1
GSM1888,2,GSE4335;GSE4382,BC710A-BE
GSM1889,2,GSE4335;GSE4382,BC115B-BE
GSM1891,2,GSE4335;GSE4382,BC805A-BE
GSM1892,2,GSE4335;GSE4382,BC38
GSM1897,2,GSE4335;GSE4382,BC110B-BE
GSM1898,2,GSE4335;GSE4382,BC37-FA
GSM1900,2,GSE4335;GSE4382,BC213B-BE
GSM1902,2,GSE4335;GSE4382,Normal Breast-Norway1
GSM1904,2,GSE4335;GSE4382,BC112B-BE
GSM1905,2,GSE4335;GSE4382,BC214B-BE
GSM1906,2,GSE4335;GSE4382,Normal Breast2
GSM1909,2,GSE4335;GSE4382,BC807A-BE
GSM1911,2,GSE4335;GSE4382,BC808A-BE
GSM1913,2,GSE4335;GSE4382,BC711B-BE
GSM1914,2,GSE4335;GSE4382,BC117A-BE
GSM1915,2,GSE4335;GSE4382,BC308B-BE
GSM1916,2,GSE4335;GSE4382,BC23
GSM1918,2,GSE4335;GSE4382,BC790
GSM1927,2,GSE4335;GSE4382,BC305A-BE
GSM2036646,2,GSE76726;GSE76728,breast-tum-nit-9-CB
GSM2036647,2,GSE76726;GSE76728,breast-tum-nit-9-EB
GSM2036648,2,GSE76726;GSE76728,breast-tum-nit-15-CB
GSM2036649,2,GSE76726;GSE76728,breast-tum-nit-15-EB
GSM2036650,2,GSE76726;GSE76728,breast-tum-nit-28-CB
GSM2036651,2,GSE76726;GSE76728,breast-tum-nit-28-EB
GSM2036652,2,GSE76726;GSE76728,breast-tum-nit-32-CB
GSM2036653,2,GSE76726;GSE76728,breast-tum-nit-32-EB
GSM2036654,2,GSE76727;GSE76728,breast-tum-nit-1-CB
GSM2036655,2,GSE76727;GSE76728,breast-tum-nit-1-EB
GSM2036656,2,GSE76727;GSE76728,breast-tum-nit-5-CB
GSM2036657,2,GSE76727;GSE76728,breast-tum-nit-5-EB
GSM2036658,2,GSE76727;GSE76728,breast-tum-nit-10-CB
GSM2036659,2,GSE76727;GSE76728,breast-tum-nit-10-EB
GSM2036660,2,GSE76727;GSE76728,breast-tum-nit-14-CB
GSM2036661,2,GSE76727;GSE76728,breast-tum-nit-14-EB
GSM2036662,2,GSE76727;GSE76728,breast-tum-nit-16-CB
GSM2036663,2,GSE76727;GSE76728,breast-tum-nit-16-EB
GSM2036664,2,GSE76727;GSE76728,breast-tum-nit-17-CB
GSM2036665,2,GSE76727;GSE76728,breast-tum-nit-17-EB
GSM2036666,2,GSE76727;GSE76728,breast-tum-nit-18-CB
GSM2036667,2,GSE76727;GSE76728,breast-tum-nit-18-EB
GSM2036668,2,GSE76727;GSE76728,breast-tum-nit-19-CB
GSM2036669,2,GSE76727;GSE76728,breast-tum-nit-19-EB
GSM2036670,2,GSE76727;GSE76728,breast-tum-nit-23-CB
GSM2036671,2,GSE76727;GSE76728,breast-tum-nit-23-EB
GSM2036672,2,GSE76727;GSE76728,breast-tum-nit-24-CB
GSM2036673,2,GSE76727;GSE76728,breast-tum-nit-24-EB
GSM2036674,2,GSE76727;GSE76728,breast-tum-nit-25-CB
GSM2036675,2,GSE76727;GSE76728,breast-tum-nit-25-EB
GSM2036676,2,GSE76727;GSE76728,breast-tum-nit-34-CB
GSM2036677,2,GSE76727;GSE76728,breast-tum-nit-34-EB
GSM2036678,2,GSE76727;GSE76728,breast-tum-nit-35-CB
GSM2036679,2,GSE76727;GSE76728,breast-tum-nit-35-EB
GSM2036680,2,GSE76727;GSE76728,breast-tum-nit-39-CB
GSM2036681,2,GSE76727;GSE76728,breast-tum-nit-39-EB
GSM2036682,2,GSE76727;GSE76728,breast-tum-nit-41-CB
GSM2036683,2,GSE76727;GSE76728,breast-tum-nit-41-EB
GSM2036684,2,GSE76727;GSE76728,breast-tum-nit-42-CB
GSM2036685,2,GSE76727;GSE76728,breast-tum-nit-42-EB
GSM2036686,2,GSE76727;GSE76728,breast-tum-nit-53-CB
GSM2036687,2,GSE76727;GSE76728,breast-tum-nit-53-EB
GSM2036688,2,GSE76727;GSE76728,breast-tum-nit-54-CB
GSM2036689,2,GSE76727;GSE76728,breast-tum-nit-54-EB
GSM2036690,2,GSE76727;GSE76728,breast-tum-nit-58-CB
GSM2036691,2,GSE76727;GSE76728,breast-tum-nit-58-EB
GSM2036692,2,GSE76727;GSE76728,breast-tum-nit-59-CB
GSM2036693,2,GSE76727;GSE76728,breast-tum-nit-59-EB
GSM2036694,2,GSE76727;GSE76728,breast-tum-nit-64-CB
GSM2036695,2,GSE76727;GSE76728,breast-tum-nit-64-EB
GSM2036696,2,GSE76727;GSE76728,breast-tum-nit-65-CB
GSM2036697,2,GSE76727;GSE76728,breast-tum-nit-65-EB
GSM2036698,2,GSE76727;GSE76728,breast-tum-nit-67-CB
GSM2036699,2,GSE76727;GSE76728,breast-tum-nit-67-EB
GSM2036700,2,GSE76727;GSE76728,breast-tum-nit-70-CB
GSM2036701,2,GSE76727;GSE76728,breast-tum-nit-70-EB
GSM2036702,2,GSE76727;GSE76728,breast-tum-nit-71-CB
GSM2036703,2,GSE76727;GSE76728,breast-tum-nit-71-EB
GSM2036704,2,GSE76727;GSE76728,breast-tum-nit-72-CB
GSM2036705,2,GSE76727;GSE76728,breast-tum-nit-72-EB
GSM2036706,2,GSE76727;GSE76728,breast-tum-nit-73-CB
GSM2036707,2,GSE76727;GSE76728,breast-tum-nit-73-EB
GSM2036708,2,GSE76727;GSE76728,breast-tum-nit-74-CB
GSM2036709,2,GSE76727;GSE76728,breast-tum-nit-74-EB
GSM2036710,2,GSE76727;GSE76728,breast-tum-nit-77-CB
GSM2036711,2,GSE76727;GSE76728,breast-tum-nit-77-EB
GSM2036712,2,GSE76727;GSE76728,breast-tum-nit-78-CB
GSM2036713,2,GSE76727;GSE76728,breast-tum-nit-78-EB
GSM2036714,2,GSE76727;GSE76728,breast-tum-nit-79-CB
GSM2036715,2,GSE76727;GSE76728,breast-tum-nit-79-EB
GSM2036716,2,GSE76727;GSE76728,breast-tum-nit-82-CB
GSM2036717,2,GSE76727;GSE76728,breast-tum-nit-82-EB
GSM2036718,2,GSE76727;GSE76728,breast-tum-nit-83-CB
GSM2036719,2,GSE76727;GSE76728,breast-tum-nit-83-EB
GSM275694,3,GSE10886;GSE18229;GSE26338,00-0161B-Genomic-Core
GSM275770,2,GSE10886;GSE20624,9830-030399B-C
GSM275771,2,GSE10886;GSE20624,9830-030584B-C
GSM275773,2,GSE10886;GSE20624,9830-040072B-C
GSM275775,2,GSE10893;GSE26338,A5-Skin#1-Rt-Met-Custom
GSM275782,5,GSE10886;GSE10893;GSE18229;GSE20624;GSE26338,UNC-010532B-core
GSM275783,5,GSE10886;GSE10893;GSE18229;GSE20624;GSE26338,UNC-020464B-core
GSM275784,3,GSE10893;GSE18229;GSE26338,UNC-030370B
GSM275788,2,GSE10886;GSE20624,Wash U-13765
GSM275789,2,GSE10886;GSE20624,Wash U-13769
GSM275790,2,GSE10886;GSE20624,Wash U-14259
GSM275791,2,GSE10886;GSE20624,Wash U-4142
GSM275792,2,GSE10886;GSE20624,Wash U-4161
GSM275793,2,GSE10886;GSE20624,Wash U-4584
GSM275794,2,GSE10886;GSE20624,Wash U-6046
GSM275795,2,GSE10886;GSE20624,Wash U-8687
GSM275796,2,GSE10886;GSE20624,Wash U-8699
GSM275797,2,GSE10886;GSE20624,WashU-15692-repeat
GSM275800,2,GSE10886;GSE20624,WashU-3604-repeat
GSM275801,2,GSE10886;GSE20624,WashU-4365-repeat
GSM275802,2,GSE10886;GSE20624,WU-00328-6067
GSM275803,2,GSE10886;GSE20624,WU-00431-8681
GSM275804,2,GSE10886;GSE20624,WU-00509-19641
GSM275805,2,GSE10886;GSE20624,WU-00531-19640
GSM275806,4,GSE10886;GSE10893;GSE18229;GSE26338,WU-00538-2858
GSM275807,2,GSE10886;GSE20624,WU-00556-4754
GSM275808,5,GSE10886;GSE10893;GSE18229;GSE20624;GSE26338,WU-00777-4362
GSM275809,2,GSE10886;GSE20624,WU-00821-8991
GSM275810,2,GSE10886;GSE20624,WU-00899-4363
GSM275811,2,GSE10886;GSE20624,WU-01249-15116
GSM275812,2,GSE10886;GSE20624,WU-01250-15117
GSM275813,2,GSE10886;GSE20624,WU-01407-2859
GSM275814,5,GSE10886;GSE10893;GSE18229;GSE20624;GSE26338,WU-01456-3606
GSM275815,5,GSE10886;GSE10893;GSE18229;GSE20624;GSE26338,WU-01500-2231
GSM275816,2,GSE10886;GSE20624,WU-01502-2232
GSM275817,2,GSE10886;GSE20624,WU-01511-2851
GSM275818,5,GSE10886;GSE10893;GSE18229;GSE20624;GSE26338,WU-01520-2706
GSM275819,2,GSE10886;GSE20624,WU-01540-2385
GSM275820,2,GSE10886;GSE20624,WU-01580-3608
GSM275821,2,GSE10886;GSE20624,WU-01587-3845
GSM275822,2,GSE10886;GSE20624,WU-01613-3846
GSM275823,2,GSE10886;GSE20624,WU-01680-4160
GSM275824,5,GSE10886;GSE10893;GSE18229;GSE20624;GSE26338,WU-01700-2855
GSM275825,2,GSE10886;GSE20624,WU-01790-4138
GSM275826,2,GSE10886;GSE20624,WU-01792-4141
GSM275827,5,GSE10886;GSE10893;GSE18229;GSE20624;GSE26338,WU-01897-2850
GSM275828,2,GSE10886;GSE20624,WU-01900-2396
GSM275829,2,GSE10886;GSE20624,WU-02104-2393
GSM275830,2,GSE10886;GSE20624,WU-02132-3615
GSM275831,5,GSE10886;GSE10893;GSE18229;GSE20624;GSE26338,WU-02181-9403
GSM275832,2,GSE10886;GSE20624,WU-02338-8725
GSM275833,2,GSE10886;GSE20624,WU-02390-8994
GSM275834,2,GSE10886;GSE20624,WU-02455-13639
GSM275835,2,GSE10886;GSE20624,WU-02471-8995
GSM275836,5,GSE10886;GSE10893;GSE18229;GSE20624;GSE26338,WU-02689-15567
GSM275837,2,GSE10886;GSE20624,WU-02771-8997
GSM275838,5,GSE10886;GSE10893;GSE18229;GSE20624;GSE26338,WU-02799-8688
GSM275839,2,GSE10886;GSE20624,WU-02843-15718
GSM275840,2,GSE10886;GSE20624,WU-02873-14598
GSM275841,2,GSE10886;GSE20624,WU-02948-13641
GSM275842,2,GSE10886;GSE20624,WU-03064-8693
GSM275843,2,GSE10886;GSE20624,WU-03292-4164
GSM275844,2,GSE10886;GSE20624,WU-03445-10746
GSM275845,5,GSE10886;GSE10893;GSE18229;GSE20624;GSE26338,WU-03483-8696
GSM275846,2,GSE10886;GSE20624,WU-03535-8704
GSM275847,2,GSE10886;GSE20624,WU-03661-9021
GSM275848,2,GSE10886;GSE20624,WU-03685-9023
GSM275849,5,GSE10886;GSE10893;GSE18229;GSE20624;GSE26338,WU-03700-9024
GSM275850,2,GSE10886;GSE20624,WU-03714-9025
GSM275851,5,GSE10886;GSE10893;GSE18229;GSE20624;GSE26338,WU-03780-9028
GSM275852,2,GSE10886;GSE20624,WU-03791-8701
GSM275854,2,GSE10886;GSE20624,WU-03839-8678
GSM275855,5,GSE10886;GSE10893;GSE18229;GSE20624;GSE26338,WU-03843-8677
GSM275856,5,GSE10886;GSE10893;GSE18229;GSE20624;GSE26338,WU-03853-8702
GSM275857,2,GSE10886;GSE20624,WU-03885-13768
GSM275858,2,GSE10886;GSE20624,WU-03946-4646
GSM275859,2,GSE10886;GSE20624,WU-04024-15563
GSM275860,2,GSE10886;GSE20624,WU-04030-15571
GSM275861,5,GSE10886;GSE10893;GSE18229;GSE20624;GSE26338,WU-04038-11728
GSM275862,5,GSE10886;GSE10893;GSE18229;GSE20624;GSE26338,WU-04226-14539
GSM275863,2,GSE10886;GSE20624,WU-04327-19638
GSM275864,5,GSE10886;GSE10893;GSE18229;GSE20624;GSE26338,WU-04532-14540
GSM275865,2,GSE10886;GSE20624,WU-04834-14541
GSM275866,2,GSE10886;GSE20624,WU-04952-4650
GSM275867,2,GSE10886;GSE20624,WU-04984-14260
GSM275871,5,GSE10886;GSE10893;GSE18229;GSE20624;GSE26338,WU-05009-4750
GSM275872,5,GSE10886;GSE10893;GSE18229;GSE20624;GSE26338,WU-05094-4757
GSM275873,2,GSE10886;GSE20624,WU-05118-4627
GSM275874,5,GSE10886;GSE10893;GSE18229;GSE20624;GSE26338,WU-05144-4628
GSM275875,2,GSE10886;GSE20624,WU-05162-4653
GSM275876,2,GSE10886;GSE20624,WU-05191-4583
GSM275877,2,GSE10886;GSE20624,WU-05196-4631
GSM275878,2,GSE10886;GSE20624,WU-05207-14543
GSM275879,2,GSE10886;GSE20624,WU-05215-13772
GSM275880,2,GSE10886;GSE20624,WU-05337-4684
GSM275881,2,GSE10886;GSE20624,WU-05415-4769
GSM275882,2,GSE10886;GSE20624,WU-05454-10750
GSM275883,2,GSE10886;GSE20624,WU-05478-4756
GSM275884,5,GSE10886;GSE10893;GSE18229;GSE20624;GSE26338,WU-05561-11732
GSM275885,2,GSE10886;GSE20624,WU-05641-4763
GSM275886,2,GSE10886;GSE20624,WU-05897-13644
GSM275887,2,GSE10886;GSE20624,WU-05991-10752
GSM275888,2,GSE10886;GSE20624,WU-06036-11733
GSM275889,2,GSE10886;GSE20624,WU-06397-15574
GSM275890,2,GSE10886;GSE20624,WU-06398-15575
GSM275891,2,GSE10886;GSE20624,WU-06416-4766
GSM275892,5,GSE10886;GSE10893;GSE18229;GSE20624;GSE26338,WU-06545-4772
GSM275893,2,GSE10886;GSE20624,WU-06559-11734
GSM275894,2,GSE10886;GSE20624,WU-06580-13774
GSM275895,2,GSE10886;GSE20624,WU-06611-4686
GSM275896,2,GSE10886;GSE20624,WU-06646-4771
GSM275897,2,GSE10886;GSE20624,WU-06857-4773
GSM275898,2,GSE10886;GSE20624,WU-07407-15723
GSM275899,5,GSE10886;GSE10893;GSE18229;GSE20624;GSE26338,WU-07453-14263
GSM275900,2,GSE10886;GSE20624,WU-07509-15584
GSM275901,2,GSE10886;GSE20624,WU-07510-15724
GSM275902,2,GSE10886;GSE20624,WU-07512-14264
GSM275903,2,GSE10886;GSE20624,WU-07545-15565
GSM275904,2,GSE10886;GSE20624,WU-07558-14552
GSM275905,2,GSE10886;GSE20624,WU-07589-13875
GSM275906,2,GSE10886;GSE20624,WU-07622-14265
GSM275907,5,GSE10886;GSE10893;GSE18229;GSE20624;GSE26338,WU-07791-15573
GSM275908,4,GSE10886;GSE18229;GSE20624;GSE26338,WU-07805-15726
GSM275909,2,GSE10886;GSE20624,WU-08626-4774
GSM275919,3,GSE10893;GSE18229;GSE26338,MDACC-Meta13
GSM275920,3,GSE10893;GSE18229;GSE26338,MDACC-Meta14
GSM275921,3,GSE10893;GSE18229;GSE26338,MDACC-Meta15
GSM275922,3,GSE10893;GSE18229;GSE26338,MDACC-Meta16
GSM275923,3,GSE10893;GSE18229;GSE26338,MDACC-Meta5
GSM275924,3,GSE10893;GSE18229;GSE26338,MDACC-Meta6
GSM275925,3,GSE10893;GSE18229;GSE26338,MDACC-Meta7
GSM275926,3,GSE10893;GSE18229;GSE26338,MDACC-Meta8
GSM275927,3,GSE10893;GSE18229;GSE26338,MDACC-TN25
GSM275928,3,GSE10893;GSE18229;GSE26338,MDACC-TN36
GSM275929,3,GSE10893;GSE18229;GSE26338,MDACC-TN6
GSM275930,3,GSE10893;GSE18229;GSE26338,MDACC-TN77
GSM34423,3,GSE10893;GSE18229;GSE26338,PB138-Int
GSM34424,5,GSE10893;GSE18229;GSE20624;GSE26338;GSE6130,BR00-0504
GSM34425,4,GSE10893;GSE18229;GSE26338;GSE6130,BR00-0284
GSM34426,4,GSE10893;GSE18229;GSE26338;GSE6130,BR94-1083
GSM34427,4,GSE10893;GSE18229;GSE26338;GSE6130,Normal-Breast-6
GSM34428,6,GSE10886;GSE10893;GSE18229;GSE20624;GSE26338;GSE6130,UB44
GSM34429,4,GSE10893;GSE18229;GSE26338;GSE6130,BR97-0137
GSM34430,5,GSE10886;GSE10893;GSE18229;GSE26338;GSE6130,BR00-0587
GSM34431,6,GSE10886;GSE10893;GSE18229;GSE20624;GSE26338;GSE6130,UB37
GSM34432,5,GSE10893;GSE18229;GSE20624;GSE26338;GSE6130,020573-BC-Primary
GSM34433,5,GSE10893;GSE18229;GSE20624;GSE26338;GSE6130,PB475
GSM34434,3,GSE10893;GSE18229;GSE26338,BR97-1045
GSM34435,5,GSE10893;GSE18229;GSE20624;GSE26338;GSE6130,030064-BC-Brain-Met
GSM34436,3,GSE10893;GSE18229;GSE26338,BC00014-Repeat1
GSM34437,6,GSE10886;GSE10893;GSE18229;GSE20624;GSE26338;GSE6130,UB29
GSM34438,4,GSE10886;GSE10893;GSE18229;GSE26338,UB55-Int
GSM34439,4,GSE10886;GSE10893;GSE18229;GSE26338,BC00004-Repeat1
GSM34440,4,GSE10893;GSE18229;GSE26338;GSE6130,Normal-Breast-9
GSM34441,4,GSE10893;GSE18229;GSE26338;GSE6130,Normal-Breast-4
GSM34442,3,GSE10893;GSE18229;GSE26338,A1-01-Right-Lung
GSM34443,2,GSE10893;GSE18229,A4-LUL-Lung-Met
GSM34444,4,GSE10893;GSE18229;GSE20624;GSE26338,BC00057-post-chemo
GSM34445,3,GSE20624;GSE26338;GSE6130,PB271
GSM34446,5,GSE10886;GSE10893;GSE18229;GSE20624;GSE26338,PB277
GSM34447,5,GSE10893;GSE18229;GSE20624;GSE26338;GSE6130,PB293
GSM34448,6,GSE10886;GSE10893;GSE18229;GSE20624;GSE26338;GSE6130,PB370
GSM34449,3,GSE10893;GSE18229;GSE26338,UB61-Int
GSM34450,6,GSE10886;GSE10893;GSE18229;GSE20624;GSE26338;GSE6130,UB67
GSM34451,6,GSE10886;GSE10893;GSE18229;GSE20624;GSE26338;GSE6130,UB69
GSM34452,5,GSE10886;GSE10893;GSE18229;GSE26338;GSE6130,UB71
GSM34453,5,GSE10893;GSE18229;GSE20624;GSE26338;GSE6130,030521-BC-Brain-Met
GSM34454,3,GSE10893;GSE18229;GSE26338,BR99-0207-Int
GSM34455,6,GSE10886;GSE10893;GSE18229;GSE20624;GSE26338;GSE6130,BR99-0348
GSM34456,4,GSE10886;GSE10893;GSE18229;GSE26338,BR99-0348-Int
GSM34457,3,GSE10893;GSE18229;GSE26338,PB158
GSM34458,5,GSE10893;GSE18229;GSE20624;GSE26338;GSE6130,PB249
GSM34459,6,GSE10886;GSE10893;GSE18229;GSE20624;GSE26338;GSE6130,PB255
GSM34460,5,GSE10893;GSE18229;GSE20624;GSE26338;GSE6130,PB267
GSM34461,3,GSE10893;GSE18229;GSE26338,BR01-0125
GSM34462,5,GSE10893;GSE18229;GSE20624;GSE26338;GSE6130,BR95-0184
GSM34463,5,GSE10893;GSE18229;GSE20624;GSE26338;GSE6130,BR96-0014
GSM34464,5,GSE10886;GSE10893;GSE18229;GSE26338;GSE6130,PB120-LN-Met
GSM34465,3,GSE10893;GSE18229;GSE26338,Normal-Breast-5
GSM34466,2,GSE10893;GSE18229,PB126-LN-Met
GSM34467,2,GSE10893;GSE18229,A4-LLL-Lung-Met
GSM34469,6,GSE10886;GSE10893;GSE18229;GSE20624;GSE26338;GSE6130,BC00064-RECUR
GSM34470,3,GSE10893;GSE18229;GSE26338,BR00-0387-Repeat1
GSM34471,3,GSE10893;GSE18229;GSE26338,BC00052-post-chemo-Int
GSM34472,3,GSE10893;GSE18229;GSE26338,030521-BC-Brain-Met-Int
GSM34473,3,GSE10893;GSE18229;GSE20624,A1-17-Left-Primary
GSM34474,6,GSE10886;GSE10893;GSE18229;GSE20624;GSE26338;GSE6130,BC00004
GSM34475,6,GSE10886;GSE10893;GSE18229;GSE20624;GSE26338;GSE6130,BC00034
GSM34476,4,GSE10886;GSE10893;GSE18229;GSE26338,PB379
GSM34477,4,GSE10893;GSE18229;GSE26338;GSE6130,PB419
GSM34478,3,GSE10893;GSE18229;GSE26338,PB419-Int
GSM34479,5,GSE10893;GSE18229;GSE20624;GSE26338;GSE6130,BC00029T
GSM34480,4,GSE10893;GSE18229;GSE26338;GSE6130,PB307
GSM34481,6,GSE10886;GSE10893;GSE18229;GSE20624;GSE26338;GSE6130,PB311
GSM34482,5,GSE10886;GSE10893;GSE18229;GSE26338;GSE6130,Normal-Breast-3
GSM34483,4,GSE10886;GSE10893;GSE18229;GSE26338,Normal-Breast-7
GSM34484,4,GSE10893;GSE18229;GSE26338;GSE6130,BR00-0572
GSM34485,2,GSE10893;GSE18229,BR00-0572-Int
GSM34486,4,GSE10893;GSE18229;GSE20624;GSE26338,BR01-0349
GSM34487,5,GSE10893;GSE18229;GSE20624;GSE26338;GSE6130,BR95-0035
GSM34488,6,GSE10886;GSE10893;GSE18229;GSE20624;GSE26338;GSE6130,BC00036T
GSM34489,2,GSE10893;GSE18229,BR97-0137-Int
GSM34490,4,GSE10893;GSE18229;GSE26338;GSE6130,Normal-Breast-1
GSM34491,4,GSE10893;GSE18229;GSE26338;GSE6130,PB126
GSM34492,3,GSE10893;GSE18229;GSE26338,PB138
GSM34494,5,GSE10893;GSE18229;GSE20624;GSE26338;GSE6130,BC00014
GSM34495,5,GSE10893;GSE18229;GSE20624;GSE26338;GSE6130,BR01-0123
GSM34496,4,GSE10893;GSE18229;GSE26338;GSE6130,BR01-0246
GSM34497,6,GSE10886;GSE10893;GSE18229;GSE20624;GSE26338;GSE6130,PB314
GSM34498,4,GSE10886;GSE10893;GSE18229;GSE26338,030432-BC-Brain-Met-Int
GSM34499,3,GSE10893;GSE18229;GSE26338,BC00053
GSM34501,4,GSE10893;GSE18229;GSE26338;GSE6130,PB362
GSM34503,3,GSE10893;GSE18229;GSE26338,UB67-Repeat1
GSM34504,5,GSE10893;GSE18229;GSE20624;GSE26338;GSE6130,PB377
GSM34505,4,GSE10893;GSE18229;GSE20624;GSE26338,PB388
GSM34506,3,GSE10893;GSE18229;GSE26338,PB412
GSM34507,3,GSE10893;GSE18229;GSE26338,PB412-Int
GSM34508,6,GSE10886;GSE10893;GSE18229;GSE20624;GSE26338;GSE6130,PB413
GSM34509,3,GSE10893;GSE18229;GSE26338,BC00085
GSM34510,6,GSE10886;GSE10893;GSE18229;GSE20624;GSE26338;GSE6130,UB57
GSM34511,5,GSE10886;GSE10893;GSE18229;GSE20624;GSE26338,030432-BC-Brain-Met
GSM34512,4,GSE10893;GSE18229;GSE26338;GSE6130,UB78
GSM34513,2,GSE10893;GSE18229,UB78-LN-Met
GSM34514,4,GSE10893;GSE18229;GSE26338;GSE6130,UB79
GSM34515,3,GSE10893;GSE18229;GSE26338,BC00010-Repeat1
GSM34516,4,GSE10886;GSE10893;GSE18229;GSE26338,BC00036-Repeat1
GSM34517,3,GSE10893;GSE18229;GSE26338,BC00070-Int
GSM34518,3,GSE10893;GSE18229;GSE26338,BR00-0284-Int
GSM34519,4,GSE10893;GSE18229;GSE20624;GSE26338,BR00-0344
GSM34520,4,GSE10893;GSE18229;GSE26338;GSE6130,020577-BC-Brain-Met(=73)
GSM34521,5,GSE10893;GSE18229;GSE20624;GSE26338;GSE6130,BR95-0152
GSM34523,6,GSE10886;GSE10893;GSE18229;GSE20624;GSE26338;GSE6130,PB205
GSM34524,4,GSE10893;GSE18229;GSE26338;GSE6130,Normal-Breast-8
GSM34525,5,GSE10886;GSE10893;GSE18229;GSE26338;GSE6130,UB66
GSM34526,3,GSE10893;GSE18229;GSE26338,BR95-0017
GSM34527,6,GSE10886;GSE10893;GSE18229;GSE20624;GSE26338;GSE6130,PB334
GSM34528,6,GSE10886;GSE10893;GSE18229;GSE20624;GSE26338;GSE6130,PB455
GSM34529,5,GSE10886;GSE10893;GSE18229;GSE26338;GSE6130,UB21
GSM34530,6,GSE10886;GSE10893;GSE18229;GSE20624;GSE26338;GSE6130,UB39
GSM34531,6,GSE10886;GSE10893;GSE18229;GSE20624;GSE26338;GSE6130,UB45
GSM34532,6,GSE10886;GSE10893;GSE18229;GSE20624;GSE26338;GSE6130,UB60
GSM34533,2,GSE10893;GSE18229,UB79-LN-Met
GSM34534,5,GSE10893;GSE18229;GSE20624;GSE26338;GSE6130,BC00041
GSM34535,4,GSE10893;GSE18229;GSE26338;GSE6130,BC00043T
GSM34536,5,GSE10893;GSE18229;GSE20624;GSE26338;GSE6130,BC00049T
GSM34537,3,GSE10893;GSE18229;GSE20624,BC00066
GSM34538,5,GSE10893;GSE18229;GSE20624;GSE26338;GSE6130,BC00070
GSM34539,5,GSE10893;GSE18229;GSE20624;GSE26338;GSE6130,BC00071
GSM34540,3,GSE10893;GSE18229;GSE26338,BR00-0344-Repeat1
GSM34541,6,GSE10886;GSE10893;GSE18229;GSE20624;GSE26338;GSE6130,BR00-0387
GSM34542,5,GSE10893;GSE18229;GSE20624;GSE26338;GSE6130,BR98-0161
GSM34543,4,GSE10893;GSE18229;GSE20624;GSE26338,PB258
GSM34544,6,GSE10886;GSE10893;GSE18229;GSE20624;GSE26338;GSE6130,PB376
GSM34545,4,GSE10893;GSE18229;GSE20624;GSE26338,BR98-0261-Repeat1
GSM34546,5,GSE10893;GSE18229;GSE20624;GSE26338;GSE6130,BR99-0207
GSM34547,4,GSE10886;GSE10893;GSE18229;GSE26338,Normal-Breast-2
GSM34548,6,GSE10886;GSE10893;GSE18229;GSE20624;GSE26338;GSE6130,UB38
GSM34549,6,GSE10886;GSE10893;GSE18229;GSE20624;GSE26338;GSE6130,PB441
GSM34550,6,GSE10886;GSE10893;GSE18229;GSE20624;GSE26338;GSE6130,UB58
GSM34551,5,GSE10893;GSE18229;GSE20624;GSE26338;GSE6130,BC00078T
GSM34552,6,GSE10886;GSE10893;GSE18229;GSE20624;GSE26338;GSE6130,BC00082T
GSM34553,5,GSE10886;GSE10893;GSE18229;GSE20624;GSE26338,UB61
GSM34554,5,GSE10893;GSE18229;GSE20624;GSE26338;GSE6130,BR00-0365
GSM34555,3,GSE20624;GSE26338;GSE6130,PB149
GSM34556,6,GSE10886;GSE10893;GSE18229;GSE20624;GSE26338;GSE6130,UB43
GSM34557,6,GSE10886;GSE10893;GSE18229;GSE20624;GSE26338;GSE6130,UB56
GSM34558,5,GSE10893;GSE18229;GSE20624;GSE26338;GSE6130,BC00010
GSM34559,6,GSE10886;GSE10893;GSE18229;GSE20624;GSE26338;GSE6130,BC00024T
GSM34560,4,GSE10893;GSE18229;GSE20624;GSE26338,BC00052-post-chemo
GSM34561,4,GSE10893;GSE18229;GSE26338;GSE6130,BR98-0261
GSM34562,5,GSE10886;GSE10893;GSE18229;GSE20624;GSE26338,PB184
GSM34563,5,GSE10893;GSE18229;GSE20624;GSE26338;GSE6130,BC00051
GSM34565,6,GSE10886;GSE10893;GSE18229;GSE20624;GSE26338;GSE6130,PB297
GSM34566,3,GSE10893;GSE18229;GSE26338,PB297-Int
GSM34567,6,GSE10886;GSE10893;GSE18229;GSE20624;GSE26338;GSE6130,UB55
GSM34568,2,GSE10893;GSE18229,A5-Skin-Left-Met
GSM363978,2,GSE14550;GSE14552,Control 4
GSM363979,2,GSE14550;GSE14552,Control 9
GSM363980,2,GSE14550;GSE14552,Control 25
GSM363981,2,GSE14550;GSE14552,Podoplanin 6
GSM363982,2,GSE14550;GSE14552,Podoplanin 11
GSM363983,2,GSE14550;GSE14552,Podoplanin 14
GSM363984,2,GSE14551;GSE14552,Control 4
GSM363985,2,GSE14551;GSE14552,Control 9
GSM363986,2,GSE14551;GSE14552,Control 25
GSM363987,2,GSE14551;GSE14552,Podoplanin 6
GSM363988,2,GSE14551;GSE14552,Podoplanin 11
GSM363989,2,GSE14551;GSE14552,Podoplanin 14
GSM372539,3,GSE10893;GSE18229;GSE26338,UNC-06-0134NB-Na
GSM372540,3,GSE10893;GSE18229;GSE26338,UNC-06-0035NB-Na
GSM372541,3,GSE10893;GSE18229;GSE26338,UNC-06-0277NB-Na
GSM372558,3,GSE10893;GSE18229;GSE26338,WashU-15720-repeat
GSM372559,3,GSE10893;GSE18229;GSE26338,normalbreast-BR00-0572A
GSM372560,3,GSE10893;GSE18229;GSE26338,normalbreast-BR00-0587A
GSM372561,3,GSE10893;GSE18229;GSE26338,normalbreast-BR06-0222A
GSM372562,3,GSE10893;GSE18229;GSE26338,normalbreast-BR06-0182A
GSM372563,3,GSE10893;GSE18229;GSE26338,normalbreast-BR05-0865A
GSM373115,3,GSE10893;GSE18229;GSE26338,9830-030118B
GSM373116,3,GSE10893;GSE18229;GSE26338,9830-030584B
GSM373117,3,GSE10893;GSE18229;GSE26338,9830-030619B
GSM373118,3,GSE10893;GSE18229;GSE26338,9830-040072B
GSM373119,3,GSE10893;GSE18229;GSE26338,9830-030363B
GSM373120,3,GSE10893;GSE18229;GSE26338,9830-030267B
GSM373121,3,GSE10893;GSE18229;GSE26338,9830-030399B
GSM373122,3,GSE10893;GSE18229;GSE26338,UNC00-0164B-44K
GSM373123,2,GSE10893;GSE26338,H1AUNC44K-H1-0559
GSM373124,3,GSE10893;GSE18229;GSE26338,UNC-010304B
GSM373125,2,GSE10893;GSE26338,H1AUNC44K-H1-0558
GSM373126,3,GSE10893;GSE18229;GSE26338,UNC-960028B
GSM373127,3,GSE10893;GSE18229;GSE26338,UNC99-0158B-44K
GSM373128,3,GSE10893;GSE18229;GSE26338,UNC99-0216B-44K
GSM373129,3,GSE10893;GSE18229;GSE26338,UNC99-0363B-44K
GSM3753582,2,GSE130786;GSE130788,BrTuRefMix vs. 1B BrTuB07
GSM3753583,2,GSE130786;GSE130788,BrTuRefMix vs. 2B BrTuB07
GSM3753584,2,GSE130786;GSE130788,BrTuRefMix vs. 4B BrTuB07
GSM3753585,2,GSE130786;GSE130788,BrTuRefMix vs. 5B BrTuB07
GSM3753586,2,GSE130786;GSE130788,BrTuRefMix vs. 6B BrTuB07
GSM3753587,2,GSE130786;GSE130788,BrTuRefMix vs. 7B BrTuB07
GSM3753588,2,GSE130786;GSE130788,BrTuRefMix vs. 8B BrTuB07
GSM3753589,2,GSE130786;GSE130788,BrTuRefMix vs. 9B BrTuB07
GSM3753590,2,GSE130786;GSE130788,BrTuRefMix vs. 11B BrTuB07
GSM3753591,2,GSE130786;GSE130788,BrTuRefMix vs. 12B BrTuB07
GSM3753592,2,GSE130786;GSE130788,BrTuRefMix vs. 13B BrTuB07
GSM3753593,2,GSE130786;GSE130788,BrTuRefMix vs. 14B BrTuB07
GSM3753594,2,GSE130786;GSE130788,BrTuRefMix vs. 16B BrTuB07
GSM3753595,2,GSE130786;GSE130788,BrTuRefMix vs. 18B BrTuB07
GSM3753596,2,GSE130786;GSE130788,BrTuRefMix vs. 19B BrTuB07
GSM3753597,2,GSE130786;GSE130788,BrTuRefMix vs. 20B BrTuB07
GSM3753598,2,GSE130786;GSE130788,BrTuRefMix vs. 21B BrTuB07
GSM3753599,2,GSE130786;GSE130788,BrTuRefMix vs. 22B BrTuB07
GSM3753600,2,GSE130786;GSE130788,BrTuRefMix vs. 24B BrTuB07
GSM3753601,2,GSE130786;GSE130788,BrTuRefMix vs. 25B BrTuB07
GSM3753602,2,GSE130786;GSE130788,BrTuRefMix vs. 26B BrTuB07
GSM3753603,2,GSE130786;GSE130788,BrTuRefMix vs. 27B BrTuB07
GSM3753604,2,GSE130786;GSE130788,BrTuRefMix vs. 28B BrTuB07
GSM3753605,2,GSE130786;GSE130788,BrTuRefMix vs. 29B BrTuB07
GSM3753606,2,GSE130786;GSE130788,BrTuRefMix vs. 30B BrTuB07
GSM3753607,2,GSE130786;GSE130788,BrTuRefMix vs. 31B BrTuB07
GSM3753608,2,GSE130786;GSE130788,BrTuRefMix vs. 32B BrTuB07
GSM3753609,2,GSE130786;GSE130788,BrTuRefMix vs. 33B BrTuB07
GSM3753610,2,GSE130786;GSE130788,BrTuRefMix vs. 34B BrTuB07
GSM3753611,2,GSE130786;GSE130788,BrTuRefMix vs. 35B BrTuB07
GSM3753612,2,GSE130786;GSE130788,BrTuRefMix vs. 37B BrTuB07
GSM3753613,2,GSE130786;GSE130788,BrTuRefMix vs. 38B BrTuB07
GSM3753614,2,GSE130786;GSE130788,BrTuRefMix vs. 39B BrTuB07
GSM3753615,2,GSE130786;GSE130788,BrTuRefMix vs. 40B BrTuB07
GSM3753616,2,GSE130786;GSE130788,BrTuRefMix vs. 41B BrTuB07
GSM3753617,2,GSE130786;GSE130788,BrTuRefMix vs. 42B BrTuB07
GSM3753618,2,GSE130786;GSE130788,BrTuRefMix vs. 43B BrTuB07
GSM3753619,2,GSE130786;GSE130788,BrTuRefMix vs. 44B BrTuB07
GSM3753620,2,GSE130786;GSE130788,BrTuRefMix vs. 47B BrTuB07
GSM3753621,2,GSE130786;GSE130788,BrTuRefMix vs. 48B BrTuB07
GSM3753622,2,GSE130786;GSE130788,BrTuRefMix vs. 51B BrTuB07
GSM3753623,2,GSE130786;GSE130788,BrTuRefMix vs. 52B BrTuB07
GSM3753624,2,GSE130786;GSE130788,BrTuRefMix vs. 53B BrTuB07
GSM3753625,2,GSE130786;GSE130788,BrTuRefMix vs. 54B BrTuB07
GSM3753626,2,GSE130786;GSE130788,BrTuRefMix vs. 57B BrTuB07
GSM3753627,2,GSE130786;GSE130788,BrTuRefMix vs. 58B BrTuB07
GSM3753628,2,GSE130786;GSE130788,BrTuRefMix vs. 59B BrTuB07
GSM3753629,2,GSE130786;GSE130788,BrTuRefMix vs. 60B BrTuB07
GSM3753630,2,GSE130786;GSE130788,BrTuRefMix vs. 61B BrTuB07
GSM3753631,2,GSE130786;GSE130788,BrTuRefMix vs. 62B BrTuB07
GSM3753632,2,GSE130786;GSE130788,BrTuRefMix vs. 63B BrTuB07
GSM3753633,2,GSE130786;GSE130788,BrTuRefMix vs. 64B BrTuB07
GSM3753634,2,GSE130786;GSE130788,BrTuRefMix vs. 65B BrTuB07
GSM3753635,2,GSE130786;GSE130788,BrTuRefMix vs. 66B BrTuB07
GSM3753636,2,GSE130786;GSE130788,BrTuRefMix vs. 67B BrTuB07
GSM3753637,2,GSE130786;GSE130788,BrTuRefMix vs. 68B BrTuB07
GSM3753638,2,GSE130786;GSE130788,BrTuRefMix vs. 69B BrTuB07
GSM3753639,2,GSE130786;GSE130788,BrTuRefMix vs. 70B BrTuB07
GSM3753640,2,GSE130786;GSE130788,BrTuRefMix vs. 71B BrTuB07
GSM3753641,2,GSE130786;GSE130788,BrTuRefMix vs. 73B BrTuB07
GSM3753642,2,GSE130786;GSE130788,BrTuRefMix vs. 74B BrTuB07
GSM3753643,2,GSE130786;GSE130788,BrTuRefMix vs. 75B BrTuB07
GSM3753644,2,GSE130786;GSE130788,BrTuRefMix vs. 76B BrTuB07
GSM3753645,2,GSE130786;GSE130788,BrTuRefMix vs. 77B BrTuB07
GSM3753646,2,GSE130786;GSE130788,BrTuRefMix vs. 78B BrTuB07
GSM3753647,2,GSE130786;GSE130788,BrTuRefMix vs. 79B BrTuB07
GSM3753648,2,GSE130786;GSE130788,BrTuRefMix vs. 80B BrTuB07
GSM3753649,2,GSE130786;GSE130788,BrTuRefMix vs. 81B BrTuB07
GSM3753650,2,GSE130786;GSE130788,BrTuRefMix vs. 82B BrTuB07
GSM3753651,2,GSE130786;GSE130788,BrTuRefMix vs. 83B BrTuB07
GSM3753652,2,GSE130786;GSE130788,BrTuRefMix vs. 84B BrTuB07
GSM3753653,2,GSE130786;GSE130788,BrTuRefMix vs. 85B BrTuB07
GSM3753654,2,GSE130786;GSE130788,BrTuRefMix vs. 86B BrTuB07
GSM3753655,2,GSE130786;GSE130788,BrTuRefMix vs. 87B BrTuB07
GSM3753656,2,GSE130786;GSE130788,BrTuRefMix vs. 88B BrTuB07
GSM3753657,2,GSE130786;GSE130788,BrTuRefMix vs. 89B BrTuB07
GSM3753658,2,GSE130786;GSE130788,BrTuRefMix vs. 90B BrTuB07
GSM3753659,2,GSE130786;GSE130788,BrTuRefMix vs. 91B BrTuB07
GSM3753660,2,GSE130786;GSE130788,BrTuRefMix vs. 92B BrTuB07
GSM3753661,2,GSE130786;GSE130788,BrTuRefMix vs. 93B BrTuB07
GSM3753662,2,GSE130786;GSE130788,BrTuRefMix vs. 95B BrTuB07
GSM3753663,2,GSE130786;GSE130788,BrTuRefMix vs. 97B BrTuB07
GSM3753664,2,GSE130786;GSE130788,BrTuRefMix vs. 98B BrTuB07
GSM3753665,2,GSE130786;GSE130788,BrTuRefMix vs. 100B BrTuB07
GSM3753666,2,GSE130786;GSE130788,BrTuRefMix vs. 101B BrTuB07
GSM3753667,2,GSE130786;GSE130788,BrTuRefMix vs. 102B BrTuB07
GSM3753668,2,GSE130786;GSE130788,BrTuRefMix vs. 103B BrTuB07
GSM3753669,2,GSE130786;GSE130788,BrTuRefMix vs. 104B BrTuB07
GSM3753670,2,GSE130786;GSE130788,BrTuRefMix vs. 105B BrTuB07
GSM3753671,2,GSE130786;GSE130788,BrTuRefMix vs. 106B BrTuB07
GSM3753672,2,GSE130786;GSE130788,BrTuRefMix vs. 107B BrTuB07
GSM3753673,2,GSE130786;GSE130788,BrTuRefMix vs. 110B BrTuB07
GSM3753674,2,GSE130786;GSE130788,BrTuRefMix vs. 111B BrTuB07
GSM3753675,2,GSE130786;GSE130788,BrTuRefMix vs. 112B BrTuB07
GSM3753676,2,GSE130786;GSE130788,BrTuRefMix vs. 113B BrTuB07
GSM3753677,2,GSE130786;GSE130788,BrTuRefMix vs. 114B BrTuB07
GSM3753678,2,GSE130786;GSE130788,BrTuRefMix vs. 115B BrTuB07
GSM3753679,2,GSE130786;GSE130788,BrTuRefMix vs. 116B BrTuB07
GSM3753680,2,GSE130786;GSE130788,BrTuRefMix vs. 118B BrTuB07
GSM3753681,2,GSE130786;GSE130788,BrTuRefMix vs. 119B BrTuB07
GSM3753682,2,GSE130786;GSE130788,BrTuRefMix vs. 120B BrTuB07
GSM3753683,2,GSE130786;GSE130788,BrTuRefMix vs. 121B BrTuB07
GSM3753684,2,GSE130786;GSE130788,BrTuRefMix vs. 122B BrTuB07
GSM3753685,2,GSE130786;GSE130788,BrTuRefMix vs. 123B BrTuB07
GSM3753686,2,GSE130786;GSE130788,BrTuRefMix vs. 124B BrTuB07
GSM3753687,2,GSE130786;GSE130788,BrTuRefMix vs. 125B BrTuB07
GSM3753688,2,GSE130786;GSE130788,BrTuRefMix vs. 127B BrTuB07
GSM3753689,2,GSE130786;GSE130788,BrTuRefMix vs. 128B BrTuB07
GSM3753690,2,GSE130786;GSE130788,BrTuRefMix vs. 129B BrTuB07
GSM3753691,2,GSE130786;GSE130788,BrTuRefMix vs. 130B BrTuB07
GSM3753692,2,GSE130787;GSE130788,2B BrTuB07 vs. 2R BrTuB07
GSM3753693,2,GSE130787;GSE130788,4B BrTuB07 vs. 4R BrTuB07
GSM3753694,2,GSE130787;GSE130788,5B BrTuB07 vs. 5R BrTuB07
GSM3753695,2,GSE130787;GSE130788,6B BrTuB07 vs. 6R BrTuB07
GSM3753696,2,GSE130787;GSE130788,8B BrTuB07 vs. 8R BrTuB07
GSM3753697,2,GSE130787;GSE130788,9B BrTuB07 vs. 9R BrTuB07
GSM3753698,2,GSE130787;GSE130788,11B BrTuB07 vs. 11R BrTuB07
GSM3753699,2,GSE130787;GSE130788,12B BrTuB07 vs. 12R BrTuB07
GSM3753700,2,GSE130787;GSE130788,13B BrTuB07 vs. 13R BrTuB07
GSM3753701,2,GSE130787;GSE130788,14B BrTuB07 vs. 14R BrTuB07
GSM3753702,2,GSE130787;GSE130788,16B BrTuB07 vs. 16R BrTuB07
GSM3753703,2,GSE130787;GSE130788,18B BrTuB07 vs. 18R BrTuB07
GSM3753704,2,GSE130787;GSE130788,19B BrTuB07 vs. 19R BrTuB07
GSM3753705,2,GSE130787;GSE130788,20B BrTuB07 vs. 20R BrTuB07
GSM3753706,2,GSE130787;GSE130788,21B BrTuB07 vs. 21R BrTuB07
GSM3753707,2,GSE130787;GSE130788,22B BrTuB07 vs. 22R BrTuB07
GSM3753708,2,GSE130787;GSE130788,24B BrTuB07 vs. 24R BrTuB07
GSM3753709,2,GSE130787;GSE130788,25B BrTuB07 vs. 25R BrTuB07
GSM3753710,2,GSE130787;GSE130788,26B BrTuB07 vs. 26R BrTuB07
GSM3753711,2,GSE130787;GSE130788,27B BrTuB07 vs. 27R BrTuB07
GSM3753712,2,GSE130787;GSE130788,29B BrTuB07 vs. 29R BrTuB07
GSM3753713,2,GSE130787;GSE130788,30B BrTuB07 vs. 30R BrTuB07
GSM3753714,2,GSE130787;GSE130788,31B BrTuB07 vs. 31R BrTuB07
GSM3753715,2,GSE130787;GSE130788,32B BrTuB07 vs. 32R BrTuB07
GSM3753716,2,GSE130787;GSE130788,34B BrTuB07 vs. 34R BrTuB07
GSM3753717,2,GSE130787;GSE130788,35B BrTuB07 vs. 35R BrTuB07
GSM3753718,2,GSE130787;GSE130788,37B BrTuB07 vs. 37R BrTuB07
GSM3753719,2,GSE130787;GSE130788,38B BrTuB07 vs. 38R BrTuB07
GSM3753720,2,GSE130787;GSE130788,39B BrTuB07 vs. 39R BrTuB07
GSM3753721,2,GSE130787;GSE130788,40B BrTuB07 vs. 40R BrTuB07
GSM3753722,2,GSE130787;GSE130788,41B BrTuB07 vs. 41R BrTuB07
GSM3753723,2,GSE130787;GSE130788,43B BrTuB07 vs. 43R BrTuB07
GSM3753724,2,GSE130787;GSE130788,44B BrTuB07 vs. 44R BrTuB07
GSM3753725,2,GSE130787;GSE130788,47B BrTuB07 vs. 47R BrTuB07
GSM3753726,2,GSE130787;GSE130788,51B BrTuB07 vs. 51R BrTuB07
GSM3753727,2,GSE130787;GSE130788,52B BrTuB07 vs. 52R BrTuB07
GSM3753728,2,GSE130787;GSE130788,53B BrTuB07 vs. 53R BrTuB07
GSM3753729,2,GSE130787;GSE130788,57B BrTuB07 vs. 57R BrTuB07
GSM3753730,2,GSE130787;GSE130788,58B BrTuB07 vs. 58R BrTuB07
GSM3753731,2,GSE130787;GSE130788,59B BrTuB07 vs. 59R BrTuB07
GSM3753732,2,GSE130787;GSE130788,60B BrTuB07 vs. 60R BrTuB07
GSM3753733,2,GSE130787;GSE130788,61B BrTuB07 vs. 61R BrTuB07
GSM3753734,2,GSE130787;GSE130788,62B BrTuB07 vs. 62R BrTuB07
GSM3753735,2,GSE130787;GSE130788,65B BrTuB07 vs. 65R BrTuB07
GSM3753736,2,GSE130787;GSE130788,67B BrTuB07 vs. 67R BrTuB07
GSM3753737,2,GSE130787;GSE130788,68B BrTuB07 vs. 68R BrTuB07
GSM3753738,2,GSE130787;GSE130788,69B BrTuB07 vs. 69R BrTuB07
GSM3753739,2,GSE130787;GSE130788,70B BrTuB07 vs. 70R BrTuB07
GSM3753740,2,GSE130787;GSE130788,71B BrTuB07 vs. 71R BrTuB07
GSM3753741,2,GSE130787;GSE130788,73B BrTuB07 vs. 73R BrTuB07
GSM3753742,2,GSE130787;GSE130788,74B BrTuB07 vs. 74R BrTuB07
GSM3753743,2,GSE130787;GSE130788,75B BrTuB07 vs. 75R BrTuB07
GSM3753744,2,GSE130787;GSE130788,76B BrTuB07 vs. 76R BrTuB07
GSM3753745,2,GSE130787;GSE130788,77B BrTuB07 vs. 77R BrTuB07
GSM3753746,2,GSE130787;GSE130788,78B BrTuB07 vs. 78R BrTuB07
GSM3753747,2,GSE130787;GSE130788,79B BrTuB07 vs. 79R BrTuB07
GSM3753748,2,GSE130787;GSE130788,80B BrTuB07 vs. 80R BrTuB07
GSM3753749,2,GSE130787;GSE130788,81B BrTuB07 vs. 81R BrTuB07
GSM3753750,2,GSE130787;GSE130788,82B BrTuB07 vs. 82R BrTuB07
GSM3753751,2,GSE130787;GSE130788,83B BrTuB07 vs. 83R BrTuB07
GSM3753752,2,GSE130787;GSE130788,84B BrTuB07 vs. 84R BrTuB07
GSM3753753,2,GSE130787;GSE130788,85B BrTuB07 vs. 85R BrTuB07
GSM3753754,2,GSE130787;GSE130788,89B BrTuB07 vs. 89R BrTuB07
GSM3753755,2,GSE130787;GSE130788,90B BrTuB07 vs. 90R BrTuB07
GSM3753756,2,GSE130787;GSE130788,91B BrTuB07 vs. 91R BrTuB07
GSM3753757,2,GSE130787;GSE130788,97B BrTuB07 vs. 97R BrTuB07
GSM3753758,2,GSE130787;GSE130788,98B BrTuB07 vs. 98R BrTuB07
GSM3753759,2,GSE130787;GSE130788,100B BrTuB07 vs. 100R BrTuB07
GSM3753760,2,GSE130787;GSE130788,101B BrTuB07 vs. 101R BrTuB07
GSM3753761,2,GSE130787;GSE130788,103B BrTuB07 vs. 103R BrTuB07
GSM3753762,2,GSE130787;GSE130788,104B BrTuB07 vs. 104R BrTuB07
GSM3753763,2,GSE130787;GSE130788,105B BrTuB07 vs. 105R BrTuB07
GSM3753764,2,GSE130787;GSE130788,106B BrTuB07 vs. 106R BrTuB07
GSM3753765,2,GSE130787;GSE130788,107B BrTuB07 vs. 107R BrTuB07
GSM3753766,2,GSE130787;GSE130788,110B BrTuB07 vs. 110R BrTuB07
GSM3753767,2,GSE130787;GSE130788,111B BrTuB07 vs. 111R BrTuB07
GSM3753768,2,GSE130787;GSE130788,114B BrTuB07 vs. 114R BrTuB07
GSM3753769,2,GSE130787;GSE130788,115B BrTuB07 vs. 115R BrTuB07
GSM3753770,2,GSE130787;GSE130788,116B BrTuB07 vs. 116R BrTuB07
GSM3753771,2,GSE130787;GSE130788,119B BrTuB07 vs. 119R BrTuB07
GSM3753772,2,GSE130787;GSE130788,120B BrTuB07 vs. 120R BrTuB07
GSM3753773,2,GSE130787;GSE130788,121B BrTuB07 vs. 121R BrTuB07
GSM3753774,2,GSE130787;GSE130788,122B BrTuB07 vs. 122R BrTuB07
GSM3753775,2,GSE130787;GSE130788,123B BrTuB07 vs. 123R BrTuB07
GSM3753776,2,GSE130787;GSE130788,124B BrTuB07 vs. 124R BrTuB07
GSM3753777,2,GSE130787;GSE130788,125B BrTuB07 vs. 125R BrTuB07
GSM3753778,2,GSE130787;GSE130788,127B BrTuB07 vs. 127R BrTuB07
GSM3753779,2,GSE130787;GSE130788,128B BrTuB07 vs. 128R BrTuB07
GSM3753780,2,GSE130787;GSE130788,130B BrTuB07 vs. 130R BrTuB07
GSM4497593,2,GSE149322;GSE150576,ISPY2_pre-treatment breast cancer tumor_107700
GSM4497594,2,GSE149322;GSE150576,ISPY2_pre-treatment breast cancer tumor_547405
GSM4497595,2,GSE149322;GSE150576,ISPY2_pre-treatment breast cancer tumor_797639
GSM4497596,2,GSE149322;GSE150576,ISPY2_pre-treatment breast cancer tumor_753109
GSM4497597,2,GSE149322;GSE150576,ISPY2_pre-treatment breast cancer tumor_604199
GSM4497598,2,GSE149322;GSE150576,ISPY2_pre-treatment breast cancer tumor_506623
GSM4497599,2,GSE149322;GSE150576,ISPY2_pre-treatment breast cancer tumor_518000
GSM4497600,2,GSE149322;GSE150576,ISPY2_pre-treatment breast cancer tumor_778527
GSM4497601,2,GSE149322;GSE150576,ISPY2_pre-treatment breast cancer tumor_345907
GSM4497602,2,GSE149322;GSE150576,ISPY2_pre-treatment breast cancer tumor_861745
GSM4497603,2,GSE149322;GSE150576,ISPY2_pre-treatment breast cancer tumor_779739
GSM4497604,2,GSE149322;GSE150576,ISPY2_pre-treatment breast cancer tumor_863161
GSM4497605,2,GSE149322;GSE150576,ISPY2_pre-treatment breast cancer tumor_999733
GSM4497606,2,GSE149322;GSE150576,ISPY2_pre-treatment breast cancer tumor_572793
GSM4497607,2,GSE149322;GSE150576,ISPY2_pre-treatment breast cancer tumor_651145
GSM4497608,2,GSE149322;GSE150576,ISPY2_pre-treatment breast cancer tumor_614434
GSM4497609,2,GSE149322;GSE150576,ISPY2_pre-treatment breast cancer tumor_793155
GSM4497610,2,GSE149322;GSE150576,ISPY2_pre-treatment breast cancer tumor_294265
GSM4497611,2,GSE149322;GSE150576,ISPY2_pre-treatment breast cancer tumor_786753
GSM4497612,2,GSE149322;GSE150576,ISPY2_pre-treatment breast cancer tumor_654064
GSM4497613,2,GSE149322;GSE150576,ISPY2_pre-treatment breast cancer tumor_791321
GSM4497614,2,GSE149322;GSE150576,ISPY2_pre-treatment breast cancer tumor_422454
GSM4497615,2,GSE149322;GSE150576,ISPY2_pre-treatment breast cancer tumor_477994
GSM4497616,2,GSE149322;GSE150576,ISPY2_pre-treatment breast cancer tumor_894673
GSM4497617,2,GSE149322;GSE150576,ISPY2_pre-treatment breast cancer tumor_218503
GSM4497618,2,GSE149322;GSE150576,ISPY2_pre-treatment breast cancer tumor_317402
GSM4497619,2,GSE149322;GSE150576,ISPY2_pre-treatment breast cancer tumor_130892
GSM4497620,2,GSE149322;GSE150576,ISPY2_pre-treatment breast cancer tumor_732137
GSM4497621,2,GSE149322;GSE150576,ISPY2_pre-treatment breast cancer tumor_332655
GSM4497622,2,GSE149322;GSE150576,ISPY2_pre-treatment breast cancer tumor_845147
GSM4497623,2,GSE149322;GSE150576,ISPY2_pre-treatment breast cancer tumor_535415
GSM4497624,2,GSE149322;GSE150576,ISPY2_pre-treatment breast cancer tumor_342959
GSM4497625,2,GSE149322;GSE150576,ISPY2_pre-treatment breast cancer tumor_729732
GSM4497626,2,GSE149322;GSE150576,ISPY2_pre-treatment breast cancer tumor_635632
GSM4497627,2,GSE149322;GSE150576,ISPY2_pre-treatment breast cancer tumor_319324
GSM4497628,2,GSE149322;GSE150576,ISPY2_pre-treatment breast cancer tumor_601489
GSM4497629,2,GSE149322;GSE150576,ISPY2_pre-treatment breast cancer tumor_609151
GSM4497630,2,GSE149322;GSE150576,ISPY2_pre-treatment breast cancer tumor_180663
GSM4497631,2,GSE149322;GSE150576,ISPY2_pre-treatment breast cancer tumor_323721
GSM4497632,2,GSE149322;GSE150576,ISPY2_pre-treatment breast cancer tumor_887594
GSM4497633,2,GSE149322;GSE150576,ISPY2_pre-treatment breast cancer tumor_200222
GSM4497634,2,GSE149322;GSE150576,ISPY2_pre-treatment breast cancer tumor_664111
GSM4497635,2,GSE149322;GSE150576,ISPY2_pre-treatment breast cancer tumor_748583
GSM4497636,2,GSE149322;GSE150576,ISPY2_pre-treatment breast cancer tumor_102212
GSM4497637,2,GSE149322;GSE150576,ISPY2_pre-treatment breast cancer tumor_639663
GSM4497638,2,GSE149322;GSE150576,ISPY2_pre-treatment breast cancer tumor_145513
GSM4497639,2,GSE149322;GSE150576,ISPY2_pre-treatment breast cancer tumor_402384
GSM4497640,2,GSE149322;GSE150576,ISPY2_pre-treatment breast cancer tumor_839274
GSM4497641,2,GSE149322;GSE150576,ISPY2_pre-treatment breast cancer tumor_255388
GSM4497642,2,GSE149322;GSE150576,ISPY2_pre-treatment breast cancer tumor_298101
GSM4497643,2,GSE149322;GSE150576,ISPY2_pre-treatment breast cancer tumor_835137
GSM4497644,2,GSE149322;GSE150576,ISPY2_pre-treatment breast cancer tumor_414286
GSM4497645,2,GSE149322;GSE150576,ISPY2_pre-treatment breast cancer tumor_700549
GSM4497646,2,GSE149322;GSE150576,ISPY2_pre-treatment breast cancer tumor_284593
GSM4497647,2,GSE149322;GSE150576,ISPY2_pre-treatment breast cancer tumor_771443
GSM4497648,2,GSE149322;GSE150576,ISPY2_pre-treatment breast cancer tumor_578975
GSM4497649,2,GSE149322;GSE150576,ISPY2_pre-treatment breast cancer tumor_801641
GSM4497650,2,GSE149322;GSE150576,ISPY2_pre-treatment breast cancer tumor_414971
GSM4497651,2,GSE149322;GSE150576,ISPY2_pre-treatment breast cancer tumor_573605
GSM4497652,2,GSE149322;GSE150576,ISPY2_pre-treatment breast cancer tumor_159352
GSM4497653,2,GSE149322;GSE150576,ISPY2_pre-treatment breast cancer tumor_416434
GSM4497654,2,GSE149322;GSE150576,ISPY2_pre-treatment breast cancer tumor_317641
GSM4497655,2,GSE149322;GSE150576,ISPY2_pre-treatment breast cancer tumor_905264
GSM4497656,2,GSE149322;GSE150576,ISPY2_pre-treatment breast cancer tumor_309830
GSM4497657,2,GSE149322;GSE150576,ISPY2_pre-treatment breast cancer tumor_929980
GSM4497658,2,GSE149322;GSE150576,ISPY2_pre-treatment breast cancer tumor_712276
GSM4497659,2,GSE149322;GSE150576,ISPY2_pre-treatment breast cancer tumor_263143
GSM4497660,2,GSE149322;GSE150576,ISPY2_pre-treatment breast cancer tumor_183831
GSM4497661,2,GSE149322;GSE150576,ISPY2_pre-treatment breast cancer tumor_343898
GSM4497662,2,GSE149322;GSE150576,ISPY2_pre-treatment breast cancer tumor_637566
GSM4497663,2,GSE149322;GSE150576,ISPY2_pre-treatment breast cancer tumor_755914
GSM4497664,2,GSE149322;GSE150576,ISPY2_pre-treatment breast cancer tumor_727804
GSM4497665,2,GSE149322;GSE150576,ISPY2_pre-treatment breast cancer tumor_286984
GSM4497666,2,GSE149322;GSE150576,ISPY2_pre-treatment breast cancer tumor_426106
GSM4497667,2,GSE149322;GSE150576,ISPY2_pre-treatment breast cancer tumor_179369
GSM4497668,2,GSE149322;GSE150576,ISPY2_pre-treatment breast cancer tumor_375954
GSM4497669,2,GSE149322;GSE150576,ISPY2_pre-treatment breast cancer tumor_803677
GSM4497670,2,GSE149322;GSE150576,ISPY2_pre-treatment breast cancer tumor_590220
GSM4497671,2,GSE149322;GSE150576,ISPY2_pre-treatment breast cancer tumor_955953
GSM4497672,2,GSE149322;GSE150576,ISPY2_pre-treatment breast cancer tumor_629371
GSM4497673,2,GSE149322;GSE150576,ISPY2_pre-treatment breast cancer tumor_287961
GSM4497674,2,GSE149322;GSE150576,ISPY2_pre-treatment breast cancer tumor_520986
GSM4497675,2,GSE149322;GSE150576,ISPY2_pre-treatment breast cancer tumor_609642
GSM4497676,2,GSE149322;GSE150576,ISPY2_pre-treatment breast cancer tumor_946927
GSM4497677,2,GSE149322;GSE150576,ISPY2_pre-treatment breast cancer tumor_573919
GSM4497678,2,GSE149322;GSE150576,ISPY2_pre-treatment breast cancer tumor_413961
GSM4497679,2,GSE149322;GSE150576,ISPY2_pre-treatment breast cancer tumor_490023
GSM4497680,2,GSE149322;GSE150576,ISPY2_pre-treatment breast cancer tumor_132463
GSM4497681,2,GSE149322;GSE150576,ISPY2_pre-treatment breast cancer tumor_680881
GSM4497682,2,GSE149322;GSE150576,ISPY2_pre-treatment breast cancer tumor_591810
GSM4497683,2,GSE149322;GSE150576,ISPY2_pre-treatment breast cancer tumor_203254
GSM4497684,2,GSE149322;GSE150576,ISPY2_pre-treatment breast cancer tumor_384830
GSM4497685,2,GSE149322;GSE150576,ISPY2_pre-treatment breast cancer tumor_361701
GSM4497686,2,GSE149322;GSE150576,ISPY2_pre-treatment breast cancer tumor_960963
GSM4497687,2,GSE149322;GSE150576,ISPY2_pre-treatment breast cancer tumor_539904
GSM4497688,2,GSE149322;GSE150576,ISPY2_pre-treatment breast cancer tumor_856159
GSM4497689,2,GSE149322;GSE150576,ISPY2_pre-treatment breast cancer tumor_220471
GSM4497690,2,GSE149322;GSE150576,ISPY2_pre-treatment breast cancer tumor_266840
GSM4497691,2,GSE149322;GSE150576,ISPY2_pre-treatment breast cancer tumor_824234
GSM4497692,2,GSE149322;GSE150576,ISPY2_pre-treatment breast cancer tumor_906795
GSM4497693,2,GSE149322;GSE150576,ISPY2_pre-treatment breast cancer tumor_834418
GSM4497694,2,GSE149322;GSE150576,ISPY2_pre-treatment breast cancer tumor_395076
GSM4497695,2,GSE149322;GSE150576,ISPY2_pre-treatment breast cancer tumor_775346
GSM4497696,2,GSE149322;GSE150576,ISPY2_pre-treatment breast cancer tumor_549172
GSM4497697,2,GSE149322;GSE150576,ISPY2_pre-treatment breast cancer tumor_515565
GSM4497698,2,GSE149322;GSE150576,ISPY2_pre-treatment breast cancer tumor_112606
GSM4497699,2,GSE149322;GSE150576,ISPY2_pre-treatment breast cancer tumor_942017
GSM4497700,2,GSE149322;GSE150576,ISPY2_pre-treatment breast cancer tumor_357017
GSM4497701,2,GSE149322;GSE150576,ISPY2_pre-treatment breast cancer tumor_809037
GSM4497702,2,GSE149322;GSE150576,ISPY2_pre-treatment breast cancer tumor_929391
GSM4497703,2,GSE149322;GSE150576,ISPY2_pre-treatment breast cancer tumor_879224
GSM4497704,2,GSE149322;GSE150576,ISPY2_pre-treatment breast cancer tumor_689076
GSM4497705,2,GSE149322;GSE150576,ISPY2_pre-treatment breast cancer tumor_219545
GSM4497706,2,GSE149322;GSE150576,ISPY2_pre-treatment breast cancer tumor_771813
GSM4497707,2,GSE149322;GSE150576,ISPY2_pre-treatment breast cancer tumor_783427
GSM4497708,2,GSE149322;GSE150576,ISPY2_pre-treatment breast cancer tumor_233191
GSM4497709,2,GSE149322;GSE150576,ISPY2_pre-treatment breast cancer tumor_520258
GSM4497710,2,GSE149322;GSE150576,ISPY2_pre-treatment breast cancer tumor_796558
GSM4497711,2,GSE149322;GSE150576,ISPY2_pre-treatment breast cancer tumor_259899
GSM4497712,2,GSE149322;GSE150576,ISPY2_pre-treatment breast cancer tumor_501303
GSM4497713,2,GSE149322;GSE150576,ISPY2_pre-treatment breast cancer tumor_136536
GSM4497714,2,GSE149322;GSE150576,ISPY2_pre-treatment breast cancer tumor_532183
GSM4497715,2,GSE149322;GSE150576,ISPY2_pre-treatment breast cancer tumor_294739
GSM4497716,2,GSE149322;GSE150576,ISPY2_pre-treatment breast cancer tumor_885871
GSM4497717,2,GSE149322;GSE150576,ISPY2_pre-treatment breast cancer tumor_252748
GSM4497718,2,GSE149322;GSE150576,ISPY2_pre-treatment breast cancer tumor_493519
GSM4497719,2,GSE149322;GSE150576,ISPY2_pre-treatment breast cancer tumor_752372
GSM4497720,2,GSE149322;GSE150576,ISPY2_pre-treatment breast cancer tumor_104268
GSM4497721,2,GSE149322;GSE150576,ISPY2_pre-treatment breast cancer tumor_706639
GSM4497722,2,GSE149322;GSE150576,ISPY2_pre-treatment breast cancer tumor_116603
GSM4497723,2,GSE149322;GSE150576,ISPY2_pre-treatment breast cancer tumor_938719
GSM4497724,2,GSE149322;GSE150576,ISPY2_pre-treatment breast cancer tumor_706169
GSM4497725,2,GSE149322;GSE150576,ISPY2_pre-treatment breast cancer tumor_517870
GSM4497726,2,GSE149322;GSE150576,ISPY2_pre-treatment breast cancer tumor_363669
GSM4497727,2,GSE149322;GSE150576,ISPY2_pre-treatment breast cancer tumor_123660
GSM4497728,2,GSE149322;GSE150576,ISPY2_pre-treatment breast cancer tumor_698094
GSM4497729,2,GSE149322;GSE150576,ISPY2_pre-treatment breast cancer tumor_808714
GSM4497730,2,GSE149322;GSE150576,ISPY2_pre-treatment breast cancer tumor_293142
GSM4497731,2,GSE149322;GSE150576,ISPY2_pre-treatment breast cancer tumor_748611
GSM4497732,2,GSE149322;GSE150576,ISPY2_pre-treatment breast cancer tumor_631337
GSM4497733,2,GSE149322;GSE150576,ISPY2_pre-treatment breast cancer tumor_752469
GSM4497734,2,GSE149322;GSE150576,ISPY2_pre-treatment breast cancer tumor_172168
GSM4497735,2,GSE149322;GSE150576,ISPY2_pre-treatment breast cancer tumor_970839
GSM4497736,2,GSE149322;GSE150576,ISPY2_pre-treatment breast cancer tumor_711476
GSM4497737,2,GSE149322;GSE150576,ISPY2_pre-treatment breast cancer tumor_688955
GSM4497738,2,GSE149322;GSE150576,ISPY2_pre-treatment breast cancer tumor_421917
GSM4497739,2,GSE149322;GSE150576,ISPY2_pre-treatment breast cancer tumor_580541
GSM4497740,2,GSE149322;GSE150576,ISPY2_pre-treatment breast cancer tumor_679787
GSM4497741,2,GSE149322;GSE150576,ISPY2_pre-treatment breast cancer tumor_162562
GSM4497742,2,GSE149322;GSE150576,ISPY2_pre-treatment breast cancer tumor_963303
GSM4552515,2,GSE150575;GSE150576,pre-treatment breast cancer biopsy sample 942017
GSM4552516,2,GSE150575;GSE150576,pre-treatment breast cancer biopsy sample 395076
GSM4552517,2,GSE150575;GSE150576,pre-treatment breast cancer biopsy sample 357017
GSM4552518,2,GSE150575;GSE150576,pre-treatment breast cancer biopsy sample 112606
GSM4552519,2,GSE150575;GSE150576,pre-treatment breast cancer biopsy sample 520258
GSM4552520,2,GSE150575;GSE150576,pre-treatment breast cancer biopsy sample 775346
GSM4552521,2,GSE150575;GSE150576,pre-treatment breast cancer biopsy sample 835137
GSM4552522,2,GSE150575;GSE150576,pre-treatment breast cancer biopsy sample 680881
GSM4552523,2,GSE150575;GSE150576,pre-treatment breast cancer biopsy sample 515565
GSM4552524,2,GSE150575;GSE150576,pre-treatment breast cancer biopsy sample 286984
GSM4552525,2,GSE150575;GSE150576,pre-treatment breast cancer biopsy sample 809037
GSM4552526,2,GSE150575;GSE150576,pre-treatment breast cancer biopsy sample 960963
GSM4552527,2,GSE150575;GSE150576,pre-treatment breast cancer biopsy sample 414286
GSM4552528,2,GSE150575;GSE150576,pre-treatment breast cancer biopsy sample 107700
GSM4552529,2,GSE150575;GSE150576,pre-treatment breast cancer biopsy sample 771813
GSM4552530,2,GSE150575;GSE150576,pre-treatment breast cancer biopsy sample 145513
GSM4552531,2,GSE150575;GSE150576,pre-treatment breast cancer biopsy sample 955953
GSM4552532,2,GSE150575;GSE150576,pre-treatment breast cancer biopsy sample 590220
GSM4552533,2,GSE150575;GSE150576,pre-treatment breast cancer biopsy sample 255388
GSM4552534,2,GSE150575;GSE150576,pre-treatment breast cancer biopsy sample 946927
GSM4552535,2,GSE150575;GSE150576,pre-treatment breast cancer biopsy sample 183831
GSM4552536,2,GSE150575;GSE150576,pre-treatment breast cancer biopsy sample 426106
GSM4552537,2,GSE150575;GSE150576,pre-treatment breast cancer biopsy sample 136536
GSM4552538,2,GSE150575;GSE150576,pre-treatment breast cancer biopsy sample 803677
GSM4552539,2,GSE150575;GSE150576,pre-treatment breast cancer biopsy sample 700549
GSM4552540,2,GSE150575;GSE150576,pre-treatment breast cancer biopsy sample 572793
GSM4552541,2,GSE150575;GSE150576,pre-treatment breast cancer biopsy sample 609151
GSM4552542,2,GSE150575;GSE150576,pre-treatment breast cancer biopsy sample 712276
GSM4552543,2,GSE150575;GSE150576,pre-treatment breast cancer biopsy sample 233191
GSM4552544,2,GSE150575;GSE150576,pre-treatment breast cancer biopsy sample 535415
GSM4552545,2,GSE150575;GSE150576,pre-treatment breast cancer biopsy sample 905264
GSM4552546,2,GSE150575;GSE150576,pre-treatment breast cancer biopsy sample 200222
GSM4552547,2,GSE150575;GSE150576,pre-treatment breast cancer biopsy sample 797639
GSM4552548,2,GSE150575;GSE150576,pre-treatment breast cancer biopsy sample 629371
GSM4552549,2,GSE150575;GSE150576,pre-treatment breast cancer biopsy sample 132463
GSM4552550,2,GSE150575;GSE150576,pre-treatment breast cancer biopsy sample 637566
GSM4552551,2,GSE150575;GSE150576,pre-treatment breast cancer biopsy sample 162562
GSM4552552,2,GSE150575;GSE150576,pre-treatment breast cancer biopsy sample 375954
GSM4552553,2,GSE150575;GSE150576,pre-treatment breast cancer biopsy sample 727804
GSM4552554,2,GSE150575;GSE150576,pre-treatment breast cancer biopsy sample 123660
GSM4552555,2,GSE150575;GSE150576,pre-treatment breast cancer biopsy sample 416434
GSM4552556,2,GSE150575;GSE150576,pre-treatment breast cancer biopsy sample 332655
GSM4552557,2,GSE150575;GSE150576,pre-treatment breast cancer biopsy sample 786753
GSM4552558,2,GSE150575;GSE150576,pre-treatment breast cancer biopsy sample 748611
GSM4552559,2,GSE150575;GSE150576,pre-treatment breast cancer biopsy sample 706639
GSM4552560,2,GSE150575;GSE150576,pre-treatment breast cancer biopsy sample 887594
GSM4552561,2,GSE150575;GSE150576,pre-treatment breast cancer biopsy sample 414971
GSM4552562,2,GSE150575;GSE150576,pre-treatment breast cancer biopsy sample 580541
GSM4552563,2,GSE150575;GSE150576,pre-treatment breast cancer biopsy sample 755914
GSM4552564,2,GSE150575;GSE150576,pre-treatment breast cancer biopsy sample 323721
GSM4552565,2,GSE150575;GSE150576,pre-treatment breast cancer biopsy sample 172168
GSM4552566,2,GSE150575;GSE150576,pre-treatment breast cancer biopsy sample 732137
GSM4552567,2,GSE150575;GSE150576,pre-treatment breast cancer biopsy sample 970839
GSM4552568,2,GSE150575;GSE150576,pre-treatment breast cancer biopsy sample 783427
GSM4552569,2,GSE150575;GSE150576,pre-treatment breast cancer biopsy sample 706169
GSM4552570,2,GSE150575;GSE150576,pre-treatment breast cancer biopsy sample 506623
GSM4552571,2,GSE150575;GSE150576,pre-treatment breast cancer biopsy sample 938719
GSM4552572,2,GSE150575;GSE150576,pre-treatment breast cancer biopsy sample 293142
GSM4552573,2,GSE150575;GSE150576,pre-treatment breast cancer biopsy sample 384830
GSM4552574,2,GSE150575;GSE150576,pre-treatment breast cancer biopsy sample 752469
GSM4552575,2,GSE150575;GSE150576,pre-treatment breast cancer biopsy sample 679787
GSM4552576,2,GSE150575;GSE150576,pre-treatment breast cancer biopsy sample 539904
GSM4552577,2,GSE150575;GSE150576,pre-treatment breast cancer biopsy sample 778527
GSM4552578,2,GSE150575;GSE150576,pre-treatment breast cancer biopsy sample 263143
GSM4552579,2,GSE150575;GSE150576,pre-treatment breast cancer biopsy sample 639663
GSM4552580,2,GSE150575;GSE150576,pre-treatment breast cancer biopsy sample 601489
GSM4552581,2,GSE150575;GSE150576,pre-treatment breast cancer biopsy sample 520986
GSM4552582,2,GSE150575;GSE150576,pre-treatment breast cancer biopsy sample 532183
GSM4552583,2,GSE150575;GSE150576,pre-treatment breast cancer biopsy sample 179369
GSM4552584,2,GSE150575;GSE150576,pre-treatment breast cancer biopsy sample 219545
GSM4552585,2,GSE150575;GSE150576,pre-treatment breast cancer biopsy sample 834418
GSM4552586,2,GSE150575;GSE150576,pre-treatment breast cancer biopsy sample 402384
GSM4552587,2,GSE150575;GSE150576,pre-treatment breast cancer biopsy sample 614434
GSM4552588,2,GSE150575;GSE150576,pre-treatment breast cancer biopsy sample 635632
GSM4552589,2,GSE150575;GSE150576,pre-treatment breast cancer biopsy sample 861745
GSM4552590,2,GSE150575;GSE150576,pre-treatment breast cancer biopsy sample 319324
GSM4552591,2,GSE150575;GSE150576,pre-treatment breast cancer biopsy sample 252748
GSM4552592,2,GSE150575;GSE150576,pre-treatment breast cancer biopsy sample 885871
GSM4552593,2,GSE150575;GSE150576,pre-treatment breast cancer biopsy sample 421917
GSM4552594,2,GSE150575;GSE150576,pre-treatment breast cancer biopsy sample 839274
GSM4552595,2,GSE150575;GSE150576,pre-treatment breast cancer biopsy sample 345907
GSM4552596,2,GSE150575;GSE150576,pre-treatment breast cancer biopsy sample 294739
GSM4552597,2,GSE150575;GSE150576,pre-treatment breast cancer biopsy sample 654064
GSM4552598,2,GSE150575;GSE150576,pre-treatment breast cancer biopsy sample 879224
GSM4552599,2,GSE150575;GSE150576,pre-treatment breast cancer biopsy sample 413961
GSM4552600,2,GSE150575;GSE150576,pre-treatment breast cancer biopsy sample 999733
GSM4552601,2,GSE150575;GSE150576,pre-treatment breast cancer biopsy sample 130892
GSM4552602,2,GSE150575;GSE150576,pre-treatment breast cancer biopsy sample 664111
GSM4552603,2,GSE150575;GSE150576,pre-treatment breast cancer biopsy sample 287961
GSM4552604,2,GSE150575;GSE150576,pre-treatment breast cancer biopsy sample 752372
GSM4552605,2,GSE150575;GSE150576,pre-treatment breast cancer biopsy sample 753109
GSM4552606,2,GSE150575;GSE150576,pre-treatment breast cancer biopsy sample 801641
GSM4552607,2,GSE150575;GSE150576,pre-treatment breast cancer biopsy sample 824234
GSM4552608,2,GSE150575;GSE150576,pre-treatment breast cancer biopsy sample 689076
GSM4552609,2,GSE150575;GSE150576,pre-treatment breast cancer biopsy sample 748583
GSM4552610,2,GSE150575;GSE150576,pre-treatment breast cancer biopsy sample 422454
GSM4552611,2,GSE150575;GSE150576,pre-treatment breast cancer biopsy sample 284593
GSM4552612,2,GSE150575;GSE150576,pre-treatment breast cancer biopsy sample 159352
GSM4552613,2,GSE150575;GSE150576,pre-treatment breast cancer biopsy sample 651145
GSM4552614,2,GSE150575;GSE150576,pre-treatment breast cancer biopsy sample 363669
GSM4552615,2,GSE150575;GSE150576,pre-treatment breast cancer biopsy sample 477994
GSM4552616,2,GSE150575;GSE150576,pre-treatment breast cancer biopsy sample 609642
GSM4552617,2,GSE150575;GSE150576,pre-treatment breast cancer biopsy sample 771443
GSM4552618,2,GSE150575;GSE150576,pre-treatment breast cancer biopsy sample 578975
GSM4552619,2,GSE150575;GSE150576,pre-treatment breast cancer biopsy sample 796558
GSM4552620,2,GSE150575;GSE150576,pre-treatment breast cancer biopsy sample 180663
GSM4552621,2,GSE150575;GSE150576,pre-treatment breast cancer biopsy sample 779739
GSM4552622,2,GSE150575;GSE150576,pre-treatment breast cancer biopsy sample 604199
GSM4552623,2,GSE150575;GSE150576,pre-treatment breast cancer biopsy sample 317402
GSM4552624,2,GSE150575;GSE150576,pre-treatment breast cancer biopsy sample 856159
GSM4552625,2,GSE150575;GSE150576,pre-treatment breast cancer biopsy sample 963303
GSM4552626,2,GSE150575;GSE150576,pre-treatment breast cancer biopsy sample 220471
GSM4552627,2,GSE150575;GSE150576,pre-treatment breast cancer biopsy sample 361701
GSM4552628,2,GSE150575;GSE150576,pre-treatment breast cancer biopsy sample 688955
GSM4552629,2,GSE150575;GSE150576,pre-treatment breast cancer biopsy sample 490023
GSM4552630,2,GSE150575;GSE150576,pre-treatment breast cancer biopsy sample 573605
GSM4552631,2,GSE150575;GSE150576,pre-treatment breast cancer biopsy sample 342959
GSM4552632,2,GSE150575;GSE150576,pre-treatment breast cancer biopsy sample 518000
GSM4552633,2,GSE150575;GSE150576,pre-treatment breast cancer biopsy sample 317641
GSM4552634,2,GSE150575;GSE150576,pre-treatment breast cancer biopsy sample 711476
GSM4552635,2,GSE150575;GSE150576,pre-treatment breast cancer biopsy sample 591810
GSM4552636,2,GSE150575;GSE150576,pre-treatment breast cancer biopsy sample 501303
GSM4552637,2,GSE150575;GSE150576,pre-treatment breast cancer biopsy sample 929980
GSM4552638,2,GSE150575;GSE150576,pre-treatment breast cancer biopsy sample 309830
GSM4552639,2,GSE150575;GSE150576,pre-treatment breast cancer biopsy sample 266840
GSM4552640,2,GSE150575;GSE150576,pre-treatment breast cancer biopsy sample 729732
GSM4552641,2,GSE150575;GSE150576,pre-treatment breast cancer biopsy sample 845147
GSM4552642,2,GSE150575;GSE150576,pre-treatment breast cancer biopsy sample 343898
GSM4552643,2,GSE150575;GSE150576,pre-treatment breast cancer biopsy sample 863161
GSM4552644,2,GSE150575;GSE150576,pre-treatment breast cancer biopsy sample 549172
GSM4552645,2,GSE150575;GSE150576,pre-treatment breast cancer biopsy sample 698094
GSM4552646,2,GSE150575;GSE150576,pre-treatment breast cancer biopsy sample 294265
GSM4552647,2,GSE150575;GSE150576,pre-treatment breast cancer biopsy sample 808714
GSM4552648,2,GSE150575;GSE150576,pre-treatment breast cancer biopsy sample 517870
GSM4552649,2,GSE150575;GSE150576,pre-treatment breast cancer biopsy sample 929391
GSM4552650,2,GSE150575;GSE150576,pre-treatment breast cancer biopsy sample 218503
GSM4552651,2,GSE150575;GSE150576,pre-treatment breast cancer biopsy sample 116603
GSM4552652,2,GSE150575;GSE150576,pre-treatment breast cancer biopsy sample 547405
GSM5008855,2,GSE164385;GSE164716,MM468_DMSO1_day60_H3K27me3 [scChIP-seq]
GSM5008856,2,GSE164385;GSE164716,MM468_DMSO3_day77_H3K27me3 [scChIP-seq]
GSM5008857,2,GSE164385;GSE164716,MM468_DMSO5_day131_H3K27me3 [scChIP-seq]
GSM5008858,2,GSE164385;GSE164716,MM468_5FU1_day33_H3K27me3 [scChIP-seq]
GSM5008859,2,GSE164385;GSE164716,MM468_5FU2_day67_H3K27me3 [scChIP-seq]
GSM5008860,2,GSE164385;GSE164716,MM468_5FU6_day131_H3K27me3 [scChIP-seq]
GSM5008861,2,GSE164385;GSE164716,MM468_5FU3_day147_H3K27me3 [scChIP-seq]
GSM5008862,2,GSE164385;GSE164716,MM468_5FU2_day171_H3K27me3 [scChIP-seq]
GSM5008863,2,GSE164385;GSE164716,MM468_DMSO1_day0_H3K4me3 [scChIP-seq]
GSM5008864,2,GSE164385;GSE164716,MM468_5FU1_day60_H3K4me3 [scChIP-seq]
GSM5008865,2,GSE164385;GSE164716,HBCx95_m43_UNT_H3K27me3 [scChIP-seq]
GSM5008866,2,GSE164385;GSE164716,HBCx95_m43_UNT_H3K4me3 [scChIP-seq]
GSM501245,2,GSE18229;GSE26338,UNC-020157B-core
GSM50135,4,GSE10893;GSE18229;GSE20624;GSE26338,HCI02-235
GSM50148,5,GSE10886;GSE10893;GSE18229;GSE20624;GSE26338,PB152-MET-LN
GSM50149,4,GSE10893;GSE18229;GSE20624;GSE26338,PB244
GSM50154,5,GSE10886;GSE10893;GSE18229;GSE20624;GSE26338,PB515
GSM50157,4,GSE10886;GSE18229;GSE20624;GSE26338,UB-28
GSM5017686,2,GSE164715;GSE164716,MM468_5FU3_day202 [scRNA-seq]
GSM5017687,2,GSE164715;GSE164716,MM468_5FU3_day50 [scRNA-seq]
GSM5017688,2,GSE164715;GSE164716,MM468_5FU3_day77 [scRNA-seq]
GSM5017689,2,GSE164715;GSE164716,MM468_5FU2_day171 [scRNA-seq]
GSM5017690,2,GSE164715;GSE164716,MM468_5FU2_day67 [scRNA-seq]
GSM5017691,2,GSE164715;GSE164716,MM468_5FU1_day214 [scRNA-seq]
GSM5017692,2,GSE164715;GSE164716,MM468_5FU1_day33 [scRNA-seq]
GSM5017693,2,GSE164715;GSE164716,MM468_5FU1_UNC_day33 [scRNA-seq]
GSM5017694,2,GSE164715;GSE164716,MM468_chemonaive [scRNA-seq]
GSM5017695,2,GSE164715;GSE164716,MM468_UNC_day33 [scRNA-seq]
GSM5017696,2,GSE164715;GSE164716,HBCx95_chemonaive [scRNA-seq]
GSM5017697,2,GSE164715;GSE164716,HBCx95_persister [scRNA-seq]
GSM5017698,2,GSE164715;GSE164716,HBCx95_recurrent [scRNA-seq]
GSM5017699,2,GSE164715;GSE164716,HBCx95_residual [scRNA-seq]
GSM5017700,2,GSE164715;GSE164716,HBCx95_resistant [scRNA-seq]
GSM505327,2,GSE16716;GSE20194,BR_FNA_M157
GSM505328,2,GSE16716;GSE20194,BR_FNA_M196
GSM505329,2,GSE16716;GSE20194,BR_FNA_M176
GSM505330,2,GSE16716;GSE20194,BR_FNA_M214
GSM505331,2,GSE16716;GSE20194,BR_FNA_M113
GSM505333,2,GSE16716;GSE20194,BR_FNA_M154
GSM505334,2,GSE16716;GSE20194,BR_FNA_M165
GSM505335,2,GSE16716;GSE20194,BR_FNA_M212
GSM505336,2,GSE16716;GSE20194,BR_FNA_M153
GSM505337,2,GSE16716;GSE20194,BR_FNA_M220
GSM505338,2,GSE16716;GSE20194,BR_FNA_M228
GSM505339,2,GSE16716;GSE20194,BR_FNA_M177
GSM505340,2,GSE16716;GSE20194,BR_FNA_M186
GSM505341,2,GSE16716;GSE20194,BR_FNA_M161
GSM505342,2,GSE16716;GSE20194,BR_FNA_M159
GSM505343,2,GSE16716;GSE20194,BR_FNA_M130
GSM505344,2,GSE16716;GSE20194,BR_FNA_M180
GSM505345,2,GSE16716;GSE20194,BR_FNA_M121
GSM505346,2,GSE16716;GSE20194,BR_FNA_M155
GSM505347,2,GSE16716;GSE20194,BR_FNA_M128
GSM505348,2,GSE16716;GSE20194,BR_FNA_M227
GSM505349,2,GSE16716;GSE20194,BR_FNA_M116
GSM505350,2,GSE16716;GSE20194,BR_FNA_M156
GSM505351,2,GSE16716;GSE20194,BR_FNA_M111
GSM505352,2,GSE16716;GSE20194,BR_FNA_M201
GSM505353,2,GSE16716;GSE20194,BR_FNA_M188
GSM505354,2,GSE16716;GSE20194,BR_FNA_M158
GSM505355,2,GSE16716;GSE20194,BR_FNA_M226
GSM505356,2,GSE16716;GSE20194,BR_FNA_M199
GSM505357,2,GSE16716;GSE20194,BR_FNA_M215
GSM505358,2,GSE16716;GSE20194,BR_FNA_M136
GSM505359,2,GSE16716;GSE20194,BR_FNA_M206
GSM505360,2,GSE16716;GSE20194,BR_FNA_M211
GSM505361,2,GSE16716;GSE20194,BR_FNA_M217
GSM505362,2,GSE16716;GSE20194,BR_FNA_M135
GSM505363,2,GSE16716;GSE20194,BR_FNA_M216
GSM505364,2,GSE16716;GSE20194,BR_FNA_M139
GSM505365,2,GSE16716;GSE20194,BR_FNA_M117
GSM505366,2,GSE16716;GSE20194,BR_FNA_M106
GSM505367,2,GSE16716;GSE20194,BR_FNA_M108
GSM505368,2,GSE16716;GSE20194,BR_FNA_M123
GSM505369,2,GSE16716;GSE20194,BR_FNA_M126
GSM505370,2,GSE16716;GSE20194,BR_FNA_M205
GSM505371,2,GSE16716;GSE20194,BR_FNA_M182
GSM505372,2,GSE16716;GSE20194,BR_FNA_M133
GSM505373,2,GSE16716;GSE20194,BR_FNA_M179
GSM505374,2,GSE16716;GSE20194,BR_FNA_M189
GSM505375,2,GSE16716;GSE20194,BR_FNA_M181
GSM505376,2,GSE16716;GSE20194,BR_FNA_M230
GSM505377,2,GSE16716;GSE20194,BR_FNA_M230R1
GSM505378,2,GSE16716;GSE20194,BR_FNA_M236
GSM505379,2,GSE16716;GSE20194,BR_FNA_M236R1
GSM505380,2,GSE16716;GSE20194,BR_FNA_M258
GSM505381,2,GSE16716;GSE20194,BR_FNA_M258R1
GSM505382,2,GSE16716;GSE20194,BR_FNA_M246
GSM505383,2,GSE16716;GSE20194,BR_FNA_M246R1
GSM505384,2,GSE16716;GSE20194,BR_FNA_M237
GSM505385,2,GSE16716;GSE20194,BR_FNA_M237R1
GSM505386,2,GSE16716;GSE20194,BR_FNA_M239
GSM505387,2,GSE16716;GSE20194,BR_FNA_M239R1
GSM505388,2,GSE16716;GSE20194,BR_FNA_M264
GSM505389,2,GSE16716;GSE20194,BR_FNA_M264R1
GSM505390,2,GSE16716;GSE20194,BR_FNA_M238
GSM505391,2,GSE16716;GSE20194,BR_FNA_M238R1
GSM505392,2,GSE16716;GSE20194,BR_FNA_M280
GSM505393,2,GSE16716;GSE20194,BR_FNA_M280R1
GSM505394,2,GSE16716;GSE20194,BR_FNA_M245
GSM505395,2,GSE16716;GSE20194,BR_FNA_M245R1
GSM505396,2,GSE16716;GSE20194,BR_FNA_M247
GSM505397,2,GSE16716;GSE20194,BR_FNA_M247R1
GSM505398,2,GSE16716;GSE20194,BR_FNA_M266
GSM505399,2,GSE16716;GSE20194,BR_FNA_M266R1
GSM505400,2,GSE16716;GSE20194,BR_FNA_M235
GSM505401,2,GSE16716;GSE20194,BR_FNA_M235R1
GSM505402,2,GSE16716;GSE20194,BR_FNA_M231
GSM505403,2,GSE16716;GSE20194,BR_FNA_M231R1
GSM505404,2,GSE16716;GSE20194,BR_FNA_M257
GSM505405,2,GSE16716;GSE20194,BR_FNA_M257R1
GSM505406,2,GSE16716;GSE20194,BR_FNA_M256
GSM505407,2,GSE16716;GSE20194,BR_FNA_M256R1
GSM505408,2,GSE16716;GSE20194,BR_FNA_M270
GSM505409,2,GSE16716;GSE20194,BR_FNA_M270R1
GSM505410,2,GSE16716;GSE20194,BR_FNA_M259
GSM505411,2,GSE16716;GSE20194,BR_FNA_M301
GSM505412,2,GSE16716;GSE20194,BR_FNA_M234
GSM505413,2,GSE16716;GSE20194,BR_FNA_M310
GSM505414,2,GSE16716;GSE20194,BR_FNA_M251
GSM505415,2,GSE16716;GSE20194,BR_FNA_M260
GSM505416,2,GSE16716;GSE20194,BR_FNA_M255
GSM505417,2,GSE16716;GSE20194,BR_FNA_M286
GSM505418,2,GSE16716;GSE20194,BR_FNA_M287
GSM505419,2,GSE16716;GSE20194,BR_FNA_M309
GSM505420,2,GSE16716;GSE20194,BR_FNA_M304
GSM505421,2,GSE16716;GSE20194,BR_FNA_M233
GSM505422,2,GSE16716;GSE20194,BR_FNA_M297
GSM505423,2,GSE16716;GSE20194,BR_FNA_M295
GSM505424,2,GSE16716;GSE20194,BR_FNA_M282
GSM505425,2,GSE16716;GSE20194,BR_FNA_M302
GSM505426,2,GSE16716;GSE20194,BR_FNA_M261
GSM505427,2,GSE16716;GSE20194,BR_FNA_M333
GSM505428,2,GSE16716;GSE20194,BR_FNA_M402
GSM505429,2,GSE16716;GSE20194,BR_FNA_M387
GSM505430,2,GSE16716;GSE20194,BR_FNA_M386
GSM505431,2,GSE16716;GSE20194,BR_FNA_M322
GSM505432,2,GSE16716;GSE20194,BR_FNA_M375
GSM505433,2,GSE16716;GSE20194,BR_FNA_M330
GSM505434,2,GSE16716;GSE20194,BR_FNA_M316
GSM505435,2,GSE16716;GSE20194,BR_FNA_M331
GSM505436,2,GSE16716;GSE20194,BR_FNA_ML20
GSM505437,2,GSE16716;GSE20194,BR_FNA_M371R1
GSM505438,2,GSE16716;GSE20194,BR_FNA_M402R1
GSM505439,2,GSE16716;GSE20194,BR_FNA_M331R1
GSM505440,2,GSE16716;GSE20194,BR_FNA_M375R1
GSM505441,2,GSE16716;GSE20194,BR_FNA_M322R1
GSM505442,2,GSE16716;GSE20194,BR_FNA_M333R1
GSM505443,2,GSE16716;GSE20194,BR_FNA_M387R1
GSM505444,2,GSE16716;GSE20194,BR_FNA_M386R1
GSM505445,2,GSE16716;GSE20194,BR_FNA_M316R1
GSM505446,2,GSE16716;GSE20194,BR_FNA_M330R1
GSM505447,2,GSE16716;GSE20194,BR_FNA_M371
GSM505448,2,GSE16716;GSE20194,BR_FNA_M323
GSM505449,2,GSE16716;GSE20194,BR_FNA_M442
GSM505450,2,GSE16716;GSE20194,BR_FNA_PERU14-16
GSM505451,2,GSE16716;GSE20194,BR_FNA_M523
GSM505452,2,GSE16716;GSE20194,BR_FNA_M315
GSM505453,2,GSE16716;GSE20194,BR_FNA_M399
GSM505454,2,GSE16716;GSE20194,BR_FNA_M524
GSM505455,2,GSE16716;GSE20194,BR_FNA_M353
GSM505456,2,GSE16716;GSE20194,BR_FNA_M534
GSM505457,2,GSE16716;GSE20194,BR_FNA_M447
GSM505458,2,GSE16716;GSE20194,BR_FNA_M356
GSM505459,2,GSE16716;GSE20194,BR_FNA_M367
GSM505460,2,GSE16716;GSE20194,BR_FNA_M120
GSM505461,2,GSE16716;GSE20194,BR_FNA_M482
GSM505462,2,GSE16716;GSE20194,BR_FNA_PERU11
GSM505463,2,GSE16716;GSE20194,BR_FNA_M141
GSM505464,2,GSE16716;GSE20194,BR_FNA_M107
GSM505465,2,GSE16716;GSE20194,BR_FNA_M343
GSM505466,2,GSE16716;GSE20194,BR_FNA_M485
GSM505467,2,GSE16716;GSE20194,BR_FNA_M373
GSM505468,2,GSE16716;GSE20194,BR_FNA_M463
GSM505469,2,GSE16716;GSE20194,BR_FNA_M357
GSM505470,2,GSE16716;GSE20194,BR_FNA_PERU08
GSM505471,2,GSE16716;GSE20194,BR_FNA_PERU12-14
GSM505472,2,GSE16716;GSE20194,BR_FNA_M384
GSM505473,2,GSE16716;GSE20194,BR_FNA_M497
GSM505474,2,GSE16716;GSE20194,BR_FNA_PERU07
GSM505475,2,GSE16716;GSE20194,BR_FNA_M503
GSM505476,2,GSE16716;GSE20194,BR_FNA_M129
GSM505477,2,GSE16716;GSE20194,BR_FNA_M421
GSM505478,2,GSE16716;GSE20194,BR_FNA_M146
GSM505479,2,GSE16716;GSE20194,BR_FNA_M506
GSM505480,2,GSE16716;GSE20194,BR_FNA_PERU09
GSM505481,2,GSE16716;GSE20194,BR_FNA_M525
GSM505482,2,GSE16716;GSE20194,BR_FNA_M145
GSM505483,2,GSE16716;GSE20194,BR_FNA_M469
GSM505484,2,GSE16716;GSE20194,BR_FNA_M484
GSM505485,2,GSE16716;GSE20194,BR_FNA_M341
GSM505486,2,GSE16716;GSE20194,BR_FNA_M434
GSM505487,2,GSE16716;GSE20194,BR_FNA_M334
GSM505488,2,GSE16716;GSE20194,BR_FNA_PERU01
GSM505489,2,GSE16716;GSE20194,BR_FNA_PERU53
GSM505490,2,GSE16716;GSE20194,BR_FNA_PERU55
GSM505491,2,GSE16716;GSE20194,BR_FNA_M713
GSM505492,2,GSE16716;GSE20194,BR_FNA_US120
GSM505493,2,GSE16716;GSE20194,BR_FNA_US123
GSM505494,2,GSE16716;GSE20194,BR_FNA_US134
GSM505495,2,GSE16716;GSE20194,BR_FNA_US031
GSM505496,2,GSE16716;GSE20194,BR_FNA_US129
GSM505497,2,GSE16716;GSE20194,BR_FNA_US125
GSM505498,2,GSE16716;GSE20194,BR_FNA_US147
GSM505499,2,GSE16716;GSE20194,BR_FNA_US002
GSM505500,2,GSE16716;GSE20194,BR_FNA_M314
GSM505501,2,GSE16716;GSE20194,BR_FNA_US092
GSM505502,2,GSE16716;GSE20194,BR_FNA_US097
GSM505503,2,GSE16716;GSE20194,BR_FNA_M233R1
GSM505504,2,GSE16716;GSE20194,BR_FNA_M286R1
GSM505505,2,GSE16716;GSE20194,BR_FNA_M302R1
GSM505506,2,GSE16716;GSE20194,BR_FNA_M195
GSM505507,2,GSE16716;GSE20194,BR_FNA_M232
GSM505508,2,GSE16716;GSE20194,BR_FNA_M263
GSM505509,2,GSE16716;GSE20194,BR_FNA_M281
GSM505510,2,GSE16716;GSE20194,BR_FNA_M283
GSM505511,2,GSE16716;GSE20194,BR_FNA_M294
GSM505512,2,GSE16716;GSE20194,BR_FNA_M319
GSM505513,2,GSE16716;GSE20194,BR_FNA_M332
GSM505514,2,GSE16716;GSE20194,BR_FNA_M339
GSM505515,2,GSE16716;GSE20194,BR_FNA_M340
GSM505516,2,GSE16716;GSE20194,BR_FNA_M345
GSM505517,2,GSE16716;GSE20194,BR_FNA_M355
GSM505518,2,GSE16716;GSE20194,BR_FNA_M360
GSM505519,2,GSE16716;GSE20194,BR_FNA_M363
GSM505520,2,GSE16716;GSE20194,BR_FNA_M365
GSM505521,2,GSE16716;GSE20194,BR_FNA_M382
GSM505522,2,GSE16716;GSE20194,BR_FNA_M385
GSM505523,2,GSE16716;GSE20194,BR_FNA_M396
GSM505524,2,GSE16716;GSE20194,BR_FNA_M411
GSM505525,2,GSE16716;GSE20194,BR_FNA_M417
GSM505526,2,GSE16716;GSE20194,BR_FNA_M423
GSM505527,2,GSE16716;GSE20194,BR_FNA_M425
GSM505528,2,GSE16716;GSE20194,BR_FNA_M430
GSM505529,2,GSE16716;GSE20194,BR_FNA_M431
GSM505530,2,GSE16716;GSE20194,BR_FNA_M433
GSM505531,2,GSE16716;GSE20194,BR_FNA_M443
GSM505532,2,GSE16716;GSE20194,BR_FNA_M486
GSM505533,2,GSE16716;GSE20194,BR_FNA_M502
GSM505534,2,GSE16716;GSE20194,BR_FNA_M507
GSM505535,2,GSE16716;GSE20194,BR_FNA_M513
GSM505536,2,GSE16716;GSE20194,BR_FNA_M531
GSM505537,2,GSE16716;GSE20194,BR_FNA_M545
GSM505538,2,GSE16716;GSE20194,BR_FNA_M549
GSM505539,2,GSE16716;GSE20194,BR_FNA_M556
GSM505540,2,GSE16716;GSE20194,BR_FNA_M557
GSM505541,2,GSE16716;GSE20194,BR_FNA_M558
GSM505542,2,GSE16716;GSE20194,BR_FNA_M559
GSM505543,2,GSE16716;GSE20194,BR_FNA_M564
GSM505544,2,GSE16716;GSE20194,BR_FNA_M566
GSM505545,2,GSE16716;GSE20194,BR_FNA_M571
GSM505546,2,GSE16716;GSE20194,BR_FNA_M576
GSM505547,2,GSE16716;GSE20194,BR_FNA_M578
GSM505548,2,GSE16716;GSE20194,BR_FNA_M583
GSM505549,2,GSE16716;GSE20194,BR_FNA_M599
GSM505550,2,GSE16716;GSE20194,BR_FNA_M607
GSM505551,2,GSE16716;GSE20194,BR_FNA_M610
GSM505552,2,GSE16716;GSE20194,BR_FNA_M612
GSM505553,2,GSE16716;GSE20194,BR_FNA_M617
GSM505554,2,GSE16716;GSE20194,BR_FNA_M619
GSM505555,2,GSE16716;GSE20194,BR_FNA_M626
GSM505556,2,GSE16716;GSE20194,BR_FNA_M642
GSM505557,2,GSE16716;GSE20194,BR_FNA_M643
GSM505558,2,GSE16716;GSE20194,BR_FNA_M647
GSM505559,2,GSE16716;GSE20194,BR_FNA_M651
GSM505560,2,GSE16716;GSE20194,BR_FNA_M652
GSM505561,2,GSE16716;GSE20194,BR_FNA_M657
GSM505562,2,GSE16716;GSE20194,BR_FNA_M658
GSM505563,2,GSE16716;GSE20194,BR_FNA_M659
GSM505564,2,GSE16716;GSE20194,BR_FNA_M661
GSM505565,2,GSE16716;GSE20194,BR_FNA_M662
GSM505566,2,GSE16716;GSE20194,BR_FNA_M665
GSM505567,2,GSE16716;GSE20194,BR_FNA_M666
GSM505568,2,GSE16716;GSE20194,BR_FNA_M668
GSM505569,2,GSE16716;GSE20194,BR_FNA_M669
GSM505570,2,GSE16716;GSE20194,BR_FNA_M670
GSM505571,2,GSE16716;GSE20194,BR_FNA_M671
GSM505572,2,GSE16716;GSE20194,BR_FNA_M673
GSM505573,2,GSE16716;GSE20194,BR_FNA_M675
GSM505574,2,GSE16716;GSE20194,BR_FNA_M679
GSM505575,2,GSE16716;GSE20194,BR_FNA_M681
GSM505576,2,GSE16716;GSE20194,BR_FNA_M682
GSM505577,2,GSE16716;GSE20194,BR_FNA_M683
GSM505578,2,GSE16716;GSE20194,BR_FNA_M685
GSM505579,2,GSE16716;GSE20194,BR_FNA_M690
GSM505580,2,GSE16716;GSE20194,BR_FNA_M692
GSM505581,2,GSE16716;GSE20194,BR_FNA_M693
GSM505582,2,GSE16716;GSE20194,BR_FNA_M695
GSM505583,2,GSE16716;GSE20194,BR_FNA_M696
GSM505584,2,GSE16716;GSE20194,BR_FNA_M709
GSM505585,2,GSE16716;GSE20194,BR_FNA_M710
GSM505586,2,GSE16716;GSE20194,BR_FNA_M714
GSM505587,2,GSE16716;GSE20194,BR_FNA_M717
GSM505588,2,GSE16716;GSE20194,BR_FNA_M718
GSM505589,2,GSE16716;GSE20194,BR_FNA_M723
GSM505590,2,GSE16716;GSE20194,BR_FNA_M725
GSM505591,2,GSE16716;GSE20194,BR_FNA_M728
GSM505592,2,GSE16716;GSE20194,BR_FNA_M732
GSM505593,2,GSE16716;GSE20194,BR_FNA_M734
GSM505594,2,GSE16716;GSE20194,BR_FNA_M744
GSM505595,2,GSE16716;GSE20194,BR_FNA_M746
GSM505596,2,GSE16716;GSE20194,BR_FNA_M753
GSM505597,2,GSE16716;GSE20194,BR_FNA_M765
GSM505598,2,GSE16716;GSE20194,BR_FNA_M767
GSM505599,2,GSE16716;GSE20194,BR_FNA_M774
GSM505600,2,GSE16716;GSE20194,BR_FNA_M781
GSM505601,2,GSE16716;GSE20194,BR_FNA_M782
GSM505602,2,GSE16716;GSE20194,BR_FNA_M784
GSM505603,2,GSE16716;GSE20194,BR_FNA_M795
GSM505604,2,GSE16716;GSE20194,BR_FNA_M801
GSM505605,2,GSE16716;GSE20194,BR_FNA_M806
GSM52882,3,GSE10893;GSE18229;GSE26338,PB432-repeat1
GSM52883,3,GSE10893;GSE18229;GSE6130,PB407
GSM52884,4,GSE10886;GSE10893;GSE18229;GSE6130,PB479
GSM52885,5,GSE10893;GSE18229;GSE20624;GSE26338;GSE6130,9830-000060B
GSM52886,5,GSE10886;GSE10893;GSE18229;GSE20624;GSE26338,9830-000094B
GSM52887,5,GSE10893;GSE18229;GSE20624;GSE26338;GSE6130,9830-000248B
GSM52888,5,GSE10893;GSE18229;GSE20624;GSE26338;GSE6130,9830-000517B
GSM52889,5,GSE10893;GSE18229;GSE20624;GSE26338;GSE6130,9830-010461B
GSM52890,5,GSE10893;GSE18229;GSE20624;GSE26338;GSE6130,9830-020025B
GSM52891,6,GSE10886;GSE10893;GSE18229;GSE20624;GSE26338;GSE6130,9830-020072B
GSM52892,5,GSE10893;GSE18229;GSE20624;GSE26338;GSE6130,9830-020185B
GSM52893,5,GSE10893;GSE18229;GSE20624;GSE26338;GSE6130,9830-020310B
GSM52894,4,GSE10893;GSE18229;GSE20624;GSE26338,9830-020461B
GSM52895,5,GSE10886;GSE10893;GSE18229;GSE20624;GSE6130,PB284
GSM52896,3,GSE10886;GSE10893;GSE18229,PB432
GSM52913,3,GSE10893;GSE18229;GSE26338,A7-Brain-Met-v2
GSM52917,3,GSE10893;GSE18229;GSE26338,A7-LN-Met
GSM52919,4,GSE10893;GSE18229;GSE20624;GSE26338,A8-Caudaequina-Met
GSM52921,3,GSE10893;GSE18229;GSE26338,A8-Lung-Met
GSM53474,6,GSE10886;GSE10893;GSE18229;GSE20624;GSE26338;GSE6130,9830-010042B
GSM53475,6,GSE10886;GSE10893;GSE18229;GSE20624;GSE26338;GSE6130,PB211
GSM53476,5,GSE10886;GSE10893;GSE18229;GSE20624;GSE26338,PB341
GSM53477,5,GSE10886;GSE10893;GSE18229;GSE20624;GSE26338,PB342
GSM53478,5,GSE10893;GSE18229;GSE20624;GSE26338;GSE6130,9830-000424B
GSM53479,5,GSE10893;GSE18229;GSE20624;GSE26338;GSE6130,9830-000471B
GSM53480,4,GSE10893;GSE18229;GSE20624;GSE26338,9830-020340B
GSM53481,4,GSE10893;GSE18229;GSE20624;GSE26338,9830-020416B
GSM53482,5,GSE10893;GSE18229;GSE20624;GSE26338;GSE6130,9830-030562B
GSM53483,5,GSE10893;GSE18229;GSE20624;GSE26338;GSE6130,BC00040
GSM53484,4,GSE10893;GSE18229;GSE20624;GSE26338,BC00042
GSM53485,4,GSE10893;GSE18229;GSE20624;GSE26338,BC00061
GSM53486,5,GSE10893;GSE18229;GSE20624;GSE26338;GSE6130,BC00079
GSM5387310,2,GSE178305;GSE178310,"MDA-MB-231 parental, exosome (Replicate 1)"
GSM5387311,2,GSE178305;GSE178310,"MDA-MB-231 parental, exosome (Replicate 2)"
GSM5387312,2,GSE178305;GSE178310,"MDA-MB-231 parental, exosome (Replicate 3)"
GSM5387313,2,GSE178305;GSE178310,"Cisplatin-treated MDA-MB-231 parental, exosome (Replicate 1)"
GSM5387314,2,GSE178305;GSE178310,"Cisplatin-treated MDA-MB-231 parental, exosome (Replicate 2)"
GSM5387315,2,GSE178305;GSE178310,"Cisplatin-treated MDA-MB-231 parental, exosome (Replicate 3)"
GSM5387316,2,GSE178305;GSE178310,"Sorted CSC-like MDA-MB-231, exosome (Replicate 1)"
GSM5387317,2,GSE178305;GSE178310,"Sorted CSC-like MDA-MB-231, exosome (Replicate 2)"
GSM5387318,2,GSE178305;GSE178310,"Sorted CSC-like MDA-MB-231, exosome (Replicate 3)"
GSM5387319,2,GSE178305;GSE178310,"Cisplatin-treated sorted CSC-like MDA-MB-231, exosome (Replicate 1)"
GSM5387320,2,GSE178305;GSE178310,"Cisplatin-treated sorted CSC-like MDA-MB-231, exosome (Replicate 2)"
GSM5387321,2,GSE178305;GSE178310,"Cisplatin-treated sorted CSC-like MDA-MB-231, exosome (Replicate 3)"
GSM5387430,2,GSE178307;GSE178310,"MDA-MB-231 parental, exosome (Replicate 1)"
GSM5387431,2,GSE178307;GSE178310,"MDA-MB-231 parental, exosome (Replicate 2)"
GSM5387432,2,GSE178307;GSE178310,"MDA-MB-231 parental, exosome (Replicate 3)"
GSM5387433,2,GSE178307;GSE178310,"Cisplatin-treated MDA-MB-231 parental, exosome (Replicate 1)"
GSM5387434,2,GSE178307;GSE178310,"Cisplatin-treated MDA-MB-231 parental, exosome (Replicate 2)"
GSM5387435,2,GSE178307;GSE178310,"Cisplatin-treated MDA-MB-231 parental, exosome (Replicate 3)"
GSM5387436,2,GSE178307;GSE178310,"Sorted CSC-like MDA-MB-231, exosome (Replicate 1)"
GSM5387437,2,GSE178307;GSE178310,"Sorted CSC-like MDA-MB-231, exosome (Replicate 2)"
GSM5387438,2,GSE178307;GSE178310,"Sorted CSC-like MDA-MB-231, exosome (Replicate 3)"
GSM5387439,2,GSE178307;GSE178310,"Cisplatin-treated sorted CSC-like MDA-MB-231, exosome (Replicate 1)"
GSM5387440,2,GSE178307;GSE178310,"Cisplatin-treated sorted CSC-like MDA-MB-231, exosome (Replicate 2)"
GSM5387441,2,GSE178307;GSE178310,"Cisplatin-treated sorted CSC-like MDA-MB-231, exosome (Replicate 3)"
GSM5662564,2,GSE164715;GSE164716,HBCx39_chemonaive [scRNA-seq]
GSM5662565,2,GSE164715;GSE164716,HBCx39_persister [scRNA-seq]
GSM5662566,2,GSE164715;GSE164716,HBCx172_chemonaive [scRNA-seq]
GSM5662567,2,GSE164715;GSE164716,HBCx172_persister [scRNA-seq]
GSM5664458,2,GSE164716;GSE186965,HBCx172_primary_H3K4me3_H3K27me3
GSM5664459,2,GSE164716;GSE186965,HBCx172_primary_H3K4me3_IgG
GSM5664460,2,GSE164716;GSE186965,HBCx172_reChIP_H3K4me3_H3K27me3
GSM5664461,2,GSE164716;GSE186965,HBCx172_reChIP_H3K4me3_IgG
GSM5664462,2,GSE164716;GSE186965,HBCx39_primary_H3K4me3_H3K27me3
GSM5664463,2,GSE164716;GSE186965,HBCx39_primary_H3K4me3_IgG
GSM5664464,2,GSE164716;GSE186965,HBCx39_reChIP_H3K4me3_H3K27me3
GSM5664465,2,GSE164716;GSE186965,HBCx39_reChIP_H3K4me3_IgG
GSM5664466,2,GSE164716;GSE186965,HBCx95_primary_H3K4me3_H3K27me3
GSM5664467,2,GSE164716;GSE186965,HBCx95_primary_H3K4me3_IgG
GSM5664468,2,GSE164716;GSE186965,HBCx95_reChIP_H3K4me3_H3K27me3
GSM5664469,2,GSE164716;GSE186965,HBCx95_reChIP_H3K4me3_IgG
GSM5664470,2,GSE164716;GSE186965,HCC38_primary_H3K4me3_H3K27me3
GSM5664471,2,GSE164716;GSE186965,HCC38_primary_H3K4me3_IgG
GSM5664472,2,GSE164716;GSE186965,HCC38_reChIP_H3K4me3_H3K27me3
GSM5664473,2,GSE164716;GSE186965,HCC38_reChIP_H3K4me3_IgG
GSM5664474,2,GSE164716;GSE186965,MM468_primary_H3K4me3_H3K27me3
GSM5664475,2,GSE164716;GSE186965,MM468_primary_H3K4me3_IgG
GSM5664476,2,GSE164716;GSE186965,MM468_reChIP_H3K4me3_H3K27me3
GSM5664477,2,GSE164716;GSE186965,MM468_reChIP_H3K4me3_IgG
GSM5664478,2,GSE164716;GSE186965,BT20_primary_H3K4me3_IgG
GSM5664479,2,GSE164716;GSE186965,BT20_reChIP_H3K4me3_H3K27me3
GSM5664480,2,GSE164716;GSE186965,BT20_reChIP_H3K4me3_IgG
GSM5664481,2,GSE164716;GSE186966,patient_tumor_HBCx106_H3K27me3
GSM5664482,2,GSE164716;GSE186966,patient_tumor_HBCx106_H3K4me3
GSM5664483,2,GSE164716;GSE186966,patient_tumor_HBCx130_H3K27me3
GSM5664484,2,GSE164716;GSE186966,patient_tumor_HBCx130_H3K4me3
GSM5664485,2,GSE164716;GSE186966,patient_tumor_HBCx144_H3K27me3
GSM5664486,2,GSE164716;GSE186966,patient_tumor_HBCx144_H3K4me3
GSM5664487,2,GSE164716;GSE186966,patient_tumor_HBCx147_H3K27me3
GSM5664488,2,GSE164716;GSE186966,patient_tumor_HBCx147_H3K4me3
GSM5664489,2,GSE164716;GSE186966,patient_tumor_HBCx166_H3K27me3
GSM5664490,2,GSE164716;GSE186966,patient_tumor_HBCx166_H3K4me3
GSM5664491,2,GSE164716;GSE186966,patient_tumor_HBCx167_H3K27me3
GSM5664492,2,GSE164716;GSE186966,patient_tumor_HBCx167_H3K4me3
GSM5664493,2,GSE164716;GSE186966,patient_tumor_HBCx39_H3K27me3
GSM5664494,2,GSE164716;GSE186966,patient_tumor_HBCx39_H3K4me3
GSM5664495,2,GSE164716;GSE186966,patient_tumor_HBCx95_H3K27me3
GSM5664496,2,GSE164716;GSE186966,patient_tumor_HBCx95_H3K4me3
GSM5664497,2,GSE164716;GSE186966,patient_tumor_HBCx172_H3K27me3
GSM5664498,2,GSE164716;GSE186966,patient_tumor_HBCx172_H3K4me3
GSM5782059,2,GSE164385;GSE164716,MM468_GSKJ4_day91_H3K27me3 [scChIP-seq]
GSM5825900,2,GSE194040;GSE196096,ISPY2_100899
GSM5825901,2,GSE194040;GSE196096,ISPY2_102011
GSM5825902,2,GSE194040;GSE196096,ISPY2_102212
GSM5825903,2,GSE194040;GSE196096,ISPY2_103693
GSM5825904,2,GSE194040;GSE196096,ISPY2_103939
GSM5825905,2,GSE194040;GSE196096,ISPY2_104268
GSM5825906,2,GSE194040;GSE196096,ISPY2_104384
GSM5825907,2,GSE194040;GSE196096,ISPY2_105286
GSM5825908,2,GSE194040;GSE196096,ISPY2_105513
GSM5825909,2,GSE194040;GSE196096,ISPY2_107700
GSM5825910,2,GSE194040;GSE196096,ISPY2_108939
GSM5825911,2,GSE194040;GSE196096,ISPY2_108969
GSM5825912,2,GSE194040;GSE196096,ISPY2_109623
GSM5825913,2,GSE194040;GSE196096,ISPY2_109874
GSM5825914,2,GSE194040;GSE196096,ISPY2_109980
GSM5825915,2,GSE194040;GSE196096,ISPY2_111004
GSM5825916,2,GSE194040;GSE196096,ISPY2_111038
GSM5825917,2,GSE194040;GSE196096,ISPY2_111344
GSM5825918,2,GSE194040;GSE196096,ISPY2_111646
GSM5825919,2,GSE194040;GSE196096,ISPY2_111674
GSM5825920,2,GSE194040;GSE196096,ISPY2_111881
GSM5825921,2,GSE194040;GSE196096,ISPY2_112606
GSM5825922,2,GSE194040;GSE196096,ISPY2_114087
GSM5825923,2,GSE194040;GSE196096,ISPY2_115638
GSM5825924,2,GSE194040;GSE196096,ISPY2_115987
GSM5825925,2,GSE194040;GSE196096,ISPY2_116165
GSM5825926,2,GSE194040;GSE196096,ISPY2_116603
GSM5825927,2,GSE194040;GSE196096,ISPY2_117424
GSM5825928,2,GSE194040;GSE196096,ISPY2_117707
GSM5825929,2,GSE194040;GSE196096,ISPY2_118307
GSM5825930,2,GSE194040;GSE196096,ISPY2_119928
GSM5825931,2,GSE194040;GSE196096,ISPY2_120001
GSM5825932,2,GSE194040;GSE196096,ISPY2_120422
GSM5825933,2,GSE194040;GSE196096,ISPY2_122287
GSM5825934,2,GSE194040;GSE196096,ISPY2_122579
GSM5825935,2,GSE194040;GSE196096,ISPY2_122795
GSM5825936,2,GSE194040;GSE196096,ISPY2_123660
GSM5825937,2,GSE194040;GSE196096,ISPY2_125130
GSM5825938,2,GSE194040;GSE196096,ISPY2_125385
GSM5825939,2,GSE194040;GSE196096,ISPY2_125418
GSM5825940,2,GSE194040;GSE196096,ISPY2_127675
GSM5825941,2,GSE194040;GSE196096,ISPY2_127791
GSM5825942,2,GSE194040;GSE196096,ISPY2_128051
GSM5825943,2,GSE194040;GSE196096,ISPY2_128675
GSM5825944,2,GSE194040;GSE196096,ISPY2_129837
GSM5825945,2,GSE194040;GSE196096,ISPY2_129973
GSM5825946,2,GSE194040;GSE196096,ISPY2_130580
GSM5825947,2,GSE194040;GSE196096,ISPY2_130892
GSM5825948,2,GSE194040;GSE196096,ISPY2_131595
GSM5825949,2,GSE194040;GSE196096,ISPY2_131961
GSM5825950,2,GSE194040;GSE196096,ISPY2_132463
GSM5825951,2,GSE194040;GSE196096,ISPY2_133650
GSM5825952,2,GSE194040;GSE196096,ISPY2_134526
GSM5825953,2,GSE194040;GSE196096,ISPY2_136536
GSM5825954,2,GSE194040;GSE196096,ISPY2_138027
GSM5825955,2,GSE194040;GSE196096,ISPY2_138425
GSM5825956,2,GSE194040;GSE196096,ISPY2_139137
GSM5825957,2,GSE194040;GSE196096,ISPY2_139771
GSM5825958,2,GSE194040;GSE196096,ISPY2_139973
GSM5825959,2,GSE194040;GSE196096,ISPY2_141782
GSM5825960,2,GSE194040;GSE196096,ISPY2_142688
GSM5825961,2,GSE194040;GSE196096,ISPY2_144302
GSM5825962,2,GSE194040;GSE196096,ISPY2_145513
GSM5825963,2,GSE194040;GSE196096,ISPY2_145777
GSM5825964,2,GSE194040;GSE196096,ISPY2_146033
GSM5825965,2,GSE194040;GSE196096,ISPY2_146987
GSM5825966,2,GSE194040;GSE196096,ISPY2_147139
GSM5825967,2,GSE194040;GSE196096,ISPY2_148357
GSM5825968,2,GSE194040;GSE196096,ISPY2_149654
GSM5825969,2,GSE194040;GSE196096,ISPY2_150547
GSM5825970,2,GSE194040;GSE196096,ISPY2_151230
GSM5825971,2,GSE194040;GSE196096,ISPY2_151481
GSM5825972,2,GSE194040;GSE196096,ISPY2_151980
GSM5825973,2,GSE194040;GSE196096,ISPY2_152090
GSM5825974,2,GSE194040;GSE196096,ISPY2_152197
GSM5825975,2,GSE194040;GSE196096,ISPY2_153327
GSM5825976,2,GSE194040;GSE196096,ISPY2_153880
GSM5825977,2,GSE194040;GSE196096,ISPY2_154293
GSM5825978,2,GSE194040;GSE196096,ISPY2_155171
GSM5825979,2,GSE194040;GSE196096,ISPY2_156163
GSM5825980,2,GSE194040;GSE196096,ISPY2_157270
GSM5825981,2,GSE194040;GSE196096,ISPY2_157463
GSM5825982,2,GSE194040;GSE196096,ISPY2_159284
GSM5825983,2,GSE194040;GSE196096,ISPY2_159352
GSM5825984,2,GSE194040;GSE196096,ISPY2_160120
GSM5825985,2,GSE194040;GSE196096,ISPY2_162562
GSM5825986,2,GSE194040;GSE196096,ISPY2_164468
GSM5825987,2,GSE194040;GSE196096,ISPY2_165925
GSM5825988,2,GSE194040;GSE196096,ISPY2_166412
GSM5825989,2,GSE194040;GSE196096,ISPY2_166782
GSM5825990,2,GSE194040;GSE196096,ISPY2_167271
GSM5825991,2,GSE194040;GSE196096,ISPY2_168044
GSM5825992,2,GSE194040;GSE196096,ISPY2_169536
GSM5825993,2,GSE194040;GSE196096,ISPY2_169918
GSM5825994,2,GSE194040;GSE196096,ISPY2_172168
GSM5825995,2,GSE194040;GSE196096,ISPY2_172283
GSM5825996,2,GSE194040;GSE196096,ISPY2_172366
GSM5825997,2,GSE194040;GSE196096,ISPY2_174903
GSM5825998,2,GSE194040;GSE196096,ISPY2_174904
GSM5825999,2,GSE194040;GSE196096,ISPY2_177795
GSM5826000,2,GSE194040;GSE196096,ISPY2_178649
GSM5826001,2,GSE194040;GSE196096,ISPY2_178815
GSM5826002,2,GSE194040;GSE196096,ISPY2_179369
GSM5826003,2,GSE194040;GSE196096,ISPY2_179568
GSM5826004,2,GSE194040;GSE196096,ISPY2_180027
GSM5826005,2,GSE194040;GSE196096,ISPY2_180663
GSM5826006,2,GSE194040;GSE196096,ISPY2_181442
GSM5826007,2,GSE194040;GSE196096,ISPY2_181819
GSM5826008,2,GSE194040;GSE196096,ISPY2_182346
GSM5826009,2,GSE194040;GSE196096,ISPY2_183831
GSM5826010,2,GSE194040;GSE196096,ISPY2_188091
GSM5826011,2,GSE194040;GSE196096,ISPY2_188511
GSM5826012,2,GSE194040;GSE196096,ISPY2_188700
GSM5826013,2,GSE194040;GSE196096,ISPY2_190224
GSM5826014,2,GSE194040;GSE196096,ISPY2_192548
GSM5826015,2,GSE194040;GSE196096,ISPY2_194024
GSM5826016,2,GSE194040;GSE196096,ISPY2_196024
GSM5826017,2,GSE194040;GSE196096,ISPY2_196064
GSM5826018,2,GSE194040;GSE196096,ISPY2_197942
GSM5826019,2,GSE194040;GSE196096,ISPY2_198891
GSM5826020,2,GSE194040;GSE196096,ISPY2_199115
GSM5826021,2,GSE194040;GSE196096,ISPY2_199960
GSM5826022,2,GSE194040;GSE196096,ISPY2_200222
GSM5826023,2,GSE194040;GSE196096,ISPY2_201831
GSM5826024,2,GSE194040;GSE196096,ISPY2_201873
GSM5826025,2,GSE194040;GSE196096,ISPY2_202535
GSM5826026,2,GSE194040;GSE196096,ISPY2_202539
GSM5826027,2,GSE194040;GSE196096,ISPY2_202956
GSM5826028,2,GSE194040;GSE196096,ISPY2_203060
GSM5826029,2,GSE194040;GSE196096,ISPY2_203254
GSM5826030,2,GSE194040;GSE196096,ISPY2_204939
GSM5826031,2,GSE194040;GSE196096,ISPY2_208265
GSM5826032,2,GSE194040;GSE196096,ISPY2_208303
GSM5826033,2,GSE194040;GSE196096,ISPY2_208650
GSM5826034,2,GSE194040;GSE196096,ISPY2_209397
GSM5826035,2,GSE194040;GSE196096,ISPY2_209967
GSM5826036,2,GSE194040;GSE196096,ISPY2_211408
GSM5826037,2,GSE194040;GSE196096,ISPY2_212307
GSM5826038,2,GSE194040;GSE196096,ISPY2_213328
GSM5826039,2,GSE194040;GSE196096,ISPY2_213672
GSM5826040,2,GSE194040;GSE196096,ISPY2_213913
GSM5826041,2,GSE194040;GSE196096,ISPY2_215932
GSM5826042,2,GSE194040;GSE196096,ISPY2_218249
GSM5826043,2,GSE194040;GSE196096,ISPY2_218503
GSM5826044,2,GSE194040;GSE196096,ISPY2_219545
GSM5826045,2,GSE194040;GSE196096,ISPY2_220471
GSM5826046,2,GSE194040;GSE196096,ISPY2_220664
GSM5826047,2,GSE194040;GSE196096,ISPY2_220925
GSM5826048,2,GSE194040;GSE196096,ISPY2_221375
GSM5826049,2,GSE194040;GSE196096,ISPY2_221686
GSM5826050,2,GSE194040;GSE196096,ISPY2_222135
GSM5826051,2,GSE194040;GSE196096,ISPY2_223030
GSM5826052,2,GSE194040;GSE196096,ISPY2_223526
GSM5826053,2,GSE194040;GSE196096,ISPY2_225836
GSM5826054,2,GSE194040;GSE196096,ISPY2_227055
GSM5826055,2,GSE194040;GSE196096,ISPY2_227832
GSM5826056,2,GSE194040;GSE196096,ISPY2_227881
GSM5826057,2,GSE194040;GSE196096,ISPY2_228192
GSM5826058,2,GSE194040;GSE196096,ISPY2_228340
GSM5826059,2,GSE194040;GSE196096,ISPY2_229144
GSM5826060,2,GSE194040;GSE196096,ISPY2_229328
GSM5826061,2,GSE194040;GSE196096,ISPY2_229824
GSM5826062,2,GSE194040;GSE196096,ISPY2_231633
GSM5826063,2,GSE194040;GSE196096,ISPY2_233191
GSM5826064,2,GSE194040;GSE196096,ISPY2_233832
GSM5826065,2,GSE194040;GSE196096,ISPY2_233962
GSM5826066,2,GSE194040;GSE196096,ISPY2_234272
GSM5826067,2,GSE194040;GSE196096,ISPY2_234723
GSM5826068,2,GSE194040;GSE196096,ISPY2_235995
GSM5826069,2,GSE194040;GSE196096,ISPY2_236470
GSM5826070,2,GSE194040;GSE196096,ISPY2_237158
GSM5826071,2,GSE194040;GSE196096,ISPY2_238790
GSM5826072,2,GSE194040;GSE196096,ISPY2_239061
GSM5826073,2,GSE194040;GSE196096,ISPY2_239910
GSM5826074,2,GSE194040;GSE196096,ISPY2_240035
GSM5826075,2,GSE194040;GSE196096,ISPY2_240432
GSM5826076,2,GSE194040;GSE196096,ISPY2_240957
GSM5826077,2,GSE194040;GSE196096,ISPY2_241705
GSM5826078,2,GSE194040;GSE196096,ISPY2_241998
GSM5826079,2,GSE194040;GSE196096,ISPY2_242370
GSM5826080,2,GSE194040;GSE196096,ISPY2_243836
GSM5826081,2,GSE194040;GSE196096,ISPY2_245655
GSM5826082,2,GSE194040;GSE196096,ISPY2_246134
GSM5826083,2,GSE194040;GSE196096,ISPY2_247641
GSM5826084,2,GSE194040;GSE196096,ISPY2_248255
GSM5826085,2,GSE194040;GSE196096,ISPY2_250274
GSM5826086,2,GSE194040;GSE196096,ISPY2_252748
GSM5826087,2,GSE194040;GSE196096,ISPY2_253531
GSM5826088,2,GSE194040;GSE196096,ISPY2_254060
GSM5826089,2,GSE194040;GSE196096,ISPY2_254273
GSM5826090,2,GSE194040;GSE196096,ISPY2_255078
GSM5826091,2,GSE194040;GSE196096,ISPY2_255388
GSM5826092,2,GSE194040;GSE196096,ISPY2_255535
GSM5826093,2,GSE194040;GSE196096,ISPY2_255577
GSM5826094,2,GSE194040;GSE196096,ISPY2_257735
GSM5826095,2,GSE194040;GSE196096,ISPY2_259206
GSM5826096,2,GSE194040;GSE196096,ISPY2_259899
GSM5826097,2,GSE194040;GSE196096,ISPY2_261304
GSM5826098,2,GSE194040;GSE196096,ISPY2_262131
GSM5826099,2,GSE194040;GSE196096,ISPY2_263143
GSM5826100,2,GSE194040;GSE196096,ISPY2_264305
GSM5826101,2,GSE194040;GSE196096,ISPY2_264678
GSM5826102,2,GSE194040;GSE196096,ISPY2_266509
GSM5826103,2,GSE194040;GSE196096,ISPY2_266840
GSM5826104,2,GSE194040;GSE196096,ISPY2_267306
GSM5826105,2,GSE194040;GSE196096,ISPY2_268937
GSM5826106,2,GSE194040;GSE196096,ISPY2_269899
GSM5826107,2,GSE194040;GSE196096,ISPY2_273691
GSM5826108,2,GSE194040;GSE196096,ISPY2_273745
GSM5826109,2,GSE194040;GSE196096,ISPY2_275034
GSM5826110,2,GSE194040;GSE196096,ISPY2_275626
GSM5826111,2,GSE194040;GSE196096,ISPY2_277848
GSM5826112,2,GSE194040;GSE196096,ISPY2_277888
GSM5826113,2,GSE194040;GSE196096,ISPY2_279902
GSM5826114,2,GSE194040;GSE196096,ISPY2_280375
GSM5826115,2,GSE194040;GSE196096,ISPY2_282082
GSM5826116,2,GSE194040;GSE196096,ISPY2_282644
GSM5826117,2,GSE194040;GSE196096,ISPY2_282777
GSM5826118,2,GSE194040;GSE196096,ISPY2_283070
GSM5826119,2,GSE194040;GSE196096,ISPY2_284355
GSM5826120,2,GSE194040;GSE196096,ISPY2_284443
GSM5826121,2,GSE194040;GSE196096,ISPY2_284593
GSM5826122,2,GSE194040;GSE196096,ISPY2_285339
GSM5826123,2,GSE194040;GSE196096,ISPY2_286984
GSM5826124,2,GSE194040;GSE196096,ISPY2_287300
GSM5826125,2,GSE194040;GSE196096,ISPY2_287961
GSM5826126,2,GSE194040;GSE196096,ISPY2_289107
GSM5826127,2,GSE194040;GSE196096,ISPY2_289420
GSM5826128,2,GSE194040;GSE196096,ISPY2_290413
GSM5826129,2,GSE194040;GSE196096,ISPY2_291515
GSM5826130,2,GSE194040;GSE196096,ISPY2_293142
GSM5826131,2,GSE194040;GSE196096,ISPY2_294176
GSM5826132,2,GSE194040;GSE196096,ISPY2_294265
GSM5826133,2,GSE194040;GSE196096,ISPY2_294739
GSM5826134,2,GSE194040;GSE196096,ISPY2_296123
GSM5826135,2,GSE194040;GSE196096,ISPY2_296841
GSM5826136,2,GSE194040;GSE196096,ISPY2_298101
GSM5826137,2,GSE194040;GSE196096,ISPY2_299364
GSM5826138,2,GSE194040;GSE196096,ISPY2_299840
GSM5826139,2,GSE194040;GSE196096,ISPY2_299962
GSM5826140,2,GSE194040;GSE196096,ISPY2_300724
GSM5826141,2,GSE194040;GSE196096,ISPY2_301289
GSM5826142,2,GSE194040;GSE196096,ISPY2_301665
GSM5826143,2,GSE194040;GSE196096,ISPY2_301968
GSM5826144,2,GSE194040;GSE196096,ISPY2_303685
GSM5826145,2,GSE194040;GSE196096,ISPY2_303947
GSM5826146,2,GSE194040;GSE196096,ISPY2_306127
GSM5826147,2,GSE194040;GSE196096,ISPY2_306401
GSM5826148,2,GSE194040;GSE196096,ISPY2_307659
GSM5826149,2,GSE194040;GSE196096,ISPY2_309830
GSM5826150,2,GSE194040;GSE196096,ISPY2_311316
GSM5826151,2,GSE194040;GSE196096,ISPY2_311455
GSM5826152,2,GSE194040;GSE196096,ISPY2_313243
GSM5826153,2,GSE194040;GSE196096,ISPY2_313672
GSM5826154,2,GSE194040;GSE196096,ISPY2_316996
GSM5826155,2,GSE194040;GSE196096,ISPY2_317131
GSM5826156,2,GSE194040;GSE196096,ISPY2_317402
GSM5826157,2,GSE194040;GSE196096,ISPY2_317641
GSM5826158,2,GSE194040;GSE196096,ISPY2_318293
GSM5826159,2,GSE194040;GSE196096,ISPY2_318407
GSM5826160,2,GSE194040;GSE196096,ISPY2_318438
GSM5826161,2,GSE194040;GSE196096,ISPY2_318569
GSM5826162,2,GSE194040;GSE196096,ISPY2_319324
GSM5826163,2,GSE194040;GSE196096,ISPY2_320538
GSM5826164,2,GSE194040;GSE196096,ISPY2_323721
GSM5826165,2,GSE194040;GSE196096,ISPY2_324021
GSM5826166,2,GSE194040;GSE196096,ISPY2_326202
GSM5826167,2,GSE194040;GSE196096,ISPY2_326433
GSM5826168,2,GSE194040;GSE196096,ISPY2_327133
GSM5826169,2,GSE194040;GSE196096,ISPY2_327142
GSM5826170,2,GSE194040;GSE196096,ISPY2_327917
GSM5826171,2,GSE194040;GSE196096,ISPY2_328160
GSM5826172,2,GSE194040;GSE196096,ISPY2_329076
GSM5826173,2,GSE194040;GSE196096,ISPY2_329941
GSM5826174,2,GSE194040;GSE196096,ISPY2_330134
GSM5826175,2,GSE194040;GSE196096,ISPY2_331192
GSM5826176,2,GSE194040;GSE196096,ISPY2_332655
GSM5826177,2,GSE194040;GSE196096,ISPY2_333145
GSM5826178,2,GSE194040;GSE196096,ISPY2_335091
GSM5826179,2,GSE194040;GSE196096,ISPY2_335536
GSM5826180,2,GSE194040;GSE196096,ISPY2_340186
GSM5826181,2,GSE194040;GSE196096,ISPY2_341238
GSM5826182,2,GSE194040;GSE196096,ISPY2_342142
GSM5826183,2,GSE194040;GSE196096,ISPY2_342959
GSM5826184,2,GSE194040;GSE196096,ISPY2_342996
GSM5826185,2,GSE194040;GSE196096,ISPY2_343898
GSM5826186,2,GSE194040;GSE196096,ISPY2_345460
GSM5826187,2,GSE194040;GSE196096,ISPY2_345483
GSM5826188,2,GSE194040;GSE196096,ISPY2_345574
GSM5826189,2,GSE194040;GSE196096,ISPY2_345907
GSM5826190,2,GSE194040;GSE196096,ISPY2_347516
GSM5826191,2,GSE194040;GSE196096,ISPY2_348009
GSM5826192,2,GSE194040;GSE196096,ISPY2_349225
GSM5826193,2,GSE194040;GSE196096,ISPY2_349330
GSM5826194,2,GSE194040;GSE196096,ISPY2_349639
GSM5826195,2,GSE194040;GSE196096,ISPY2_350331
GSM5826196,2,GSE194040;GSE196096,ISPY2_353318
GSM5826197,2,GSE194040;GSE196096,ISPY2_355292
GSM5826198,2,GSE194040;GSE196096,ISPY2_355942
GSM5826199,2,GSE194040;GSE196096,ISPY2_356399
GSM5826200,2,GSE194040;GSE196096,ISPY2_356431
GSM5826201,2,GSE194040;GSE196096,ISPY2_356684
GSM5826202,2,GSE194040;GSE196096,ISPY2_357017
GSM5826203,2,GSE194040;GSE196096,ISPY2_357034
GSM5826204,2,GSE194040;GSE196096,ISPY2_360937
GSM5826205,2,GSE194040;GSE196096,ISPY2_361701
GSM5826206,2,GSE194040;GSE196096,ISPY2_362150
GSM5826207,2,GSE194040;GSE196096,ISPY2_362993
GSM5826208,2,GSE194040;GSE196096,ISPY2_363669
GSM5826209,2,GSE194040;GSE196096,ISPY2_366120
GSM5826210,2,GSE194040;GSE196096,ISPY2_367682
GSM5826211,2,GSE194040;GSE196096,ISPY2_369040
GSM5826212,2,GSE194040;GSE196096,ISPY2_371528
GSM5826213,2,GSE194040;GSE196096,ISPY2_373346
GSM5826214,2,GSE194040;GSE196096,ISPY2_373672
GSM5826215,2,GSE194040;GSE196096,ISPY2_374106
GSM5826216,2,GSE194040;GSE196096,ISPY2_374121
GSM5826217,2,GSE194040;GSE196096,ISPY2_375342
GSM5826218,2,GSE194040;GSE196096,ISPY2_375455
GSM5826219,2,GSE194040;GSE196096,ISPY2_375954
GSM5826220,2,GSE194040;GSE196096,ISPY2_376676
GSM5826221,2,GSE194040;GSE196096,ISPY2_377460
GSM5826222,2,GSE194040;GSE196096,ISPY2_378401
GSM5826223,2,GSE194040;GSE196096,ISPY2_378885
GSM5826224,2,GSE194040;GSE196096,ISPY2_380239
GSM5826225,2,GSE194040;GSE196096,ISPY2_380769
GSM5826226,2,GSE194040;GSE196096,ISPY2_380972
GSM5826227,2,GSE194040;GSE196096,ISPY2_382853
GSM5826228,2,GSE194040;GSE196096,ISPY2_383456
GSM5826229,2,GSE194040;GSE196096,ISPY2_384830
GSM5826230,2,GSE194040;GSE196096,ISPY2_386664
GSM5826231,2,GSE194040;GSE196096,ISPY2_388581
GSM5826232,2,GSE194040;GSE196096,ISPY2_391942
GSM5826233,2,GSE194040;GSE196096,ISPY2_395076
GSM5826234,2,GSE194040;GSE196096,ISPY2_395249
GSM5826235,2,GSE194040;GSE196096,ISPY2_395379
GSM5826236,2,GSE194040;GSE196096,ISPY2_396723
GSM5826237,2,GSE194040;GSE196096,ISPY2_397505
GSM5826238,2,GSE194040;GSE196096,ISPY2_399478
GSM5826239,2,GSE194040;GSE196096,ISPY2_401215
GSM5826240,2,GSE194040;GSE196096,ISPY2_402265
GSM5826241,2,GSE194040;GSE196096,ISPY2_402384
GSM5826242,2,GSE194040;GSE196096,ISPY2_405717
GSM5826243,2,GSE194040;GSE196096,ISPY2_406190
GSM5826244,2,GSE194040;GSE196096,ISPY2_407539
GSM5826245,2,GSE194040;GSE196096,ISPY2_408692
GSM5826246,2,GSE194040;GSE196096,ISPY2_409288
GSM5826247,2,GSE194040;GSE196096,ISPY2_410083
GSM5826248,2,GSE194040;GSE196096,ISPY2_411008
GSM5826249,2,GSE194040;GSE196096,ISPY2_411684
GSM5826250,2,GSE194040;GSE196096,ISPY2_411806
GSM5826251,2,GSE194040;GSE196096,ISPY2_411950
GSM5826252,2,GSE194040;GSE196096,ISPY2_412772
GSM5826253,2,GSE194040;GSE196096,ISPY2_413211
GSM5826254,2,GSE194040;GSE196096,ISPY2_413961
GSM5826255,2,GSE194040;GSE196096,ISPY2_414256
GSM5826256,2,GSE194040;GSE196096,ISPY2_414286
GSM5826257,2,GSE194040;GSE196096,ISPY2_414844
GSM5826258,2,GSE194040;GSE196096,ISPY2_414971
GSM5826259,2,GSE194040;GSE196096,ISPY2_415039
GSM5826260,2,GSE194040;GSE196096,ISPY2_416434
GSM5826261,2,GSE194040;GSE196096,ISPY2_417474
GSM5826262,2,GSE194040;GSE196096,ISPY2_417654
GSM5826263,2,GSE194040;GSE196096,ISPY2_418593
GSM5826264,2,GSE194040;GSE196096,ISPY2_419590
GSM5826265,2,GSE194040;GSE196096,ISPY2_420523
GSM5826266,2,GSE194040;GSE196096,ISPY2_421829
GSM5826267,2,GSE194040;GSE196096,ISPY2_421917
GSM5826268,2,GSE194040;GSE196096,ISPY2_422013
GSM5826269,2,GSE194040;GSE196096,ISPY2_422450
GSM5826270,2,GSE194040;GSE196096,ISPY2_422454
GSM5826271,2,GSE194040;GSE196096,ISPY2_423619
GSM5826272,2,GSE194040;GSE196096,ISPY2_423979
GSM5826273,2,GSE194040;GSE196096,ISPY2_424541
GSM5826274,2,GSE194040;GSE196096,ISPY2_425173
GSM5826275,2,GSE194040;GSE196096,ISPY2_426106
GSM5826276,2,GSE194040;GSE196096,ISPY2_427321
GSM5826277,2,GSE194040;GSE196096,ISPY2_429220
GSM5826278,2,GSE194040;GSE196096,ISPY2_430441
GSM5826279,2,GSE194040;GSE196096,ISPY2_431061
GSM5826280,2,GSE194040;GSE196096,ISPY2_432114
GSM5826281,2,GSE194040;GSE196096,ISPY2_433144
GSM5826282,2,GSE194040;GSE196096,ISPY2_435279
GSM5826283,2,GSE194040;GSE196096,ISPY2_435313
GSM5826284,2,GSE194040;GSE196096,ISPY2_436371
GSM5826285,2,GSE194040;GSE196096,ISPY2_437162
GSM5826286,2,GSE194040;GSE196096,ISPY2_437968
GSM5826287,2,GSE194040;GSE196096,ISPY2_439489
GSM5826288,2,GSE194040;GSE196096,ISPY2_442637
GSM5826289,2,GSE194040;GSE196096,ISPY2_442669
GSM5826290,2,GSE194040;GSE196096,ISPY2_442981
GSM5826291,2,GSE194040;GSE196096,ISPY2_443444
GSM5826292,2,GSE194040;GSE196096,ISPY2_443708
GSM5826293,2,GSE194040;GSE196096,ISPY2_446263
GSM5826294,2,GSE194040;GSE196096,ISPY2_451482
GSM5826295,2,GSE194040;GSE196096,ISPY2_451816
GSM5826296,2,GSE194040;GSE196096,ISPY2_452703
GSM5826297,2,GSE194040;GSE196096,ISPY2_453596
GSM5826298,2,GSE194040;GSE196096,ISPY2_454808
GSM5826299,2,GSE194040;GSE196096,ISPY2_455828
GSM5826300,2,GSE194040;GSE196096,ISPY2_456432
GSM5826301,2,GSE194040;GSE196096,ISPY2_456506
GSM5826302,2,GSE194040;GSE196096,ISPY2_458196
GSM5826303,2,GSE194040;GSE196096,ISPY2_459311
GSM5826304,2,GSE194040;GSE196096,ISPY2_460642
GSM5826305,2,GSE194040;GSE196096,ISPY2_460776
GSM5826306,2,GSE194040;GSE196096,ISPY2_460812
GSM5826307,2,GSE194040;GSE196096,ISPY2_461824
GSM5826308,2,GSE194040;GSE196096,ISPY2_462581
GSM5826309,2,GSE194040;GSE196096,ISPY2_462582
GSM5826310,2,GSE194040;GSE196096,ISPY2_462605
GSM5826311,2,GSE194040;GSE196096,ISPY2_464547
GSM5826312,2,GSE194040;GSE196096,ISPY2_465008
GSM5826313,2,GSE194040;GSE196096,ISPY2_466267
GSM5826314,2,GSE194040;GSE196096,ISPY2_467622
GSM5826315,2,GSE194040;GSE196096,ISPY2_467686
GSM5826316,2,GSE194040;GSE196096,ISPY2_472799
GSM5826317,2,GSE194040;GSE196096,ISPY2_473365
GSM5826318,2,GSE194040;GSE196096,ISPY2_473468
GSM5826319,2,GSE194040;GSE196096,ISPY2_473505
GSM5826320,2,GSE194040;GSE196096,ISPY2_474874
GSM5826321,2,GSE194040;GSE196096,ISPY2_477816
GSM5826322,2,GSE194040;GSE196096,ISPY2_477994
GSM5826323,2,GSE194040;GSE196096,ISPY2_478055
GSM5826324,2,GSE194040;GSE196096,ISPY2_478484
GSM5826325,2,GSE194040;GSE196096,ISPY2_478655
GSM5826326,2,GSE194040;GSE196096,ISPY2_479417
GSM5826327,2,GSE194040;GSE196096,ISPY2_483667
GSM5826328,2,GSE194040;GSE196096,ISPY2_483910
GSM5826329,2,GSE194040;GSE196096,ISPY2_484867
GSM5826330,2,GSE194040;GSE196096,ISPY2_484894
GSM5826331,2,GSE194040;GSE196096,ISPY2_485637
GSM5826332,2,GSE194040;GSE196096,ISPY2_489194
GSM5826333,2,GSE194040;GSE196096,ISPY2_489504
GSM5826334,2,GSE194040;GSE196096,ISPY2_489973
GSM5826335,2,GSE194040;GSE196096,ISPY2_490023
GSM5826336,2,GSE194040;GSE196096,ISPY2_490805
GSM5826337,2,GSE194040;GSE196096,ISPY2_491526
GSM5826338,2,GSE194040;GSE196096,ISPY2_491779
GSM5826339,2,GSE194040;GSE196096,ISPY2_492612
GSM5826340,2,GSE194040;GSE196096,ISPY2_493472
GSM5826341,2,GSE194040;GSE196096,ISPY2_493519
GSM5826342,2,GSE194040;GSE196096,ISPY2_493775
GSM5826343,2,GSE194040;GSE196096,ISPY2_494022
GSM5826344,2,GSE194040;GSE196096,ISPY2_494296
GSM5826345,2,GSE194040;GSE196096,ISPY2_494946
GSM5826346,2,GSE194040;GSE196096,ISPY2_495440
GSM5826347,2,GSE194040;GSE196096,ISPY2_496205
GSM5826348,2,GSE194040;GSE196096,ISPY2_497010
GSM5826349,2,GSE194040;GSE196096,ISPY2_498024
GSM5826350,2,GSE194040;GSE196096,ISPY2_498985
GSM5826351,2,GSE194040;GSE196096,ISPY2_500826
GSM5826352,2,GSE194040;GSE196096,ISPY2_501303
GSM5826353,2,GSE194040;GSE196096,ISPY2_502486
GSM5826354,2,GSE194040;GSE196096,ISPY2_503034
GSM5826355,2,GSE194040;GSE196096,ISPY2_504838
GSM5826356,2,GSE194040;GSE196096,ISPY2_506623
GSM5826357,2,GSE194040;GSE196096,ISPY2_507198
GSM5826358,2,GSE194040;GSE196096,ISPY2_507249
GSM5826359,2,GSE194040;GSE196096,ISPY2_509012
GSM5826360,2,GSE194040;GSE196096,ISPY2_510543
GSM5826361,2,GSE194040;GSE196096,ISPY2_511851
GSM5826362,2,GSE194040;GSE196096,ISPY2_515105
GSM5826363,2,GSE194040;GSE196096,ISPY2_515141
GSM5826364,2,GSE194040;GSE196096,ISPY2_515281
GSM5826365,2,GSE194040;GSE196096,ISPY2_515284
GSM5826366,2,GSE194040;GSE196096,ISPY2_515565
GSM5826367,2,GSE194040;GSE196096,ISPY2_516763
GSM5826368,2,GSE194040;GSE196096,ISPY2_516834
GSM5826369,2,GSE194040;GSE196096,ISPY2_517446
GSM5826370,2,GSE194040;GSE196096,ISPY2_517870
GSM5826371,2,GSE194040;GSE196096,ISPY2_518000
GSM5826372,2,GSE194040;GSE196096,ISPY2_518576
GSM5826373,2,GSE194040;GSE196096,ISPY2_519738
GSM5826374,2,GSE194040;GSE196096,ISPY2_520258
GSM5826375,2,GSE194040;GSE196096,ISPY2_520471
GSM5826376,2,GSE194040;GSE196096,ISPY2_520986
GSM5826377,2,GSE194040;GSE196096,ISPY2_521860
GSM5826378,2,GSE194040;GSE196096,ISPY2_522140
GSM5826379,2,GSE194040;GSE196096,ISPY2_524170
GSM5826380,2,GSE194040;GSE196096,ISPY2_527320
GSM5826381,2,GSE194040;GSE196096,ISPY2_527581
GSM5826382,2,GSE194040;GSE196096,ISPY2_528479
GSM5826383,2,GSE194040;GSE196096,ISPY2_528833
GSM5826384,2,GSE194040;GSE196096,ISPY2_530095
GSM5826385,2,GSE194040;GSE196096,ISPY2_531672
GSM5826386,2,GSE194040;GSE196096,ISPY2_531988
GSM5826387,2,GSE194040;GSE196096,ISPY2_532183
GSM5826388,2,GSE194040;GSE196096,ISPY2_535415
GSM5826389,2,GSE194040;GSE196096,ISPY2_535569
GSM5826390,2,GSE194040;GSE196096,ISPY2_535779
GSM5826391,2,GSE194040;GSE196096,ISPY2_536253
GSM5826392,2,GSE194040;GSE196096,ISPY2_539291
GSM5826393,2,GSE194040;GSE196096,ISPY2_539876
GSM5826394,2,GSE194040;GSE196096,ISPY2_539904
GSM5826395,2,GSE194040;GSE196096,ISPY2_540539
GSM5826396,2,GSE194040;GSE196096,ISPY2_541165
GSM5826397,2,GSE194040;GSE196096,ISPY2_542392
GSM5826398,2,GSE194040;GSE196096,ISPY2_543795
GSM5826399,2,GSE194040;GSE196096,ISPY2_547405
GSM5826400,2,GSE194040;GSE196096,ISPY2_547892
GSM5826401,2,GSE194040;GSE196096,ISPY2_549172
GSM5826402,2,GSE194040;GSE196096,ISPY2_550157
GSM5826403,2,GSE194040;GSE196096,ISPY2_550421
GSM5826404,2,GSE194040;GSE196096,ISPY2_551795
GSM5826405,2,GSE194040;GSE196096,ISPY2_552313
GSM5826406,2,GSE194040;GSE196096,ISPY2_552549
GSM5826407,2,GSE194040;GSE196096,ISPY2_553012
GSM5826408,2,GSE194040;GSE196096,ISPY2_553141
GSM5826409,2,GSE194040;GSE196096,ISPY2_554577
GSM5826410,2,GSE194040;GSE196096,ISPY2_555214
GSM5826411,2,GSE194040;GSE196096,ISPY2_559021
GSM5826412,2,GSE194040;GSE196096,ISPY2_559263
GSM5826413,2,GSE194040;GSE196096,ISPY2_563681
GSM5826414,2,GSE194040;GSE196096,ISPY2_563856
GSM5826415,2,GSE194040;GSE196096,ISPY2_564234
GSM5826416,2,GSE194040;GSE196096,ISPY2_564701
GSM5826417,2,GSE194040;GSE196096,ISPY2_566011
GSM5826418,2,GSE194040;GSE196096,ISPY2_567201
GSM5826419,2,GSE194040;GSE196096,ISPY2_567907
GSM5826420,2,GSE194040;GSE196096,ISPY2_568331
GSM5826421,2,GSE194040;GSE196096,ISPY2_568953
GSM5826422,2,GSE194040;GSE196096,ISPY2_570148
GSM5826423,2,GSE194040;GSE196096,ISPY2_570380
GSM5826424,2,GSE194040;GSE196096,ISPY2_570685
GSM5826425,2,GSE194040;GSE196096,ISPY2_570966
GSM5826426,2,GSE194040;GSE196096,ISPY2_571276
GSM5826427,2,GSE194040;GSE196096,ISPY2_571995
GSM5826428,2,GSE194040;GSE196096,ISPY2_572016
GSM5826429,2,GSE194040;GSE196096,ISPY2_572235
GSM5826430,2,GSE194040;GSE196096,ISPY2_572444
GSM5826431,2,GSE194040;GSE196096,ISPY2_572731
GSM5826432,2,GSE194040;GSE196096,ISPY2_572793
GSM5826433,2,GSE194040;GSE196096,ISPY2_573586
GSM5826434,2,GSE194040;GSE196096,ISPY2_573605
GSM5826435,2,GSE194040;GSE196096,ISPY2_573881
GSM5826436,2,GSE194040;GSE196096,ISPY2_573919
GSM5826437,2,GSE194040;GSE196096,ISPY2_574091
GSM5826438,2,GSE194040;GSE196096,ISPY2_575372
GSM5826439,2,GSE194040;GSE196096,ISPY2_575457
GSM5826440,2,GSE194040;GSE196096,ISPY2_578975
GSM5826441,2,GSE194040;GSE196096,ISPY2_579881
GSM5826442,2,GSE194040;GSE196096,ISPY2_580541
GSM5826443,2,GSE194040;GSE196096,ISPY2_580632
GSM5826444,2,GSE194040;GSE196096,ISPY2_581180
GSM5826445,2,GSE194040;GSE196096,ISPY2_581648
GSM5826446,2,GSE194040;GSE196096,ISPY2_584561
GSM5826447,2,GSE194040;GSE196096,ISPY2_586091
GSM5826448,2,GSE194040;GSE196096,ISPY2_586207
GSM5826449,2,GSE194040;GSE196096,ISPY2_587388
GSM5826450,2,GSE194040;GSE196096,ISPY2_587604
GSM5826451,2,GSE194040;GSE196096,ISPY2_587691
GSM5826452,2,GSE194040;GSE196096,ISPY2_589502
GSM5826453,2,GSE194040;GSE196096,ISPY2_590220
GSM5826454,2,GSE194040;GSE196096,ISPY2_590299
GSM5826455,2,GSE194040;GSE196096,ISPY2_591079
GSM5826456,2,GSE194040;GSE196096,ISPY2_591180
GSM5826457,2,GSE194040;GSE196096,ISPY2_591810
GSM5826458,2,GSE194040;GSE196096,ISPY2_592535
GSM5826459,2,GSE194040;GSE196096,ISPY2_596079
GSM5826460,2,GSE194040;GSE196096,ISPY2_596458
GSM5826461,2,GSE194040;GSE196096,ISPY2_597253
GSM5826462,2,GSE194040;GSE196096,ISPY2_597873
GSM5826463,2,GSE194040;GSE196096,ISPY2_597907
GSM5826464,2,GSE194040;GSE196096,ISPY2_598798
GSM5826465,2,GSE194040;GSE196096,ISPY2_598835
GSM5826466,2,GSE194040;GSE196096,ISPY2_600536
GSM5826467,2,GSE194040;GSE196096,ISPY2_601489
GSM5826468,2,GSE194040;GSE196096,ISPY2_602451
GSM5826469,2,GSE194040;GSE196096,ISPY2_602943
GSM5826470,2,GSE194040;GSE196096,ISPY2_604199
GSM5826471,2,GSE194040;GSE196096,ISPY2_604326
GSM5826472,2,GSE194040;GSE196096,ISPY2_604380
GSM5826473,2,GSE194040;GSE196096,ISPY2_605713
GSM5826474,2,GSE194040;GSE196096,ISPY2_607047
GSM5826475,2,GSE194040;GSE196096,ISPY2_607843
GSM5826476,2,GSE194040;GSE196096,ISPY2_609151
GSM5826477,2,GSE194040;GSE196096,ISPY2_609642
GSM5826478,2,GSE194040;GSE196096,ISPY2_611662
GSM5826479,2,GSE194040;GSE196096,ISPY2_613188
GSM5826480,2,GSE194040;GSE196096,ISPY2_613961
GSM5826481,2,GSE194040;GSE196096,ISPY2_614044
GSM5826482,2,GSE194040;GSE196096,ISPY2_614434
GSM5826483,2,GSE194040;GSE196096,ISPY2_615873
GSM5826484,2,GSE194040;GSE196096,ISPY2_616994
GSM5826485,2,GSE194040;GSE196096,ISPY2_618240
GSM5826486,2,GSE194040;GSE196096,ISPY2_618717
GSM5826487,2,GSE194040;GSE196096,ISPY2_618860
GSM5826488,2,GSE194040;GSE196096,ISPY2_621179
GSM5826489,2,GSE194040;GSE196096,ISPY2_622078
GSM5826490,2,GSE194040;GSE196096,ISPY2_622315
GSM5826491,2,GSE194040;GSE196096,ISPY2_622688
GSM5826492,2,GSE194040;GSE196096,ISPY2_623086
GSM5826493,2,GSE194040;GSE196096,ISPY2_623569
GSM5826494,2,GSE194040;GSE196096,ISPY2_624777
GSM5826495,2,GSE194040;GSE196096,ISPY2_625800
GSM5826496,2,GSE194040;GSE196096,ISPY2_625854
GSM5826497,2,GSE194040;GSE196096,ISPY2_627118
GSM5826498,2,GSE194040;GSE196096,ISPY2_627981
GSM5826499,2,GSE194040;GSE196096,ISPY2_628692
GSM5826500,2,GSE194040;GSE196096,ISPY2_628788
GSM5826501,2,GSE194040;GSE196096,ISPY2_628823
GSM5826502,2,GSE194040;GSE196096,ISPY2_629210
GSM5826503,2,GSE194040;GSE196096,ISPY2_629371
GSM5826504,2,GSE194040;GSE196096,ISPY2_629606-GPL16233
GSM5826505,2,GSE194040;GSE196096,ISPY2_629606-GPL20078
GSM5826506,2,GSE194040;GSE196096,ISPY2_630758
GSM5826507,2,GSE194040;GSE196096,ISPY2_631299
GSM5826508,2,GSE194040;GSE196096,ISPY2_631337
GSM5826509,2,GSE194040;GSE196096,ISPY2_632408
GSM5826510,2,GSE194040;GSE196096,ISPY2_635632
GSM5826511,2,GSE194040;GSE196096,ISPY2_635862
GSM5826512,2,GSE194040;GSE196096,ISPY2_636424
GSM5826513,2,GSE194040;GSE196096,ISPY2_637051
GSM5826514,2,GSE194040;GSE196096,ISPY2_637566
GSM5826515,2,GSE194040;GSE196096,ISPY2_637752
GSM5826516,2,GSE194040;GSE196096,ISPY2_639663
GSM5826517,2,GSE194040;GSE196096,ISPY2_640043
GSM5826518,2,GSE194040;GSE196096,ISPY2_640463
GSM5826519,2,GSE194040;GSE196096,ISPY2_640927
GSM5826520,2,GSE194040;GSE196096,ISPY2_641246
GSM5826521,2,GSE194040;GSE196096,ISPY2_641697
GSM5826522,2,GSE194040;GSE196096,ISPY2_641977
GSM5826523,2,GSE194040;GSE196096,ISPY2_644186
GSM5826524,2,GSE194040;GSE196096,ISPY2_644609
GSM5826525,2,GSE194040;GSE196096,ISPY2_646233
GSM5826526,2,GSE194040;GSE196096,ISPY2_646600
GSM5826527,2,GSE194040;GSE196096,ISPY2_649198
GSM5826528,2,GSE194040;GSE196096,ISPY2_650589
GSM5826529,2,GSE194040;GSE196096,ISPY2_651145
GSM5826530,2,GSE194040;GSE196096,ISPY2_651401
GSM5826531,2,GSE194040;GSE196096,ISPY2_651541
GSM5826532,2,GSE194040;GSE196096,ISPY2_652480
GSM5826533,2,GSE194040;GSE196096,ISPY2_653325
GSM5826534,2,GSE194040;GSE196096,ISPY2_653927
GSM5826535,2,GSE194040;GSE196096,ISPY2_654021
GSM5826536,2,GSE194040;GSE196096,ISPY2_654064
GSM5826537,2,GSE194040;GSE196096,ISPY2_654956
GSM5826538,2,GSE194040;GSE196096,ISPY2_655128
GSM5826539,2,GSE194040;GSE196096,ISPY2_655703
GSM5826540,2,GSE194040;GSE196096,ISPY2_655795
GSM5826541,2,GSE194040;GSE196096,ISPY2_658541
GSM5826542,2,GSE194040;GSE196096,ISPY2_660534
GSM5826543,2,GSE194040;GSE196096,ISPY2_660915
GSM5826544,2,GSE194040;GSE196096,ISPY2_661730
GSM5826545,2,GSE194040;GSE196096,ISPY2_663144
GSM5826546,2,GSE194040;GSE196096,ISPY2_663197
GSM5826547,2,GSE194040;GSE196096,ISPY2_663467
GSM5826548,2,GSE194040;GSE196096,ISPY2_664111
GSM5826549,2,GSE194040;GSE196096,ISPY2_664658
GSM5826550,2,GSE194040;GSE196096,ISPY2_666147
GSM5826551,2,GSE194040;GSE196096,ISPY2_666450
GSM5826552,2,GSE194040;GSE196096,ISPY2_666715
GSM5826553,2,GSE194040;GSE196096,ISPY2_668752
GSM5826554,2,GSE194040;GSE196096,ISPY2_672734
GSM5826555,2,GSE194040;GSE196096,ISPY2_674897
GSM5826556,2,GSE194040;GSE196096,ISPY2_676048
GSM5826557,2,GSE194040;GSE196096,ISPY2_676365
GSM5826558,2,GSE194040;GSE196096,ISPY2_676630
GSM5826559,2,GSE194040;GSE196096,ISPY2_677910
GSM5826560,2,GSE194040;GSE196096,ISPY2_677915
GSM5826561,2,GSE194040;GSE196096,ISPY2_679787
GSM5826562,2,GSE194040;GSE196096,ISPY2_680881
GSM5826563,2,GSE194040;GSE196096,ISPY2_683173
GSM5826564,2,GSE194040;GSE196096,ISPY2_683374
GSM5826565,2,GSE194040;GSE196096,ISPY2_683457
GSM5826566,2,GSE194040;GSE196096,ISPY2_683896
GSM5826567,2,GSE194040;GSE196096,ISPY2_685182
GSM5826568,2,GSE194040;GSE196096,ISPY2_685753
GSM5826569,2,GSE194040;GSE196096,ISPY2_685795
GSM5826570,2,GSE194040;GSE196096,ISPY2_687288
GSM5826571,2,GSE194040;GSE196096,ISPY2_687733
GSM5826572,2,GSE194040;GSE196096,ISPY2_688291
GSM5826573,2,GSE194040;GSE196096,ISPY2_688955
GSM5826574,2,GSE194040;GSE196096,ISPY2_689076
GSM5826575,2,GSE194040;GSE196096,ISPY2_689188
GSM5826576,2,GSE194040;GSE196096,ISPY2_689452
GSM5826577,2,GSE194040;GSE196096,ISPY2_689480
GSM5826578,2,GSE194040;GSE196096,ISPY2_690089
GSM5826579,2,GSE194040;GSE196096,ISPY2_690410
GSM5826580,2,GSE194040;GSE196096,ISPY2_691753
GSM5826581,2,GSE194040;GSE196096,ISPY2_692885
GSM5826582,2,GSE194040;GSE196096,ISPY2_695521
GSM5826583,2,GSE194040;GSE196096,ISPY2_697098
GSM5826584,2,GSE194040;GSE196096,ISPY2_697871
GSM5826585,2,GSE194040;GSE196096,ISPY2_698094
GSM5826586,2,GSE194040;GSE196096,ISPY2_700549
GSM5826587,2,GSE194040;GSE196096,ISPY2_701790
GSM5826588,2,GSE194040;GSE196096,ISPY2_703401
GSM5826589,2,GSE194040;GSE196096,ISPY2_703455
GSM5826590,2,GSE194040;GSE196096,ISPY2_705381
GSM5826591,2,GSE194040;GSE196096,ISPY2_706169
GSM5826592,2,GSE194040;GSE196096,ISPY2_706418
GSM5826593,2,GSE194040;GSE196096,ISPY2_706639
GSM5826594,2,GSE194040;GSE196096,ISPY2_706943
GSM5826595,2,GSE194040;GSE196096,ISPY2_708387
GSM5826596,2,GSE194040;GSE196096,ISPY2_709559
GSM5826597,2,GSE194040;GSE196096,ISPY2_711476
GSM5826598,2,GSE194040;GSE196096,ISPY2_712276
GSM5826599,2,GSE194040;GSE196096,ISPY2_712785
GSM5826600,2,GSE194040;GSE196096,ISPY2_712917
GSM5826601,2,GSE194040;GSE196096,ISPY2_714205
GSM5826602,2,GSE194040;GSE196096,ISPY2_719713
GSM5826603,2,GSE194040;GSE196096,ISPY2_720065
GSM5826604,2,GSE194040;GSE196096,ISPY2_721099
GSM5826605,2,GSE194040;GSE196096,ISPY2_723918
GSM5826606,2,GSE194040;GSE196096,ISPY2_724293
GSM5826607,2,GSE194040;GSE196096,ISPY2_724384
GSM5826608,2,GSE194040;GSE196096,ISPY2_725455
GSM5826609,2,GSE194040;GSE196096,ISPY2_726091
GSM5826610,2,GSE194040;GSE196096,ISPY2_726381
GSM5826611,2,GSE194040;GSE196096,ISPY2_726940
GSM5826612,2,GSE194040;GSE196096,ISPY2_727255
GSM5826613,2,GSE194040;GSE196096,ISPY2_727804
GSM5826614,2,GSE194040;GSE196096,ISPY2_728149
GSM5826615,2,GSE194040;GSE196096,ISPY2_728182
GSM5826616,2,GSE194040;GSE196096,ISPY2_728287
GSM5826617,2,GSE194040;GSE196096,ISPY2_728714
GSM5826618,2,GSE194040;GSE196096,ISPY2_729270
GSM5826619,2,GSE194040;GSE196096,ISPY2_729732
GSM5826620,2,GSE194040;GSE196096,ISPY2_732137
GSM5826621,2,GSE194040;GSE196096,ISPY2_733276
GSM5826622,2,GSE194040;GSE196096,ISPY2_733962
GSM5826623,2,GSE194040;GSE196096,ISPY2_734997
GSM5826624,2,GSE194040;GSE196096,ISPY2_735673
GSM5826625,2,GSE194040;GSE196096,ISPY2_736721
GSM5826626,2,GSE194040;GSE196096,ISPY2_738041
GSM5826627,2,GSE194040;GSE196096,ISPY2_741535
GSM5826628,2,GSE194040;GSE196096,ISPY2_742477
GSM5826629,2,GSE194040;GSE196096,ISPY2_745633
GSM5826630,2,GSE194040;GSE196096,ISPY2_746265
GSM5826631,2,GSE194040;GSE196096,ISPY2_746731
GSM5826632,2,GSE194040;GSE196096,ISPY2_748583
GSM5826633,2,GSE194040;GSE196096,ISPY2_748611
GSM5826634,2,GSE194040;GSE196096,ISPY2_749097
GSM5826635,2,GSE194040;GSE196096,ISPY2_752372
GSM5826636,2,GSE194040;GSE196096,ISPY2_752469
GSM5826637,2,GSE194040;GSE196096,ISPY2_753109
GSM5826638,2,GSE194040;GSE196096,ISPY2_755914
GSM5826639,2,GSE194040;GSE196096,ISPY2_756412
GSM5826640,2,GSE194040;GSE196096,ISPY2_759418
GSM5826641,2,GSE194040;GSE196096,ISPY2_760011
GSM5826642,2,GSE194040;GSE196096,ISPY2_760901
GSM5826643,2,GSE194040;GSE196096,ISPY2_765671
GSM5826644,2,GSE194040;GSE196096,ISPY2_765773
GSM5826645,2,GSE194040;GSE196096,ISPY2_766301
GSM5826646,2,GSE194040;GSE196096,ISPY2_766967
GSM5826647,2,GSE194040;GSE196096,ISPY2_767081
GSM5826648,2,GSE194040;GSE196096,ISPY2_767934
GSM5826649,2,GSE194040;GSE196096,ISPY2_768214
GSM5826650,2,GSE194040;GSE196096,ISPY2_769972
GSM5826651,2,GSE194040;GSE196096,ISPY2_771151
GSM5826652,2,GSE194040;GSE196096,ISPY2_771443
GSM5826653,2,GSE194040;GSE196096,ISPY2_771813
GSM5826654,2,GSE194040;GSE196096,ISPY2_774840
GSM5826655,2,GSE194040;GSE196096,ISPY2_775346
GSM5826656,2,GSE194040;GSE196096,ISPY2_778020
GSM5826657,2,GSE194040;GSE196096,ISPY2_778527
GSM5826658,2,GSE194040;GSE196096,ISPY2_779739
GSM5826659,2,GSE194040;GSE196096,ISPY2_780272
GSM5826660,2,GSE194040;GSE196096,ISPY2_781335
GSM5826661,2,GSE194040;GSE196096,ISPY2_781642
GSM5826662,2,GSE194040;GSE196096,ISPY2_782334
GSM5826663,2,GSE194040;GSE196096,ISPY2_783427
GSM5826664,2,GSE194040;GSE196096,ISPY2_783578
GSM5826665,2,GSE194040;GSE196096,ISPY2_783764
GSM5826666,2,GSE194040;GSE196096,ISPY2_783771
GSM5826667,2,GSE194040;GSE196096,ISPY2_786003
GSM5826668,2,GSE194040;GSE196096,ISPY2_786480
GSM5826669,2,GSE194040;GSE196096,ISPY2_786753
GSM5826670,2,GSE194040;GSE196096,ISPY2_787415
GSM5826671,2,GSE194040;GSE196096,ISPY2_788149
GSM5826672,2,GSE194040;GSE196096,ISPY2_789497
GSM5826673,2,GSE194040;GSE196096,ISPY2_790070
GSM5826674,2,GSE194040;GSE196096,ISPY2_790397
GSM5826675,2,GSE194040;GSE196096,ISPY2_790722
GSM5826676,2,GSE194040;GSE196096,ISPY2_791321
GSM5826677,2,GSE194040;GSE196096,ISPY2_791944
GSM5826678,2,GSE194040;GSE196096,ISPY2_792181
GSM5826679,2,GSE194040;GSE196096,ISPY2_792412
GSM5826680,2,GSE194040;GSE196096,ISPY2_793155
GSM5826681,2,GSE194040;GSE196096,ISPY2_793684
GSM5826682,2,GSE194040;GSE196096,ISPY2_794128
GSM5826683,2,GSE194040;GSE196096,ISPY2_794428
GSM5826684,2,GSE194040;GSE196096,ISPY2_795996
GSM5826685,2,GSE194040;GSE196096,ISPY2_796558
GSM5826686,2,GSE194040;GSE196096,ISPY2_797427
GSM5826687,2,GSE194040;GSE196096,ISPY2_797499
GSM5826688,2,GSE194040;GSE196096,ISPY2_797639
GSM5826689,2,GSE194040;GSE196096,ISPY2_798604
GSM5826690,2,GSE194040;GSE196096,ISPY2_799149
GSM5826691,2,GSE194040;GSE196096,ISPY2_800447
GSM5826692,2,GSE194040;GSE196096,ISPY2_800710
GSM5826693,2,GSE194040;GSE196096,ISPY2_801641
GSM5826694,2,GSE194040;GSE196096,ISPY2_802105
GSM5826695,2,GSE194040;GSE196096,ISPY2_802308
GSM5826696,2,GSE194040;GSE196096,ISPY2_802778
GSM5826697,2,GSE194040;GSE196096,ISPY2_803514
GSM5826698,2,GSE194040;GSE196096,ISPY2_803677
GSM5826699,2,GSE194040;GSE196096,ISPY2_804233
GSM5826700,2,GSE194040;GSE196096,ISPY2_804979
GSM5826701,2,GSE194040;GSE196096,ISPY2_805136
GSM5826702,2,GSE194040;GSE196096,ISPY2_808714
GSM5826703,2,GSE194040;GSE196096,ISPY2_809037
GSM5826704,2,GSE194040;GSE196096,ISPY2_809649
GSM5826705,2,GSE194040;GSE196096,ISPY2_810965
GSM5826706,2,GSE194040;GSE196096,ISPY2_812089
GSM5826707,2,GSE194040;GSE196096,ISPY2_814299
GSM5826708,2,GSE194040;GSE196096,ISPY2_815421
GSM5826709,2,GSE194040;GSE196096,ISPY2_815493
GSM5826710,2,GSE194040;GSE196096,ISPY2_819622
GSM5826711,2,GSE194040;GSE196096,ISPY2_820348
GSM5826712,2,GSE194040;GSE196096,ISPY2_820807
GSM5826713,2,GSE194040;GSE196096,ISPY2_823618
GSM5826714,2,GSE194040;GSE196096,ISPY2_824234
GSM5826715,2,GSE194040;GSE196096,ISPY2_824350
GSM5826716,2,GSE194040;GSE196096,ISPY2_824512
GSM5826717,2,GSE194040;GSE196096,ISPY2_825363
GSM5826718,2,GSE194040;GSE196096,ISPY2_828199
GSM5826719,2,GSE194040;GSE196096,ISPY2_829491
GSM5826720,2,GSE194040;GSE196096,ISPY2_830486
GSM5826721,2,GSE194040;GSE196096,ISPY2_830958
GSM5826722,2,GSE194040;GSE196096,ISPY2_831702
GSM5826723,2,GSE194040;GSE196096,ISPY2_831848
GSM5826724,2,GSE194040;GSE196096,ISPY2_832056
GSM5826725,2,GSE194040;GSE196096,ISPY2_833536
GSM5826726,2,GSE194040;GSE196096,ISPY2_834418
GSM5826727,2,GSE194040;GSE196096,ISPY2_835137
GSM5826728,2,GSE194040;GSE196096,ISPY2_835658
GSM5826729,2,GSE194040;GSE196096,ISPY2_836114
GSM5826730,2,GSE194040;GSE196096,ISPY2_836983
GSM5826731,2,GSE194040;GSE196096,ISPY2_839274
GSM5826732,2,GSE194040;GSE196096,ISPY2_840501
GSM5826733,2,GSE194040;GSE196096,ISPY2_841336
GSM5826734,2,GSE194040;GSE196096,ISPY2_843554
GSM5826735,2,GSE194040;GSE196096,ISPY2_845079
GSM5826736,2,GSE194040;GSE196096,ISPY2_845147
GSM5826737,2,GSE194040;GSE196096,ISPY2_845663
GSM5826738,2,GSE194040;GSE196096,ISPY2_845783
GSM5826739,2,GSE194040;GSE196096,ISPY2_846156
GSM5826740,2,GSE194040;GSE196096,ISPY2_847272
GSM5826741,2,GSE194040;GSE196096,ISPY2_847753
GSM5826742,2,GSE194040;GSE196096,ISPY2_848003
GSM5826743,2,GSE194040;GSE196096,ISPY2_848371
GSM5826744,2,GSE194040;GSE196096,ISPY2_849605
GSM5826745,2,GSE194040;GSE196096,ISPY2_851180
GSM5826746,2,GSE194040;GSE196096,ISPY2_851223
GSM5826747,2,GSE194040;GSE196096,ISPY2_851488
GSM5826748,2,GSE194040;GSE196096,ISPY2_856159
GSM5826749,2,GSE194040;GSE196096,ISPY2_857165
GSM5826750,2,GSE194040;GSE196096,ISPY2_859699
GSM5826751,2,GSE194040;GSE196096,ISPY2_860243
GSM5826752,2,GSE194040;GSE196096,ISPY2_860901
GSM5826753,2,GSE194040;GSE196096,ISPY2_861745
GSM5826754,2,GSE194040;GSE196096,ISPY2_862244
GSM5826755,2,GSE194040;GSE196096,ISPY2_863161
GSM5826756,2,GSE194040;GSE196096,ISPY2_865416
GSM5826757,2,GSE194040;GSE196096,ISPY2_866660
GSM5826758,2,GSE194040;GSE196096,ISPY2_870077
GSM5826759,2,GSE194040;GSE196096,ISPY2_872188
GSM5826760,2,GSE194040;GSE196096,ISPY2_873686
GSM5826761,2,GSE194040;GSE196096,ISPY2_875089
GSM5826762,2,GSE194040;GSE196096,ISPY2_876511
GSM5826763,2,GSE194040;GSE196096,ISPY2_877463
GSM5826764,2,GSE194040;GSE196096,ISPY2_879224
GSM5826765,2,GSE194040;GSE196096,ISPY2_882538
GSM5826766,2,GSE194040;GSE196096,ISPY2_882553
GSM5826767,2,GSE194040;GSE196096,ISPY2_883696
GSM5826768,2,GSE194040;GSE196096,ISPY2_883886
GSM5826769,2,GSE194040;GSE196096,ISPY2_884011
GSM5826770,2,GSE194040;GSE196096,ISPY2_884266
GSM5826771,2,GSE194040;GSE196096,ISPY2_885590
GSM5826772,2,GSE194040;GSE196096,ISPY2_885871
GSM5826773,2,GSE194040;GSE196096,ISPY2_887594
GSM5826774,2,GSE194040;GSE196096,ISPY2_889049
GSM5826775,2,GSE194040;GSE196096,ISPY2_889225
GSM5826776,2,GSE194040;GSE196096,ISPY2_889721
GSM5826777,2,GSE194040;GSE196096,ISPY2_890372
GSM5826778,2,GSE194040;GSE196096,ISPY2_890414
GSM5826779,2,GSE194040;GSE196096,ISPY2_891645
GSM5826780,2,GSE194040;GSE196096,ISPY2_892390
GSM5826781,2,GSE194040;GSE196096,ISPY2_893874
GSM5826782,2,GSE194040;GSE196096,ISPY2_894128
GSM5826783,2,GSE194040;GSE196096,ISPY2_894491
GSM5826784,2,GSE194040;GSE196096,ISPY2_894673
GSM5826785,2,GSE194040;GSE196096,ISPY2_895653
GSM5826786,2,GSE194040;GSE196096,ISPY2_896621
GSM5826787,2,GSE194040;GSE196096,ISPY2_896852
GSM5826788,2,GSE194040;GSE196096,ISPY2_896939
GSM5826789,2,GSE194040;GSE196096,ISPY2_898618
GSM5826790,2,GSE194040;GSE196096,ISPY2_899381
GSM5826791,2,GSE194040;GSE196096,ISPY2_899692
GSM5826792,2,GSE194040;GSE196096,ISPY2_900959
GSM5826793,2,GSE194040;GSE196096,ISPY2_901705
GSM5826794,2,GSE194040;GSE196096,ISPY2_901807
GSM5826795,2,GSE194040;GSE196096,ISPY2_903880
GSM5826796,2,GSE194040;GSE196096,ISPY2_904269
GSM5826797,2,GSE194040;GSE196096,ISPY2_905264
GSM5826798,2,GSE194040;GSE196096,ISPY2_906042
GSM5826799,2,GSE194040;GSE196096,ISPY2_906795
GSM5826800,2,GSE194040;GSE196096,ISPY2_910188
GSM5826801,2,GSE194040;GSE196096,ISPY2_910706
GSM5826802,2,GSE194040;GSE196096,ISPY2_912836
GSM5826803,2,GSE194040;GSE196096,ISPY2_913225
GSM5826804,2,GSE194040;GSE196096,ISPY2_913527
GSM5826805,2,GSE194040;GSE196096,ISPY2_914968
GSM5826806,2,GSE194040;GSE196096,ISPY2_916586
GSM5826807,2,GSE194040;GSE196096,ISPY2_916645
GSM5826808,2,GSE194040;GSE196096,ISPY2_917762
GSM5826809,2,GSE194040;GSE196096,ISPY2_918979
GSM5826810,2,GSE194040;GSE196096,ISPY2_920479
GSM5826811,2,GSE194040;GSE196096,ISPY2_922433
GSM5826812,2,GSE194040;GSE196096,ISPY2_922872
GSM5826813,2,GSE194040;GSE196096,ISPY2_923968
GSM5826814,2,GSE194040;GSE196096,ISPY2_924071
GSM5826815,2,GSE194040;GSE196096,ISPY2_924812
GSM5826816,2,GSE194040;GSE196096,ISPY2_924868
GSM5826817,2,GSE194040;GSE196096,ISPY2_924895
GSM5826818,2,GSE194040;GSE196096,ISPY2_925691
GSM5826819,2,GSE194040;GSE196096,ISPY2_928170
GSM5826820,2,GSE194040;GSE196096,ISPY2_928446
GSM5826821,2,GSE194040;GSE196096,ISPY2_928815
GSM5826822,2,GSE194040;GSE196096,ISPY2_929391
GSM5826823,2,GSE194040;GSE196096,ISPY2_929980
GSM5826824,2,GSE194040;GSE196096,ISPY2_930172
GSM5826825,2,GSE194040;GSE196096,ISPY2_930853
GSM5826826,2,GSE194040;GSE196096,ISPY2_930903
GSM5826827,2,GSE194040;GSE196096,ISPY2_932200
GSM5826828,2,GSE194040;GSE196096,ISPY2_934459
GSM5826829,2,GSE194040;GSE196096,ISPY2_934906
GSM5826830,2,GSE194040;GSE196096,ISPY2_935460
GSM5826831,2,GSE194040;GSE196096,ISPY2_938719
GSM5826832,2,GSE194040;GSE196096,ISPY2_940186
GSM5826833,2,GSE194040;GSE196096,ISPY2_941191
GSM5826834,2,GSE194040;GSE196096,ISPY2_941926
GSM5826835,2,GSE194040;GSE196096,ISPY2_942017
GSM5826836,2,GSE194040;GSE196096,ISPY2_943633
GSM5826837,2,GSE194040;GSE196096,ISPY2_943879
GSM5826838,2,GSE194040;GSE196096,ISPY2_944419
GSM5826839,2,GSE194040;GSE196096,ISPY2_944536
GSM5826840,2,GSE194040;GSE196096,ISPY2_946927
GSM5826841,2,GSE194040;GSE196096,ISPY2_947398
GSM5826842,2,GSE194040;GSE196096,ISPY2_949444
GSM5826843,2,GSE194040;GSE196096,ISPY2_950131
GSM5826844,2,GSE194040;GSE196096,ISPY2_950742
GSM5826845,2,GSE194040;GSE196096,ISPY2_953262
GSM5826846,2,GSE194040;GSE196096,ISPY2_953885
GSM5826847,2,GSE194040;GSE196096,ISPY2_955035
GSM5826848,2,GSE194040;GSE196096,ISPY2_955953
GSM5826849,2,GSE194040;GSE196096,ISPY2_957408
GSM5826850,2,GSE194040;GSE196096,ISPY2_959366
GSM5826851,2,GSE194040;GSE196096,ISPY2_960029
GSM5826852,2,GSE194040;GSE196096,ISPY2_960490
GSM5826853,2,GSE194040;GSE196096,ISPY2_960963
GSM5826854,2,GSE194040;GSE196096,ISPY2_961350
GSM5826855,2,GSE194040;GSE196096,ISPY2_962153
GSM5826856,2,GSE194040;GSE196096,ISPY2_962472
GSM5826857,2,GSE194040;GSE196096,ISPY2_962664
GSM5826858,2,GSE194040;GSE196096,ISPY2_962827
GSM5826859,2,GSE194040;GSE196096,ISPY2_963303
GSM5826860,2,GSE194040;GSE196096,ISPY2_963604
GSM5826861,2,GSE194040;GSE196096,ISPY2_965265
GSM5826862,2,GSE194040;GSE196096,ISPY2_966016
GSM5826863,2,GSE194040;GSE196096,ISPY2_970839
GSM5826864,2,GSE194040;GSE196096,ISPY2_971492
GSM5826865,2,GSE194040;GSE196096,ISPY2_972307
GSM5826866,2,GSE194040;GSE196096,ISPY2_973837
GSM5826867,2,GSE194040;GSE196096,ISPY2_974181
GSM5826868,2,GSE194040;GSE196096,ISPY2_974618
GSM5826869,2,GSE194040;GSE196096,ISPY2_981461
GSM5826870,2,GSE194040;GSE196096,ISPY2_981664
GSM5826871,2,GSE194040;GSE196096,ISPY2_982086
GSM5826872,2,GSE194040;GSE196096,ISPY2_982505
GSM5826873,2,GSE194040;GSE196096,ISPY2_983841
GSM5826874,2,GSE194040;GSE196096,ISPY2_986734
GSM5826875,2,GSE194040;GSE196096,ISPY2_987728
GSM5826876,2,GSE194040;GSE196096,ISPY2_987914
GSM5826877,2,GSE194040;GSE196096,ISPY2_987995
GSM5826878,2,GSE194040;GSE196096,ISPY2_988443
GSM5826879,2,GSE194040;GSE196096,ISPY2_988665
GSM5826880,2,GSE194040;GSE196096,ISPY2_990443
GSM5826881,2,GSE194040;GSE196096,ISPY2_991818
GSM5826882,2,GSE194040;GSE196096,ISPY2_992609
GSM5826883,2,GSE194040;GSE196096,ISPY2_994987
GSM5826884,2,GSE194040;GSE196096,ISPY2_995480
GSM5826885,2,GSE194040;GSE196096,ISPY2_997702
GSM5826886,2,GSE194040;GSE196096,ISPY2_999264
GSM5826887,2,GSE194040;GSE196096,ISPY2_999733
GSM5859233,2,GSE196093;GSE196096,180663
GSM5859234,2,GSE196093;GSE196096,943633
GSM5859235,2,GSE196093;GSE196096,284355
GSM5859236,2,GSE196093;GSE196096,518000
GSM5859237,2,GSE196093;GSE196096,374106
GSM5859238,2,GSE196093;GSE196096,860901
GSM5859239,2,GSE196093;GSE196096,586207
GSM5859240,2,GSE196093;GSE196096,805136
GSM5859241,2,GSE196093;GSE196096,677910
GSM5859242,2,GSE196093;GSE196096,118307
GSM5859243,2,GSE196093;GSE196096,734997
GSM5859244,2,GSE196093;GSE196096,962664
GSM5859245,2,GSE196093;GSE196096,587604
GSM5859246,2,GSE196093;GSE196096,847272
GSM5859247,2,GSE196093;GSE196096,540539
GSM5859248,2,GSE196093;GSE196096,413961
GSM5859249,2,GSE196093;GSE196096,109874
GSM5859250,2,GSE196093;GSE196096,714205
GSM5859251,2,GSE196093;GSE196096,992609
GSM5859252,2,GSE196093;GSE196096,621179
GSM5859253,2,GSE196093;GSE196096,157270
GSM5859254,2,GSE196093;GSE196096,685795
GSM5859255,2,GSE196093;GSE196096,746265
GSM5859256,2,GSE196093;GSE196096,431061
GSM5859257,2,GSE196093;GSE196096,797639
GSM5859258,2,GSE196093;GSE196096,796558
GSM5859259,2,GSE196093;GSE196096,131595
GSM5859260,2,GSE196093;GSE196096,335536
GSM5859261,2,GSE196093;GSE196096,571995
GSM5859262,2,GSE196093;GSE196096,971492
GSM5859263,2,GSE196093;GSE196096,566011
GSM5859264,2,GSE196093;GSE196096,792181
GSM5859265,2,GSE196093;GSE196096,326433
GSM5859266,2,GSE196093;GSE196096,233962
GSM5859267,2,GSE196093;GSE196096,727255
GSM5859268,2,GSE196093;GSE196096,640463
GSM5859269,2,GSE196093;GSE196096,262131
GSM5859270,2,GSE196093;GSE196096,326202
GSM5859271,2,GSE196093;GSE196096,804233
GSM5859272,2,GSE196093;GSE196096,836114
GSM5859273,2,GSE196093;GSE196096,414286
GSM5859274,2,GSE196093;GSE196096,301968
GSM5859275,2,GSE196093;GSE196096,590299
GSM5859276,2,GSE196093;GSE196096,771151
GSM5859277,2,GSE196093;GSE196096,234723
GSM5859278,2,GSE196093;GSE196096,139137
GSM5859279,2,GSE196093;GSE196096,283070
GSM5859280,2,GSE196093;GSE196096,934459
GSM5859281,2,GSE196093;GSE196096,959366
GSM5859282,2,GSE196093;GSE196096,426106
GSM5859283,2,GSE196093;GSE196096,622315
GSM5859284,2,GSE196093;GSE196096,586091
GSM5859285,2,GSE196093;GSE196096,843554
GSM5859286,2,GSE196093;GSE196096,313243
GSM5859287,2,GSE196093;GSE196096,876511
GSM5859288,2,GSE196093;GSE196096,120001
GSM5859289,2,GSE196093;GSE196096,736721
GSM5859290,2,GSE196093;GSE196096,331192
GSM5859291,2,GSE196093;GSE196096,515141
GSM5859292,2,GSE196093;GSE196096,809649
GSM5859293,2,GSE196093;GSE196096,172283
GSM5859294,2,GSE196093;GSE196096,564234
GSM5859295,2,GSE196093;GSE196096,727804
GSM5859296,2,GSE196093;GSE196096,783427
GSM5859297,2,GSE196093;GSE196096,299364
GSM5859298,2,GSE196093;GSE196096,663467
GSM5859299,2,GSE196093;GSE196096,778020
GSM5859300,2,GSE196093;GSE196096,374121
GSM5859301,2,GSE196093;GSE196096,380769
GSM5859302,2,GSE196093;GSE196096,925691
GSM5859303,2,GSE196093;GSE196096,570380
GSM5859304,2,GSE196093;GSE196096,623086
GSM5859305,2,GSE196093;GSE196096,559263
GSM5859306,2,GSE196093;GSE196096,294265
GSM5859307,2,GSE196093;GSE196096,489504
GSM5859308,2,GSE196093;GSE196096,194024
GSM5859309,2,GSE196093;GSE196096,497010
GSM5859310,2,GSE196093;GSE196096,550157
GSM5859311,2,GSE196093;GSE196096,960490
GSM5859312,2,GSE196093;GSE196096,443708
GSM5859313,2,GSE196093;GSE196096,609642
GSM5859314,2,GSE196093;GSE196096,581180
GSM5859315,2,GSE196093;GSE196096,245655
GSM5859316,2,GSE196093;GSE196096,435313
GSM5859317,2,GSE196093;GSE196096,479417
GSM5859318,2,GSE196093;GSE196096,367682
GSM5859319,2,GSE196093;GSE196096,421917
GSM5859320,2,GSE196093;GSE196096,668752
GSM5859321,2,GSE196093;GSE196096,180027
GSM5859322,2,GSE196093;GSE196096,286984
GSM5859323,2,GSE196093;GSE196096,949444
GSM5859324,2,GSE196093;GSE196096,414971
GSM5859325,2,GSE196093;GSE196096,661730
GSM5859326,2,GSE196093;GSE196096,726091
GSM5859327,2,GSE196093;GSE196096,787415
GSM5859328,2,GSE196093;GSE196096,651401
GSM5859329,2,GSE196093;GSE196096,845783
GSM5859330,2,GSE196093;GSE196096,934906
GSM5859331,2,GSE196093;GSE196096,783771
GSM5859332,2,GSE196093;GSE196096,849605
GSM5859333,2,GSE196093;GSE196096,532183
GSM5859334,2,GSE196093;GSE196096,411008
GSM5859335,2,GSE196093;GSE196096,885871
GSM5859336,2,GSE196093;GSE196096,536253
GSM5859337,2,GSE196093;GSE196096,535569
GSM5859338,2,GSE196093;GSE196096,910706
GSM5859339,2,GSE196093;GSE196096,928815
GSM5859340,2,GSE196093;GSE196096,706639
GSM5859341,2,GSE196093;GSE196096,637752
GSM5859342,2,GSE196093;GSE196096,530095
GSM5859343,2,GSE196093;GSE196096,332655
GSM5859344,2,GSE196093;GSE196096,136536
GSM5859345,2,GSE196093;GSE196096,254060
GSM5859346,2,GSE196093;GSE196096,421829
GSM5859347,2,GSE196093;GSE196096,873686
GSM5859348,2,GSE196093;GSE196096,252748
GSM5859349,2,GSE196093;GSE196096,935460
GSM5859350,2,GSE196093;GSE196096,742477
GSM5859351,2,GSE196093;GSE196096,689076
GSM5859352,2,GSE196093;GSE196096,753109
GSM5859353,2,GSE196093;GSE196096,729732
GSM5859354,2,GSE196093;GSE196096,427321
GSM5859355,2,GSE196093;GSE196096,289107
GSM5859356,2,GSE196093;GSE196096,219545
GSM5859357,2,GSE196093;GSE196096,294739
GSM5859358,2,GSE196093;GSE196096,861745
GSM5859359,2,GSE196093;GSE196096,309830
GSM5859360,2,GSE196093;GSE196096,792412
GSM5859361,2,GSE196093;GSE196096,478655
GSM5859362,2,GSE196093;GSE196096,347516
GSM5859363,2,GSE196093;GSE196096,282082
GSM5859364,2,GSE196093;GSE196096,604380
GSM5859365,2,GSE196093;GSE196096,553141
GSM5859366,2,GSE196093;GSE196096,243836
GSM5859367,2,GSE196093;GSE196096,651541
GSM5859368,2,GSE196093;GSE196096,233832
GSM5859369,2,GSE196093;GSE196096,664111
GSM5859370,2,GSE196093;GSE196096,768214
GSM5859371,2,GSE196093;GSE196096,660915
GSM5859372,2,GSE196093;GSE196096,800710
GSM5859373,2,GSE196093;GSE196096,573605
GSM5859374,2,GSE196093;GSE196096,402384
GSM5859375,2,GSE196093;GSE196096,409288
GSM5859376,2,GSE196093;GSE196096,547405
GSM5859377,2,GSE196093;GSE196096,591180
GSM5859378,2,GSE196093;GSE196096,857165
GSM5859379,2,GSE196093;GSE196096,117424
GSM5859380,2,GSE196093;GSE196096,570966
GSM5859381,2,GSE196093;GSE196096,423619
GSM5859382,2,GSE196093;GSE196096,340186
GSM5859383,2,GSE196093;GSE196096,172168
GSM5859384,2,GSE196093;GSE196096,618240
GSM5859385,2,GSE196093;GSE196096,201831
GSM5859386,2,GSE196093;GSE196096,147139
GSM5859387,2,GSE196093;GSE196096,574091
GSM5859388,2,GSE196093;GSE196096,653927
GSM5859389,2,GSE196093;GSE196096,152090
GSM5859390,2,GSE196093;GSE196096,111038
GSM5859391,2,GSE196093;GSE196096,904269
GSM5859392,2,GSE196093;GSE196096,997702
GSM5859393,2,GSE196093;GSE196096,965265
GSM5859394,2,GSE196093;GSE196096,658541
GSM5859395,2,GSE196093;GSE196096,712785
GSM5859396,2,GSE196093;GSE196096,521860
GSM5859397,2,GSE196093;GSE196096,291515
GSM5859398,2,GSE196093;GSE196096,247641
GSM5859399,2,GSE196093;GSE196096,801641
GSM5859400,2,GSE196093;GSE196096,950131
GSM5859401,2,GSE196093;GSE196096,129973
GSM5859402,2,GSE196093;GSE196096,932200
GSM5859403,2,GSE196093;GSE196096,348009
GSM5859404,2,GSE196093;GSE196096,748611
GSM5859405,2,GSE196093;GSE196096,970839
GSM5859406,2,GSE196093;GSE196096,614044
GSM5859407,2,GSE196093;GSE196096,345574
GSM5859408,2,GSE196093;GSE196096,639663
GSM5859409,2,GSE196093;GSE196096,213328
GSM5859410,2,GSE196093;GSE196096,127675
GSM5859411,2,GSE196093;GSE196096,436371
GSM5859412,2,GSE196093;GSE196096,679787
GSM5859413,2,GSE196093;GSE196096,563856
GSM5859414,2,GSE196093;GSE196096,345907
GSM5859415,2,GSE196093;GSE196096,515565
GSM5859416,2,GSE196093;GSE196096,848003
GSM5859417,2,GSE196093;GSE196096,202956
GSM5859418,2,GSE196093;GSE196096,520258
GSM5859419,2,GSE196093;GSE196096,732137
GSM5859420,2,GSE196093;GSE196096,220664
GSM5859421,2,GSE196093;GSE196096,275626
GSM5859422,2,GSE196093;GSE196096,116603
GSM5859423,2,GSE196093;GSE196096,835658
GSM5859424,2,GSE196093;GSE196096,461824
GSM5859425,2,GSE196093;GSE196096,790722
GSM5859426,2,GSE196093;GSE196096,257735
GSM5859427,2,GSE196093;GSE196096,676048
GSM5859428,2,GSE196093;GSE196096,317641
GSM5859429,2,GSE196093;GSE196096,941926
GSM5859430,2,GSE196093;GSE196096,218249
GSM5859431,2,GSE196093;GSE196096,424541
GSM5859432,2,GSE196093;GSE196096,735673
GSM5859433,2,GSE196093;GSE196096,240432
GSM5859434,2,GSE196093;GSE196096,114087
GSM5859435,2,GSE196093;GSE196096,414844
GSM5859436,2,GSE196093;GSE196096,116165
GSM5859437,2,GSE196093;GSE196096,802105
GSM5859438,2,GSE196093;GSE196096,371528
GSM5859439,2,GSE196093;GSE196096,706169
GSM5859440,2,GSE196093;GSE196096,552549
GSM5859441,2,GSE196093;GSE196096,200222
GSM5859442,2,GSE196093;GSE196096,311455
GSM5859443,2,GSE196093;GSE196096,899381
GSM5859444,2,GSE196093;GSE196096,458196
GSM5859445,2,GSE196093;GSE196096,845663
GSM5859446,2,GSE196093;GSE196096,229144
GSM5859447,2,GSE196093;GSE196096,483667
GSM5859448,2,GSE196093;GSE196096,484894
GSM5859449,2,GSE196093;GSE196096,598798
GSM5859450,2,GSE196093;GSE196096,756412
GSM5859451,2,GSE196093;GSE196096,802778
GSM5859452,2,GSE196093;GSE196096,573881
GSM5859453,2,GSE196093;GSE196096,711476
GSM5859454,2,GSE196093;GSE196096,709559
GSM5859455,2,GSE196093;GSE196096,803514
GSM5859456,2,GSE196093;GSE196096,591810
GSM5859457,2,GSE196093;GSE196096,456506
GSM5859458,2,GSE196093;GSE196096,553012
GSM5859459,2,GSE196093;GSE196096,229824
GSM5859460,2,GSE196093;GSE196096,112606
GSM5859461,2,GSE196093;GSE196096,327133
GSM5859462,2,GSE196093;GSE196096,395076
GSM5859463,2,GSE196093;GSE196096,841336
GSM5859464,2,GSE196093;GSE196096,473505
GSM5859465,2,GSE196093;GSE196096,406190
GSM5859466,2,GSE196093;GSE196096,929391
GSM5859467,2,GSE196093;GSE196096,602943
GSM5859468,2,GSE196093;GSE196096,999264
GSM5859469,2,GSE196093;GSE196096,177795
GSM5859470,2,GSE196093;GSE196096,663197
GSM5859471,2,GSE196093;GSE196096,630758
GSM5859472,2,GSE196093;GSE196096,746731
GSM5859473,2,GSE196093;GSE196096,178649
GSM5859474,2,GSE196093;GSE196096,369040
GSM5859475,2,GSE196093;GSE196096,500826
GSM5859476,2,GSE196093;GSE196096,520986
GSM5859477,2,GSE196093;GSE196096,528833
GSM5859478,2,GSE196093;GSE196096,660534
GSM5859479,2,GSE196093;GSE196096,930172
GSM5859480,2,GSE196093;GSE196096,517870
GSM5859481,2,GSE196093;GSE196096,613188
GSM5859482,2,GSE196093;GSE196096,111344
GSM5859483,2,GSE196093;GSE196096,803677
GSM5859484,2,GSE196093;GSE196096,725455
GSM5859485,2,GSE196093;GSE196096,151481
GSM5859486,2,GSE196093;GSE196096,640927
GSM5859487,2,GSE196093;GSE196096,942017
GSM5859488,2,GSE196093;GSE196096,848371
GSM5859489,2,GSE196093;GSE196096,494946
GSM5859490,2,GSE196093;GSE196096,832056
GSM5859491,2,GSE196093;GSE196096,333145
GSM5859492,2,GSE196093;GSE196096,883886
GSM5859493,2,GSE196093;GSE196096,489194
GSM5859494,2,GSE196093;GSE196096,830958
GSM5859495,2,GSE196093;GSE196096,361701
GSM5859496,2,GSE196093;GSE196096,644186
GSM5859497,2,GSE196093;GSE196096,622688
GSM5859498,2,GSE196093;GSE196096,267306
GSM5859499,2,GSE196093;GSE196096,692885
GSM5859500,2,GSE196093;GSE196096,446263
GSM5859501,2,GSE196093;GSE196096,883696
GSM5859502,2,GSE196093;GSE196096,680881
GSM5859503,2,GSE196093;GSE196096,953262
GSM5859504,2,GSE196093;GSE196096,778527
GSM5859505,2,GSE196093;GSE196096,320538
GSM5859506,2,GSE196093;GSE196096,690089
GSM5859507,2,GSE196093;GSE196096,851223
GSM5859508,2,GSE196093;GSE196096,104268
GSM5859509,2,GSE196093;GSE196096,294176
GSM5859510,2,GSE196093;GSE196096,181442
GSM5859511,2,GSE196093;GSE196096,597873
GSM5859512,2,GSE196093;GSE196096,318438
GSM5859513,2,GSE196093;GSE196096,502486
GSM5859514,2,GSE196093;GSE196096,103693
GSM5859515,2,GSE196093;GSE196096,543795
GSM5859516,2,GSE196093;GSE196096,159352
GSM5859517,2,GSE196093;GSE196096,218503
GSM5859518,2,GSE196093;GSE196096,318569
GSM5859519,2,GSE196093;GSE196096,812089
GSM5859520,2,GSE196093;GSE196096,615873
GSM5859521,2,GSE196093;GSE196096,697098
GSM5859522,2,GSE196093;GSE196096,284593
GSM5859523,2,GSE196093;GSE196096,889049
GSM5859524,2,GSE196093;GSE196096,506623
GSM5859525,2,GSE196093;GSE196096,293142
GSM5859526,2,GSE196093;GSE196096,231633
GSM5859527,2,GSE196093;GSE196096,105513
GSM5859528,2,GSE196093;GSE196096,568331
GSM5859529,2,GSE196093;GSE196096,587388
GSM5859530,2,GSE196093;GSE196096,794428
GSM5859531,2,GSE196093;GSE196096,132463
GSM5859532,2,GSE196093;GSE196096,425173
GSM5859533,2,GSE196093;GSE196096,139771
GSM5859534,2,GSE196093;GSE196096,892390
GSM5859535,2,GSE196093;GSE196096,485637
GSM5859536,2,GSE196093;GSE196096,373672
GSM5859537,2,GSE196093;GSE196096,641977
GSM5859538,2,GSE196093;GSE196096,685753
GSM5859539,2,GSE196093;GSE196096,572793
GSM5859540,2,GSE196093;GSE196096,974181
GSM5859541,2,GSE196093;GSE196096,238790
GSM5859542,2,GSE196093;GSE196096,527320
GSM5859543,2,GSE196093;GSE196096,771813
GSM5859544,2,GSE196093;GSE196096,628692
GSM5859545,2,GSE196093;GSE196096,234272
GSM5859546,2,GSE196093;GSE196096,382853
GSM5859547,2,GSE196093;GSE196096,188091
GSM5859548,2,GSE196093;GSE196096,685182
GSM5859549,2,GSE196093;GSE196096,290413
GSM5859550,2,GSE196093;GSE196096,728287
GSM5859551,2,GSE196093;GSE196096,913225
GSM5859552,2,GSE196093;GSE196096,422013
GSM5859553,2,GSE196093;GSE196096,944419
GSM5859554,2,GSE196093;GSE196096,775346
GSM5859555,2,GSE196093;GSE196096,579881
GSM5859556,2,GSE196093;GSE196096,906042
GSM5859557,2,GSE196093;GSE196096,809037
GSM5859558,2,GSE196093;GSE196096,726381
GSM5859559,2,GSE196093;GSE196096,178815
GSM5859560,2,GSE196093;GSE196096,601489
GSM5859561,2,GSE196093;GSE196096,317402
GSM5859562,2,GSE196093;GSE196096,366120
GSM5859563,2,GSE196093;GSE196096,683896
GSM5859564,2,GSE196093;GSE196096,437162
GSM5859565,2,GSE196093;GSE196096,356399
GSM5859566,2,GSE196093;GSE196096,241998
GSM5859567,2,GSE196093;GSE196096,498985
GSM5859568,2,GSE196093;GSE196096,130892
GSM5859569,2,GSE196093;GSE196096,974618
GSM5859570,2,GSE196093;GSE196096,380239
GSM5859571,2,GSE196093;GSE196096,924812
GSM5859572,2,GSE196093;GSE196096,572731
GSM5859573,2,GSE196093;GSE196096,899692
GSM5859574,2,GSE196093;GSE196096,752469
GSM5859575,2,GSE196093;GSE196096,349225
GSM5859576,2,GSE196093;GSE196096,208650
GSM5859577,2,GSE196093;GSE196096,705381
GSM5859578,2,GSE196093;GSE196096,472799
GSM5859579,2,GSE196093;GSE196096,836983
GSM5859580,2,GSE196093;GSE196096,916645
GSM5859581,2,GSE196093;GSE196096,442981
GSM5859582,2,GSE196093;GSE196096,111004
GSM5859583,2,GSE196093;GSE196096,507249
GSM5859584,2,GSE196093;GSE196096,865416
GSM5859585,2,GSE196093;GSE196096,896621
GSM5859586,2,GSE196093;GSE196096,654021
GSM5859587,2,GSE196093;GSE196096,242370
GSM5859588,2,GSE196093;GSE196096,209397
GSM5859589,2,GSE196093;GSE196096,724384
GSM5859590,2,GSE196093;GSE196096,254273
GSM5859591,2,GSE196093;GSE196096,990443
GSM5859592,2,GSE196093;GSE196096,501303
GSM5859593,2,GSE196093;GSE196096,929980
GSM5859594,2,GSE196093;GSE196096,220471
GSM5859595,2,GSE196093;GSE196096,266840
GSM5859596,2,GSE196093;GSE196096,123660
GSM5859597,2,GSE196093;GSE196096,416434
GSM5859598,2,GSE196093;GSE196096,609151
GSM5859599,2,GSE196093;GSE196096,872188
GSM5859600,2,GSE196093;GSE196096,169536
GSM5859601,2,GSE196093;GSE196096,316996
GSM5859602,2,GSE196093;GSE196096,641246
GSM5859603,2,GSE196093;GSE196096,287300
GSM5859604,2,GSE196093;GSE196096,108969
GSM5859605,2,GSE196093;GSE196096,683374
GSM5859606,2,GSE196093;GSE196096,863161
GSM5859607,2,GSE196093;GSE196096,211408
GSM5859608,2,GSE196093;GSE196096,201873
GSM5859609,2,GSE196093;GSE196096,891645
GSM5859610,2,GSE196093;GSE196096,519738
GSM5859611,2,GSE196093;GSE196096,275034
GSM5859612,2,GSE196093;GSE196096,839274
GSM5859613,2,GSE196093;GSE196096,477994
GSM5859614,2,GSE196093;GSE196096,995480
GSM5859615,2,GSE196093;GSE196096,122287
GSM5859616,2,GSE196093;GSE196096,432114
GSM5859617,2,GSE196093;GSE196096,125130
GSM5859618,2,GSE196093;GSE196096,649198
GSM5859619,2,GSE196093;GSE196096,786003
GSM5859620,2,GSE196093;GSE196096,287961
GSM5859621,2,GSE196093;GSE196096,788149
GSM5859622,2,GSE196093;GSE196096,356684
GSM5859623,2,GSE196093;GSE196096,723918
GSM5859624,2,GSE196093;GSE196096,255535
GSM5859625,2,GSE196093;GSE196096,491779
GSM5859626,2,GSE196093;GSE196096,587691
GSM5859627,2,GSE196093;GSE196096,896852
GSM5859628,2,GSE196093;GSE196096,324021
GSM5859629,2,GSE196093;GSE196096,516763
GSM5859630,2,GSE196093;GSE196096,108939
GSM5859631,2,GSE196093;GSE196096,539291
GSM5859632,2,GSE196093;GSE196096,111881
GSM5859633,2,GSE196093;GSE196096,604326
GSM5859634,2,GSE196093;GSE196096,947398
GSM5859635,2,GSE196093;GSE196096,464547
GSM5859636,2,GSE196093;GSE196096,329941
GSM5859637,2,GSE196093;GSE196096,644609
GSM5859638,2,GSE196093;GSE196096,285339
GSM5859639,2,GSE196093;GSE196096,895653
GSM5859640,2,GSE196093;GSE196096,146033
GSM5859641,2,GSE196093;GSE196096,552313
GSM5859642,2,GSE196093;GSE196096,443444
GSM5859643,2,GSE196093;GSE196096,396723
GSM5859644,2,GSE196093;GSE196096,981664
GSM5859645,2,GSE196093;GSE196096,127791
GSM5859646,2,GSE196093;GSE196096,624777
GSM5859647,2,GSE196093;GSE196096,202535
GSM5859648,2,GSE196093;GSE196096,490805
GSM5859649,2,GSE196093;GSE196096,831848
GSM5859650,2,GSE196093;GSE196096,253531
GSM5859651,2,GSE196093;GSE196096,296841
GSM5859652,2,GSE196093;GSE196096,889721
GSM5859653,2,GSE196093;GSE196096,213913
GSM5859654,2,GSE196093;GSE196096,474874
GSM5859655,2,GSE196093;GSE196096,131961
GSM5859656,2,GSE196093;GSE196096,503034
GSM5859657,2,GSE196093;GSE196096,955953
GSM5859658,2,GSE196093;GSE196096,767081
GSM5859659,2,GSE196093;GSE196096,138425
GSM5859660,2,GSE196093;GSE196096,592535
GSM5859661,2,GSE196093;GSE196096,128675
GSM5859662,2,GSE196093;GSE196096,825363
GSM5859663,2,GSE196093;GSE196096,797499
GSM5859664,2,GSE196093;GSE196096,862244
GSM5859665,2,GSE196093;GSE196096,760011
GSM5859666,2,GSE196093;GSE196096,738041
GSM5859667,2,GSE196093;GSE196096,960029
GSM5859668,2,GSE196093;GSE196096,335091
GSM5859669,2,GSE196093;GSE196096,453596
GSM5859670,2,GSE196093;GSE196096,303947
GSM5859671,2,GSE196093;GSE196096,824234
GSM5859672,2,GSE196093;GSE196096,654956
GSM5859673,2,GSE196093;GSE196096,145513
GSM5859674,2,GSE196093;GSE196096,154293
GSM5859675,2,GSE196093;GSE196096,415039
GSM5859676,2,GSE196093;GSE196096,920479
GSM5859677,2,GSE196093;GSE196096,786753
GSM5859678,2,GSE196093;GSE196096,151230
GSM5859679,2,GSE196093;GSE196096,851180
GSM5859680,2,GSE196093;GSE196096,835137
GSM5859681,2,GSE196093;GSE196096,349639
GSM5859682,2,GSE196093;GSE196096,375954
GSM5859683,2,GSE196093;GSE196096,413211
GSM5859684,2,GSE196093;GSE196096,273691
GSM5859685,2,GSE196093;GSE196096,268937
GSM5859686,2,GSE196093;GSE196096,795996
GSM5859687,2,GSE196093;GSE196096,397505
GSM5859688,2,GSE196093;GSE196096,666450
GSM5859689,2,GSE196093;GSE196096,388581
GSM5859690,2,GSE196093;GSE196096,625800
GSM5859691,2,GSE196093;GSE196096,109980
GSM5859692,2,GSE196093;GSE196096,771443
GSM5859693,2,GSE196093;GSE196096,799149
GSM5859694,2,GSE196093;GSE196096,204939
GSM5859695,2,GSE196093;GSE196096,402265
GSM5859696,2,GSE196093;GSE196096,981461
GSM5859697,2,GSE196093;GSE196096,555214
GSM5859698,2,GSE196093;GSE196096,255388
GSM5859699,2,GSE196093;GSE196096,539904
GSM5859700,2,GSE196093;GSE196096,779739
GSM5859701,2,GSE196093;GSE196096,284443
GSM5859702,2,GSE196093;GSE196096,490023
GSM5859703,2,GSE196093;GSE196096,962153
GSM5859704,2,GSE196093;GSE196096,946927
GSM5859705,2,GSE196093;GSE196096,629371
GSM5859706,2,GSE196093;GSE196096,162562
GSM5859707,2,GSE196093;GSE196096,614434
GSM5859708,2,GSE196093;GSE196096,767934
GSM5859709,2,GSE196093;GSE196096,629210
GSM5859710,2,GSE196093;GSE196096,944536
GSM5859711,2,GSE196093;GSE196096,202539
GSM5859712,2,GSE196093;GSE196096,227055
GSM5859713,2,GSE196093;GSE196096,635862
GSM5859714,2,GSE196093;GSE196096,156163
GSM5859715,2,GSE196093;GSE196096,399478
GSM5859716,2,GSE196093;GSE196096,134526
GSM5859717,2,GSE196093;GSE196096,708387
GSM5859718,2,GSE196093;GSE196096,598835
GSM5859719,2,GSE196093;GSE196096,636424
GSM5859720,2,GSE196093;GSE196096,197942
GSM5859721,2,GSE196093;GSE196096,706943
GSM5859722,2,GSE196093;GSE196096,783578
GSM5859723,2,GSE196093;GSE196096,255078
GSM5859724,2,GSE196093;GSE196096,833536
GSM5859725,2,GSE196093;GSE196096,541165
GSM5859726,2,GSE196093;GSE196096,507198
GSM5859727,2,GSE196093;GSE196096,819622
GSM5859728,2,GSE196093;GSE196096,597253
GSM5859729,2,GSE196093;GSE196096,962472
GSM5859730,2,GSE196093;GSE196096,327142
GSM5859731,2,GSE196093;GSE196096,930853
GSM5859732,2,GSE196093;GSE196096,111674
GSM5859733,2,GSE196093;GSE196096,894128
GSM5859734,2,GSE196093;GSE196096,233191
GSM5859735,2,GSE196093;GSE196096,712276
GSM5859736,2,GSE196093;GSE196096,597907
GSM5859737,2,GSE196093;GSE196096,203060
GSM5859738,2,GSE196093;GSE196096,235995
GSM5859739,2,GSE196093;GSE196096,153327
GSM5859740,2,GSE196093;GSE196096,625854
GSM5859741,2,GSE196093;GSE196096,391942
GSM5859742,2,GSE196093;GSE196096,104384
GSM5859743,2,GSE196093;GSE196096,460776
GSM5859744,2,GSE196093;GSE196096,605713
GSM5859745,2,GSE196093;GSE196096,192548
GSM5859746,2,GSE196093;GSE196096,179568
GSM5859747,2,GSE196093;GSE196096,491526
GSM5859748,2,GSE196093;GSE196096,789497
GSM5859749,2,GSE196093;GSE196096,689452
GSM5859750,2,GSE196093;GSE196096,378401
GSM5859751,2,GSE196093;GSE196096,549172
GSM5859752,2,GSE196093;GSE196096,845079
GSM5859753,2,GSE196093;GSE196096,913527
GSM5859754,2,GSE196093;GSE196096,264678
GSM5859755,2,GSE196093;GSE196096,814299
GSM5859756,2,GSE196093;GSE196096,581648
GSM5859757,2,GSE196093;GSE196096,706418
GSM5859758,2,GSE196093;GSE196096,299840
GSM5859759,2,GSE196093;GSE196096,496205
GSM5859760,2,GSE196093;GSE196096,887594
GSM5859761,2,GSE196093;GSE196096,246134
GSM5859762,2,GSE196093;GSE196096,237158
GSM5859763,2,GSE196093;GSE196096,829491
GSM5859764,2,GSE196093;GSE196096,266509
GSM5859765,2,GSE196093;GSE196096,815421
GSM5859766,2,GSE196093;GSE196096,383456
GSM5859767,2,GSE196093;GSE196096,489973
GSM5859768,2,GSE196093;GSE196096,632408
GSM5859769,2,GSE196093;GSE196096,174903
GSM5859770,2,GSE196093;GSE196096,600536
GSM5859771,2,GSE196093;GSE196096,840501
GSM5859772,2,GSE196093;GSE196096,765671
GSM5859773,2,GSE196093;GSE196096,590220
GSM5859774,2,GSE196093;GSE196096,451482
GSM5859775,2,GSE196093;GSE196096,551795
GSM5859776,2,GSE196093;GSE196096,227881
GSM5859777,2,GSE196093;GSE196096,729270
GSM5859778,2,GSE196093;GSE196096,228340
GSM5859779,2,GSE196093;GSE196096,982086
GSM5859780,2,GSE196093;GSE196096,527581
GSM5859781,2,GSE196093;GSE196096,494022
GSM5859782,2,GSE196093;GSE196096,824350
GSM5859783,2,GSE196093;GSE196096,687288
GSM5859784,2,GSE196093;GSE196096,575457
GSM5859785,2,GSE196093;GSE196096,622078
GSM5859786,2,GSE196093;GSE196096,215932
GSM5859787,2,GSE196093;GSE196096,462605
GSM5859788,2,GSE196093;GSE196096,408692
GSM5859789,2,GSE196093;GSE196096,820348
GSM5859790,2,GSE196093;GSE196096,484867
GSM5859791,2,GSE196093;GSE196096,159284
GSM5859792,2,GSE196093;GSE196096,323721
GSM5859793,2,GSE196093;GSE196096,179369
GSM5859794,2,GSE196093;GSE196096,580541
GSM5859795,2,GSE196093;GSE196096,169918
GSM5859796,2,GSE196093;GSE196096,342959
GSM5859797,2,GSE196093;GSE196096,306127
GSM5859798,2,GSE196093;GSE196096,418593
GSM5859799,2,GSE196093;GSE196096,343898
GSM5859800,2,GSE196093;GSE196096,196064
GSM5859801,2,GSE196093;GSE196096,616994
GSM5859802,2,GSE196093;GSE196096,721099
GSM5859803,2,GSE196093;GSE196096,847753
GSM5859804,2,GSE196093;GSE196096,405717
GSM5859805,2,GSE196093;GSE196096,728714
GSM5859806,2,GSE196093;GSE196096,478484
GSM5859807,2,GSE196093;GSE196096,142688
GSM5859808,2,GSE196093;GSE196096,349330
GSM5859809,2,GSE196093;GSE196096,228192
GSM5859810,2,GSE196093;GSE196096,433144
GSM5859811,2,GSE196093;GSE196096,208265
GSM5859812,2,GSE196093;GSE196096,688955
GSM5859813,2,GSE196093;GSE196096,987914
GSM5859814,2,GSE196093;GSE196096,728149
GSM5859815,2,GSE196093;GSE196096,570685
GSM5859816,2,GSE196093;GSE196096,107700
GSM5859817,2,GSE196093;GSE196096,462582
GSM5859818,2,GSE196093;GSE196096,882553
GSM5859819,2,GSE196093;GSE196096,688291
GSM5859820,2,GSE196093;GSE196096,879224
GSM5859821,2,GSE196093;GSE196096,856159
GSM5859822,2,GSE196093;GSE196096,329076
GSM5859823,2,GSE196093;GSE196096,695521
GSM5859824,2,GSE196093;GSE196096,223030
GSM5859825,2,GSE196093;GSE196096,987995
GSM5859826,2,GSE196093;GSE196096,504838
GSM5859827,2,GSE196093;GSE196096,355942
GSM5859828,2,GSE196093;GSE196096,250274
GSM5859829,2,GSE196093;GSE196096,311316
GSM5859830,2,GSE196093;GSE196096,698094
GSM5859831,2,GSE196093;GSE196096,999733
GSM5859832,2,GSE196093;GSE196096,653325
GSM5859833,2,GSE196093;GSE196096,328160
GSM5859834,2,GSE196093;GSE196096,604199
GSM5859835,2,GSE196093;GSE196096,455828
GSM5859836,2,GSE196093;GSE196096,963303
GSM5859837,2,GSE196093;GSE196096,174904
GSM5859838,2,GSE196093;GSE196096,423979
GSM5859839,2,GSE196093;GSE196096,198891
GSM5859840,2,GSE196093;GSE196096,646233
GSM5859841,2,GSE196093;GSE196096,395379
GSM5859842,2,GSE196093;GSE196096,752372
GSM5859843,2,GSE196093;GSE196096,903880
GSM5859844,2,GSE196093;GSE196096,831702
GSM5859845,2,GSE196093;GSE196096,144302
GSM5859846,2,GSE196093;GSE196096,790070
GSM5859847,2,GSE196093;GSE196096,437968
GSM5859848,2,GSE196093;GSE196096,957408
GSM5859849,2,GSE196093;GSE196096,845147
GSM5859850,2,GSE196093;GSE196096,607843
GSM5859851,2,GSE196093;GSE196096,157463
GSM5859852,2,GSE196093;GSE196096,866660
GSM5859853,2,GSE196093;GSE196096,741535
GSM5859854,2,GSE196093;GSE196096,924071
GSM5859855,2,GSE196093;GSE196096,125385
GSM5859856,2,GSE196093;GSE196096,494296
GSM5859857,2,GSE196093;GSE196096,703401
GSM5859858,2,GSE196093;GSE196096,473365
GSM5859859,2,GSE196093;GSE196096,477816
GSM5859860,2,GSE196093;GSE196096,166412
GSM5859861,2,GSE196093;GSE196096,155171
GSM5859862,2,GSE196093;GSE196096,301289
GSM5859863,2,GSE196093;GSE196096,478055
GSM5859864,2,GSE196093;GSE196096,701790
GSM5859865,2,GSE196093;GSE196096,375455
GSM5859866,2,GSE196093;GSE196096,517446
GSM5859867,2,GSE196093;GSE196096,139973
GSM5859868,2,GSE196093;GSE196096,495440
GSM5859869,2,GSE196093;GSE196096,522140
GSM5859870,2,GSE196093;GSE196096,122579
GSM5859871,2,GSE196093;GSE196096,570148
GSM5859872,2,GSE196093;GSE196096,572235
GSM5859873,2,GSE196093;GSE196096,618717
GSM5859874,2,GSE196093;GSE196096,766301
GSM5859875,2,GSE196093;GSE196096,199115
GSM5859876,2,GSE196093;GSE196096,422450
GSM5859877,2,GSE196093;GSE196096,492612
GSM5859878,2,GSE196093;GSE196096,982505
GSM5859879,2,GSE196093;GSE196096,885590
GSM5859880,2,GSE196093;GSE196096,994987
GSM5859881,2,GSE196093;GSE196096,654064
GSM5859882,2,GSE196093;GSE196096,240957
GSM5859883,2,GSE196093;GSE196096,901705
GSM5859884,2,GSE196093;GSE196096,972307
GSM5859885,2,GSE196093;GSE196096,128051
GSM5859886,2,GSE196093;GSE196096,922872
GSM5859887,2,GSE196093;GSE196096,373346
GSM5859888,2,GSE196093;GSE196096,900959
GSM5859889,2,GSE196093;GSE196096,103939
GSM5859890,2,GSE196093;GSE196096,146987
GSM5859891,2,GSE196093;GSE196096,823618
GSM5859892,2,GSE196093;GSE196096,724293
GSM5859893,2,GSE196093;GSE196096,834418
GSM5859894,2,GSE196093;GSE196096,953885
GSM5859895,2,GSE196093;GSE196096,384830
GSM5859896,2,GSE196093;GSE196096,420523
GSM5859897,2,GSE196093;GSE196096,689480
GSM5859898,2,GSE196093;GSE196096,342996
GSM5859899,2,GSE196093;GSE196096,749097
GSM5859900,2,GSE196093;GSE196096,988443
GSM5859901,2,GSE196093;GSE196096,938719
GSM5859902,2,GSE196093;GSE196096,531672
GSM5859903,2,GSE196093;GSE196096,607047
GSM5859904,2,GSE196093;GSE196096,183831
GSM5859905,2,GSE196093;GSE196096,889225
GSM5859906,2,GSE196093;GSE196096,378885
GSM5859907,2,GSE196093;GSE196096,640043
GSM5859908,2,GSE196093;GSE196096,568953
GSM5859909,2,GSE196093;GSE196096,700549
GSM5859910,2,GSE196093;GSE196096,188511
GSM5859911,2,GSE196093;GSE196096,991818
GSM5859912,2,GSE196093;GSE196096,748583
GSM5859913,2,GSE196093;GSE196096,728182
GSM5859914,2,GSE196093;GSE196096,655703
GSM5859915,2,GSE196093;GSE196096,637566
GSM5859916,2,GSE196093;GSE196096,353318
GSM5859917,2,GSE196093;GSE196096,755914
GSM5859918,2,GSE196093;GSE196096,652480
GSM5859919,2,GSE196093;GSE196096,263143
GSM5859920,2,GSE196093;GSE196096,655795
GSM5859921,2,GSE196093;GSE196096,611662
GSM5859922,2,GSE196093;GSE196096,417654
GSM5859923,2,GSE196093;GSE196096,575372
GSM5859924,2,GSE196093;GSE196096,129837
GSM5859925,2,GSE196093;GSE196096,664658
GSM5859926,2,GSE196093;GSE196096,683173
GSM5859927,2,GSE196093;GSE196096,303685
GSM5859928,2,GSE196093;GSE196096,357017
GSM5859929,2,GSE196093;GSE196096,808714
GSM5859930,2,GSE196093;GSE196096,941191
GSM5859931,2,GSE196093;GSE196096,160120
GSM5859932,2,GSE196093;GSE196096,422454
GSM5859933,2,GSE196093;GSE196096,578975
GSM5859934,2,GSE196093;GSE196096,650589
GSM5859935,2,GSE196093;GSE196096,141782
GSM5859936,2,GSE196093;GSE196096,282644
GSM5859937,2,GSE196093;GSE196096,651145
GSM5859938,2,GSE196093;GSE196096,923968
GSM5859939,2,GSE196093;GSE196096,350331
GSM5859940,2,GSE196093;GSE196096,635632
GSM5859941,2,GSE196093;GSE196096,319324
GSM5859942,2,GSE196093;GSE196096,363669
GSM5859943,2,GSE196093;GSE196096,573586
GSM5859944,2,GSE196093;GSE196096,273745
GSM5859945,2,GSE196093;GSE196096,782334
GSM5859946,2,GSE196093;GSE196096,896939
GSM5859947,2,GSE196093;GSE196096,572444
GSM5859948,2,GSE196093;GSE196096,720065
GSM5859949,2,GSE196093;GSE196096,901807
GSM5859950,2,GSE196093;GSE196096,386664
GSM5859951,2,GSE196093;GSE196096,963604
GSM5859952,2,GSE196093;GSE196096,300724
GSM5859953,2,GSE196093;GSE196096,341238
GSM5859954,2,GSE196093;GSE196096,168044
GSM5859955,2,GSE196093;GSE196096,149654
GSM5859956,2,GSE196093;GSE196096,733962
GSM5859957,2,GSE196093;GSE196096,790397
GSM5859958,2,GSE196093;GSE196096,535415
GSM5859959,2,GSE196093;GSE196096,677915
GSM5859960,2,GSE196093;GSE196096,905264
GSM5859961,2,GSE196093;GSE196096,442637
GSM5859962,2,GSE196093;GSE196096,220925
GSM5859963,2,GSE196093;GSE196096,960963
GSM5859964,2,GSE196093;GSE196096,584561
GSM5859965,2,GSE196093;GSE196096,515105
GSM5859966,2,GSE196093;GSE196096,152197
GSM5859967,2,GSE196093;GSE196096,697871
GSM5859968,2,GSE196093;GSE196096,828199
GSM605912,2,GSE24578;GSE24717,BT483
GSM605913,2,GSE24578;GSE24717,BT20
GSM605914,2,GSE24578;GSE24717,MDA-MB-361
GSM605915,2,GSE24578;GSE24717,Hs578t
GSM605916,2,GSE24578;GSE24717,MDA-MB-231
GSM605917,2,GSE24578;GSE24717,MDA-MB-157
GSM605918,2,GSE24578;GSE24717,SKBR3
GSM605919,2,GSE24578;GSE24717,BT474
GSM605920,2,GSE24578;GSE24717,MCF7
GSM605921,2,GSE24578;GSE24717,HCC1806
GSM605922,2,GSE24578;GSE24717,T47D
GSM605923,2,GSE24578;GSE24717,ZR75
GSM605924,2,GSE24578;GSE24717,HCC1428
GSM605925,2,GSE24578;GSE24717,BT549
GSM609023,2,GSE24716;GSE24717,"4105_CD133+, untreated"
GSM609024,2,GSE24716;GSE24717,"4105_CD133+, laminin treated"
GSM609025,2,GSE24716;GSE24717,"4105_CD133-, untreated"
GSM609026,2,GSE24716;GSE24717,"4105_CD133-, laminin treated"
GSM609027,2,GSE24716;GSE24717,"4302_CD133+, untreated"
GSM609028,2,GSE24716;GSE24717,"4302_CD133+, laminin treated"
GSM609029,2,GSE24716;GSE24717,"4302_CD133-, untreated"
GSM609030,2,GSE24716;GSE24717,"4302_CD133-, laminin treated"
GSM615096,2,GSE25055;GSE25066,1002
GSM615097,2,GSE25055;GSE25066,1005
GSM615098,2,GSE25055;GSE25066,1009
GSM615099,2,GSE25055;GSE25066,1011
GSM615100,2,GSE25055;GSE25066,1016
GSM615101,2,GSE25055;GSE25066,1019
GSM615102,2,GSE25055;GSE25066,1027
GSM615103,2,GSE25055;GSE25066,1031
GSM615104,2,GSE25055;GSE25066,1034
GSM615105,2,GSE25055;GSE25066,1035
GSM615106,2,GSE25055;GSE25066,1037
GSM615107,2,GSE25055;GSE25066,1038
GSM615108,2,GSE25055;GSE25066,1041
GSM615109,2,GSE25055;GSE25066,1044
GSM615110,2,GSE25055;GSE25066,1045
GSM615111,2,GSE25055;GSE25066,1049
GSM615112,2,GSE25055;GSE25066,1050
GSM615113,2,GSE25055;GSE25066,1054
GSM615114,2,GSE25055;GSE25066,1055
GSM615115,2,GSE25055;GSE25066,1057
GSM615116,2,GSE25055;GSE25066,1061
GSM615117,2,GSE25055;GSE25066,1062
GSM615118,2,GSE25055;GSE25066,1064
GSM615119,2,GSE25055;GSE25066,1067
GSM615120,2,GSE25055;GSE25066,1068
GSM615121,2,GSE25055;GSE25066,1074
GSM615122,2,GSE25055;GSE25066,1078
GSM615123,2,GSE25055;GSE25066,1088
GSM615124,2,GSE25055;GSE25066,1089
GSM615125,2,GSE25055;GSE25066,1092
GSM615126,2,GSE25055;GSE25066,1095
GSM615127,2,GSE25055;GSE25066,1100
GSM615128,2,GSE25055;GSE25066,1106
GSM615129,2,GSE25055;GSE25066,1113
GSM615130,2,GSE25055;GSE25066,1114
GSM615131,2,GSE25055;GSE25066,1123
GSM615132,2,GSE25055;GSE25066,1127
GSM615133,2,GSE25055;GSE25066,1132
GSM615134,2,GSE25055;GSE25066,1134
GSM615135,2,GSE25055;GSE25066,1135
GSM615136,2,GSE25055;GSE25066,1136
GSM615137,2,GSE25055;GSE25066,1138
GSM615138,2,GSE25055;GSE25066,1140
GSM615139,2,GSE25055;GSE25066,1144
GSM615140,2,GSE25055;GSE25066,1145
GSM615141,2,GSE25055;GSE25066,1149
GSM615142,2,GSE25055;GSE25066,1150
GSM615143,2,GSE25055;GSE25066,1155
GSM615144,2,GSE25055;GSE25066,1158
GSM615145,2,GSE25055;GSE25066,1160
GSM615146,2,GSE25055;GSE25066,1163
GSM615147,2,GSE25055;GSE25066,1164
GSM615148,2,GSE25055;GSE25066,1165
GSM615149,2,GSE25055;GSE25066,1169
GSM615150,2,GSE25055;GSE25066,1170
GSM615151,2,GSE25055;GSE25066,1172
GSM615152,2,GSE25055;GSE25066,1173
GSM615153,2,GSE25055;GSE25066,1175
GSM615154,2,GSE25055;GSE25066,1177
GSM615155,2,GSE25055;GSE25066,1180
GSM615156,2,GSE25055;GSE25066,1188
GSM615157,2,GSE25055;GSE25066,1191
GSM615158,2,GSE25055;GSE25066,1193
GSM615159,2,GSE25055;GSE25066,1197
GSM615160,2,GSE25055;GSE25066,1199
GSM615161,2,GSE25055;GSE25066,1200
GSM615162,2,GSE25055;GSE25066,1203
GSM615163,2,GSE25055;GSE25066,1205
GSM615164,2,GSE25055;GSE25066,1208
GSM615165,2,GSE25055;GSE25066,1209
GSM615166,2,GSE25055;GSE25066,1210
GSM615167,2,GSE25055;GSE25066,1216
GSM615168,2,GSE25055;GSE25066,1217
GSM615169,2,GSE25055;GSE25066,1218
GSM615170,2,GSE25055;GSE25066,1219
GSM615171,2,GSE25055;GSE25066,1220
GSM615172,2,GSE25055;GSE25066,1223
GSM615173,2,GSE25055;GSE25066,1225
GSM615174,2,GSE25055;GSE25066,1226
GSM615175,2,GSE25055;GSE25066,1227
GSM615176,2,GSE25055;GSE25066,1231
GSM615177,2,GSE25055;GSE25066,1232
GSM615178,2,GSE25055;GSE25066,1236
GSM615179,2,GSE25055;GSE25066,M106
GSM615180,2,GSE25055;GSE25066,M107
GSM615181,2,GSE25055;GSE25066,M111
GSM615182,2,GSE25055;GSE25066,M113
GSM615183,2,GSE25055;GSE25066,M117
GSM615184,2,GSE25055;GSE25066,M120
GSM615185,2,GSE25055;GSE25066,M121
GSM615186,2,GSE25055;GSE25066,M123
GSM615187,2,GSE25055;GSE25066,M128
GSM615188,2,GSE25055;GSE25066,M129
GSM615189,2,GSE25055;GSE25066,M130
GSM615190,2,GSE25055;GSE25066,M133
GSM615191,2,GSE25055;GSE25066,M136
GSM615192,2,GSE25055;GSE25066,M139
GSM615193,2,GSE25055;GSE25066,M146
GSM615194,2,GSE25055;GSE25066,M153
GSM615195,2,GSE25055;GSE25066,M154
GSM615196,2,GSE25055;GSE25066,M155
GSM615197,2,GSE25055;GSE25066,M156
GSM615198,2,GSE25055;GSE25066,M157
GSM615199,2,GSE25055;GSE25066,M158
GSM615200,2,GSE25055;GSE25066,M165
GSM615201,2,GSE25055;GSE25066,M177
GSM615202,2,GSE25055;GSE25066,M180
GSM615203,2,GSE25055;GSE25066,M181
GSM615204,2,GSE25055;GSE25066,M182
GSM615205,2,GSE25055;GSE25066,M188
GSM615206,2,GSE25055;GSE25066,M189
GSM615207,2,GSE25055;GSE25066,M195
GSM615208,2,GSE25055;GSE25066,M196
GSM615209,2,GSE25055;GSE25066,M199
GSM615210,2,GSE25055;GSE25066,M201
GSM615211,2,GSE25055;GSE25066,M205
GSM615212,2,GSE25055;GSE25066,M206
GSM615213,2,GSE25055;GSE25066,M211
GSM615214,2,GSE25055;GSE25066,M214
GSM615215,2,GSE25055;GSE25066,M215
GSM615216,2,GSE25055;GSE25066,M216
GSM615217,2,GSE25055;GSE25066,M217
GSM615218,2,GSE25055;GSE25066,M219
GSM615219,2,GSE25055;GSE25066,M220
GSM615220,2,GSE25055;GSE25066,M226
GSM615221,2,GSE25055;GSE25066,M227
GSM615222,2,GSE25055;GSE25066,M228
GSM615223,2,GSE25055;GSE25066,M229
GSM615224,2,GSE25055;GSE25066,M231
GSM615225,2,GSE25055;GSE25066,M233
GSM615226,2,GSE25055;GSE25066,M234
GSM615227,2,GSE25055;GSE25066,M236
GSM615228,2,GSE25055;GSE25066,M246
GSM615229,2,GSE25055;GSE25066,M255
GSM615230,2,GSE25055;GSE25066,M259
GSM615231,2,GSE25055;GSE25066,M260
GSM615232,2,GSE25055;GSE25066,M261
GSM615233,2,GSE25055;GSE25066,M263
GSM615234,2,GSE25055;GSE25066,M266
GSM615235,2,GSE25055;GSE25066,M270
GSM615236,2,GSE25055;GSE25066,M280
GSM615237,2,GSE25055;GSE25066,M281
GSM615238,2,GSE25055;GSE25066,M282
GSM615239,2,GSE25055;GSE25066,M283
GSM615240,2,GSE25055;GSE25066,M295
GSM615241,2,GSE25055;GSE25066,M297
GSM615242,2,GSE25055;GSE25066,M301
GSM615243,2,GSE25055;GSE25066,M304
GSM615244,2,GSE25055;GSE25066,M310
GSM615245,2,GSE25055;GSE25066,M315
GSM615246,2,GSE25055;GSE25066,M319
GSM615247,2,GSE25055;GSE25066,M323
GSM615248,2,GSE25055;GSE25066,M332
GSM615249,2,GSE25055;GSE25066,M333
GSM615250,2,GSE25055;GSE25066,M334
GSM615251,2,GSE25055;GSE25066,M339
GSM615252,2,GSE25055;GSE25066,M340
GSM615253,2,GSE25055;GSE25066,M341
GSM615254,2,GSE25055;GSE25066,M343
GSM615255,2,GSE25055;GSE25066,M345
GSM615256,2,GSE25055;GSE25066,M353
GSM615257,2,GSE25055;GSE25066,M355
GSM615258,2,GSE25055;GSE25066,M356
GSM615259,2,GSE25055;GSE25066,M357
GSM615260,2,GSE25055;GSE25066,M360
GSM615261,2,GSE25055;GSE25066,M363
GSM615262,2,GSE25055;GSE25066,M365
GSM615263,2,GSE25055;GSE25066,M367
GSM615264,2,GSE25055;GSE25066,M373
GSM615265,2,GSE25055;GSE25066,M375
GSM615266,2,GSE25055;GSE25066,M384
GSM615267,2,GSE25055;GSE25066,M386
GSM615268,2,GSE25055;GSE25066,M396
GSM615269,2,GSE25055;GSE25066,M399
GSM615270,2,GSE25055;GSE25066,M402
GSM615271,2,GSE25055;GSE25066,M411
GSM615272,2,GSE25055;GSE25066,M417
GSM615273,2,GSE25055;GSE25066,M421
GSM615274,2,GSE25055;GSE25066,M423
GSM615275,2,GSE25055;GSE25066,M425
GSM615276,2,GSE25055;GSE25066,M430
GSM615277,2,GSE25055;GSE25066,M431
GSM615278,2,GSE25055;GSE25066,M433
GSM615279,2,GSE25055;GSE25066,M434
GSM615280,2,GSE25055;GSE25066,M442
GSM615281,2,GSE25055;GSE25066,M447
GSM615282,2,GSE25055;GSE25066,M463
GSM615283,2,GSE25055;GSE25066,M469
GSM615284,2,GSE25055;GSE25066,M485
GSM615285,2,GSE25055;GSE25066,M486
GSM615286,2,GSE25055;GSE25066,M497
GSM615287,2,GSE25055;GSE25066,M502
GSM615288,2,GSE25055;GSE25066,M503
GSM615289,2,GSE25055;GSE25066,M506
GSM615290,2,GSE25055;GSE25066,M507
GSM615291,2,GSE25055;GSE25066,M513
GSM615292,2,GSE25055;GSE25066,M523
GSM615293,2,GSE25055;GSE25066,M524
GSM615294,2,GSE25055;GSE25066,M525
GSM615295,2,GSE25055;GSE25066,M531
GSM615296,2,GSE25055;GSE25066,M534
GSM615297,2,GSE25055;GSE25066,M545
GSM615298,2,GSE25055;GSE25066,M549
GSM615299,2,GSE25055;GSE25066,M556
GSM615300,2,GSE25055;GSE25066,M557
GSM615301,2,GSE25055;GSE25066,M558
GSM615302,2,GSE25055;GSE25066,M559
GSM615303,2,GSE25055;GSE25066,M564
GSM615304,2,GSE25055;GSE25066,M565
GSM615305,2,GSE25055;GSE25066,M566
GSM615306,2,GSE25055;GSE25066,M569
GSM615307,2,GSE25055;GSE25066,M571
GSM615308,2,GSE25055;GSE25066,M577
GSM615309,2,GSE25055;GSE25066,M578
GSM615310,2,GSE25055;GSE25066,M580
GSM615311,2,GSE25055;GSE25066,M581
GSM615312,2,GSE25055;GSE25066,M583
GSM615313,2,GSE25055;GSE25066,M599
GSM615314,2,GSE25055;GSE25066,M601
GSM615315,2,GSE25055;GSE25066,M603
GSM615316,2,GSE25055;GSE25066,M607
GSM615317,2,GSE25055;GSE25066,M608
GSM615318,2,GSE25055;GSE25066,M610
GSM615319,2,GSE25055;GSE25066,M611
GSM615320,2,GSE25055;GSE25066,M612
GSM615321,2,GSE25055;GSE25066,M617
GSM615322,2,GSE25055;GSE25066,M619
GSM615323,2,GSE25055;GSE25066,M624
GSM615324,2,GSE25055;GSE25066,M625
GSM615325,2,GSE25055;GSE25066,M635
GSM615326,2,GSE25055;GSE25066,M636
GSM615327,2,GSE25055;GSE25066,M639
GSM615328,2,GSE25055;GSE25066,M642
GSM615329,2,GSE25055;GSE25066,M643
GSM615330,2,GSE25055;GSE25066,M647
GSM615331,2,GSE25055;GSE25066,M651
GSM615332,2,GSE25055;GSE25066,M652
GSM615333,2,GSE25055;GSE25066,M657
GSM615334,2,GSE25055;GSE25066,M658
GSM615335,2,GSE25055;GSE25066,M659
GSM615336,2,GSE25055;GSE25066,M661
GSM615337,2,GSE25055;GSE25066,M662
GSM615338,2,GSE25055;GSE25066,M665
GSM615339,2,GSE25055;GSE25066,M666
GSM615340,2,GSE25055;GSE25066,M668
GSM615341,2,GSE25055;GSE25066,M669
GSM615342,2,GSE25055;GSE25066,M670
GSM615343,2,GSE25055;GSE25066,M671
GSM615344,2,GSE25055;GSE25066,M673
GSM615345,2,GSE25055;GSE25066,M675
GSM615346,2,GSE25055;GSE25066,M677
GSM615347,2,GSE25055;GSE25066,M679
GSM615348,2,GSE25055;GSE25066,M681
GSM615349,2,GSE25055;GSE25066,M682
GSM615350,2,GSE25055;GSE25066,M683
GSM615351,2,GSE25055;GSE25066,M685
GSM615352,2,GSE25055;GSE25066,M690
GSM615353,2,GSE25055;GSE25066,M691
GSM615354,2,GSE25055;GSE25066,M692
GSM615355,2,GSE25055;GSE25066,M693
GSM615356,2,GSE25055;GSE25066,M695
GSM615357,2,GSE25055;GSE25066,M696
GSM615358,2,GSE25055;GSE25066,M706
GSM615359,2,GSE25055;GSE25066,M709
GSM615360,2,GSE25055;GSE25066,M710
GSM615361,2,GSE25055;GSE25066,M714
GSM615362,2,GSE25055;GSE25066,M717
GSM615363,2,GSE25055;GSE25066,M718
GSM615364,2,GSE25055;GSE25066,M722
GSM615365,2,GSE25055;GSE25066,M723
GSM615366,2,GSE25055;GSE25066,M725
GSM615367,2,GSE25055;GSE25066,M728
GSM615368,2,GSE25055;GSE25066,M729
GSM615369,2,GSE25055;GSE25066,M732
GSM615370,2,GSE25055;GSE25066,M734
GSM615371,2,GSE25055;GSE25066,M735
GSM615372,2,GSE25055;GSE25066,M739
GSM615373,2,GSE25055;GSE25066,M744
GSM615374,2,GSE25055;GSE25066,M746
GSM615375,2,GSE25055;GSE25066,M750
GSM615376,2,GSE25055;GSE25066,M751
GSM615377,2,GSE25055;GSE25066,M753
GSM615378,2,GSE25055;GSE25066,M757
GSM615379,2,GSE25055;GSE25066,M758
GSM615380,2,GSE25055;GSE25066,M763
GSM615381,2,GSE25055;GSE25066,M765
GSM615382,2,GSE25055;GSE25066,M766
GSM615383,2,GSE25055;GSE25066,M767
GSM615384,2,GSE25055;GSE25066,M768
GSM615385,2,GSE25055;GSE25066,M771
GSM615386,2,GSE25055;GSE25066,M774
GSM615387,2,GSE25055;GSE25066,M779
GSM615388,2,GSE25055;GSE25066,M781
GSM615389,2,GSE25055;GSE25066,M782
GSM615390,2,GSE25055;GSE25066,M783
GSM615391,2,GSE25055;GSE25066,M784
GSM615392,2,GSE25055;GSE25066,M791
GSM615393,2,GSE25055;GSE25066,M792
GSM615394,2,GSE25055;GSE25066,M794
GSM615395,2,GSE25055;GSE25066,M795
GSM615396,2,GSE25055;GSE25066,M802
GSM615397,2,GSE25055;GSE25066,M805
GSM615398,2,GSE25055;GSE25066,M806
GSM615399,2,GSE25055;GSE25066,M810
GSM615400,2,GSE25055;GSE25066,PERU01
GSM615401,2,GSE25055;GSE25066,PERU07
GSM615402,2,GSE25055;GSE25066,PERU09
GSM615403,2,GSE25055;GSE25066,PERU11
GSM615404,2,GSE25055;GSE25066,PERU12_14
GSM615405,2,GSE25055;GSE25066,PERU14_16
GSM615631,2,GSE25065;GSE25066,1
GSM615632,2,GSE25065;GSE25066,5
GSM615633,2,GSE25065;GSE25066,12
GSM615634,2,GSE25065;GSE25066,13
GSM615635,2,GSE25065;GSE25066,18
GSM615636,2,GSE25065;GSE25066,20
GSM615637,2,GSE25065;GSE25066,23
GSM615638,2,GSE25065;GSE25066,24
GSM615639,2,GSE25065;GSE25066,30
GSM615640,2,GSE25065;GSE25066,31
GSM615641,2,GSE25065;GSE25066,32
GSM615642,2,GSE25065;GSE25066,35
GSM615643,2,GSE25065;GSE25066,36
GSM615644,2,GSE25065;GSE25066,45
GSM615645,2,GSE25065;GSE25066,46
GSM615646,2,GSE25065;GSE25066,48
GSM615647,2,GSE25065;GSE25066,51
GSM615648,2,GSE25065;GSE25066,52
GSM615649,2,GSE25065;GSE25066,67
GSM615650,2,GSE25065;GSE25066,68
GSM615651,2,GSE25065;GSE25066,70
GSM615652,2,GSE25065;GSE25066,76
GSM615653,2,GSE25065;GSE25066,77
GSM615654,2,GSE25065;GSE25066,80
GSM615655,2,GSE25065;GSE25066,85
GSM615656,2,GSE25065;GSE25066,86
GSM615657,2,GSE25065;GSE25066,87
GSM615658,2,GSE25065;GSE25066,88
GSM615659,2,GSE25065;GSE25066,94
GSM615660,2,GSE25065;GSE25066,95
GSM615661,2,GSE25065;GSE25066,96
GSM615662,2,GSE25065;GSE25066,97
GSM615663,2,GSE25065;GSE25066,100
GSM615664,2,GSE25065;GSE25066,101
GSM615665,2,GSE25065;GSE25066,103
GSM615666,2,GSE25065;GSE25066,104
GSM615667,2,GSE25065;GSE25066,106
GSM615668,2,GSE25065;GSE25066,110
GSM615669,2,GSE25065;GSE25066,111
GSM615670,2,GSE25065;GSE25066,112
GSM615671,2,GSE25065;GSE25066,113
GSM615672,2,GSE25065;GSE25066,118
GSM615673,2,GSE25065;GSE25066,124
GSM615674,2,GSE25065;GSE25066,125
GSM615675,2,GSE25065;GSE25066,130
GSM615676,2,GSE25065;GSE25066,133
GSM615677,2,GSE25065;GSE25066,145
GSM615678,2,GSE25065;GSE25066,148
GSM615679,2,GSE25065;GSE25066,149
GSM615680,2,GSE25065;GSE25066,150
GSM615681,2,GSE25065;GSE25066,154
GSM615682,2,GSE25065;GSE25066,155
GSM615683,2,GSE25065;GSE25066,159
GSM615684,2,GSE25065;GSE25066,161
GSM615685,2,GSE25065;GSE25066,223
GSM615686,2,GSE25065;GSE25066,225
GSM615687,2,GSE25065;GSE25066,249
GSM615688,2,GSE25065;GSE25066,268
GSM615689,2,GSE25065;GSE25066,272
GSM615690,2,GSE25065;GSE25066,290
GSM615691,2,GSE25065;GSE25066,293
GSM615692,2,GSE25065;GSE25066,305
GSM615693,2,GSE25065;GSE25066,320
GSM615694,2,GSE25065;GSE25066,324
GSM615695,2,GSE25065;GSE25066,327
GSM615696,2,GSE25065;GSE25066,336
GSM615697,2,GSE25065;GSE25066,337
GSM615698,2,GSE25065;GSE25066,342
GSM615699,2,GSE25065;GSE25066,348
GSM615700,2,GSE25065;GSE25066,364
GSM615701,2,GSE25065;GSE25066,437
GSM615702,2,GSE25065;GSE25066,440
GSM615703,2,GSE25065;GSE25066,470
GSM615704,2,GSE25065;GSE25066,480
GSM615705,2,GSE25065;GSE25066,496
GSM615706,2,GSE25065;GSE25066,509
GSM615707,2,GSE25065;GSE25066,544
GSM615708,2,GSE25065;GSE25066,551
GSM615709,2,GSE25065;GSE25066,575
GSM615710,2,GSE25065;GSE25066,645
GSM615711,2,GSE25065;GSE25066,660
GSM615712,2,GSE25065;GSE25066,699
GSM615713,2,GSE25065;GSE25066,748
GSM615714,2,GSE25065;GSE25066,787
GSM615715,2,GSE25065;GSE25066,798
GSM615716,2,GSE25065;GSE25066,811
GSM615717,2,GSE25065;GSE25066,813
GSM615718,2,GSE25065;GSE25066,814
GSM615719,2,GSE25065;GSE25066,815
GSM615720,2,GSE25065;GSE25066,817
GSM615721,2,GSE25065;GSE25066,821
GSM615722,2,GSE25065;GSE25066,822
GSM615723,2,GSE25065;GSE25066,824
GSM615724,2,GSE25065;GSE25066,825
GSM615725,2,GSE25065;GSE25066,826
GSM615726,2,GSE25065;GSE25066,828
GSM615727,2,GSE25065;GSE25066,829
GSM615728,2,GSE25065;GSE25066,831
GSM615729,2,GSE25065;GSE25066,835
GSM615730,2,GSE25065;GSE25066,837
GSM615731,2,GSE25065;GSE25066,838
GSM615732,2,GSE25065;GSE25066,839
GSM615733,2,GSE25065;GSE25066,840
GSM615734,2,GSE25065;GSE25066,842
GSM615735,2,GSE25065;GSE25066,845
GSM615736,2,GSE25065;GSE25066,854
GSM615737,2,GSE25065;GSE25066,857
GSM615738,2,GSE25065;GSE25066,860
GSM615739,2,GSE25065;GSE25066,865
GSM615740,2,GSE25065;GSE25066,867
GSM615741,2,GSE25065;GSE25066,868
GSM615742,2,GSE25065;GSE25066,879
GSM615743,2,GSE25065;GSE25066,880
GSM615744,2,GSE25065;GSE25066,881
GSM615745,2,GSE25065;GSE25066,883
GSM615746,2,GSE25065;GSE25066,885
GSM615747,2,GSE25065;GSE25066,886
GSM615748,2,GSE25065;GSE25066,892
GSM615749,2,GSE25065;GSE25066,893
GSM615750,2,GSE25065;GSE25066,896
GSM615751,2,GSE25065;GSE25066,901
GSM615752,2,GSE25065;GSE25066,905
GSM615753,2,GSE25065;GSE25066,910
GSM615754,2,GSE25065;GSE25066,913
GSM615755,2,GSE25065;GSE25066,916
GSM615756,2,GSE25065;GSE25066,MDA002
GSM615757,2,GSE25065;GSE25066,MDA003
GSM615758,2,GSE25065;GSE25066,MDA005
GSM615759,2,GSE25065;GSE25066,MDA006
GSM615760,2,GSE25065;GSE25066,MDA007
GSM615761,2,GSE25065;GSE25066,MDA008
GSM615762,2,GSE25065;GSE25066,MDA009
GSM615763,2,GSE25065;GSE25066,MDA010
GSM615764,2,GSE25065;GSE25066,MDA011
GSM615765,2,GSE25065;GSE25066,MDA012
GSM615766,2,GSE25065;GSE25066,MDA013
GSM615767,2,GSE25065;GSE25066,MDA014
GSM615768,2,GSE25065;GSE25066,MDA015
GSM615769,2,GSE25065;GSE25066,MDA016
GSM615770,2,GSE25065;GSE25066,MDA018
GSM615771,2,GSE25065;GSE25066,LBJ016
GSM615772,2,GSE25065;GSE25066,LBJ032
GSM615773,2,GSE25065;GSE25066,LBJ038
GSM615774,2,GSE25065;GSE25066,LBJ046
GSM615775,2,GSE25065;GSE25066,LBJ047
GSM615776,2,GSE25065;GSE25066,LBJ053
GSM615777,2,GSE25065;GSE25066,LBJ054
GSM615778,2,GSE25065;GSE25066,LBJ070
GSM615779,2,GSE25065;GSE25066,LBJ071
GSM615780,2,GSE25065;GSE25066,LBJ082
GSM615781,2,GSE25065;GSE25066,LBJ103
GSM615782,2,GSE25065;GSE25066,LBJ105
GSM615783,2,GSE25065;GSE25066,LBJ131
GSM615784,2,GSE25065;GSE25066,LBJ143
GSM615785,2,GSE25065;GSE25066,LBJ158
GSM615786,2,GSE25065;GSE25066,LBJ170
GSM615787,2,GSE25065;GSE25066,LBJ171
GSM615788,2,GSE25065;GSE25066,PERU02
GSM615789,2,GSE25065;GSE25066,PERU05
GSM615790,2,GSE25065;GSE25066,PERU06
GSM615791,2,GSE25065;GSE25066,PERU16-18
GSM615792,2,GSE25065;GSE25066,PERU21
GSM615793,2,GSE25065;GSE25066,PERU23
GSM615794,2,GSE25065;GSE25066,PERU26
GSM615795,2,GSE25065;GSE25066,PERU28
GSM615796,2,GSE25065;GSE25066,PERU37
GSM615797,2,GSE25065;GSE25066,PERU38
GSM615798,2,GSE25065;GSE25066,PERU40
GSM615799,2,GSE25065;GSE25066,PERU42
GSM615800,2,GSE25065;GSE25066,PERU44
GSM615801,2,GSE25065;GSE25066,PERU48
GSM615802,2,GSE25065;GSE25066,PERU50
GSM615803,2,GSE25065;GSE25066,PERU52
GSM615804,2,GSE25065;GSE25066,PERU53
GSM615805,2,GSE25065;GSE25066,PERU54
GSM615806,2,GSE25065;GSE25066,PERU56
GSM615807,2,GSE25065;GSE25066,PERU57
GSM615808,2,GSE25065;GSE25066,PERU61
GSM615809,2,GSE25065;GSE25066,PERU69
GSM615810,2,GSE25065;GSE25066,PERU72
GSM615811,2,GSE25065;GSE25066,PERU73
GSM615812,2,GSE25065;GSE25066,PERU76
GSM615813,2,GSE25065;GSE25066,Spain04
GSM615814,2,GSE25065;GSE25066,Spain06
GSM615815,2,GSE25065;GSE25066,Spain07
GSM615816,2,GSE25065;GSE25066,Spain12
GSM615817,2,GSE25065;GSE25066,Spain13
GSM615818,2,GSE25065;GSE25066,Spain27
GSM615819,2,GSE25065;GSE25066,Spain30
GSM615820,2,GSE25065;GSE25066,Spain32
GSM615821,2,GSE25065;GSE25066,Spain41
GSM615822,2,GSE25065;GSE25066,Spain45
GSM615823,2,GSE25065;GSE25066,Spain46
GSM615824,2,GSE25065;GSE25066,Spain48
GSM615825,2,GSE25065;GSE25066,Spain49
GSM615826,2,GSE25065;GSE25066,Spain51
GSM615827,2,GSE25065;GSE25066,Spain53
GSM615828,2,GSE25065;GSE25066,Spain57
GSM6841263,2,GSE221060;GSE221222,Tumor_sensitive_1
GSM6841264,2,GSE221060;GSE221222,Tumor_sensitive_2
GSM6841265,2,GSE221060;GSE221222,Tumor_sensitive_3
GSM6841266,2,GSE221060;GSE221222,Tumor_resistant_1
GSM6841267,2,GSE221060;GSE221222,Tumor_resistant_2
GSM6841268,2,GSE221060;GSE221222,Tumor_resistant_3
GSM6841269,2,GSE221061;GSE221222,Tumor_pre_NAC_1
GSM6841270,2,GSE221061;GSE221222,Tumor_post_NAC_1
GSM6841271,2,GSE221061;GSE221222,Tumor_pre_NAC_2
GSM6841272,2,GSE221061;GSE221222,Tumor_post_NAC_2
GSM6841273,2,GSE221061;GSE221222,Tumor_pre_NAC_3
GSM6841274,2,GSE221061;GSE221222,Tumor_post_NAC_3
GSM706202,2,GSE28583;GSE28844,Breast tumor biopsy_Prechemotherapy_08SE128
GSM706687,2,GSE28583;GSE28844,Breast tumor biopsy_Prechemotherapy_08SE134
GSM706689,2,GSE28583;GSE28844,Breast tumor biopsy_Prechemotherapy_08SE140
GSM706692,2,GSE28583;GSE28844,Breast tumor biopsy_Prechemotherapy_08SE152
GSM706699,2,GSE28583;GSE28844,Breast tumor biopsy_Prechemotherapy_08SE158
GSM706703,2,GSE28583;GSE28844,Breast tumor biopsy_Prechemotherapy_08SE170
GSM706705,2,GSE28583;GSE28844,Breast tumor biopsy_Prechemotherapy_08SE172
GSM706710,2,GSE28583;GSE28844,Breast tumor biopsy_Prechemotherapy_08SE178
GSM706711,2,GSE28583;GSE28844,Breast tumor biopsy_Prechemotherapy_08SE188
GSM706712,2,GSE28583;GSE28844,Breast tumor biopsy_Prechemotherapy_08SE275
GSM707554,2,GSE28583;GSE28844,Breast tumor biopsy_Postchemotherapy_08SE129
GSM707555,2,GSE28583;GSE28844,Breast tumor biopsy_Postchemotherapy_08SE135
GSM707556,2,GSE28583;GSE28844,Breast tumor biopsy_Postchemotherapy_08SE141
GSM707560,2,GSE28583;GSE28844,Breast tumor biopsy_Postchemotherapy_08SE153
GSM707561,2,GSE28583;GSE28844,Breast tumor biopsy_Postchemotherapy_08SE159
GSM707580,2,GSE28583;GSE28844,Breast tumor biopsy_Postchemotherapy_08SE171
GSM707581,2,GSE28583;GSE28844,Breast tumor biopsy_Postchemotherapy_08SE173
GSM707582,2,GSE28583;GSE28844,Breast tumor biopsy_Postchemotherapy_08SE179
GSM707600,2,GSE28583;GSE28844,Breast tumor biopsy_Postchemotherapy_08SE189
GSM707601,2,GSE28583;GSE28844,Breast tumor biopsy_Postchemotherapy_08SE276+08SE277
GSM710497,2,GSE28694;GSE28844,Breast tumor biopsy_Prechemotherapy_08SE132
GSM710508,2,GSE28694;GSE28844,Breast tumor biopsy_Prechemotherapy_08SE144
GSM710509,2,GSE28694;GSE28844,Breast tumor biopsy_Prechemotherapy_08SE156
GSM710510,2,GSE28694;GSE28844,Breast tumor biopsy_Prechemotherapy_08SE176
GSM710511,2,GSE28694;GSE28844,Breast tumor biopsy_Prechemotherapy_08SE180
GSM710512,2,GSE28694;GSE28844,Breast tumor biopsy_Prechemotherapy_08SE186
GSM710527,2,GSE28694;GSE28844,Breast tumor biopsy_Prechemotherapy_08SE190
GSM710528,2,GSE28694;GSE28844,Breast tumor biopsy_Prechemotherapy_08SE278
GSM710555,2,GSE28694;GSE28844,Breast tumor biopsy_Postchemotherapy_08SE133
GSM710612,2,GSE28694;GSE28844,Breast tumor biopsy_Postchemotherapy_08SE157
GSM710613,2,GSE28694;GSE28844,Breast tumor biopsy_Postchemotherapy_08SE177
GSM710633,2,GSE28694;GSE28844,Breast tumor biopsy_Postchemotherapy_08SE181
GSM710634,2,GSE28694;GSE28844,Breast tumor biopsy_Postchemotherapy_08SE279+08SE280
GSM710744,2,GSE28826;GSE28844,Breast tumor biopsy_Prechemotherapy_08SE130
GSM710745,2,GSE28826;GSE28844,Breast tumor biopsy_Prechemotherapy_08SE136
GSM710790,2,GSE28826;GSE28844,Breast tumor biopsy_Prechemotherapy_08SE138
GSM710791,2,GSE28826;GSE28844,Breast tumor biopsy_Prechemotherapy_08SE142
GSM710798,2,GSE28826;GSE28844,Breast tumor biopsy_Prechemotherapy_08SE146
GSM710799,2,GSE28826;GSE28844,Breast tumor biopsy_Prechemotherapy_08SE154
GSM710800,2,GSE28826;GSE28844,Breast tumor biopsy_Prechemotherapy_08SE160
GSM710936,2,GSE28826;GSE28844,Breast tumor biopsy_Prechemotherapy_08SE162
GSM710937,2,GSE28826;GSE28844,Breast tumor biopsy_Prechemotherapy_08SE164
GSM710938,2,GSE28826;GSE28844,Breast tumor biopsy_Prechemotherapy_08SE166
GSM710939,2,GSE28826;GSE28844,Breast tumor biopsy_Prechemotherapy_08SE168
GSM710940,2,GSE28826;GSE28844,Breast tumor biopsy_Prechemotherapy_08SE174
GSM710978,2,GSE28826;GSE28844,Breast tumor biopsy_Prechemotherapy_08SE182
GSM710980,2,GSE28826;GSE28844,Breast tumor biopsy_Prechemotherapy_08SE273
GSM713987,2,GSE28826;GSE28844,Breast tumor biopsy_Postchemotherapy_08SE137
GSM713988,2,GSE28826;GSE28844,Breast tumor biopsy_Postchemotherapy_08SE139
GSM713989,2,GSE28826;GSE28844,Breast tumor biopsy_Postchemotherapy_08SE143
GSM713990,2,GSE28826;GSE28844,Breast tumor biopsy_Postchemotherapy_08SE147
GSM713991,2,GSE28826;GSE28844,Breast tumor biopsy_Postchemotherapy_08SE155
GSM713992,2,GSE28826;GSE28844,Breast tumor biopsy_Postchemotherapy_08SE161
GSM714005,2,GSE28826;GSE28844,Breast tumor biopsy_Postchemotherapy_08SE163
GSM714037,2,GSE28826;GSE28844,Breast tumor biopsy_Postchemotherapy_08SE165
GSM714038,2,GSE28826;GSE28844,Breast tumor biopsy_Postchemotherapy_08SE167
GSM714039,2,GSE28826;GSE28844,Breast tumor biopsy_Postchemotherapy_08SE169
GSM714040,2,GSE28826;GSE28844,Breast tumor biopsy_Postchemotherapy_08SE1175
GSM714041,2,GSE28826;GSE28844,Breast tumor biopsy_Postchemotherapy_08SE183
GSM714042,2,GSE28826;GSE28844,Breast tumor biopsy_Postchemotherapy_08SE185
GSM714043,2,GSE28826;GSE28844,Breast tumor biopsy_Postchemotherapy_08SE274
GSM71745,2,GSE4335;GSE4382,BC20-FA
GSM71751,2,GSE4335;GSE4382,BC44
GSM71768,2,GSE4335;GSE4382,BC608B-BE
GSM71781,2,GSE4335;GSE4382,BC45
GSM71790,2,GSE4335;GSE4382,Normal Breast3
GSM71802,2,GSE4335;GSE4382,BC4-LN4
GSM71806,2,GSE4335;GSE4382,BC706A-BE
GSM71811,2,GSE4335;GSE4382,BC18
GSM71818,2,GSE4335;GSE4382,BC6
GSM71822,2,GSE4335;GSE4382,BC11-FA
GSM71823,2,GSE4335;GSE4382,BC121B-BE
GSM71828,2,GSE4335;GSE4382,BC702B-BE
GSM73720,2,GSE4335;GSE4382,BC-A
GSM80213,4,GSE10893;GSE18229;GSE26338;GSE6130,030222-Spinal-Met
GSM80214,5,GSE10893;GSE18229;GSE20624;GSE26338;GSE6130,030311-BC-Brain-Met
GSM80215,4,GSE10893;GSE18229;GSE20624;GSE26338,982085-BC-Brain-Met
GSM80216,5,GSE10893;GSE18229;GSE20624;GSE26338;GSE6130,9830-010118B
GSM80217,5,GSE10893;GSE18229;GSE20624;GSE26338;GSE6130,9830-010130B
GSM80218,5,GSE10893;GSE18229;GSE20624;GSE26338;GSE6130,9830-010214B
GSM80219,4,GSE10893;GSE18229;GSE20624;GSE26338,9830-010255B
GSM80220,4,GSE10893;GSE18229;GSE20624;GSE26338,9830-010384B
GSM80221,5,GSE10886;GSE10893;GSE18229;GSE20624;GSE26338,9830-020018B
GSM80222,5,GSE10893;GSE18229;GSE20624;GSE26338;GSE6130,9830-020039B
GSM80223,2,GSE10893;GSE18229,A6-Liver-Met
GSM80225,5,GSE10893;GSE18229;GSE20624;GSE26338;GSE6130,BC00030-MET-post chemo
GSM80226,4,GSE10893;GSE18229;GSE20624;GSE26338,BC00037
GSM80227,4,GSE10893;GSE18229;GSE20624;GSE26338,BC00043
GSM80228,4,GSE10893;GSE18229;GSE20624;GSE26338,BC00048
GSM80229,5,GSE10893;GSE18229;GSE20624;GSE26338;GSE6130,BC00055
GSM80230,5,GSE10893;GSE18229;GSE20624;GSE26338;GSE6130,BC00063
GSM80231,3,GSE10893;GSE18229;GSE26338,BC00063_Repeat1
GSM80232,5,GSE10893;GSE18229;GSE20624;GSE26338;GSE6130,BC00074
GSM80233,4,GSE10893;GSE18229;GSE20624;GSE26338,BC00075
GSM80234,4,GSE10893;GSE18229;GSE20624;GSE26338,BC00083
GSM80235,5,GSE10893;GSE18229;GSE20624;GSE26338;GSE6130,BC00086
GSM80236,4,GSE10893;GSE18229;GSE26338;GSE6130,BC00094T
GSM80237,4,GSE10893;GSE18229;GSE26338;GSE6130,BC00097
GSM80238,3,GSE10893;GSE18229;GSE26338,BR94-1096
GSM80239,3,GSE10893;GSE18229;GSE26338,BR94-187
GSM80240,2,GSE10886;GSE26338,Normal-Breast-10
GSM80241,3,GSE10893;GSE18229;GSE26338,PB155-LN-Met
GSM80243,4,GSE10893;GSE18229;GSE20624;GSE26338,PB196-C
GSM80244,3,GSE10893;GSE18229;GSE26338,PB196-C-LN-Met
GSM80245,3,GSE10893;GSE18229;GSE26338,PB232
GSM80246,5,GSE10886;GSE10893;GSE18229;GSE26338;GSE6130,PB341-LN-Met
GSM81164,3,GSE10893;GSE18229;GSE26338,PB267_Repeat1
GSM81165,5,GSE10893;GSE18229;GSE20624;GSE26338;GSE6130,PB326-LN-Met
GSM81166,5,GSE10893;GSE18229;GSE20624;GSE26338;GSE6130,BC00016-T
GSM81167,5,GSE10893;GSE18229;GSE20624;GSE26338;GSE6130,BC00017-T
GSM81168,3,GSE10893;GSE18229;GSE26338,BC00011
GSM81169,4,GSE10893;GSE18229;GSE20624;GSE26338,BC00067
GSM81170,3,GSE10893;GSE18229;GSE26338,BC00035
GSM81171,5,GSE10893;GSE18229;GSE20624;GSE26338;GSE6130,BC00033-T
GSM81172,3,GSE10893;GSE18229;GSE26338,BC00072
GSM81173,5,GSE10893;GSE18229;GSE20624;GSE26338;GSE6130,BC00087-T
GSM81174,4,GSE10893;GSE18229;GSE26338;GSE6130,BC00093-T
GSM81175,5,GSE10893;GSE18229;GSE20624;GSE26338;GSE6130,9830-030446B
GSM81176,4,GSE10893;GSE18229;GSE20624;GSE26338,9830-030597B
GSM81177,4,GSE10893;GSE18229;GSE20624;GSE26338,BC00054
GSM81178,3,GSE10893;GSE18229;GSE26338,9830-000030B
GSM81179,4,GSE10893;GSE18229;GSE26338;GSE6130,BR-02-7054
GSM81180,4,GSE10893;GSE18229;GSE26338;GSE6130,BR-03-7243
GSM81181,4,GSE10893;GSE18229;GSE26338;GSE6130,BR-02-7055
GSM81182,4,GSE10893;GSE18229;GSE26338;GSE6130,BR-03-7032
GSM81183,4,GSE10893;GSE18229;GSE26338;GSE6130,BR-03-7268
GSM81184,4,GSE10893;GSE18229;GSE26338;GSE6130,BR-02-7035
GSM81185,5,GSE10893;GSE18229;GSE20624;GSE26338;GSE6130,BR-99-0622
GSM81186,4,GSE10893;GSE18229;GSE26338;GSE6130,BR-02-7043
GSM81187,4,GSE10893;GSE18229;GSE26338;GSE6130,BR-02-7048
GSM81188,4,GSE10893;GSE18229;GSE26338;GSE6130,BR-02-7050
GSM8786029,2,GSE289189;GSE289193,SUM149_Vehicle_1
GSM8786030,2,GSE289189;GSE289193,SUM149_Vehicle_2
GSM8786031,2,GSE289189;GSE289193,SUM149_Tunicamycin_1
GSM8786032,2,GSE289189;GSE289193,SUM149_Tunicamycin_2
GSM8786033,2,GSE289189;GSE289193,SUM149_A196_1
GSM8786034,2,GSE289189;GSE289193,SUM149_A196_2
GSM8786035,2,GSE289189;GSE289193,SUM149_A196_Tunicamycin_1
GSM8786036,2,GSE289189;GSE289193,SUM149_A196_Tunicamycin_2
GSM8786037,2,GSE289189;GSE289193,SUM149_Xenograft_Vehicle_Tumor1
GSM8786038,2,GSE289189;GSE289193,SUM149_Xenograft_Vehicle_Tumor2
GSM8786039,2,GSE289189;GSE289193,SUM149_Xenograft_Vehicle_Tumor3
GSM8786040,2,GSE289189;GSE289193,SUM149_Xenograft_Vehicle_Tumor4
GSM8786041,2,GSE289189;GSE289193,SUM149_Xenograft_A196_Tumor1
GSM8786042,2,GSE289189;GSE289193,SUM149_Xenograft_A196_Tumor2
GSM8786043,2,GSE289189;GSE289193,SUM149_Xenograft_A196_Tumor3
GSM8786044,2,GSE289189;GSE289193,SUM149_Xenograft_A196_Tumor4
GSM8786045,2,GSE289189;GSE289193,SUM149_Xenograft_17AAG_Tumor1
GSM8786046,2,GSE289189;GSE289193,SUM149_Xenograft_17AAG_Tumor2
GSM8786047,2,GSE289189;GSE289193,SUM149_Xenograft_17AAG_Tumor3
GSM8786048,2,GSE289189;GSE289193,SUM149_Xenograft_Combination_Tumor1
GSM8786049,2,GSE289189;GSE289193,SUM149_Xenograft_Combination_Tumor2
GSM8786050,2,GSE289189;GSE289193,SUM149_Xenograft_Combination_Tumor3
GSM926963,2,GSE37751;GSE39004,Normal 15
GSM926964,2,GSE37751;GSE39004,Normal 22
GSM926965,2,GSE37751;GSE39004,Normal 33
GSM926966,2,GSE37751;GSE39004,Normal 01
GSM926967,2,GSE37751;GSE39004,Normal 02
GSM926968,2,GSE37751;GSE39004,Normal 35
GSM926969,2,GSE37751;GSE39004,Normal 03
GSM926970,2,GSE37751;GSE39004,Normal 04
GSM926971,2,GSE37751;GSE39004,Normal 36
GSM926972,2,GSE37751;GSE39004,Normal 05
GSM926973,2,GSE37751;GSE39004,Normal 06
GSM926974,2,GSE37751;GSE39004,Normal 38
GSM926975,2,GSE37751;GSE39004,Normal 37
GSM926976,2,GSE37751;GSE39004,Normal 07
GSM926977,2,GSE37751;GSE39004,Normal 43
GSM926978,2,GSE37751;GSE39004,Normal 08
GSM926979,2,GSE37751;GSE39004,Normal 44
GSM926980,2,GSE37751;GSE39004,Normal 45
GSM926981,2,GSE37751;GSE39004,Normal 10
GSM926982,2,GSE37751;GSE39004,Normal 46
GSM926983,2,GSE37751;GSE39004,Normal 12
GSM926984,2,GSE37751;GSE39004,Normal 48
GSM926985,2,GSE37751;GSE39004,Normal 50
GSM926986,2,GSE37751;GSE39004,Normal 52
GSM926987,2,GSE37751;GSE39004,Normal 16
GSM926988,2,GSE37751;GSE39004,Normal 19
GSM926989,2,GSE37751;GSE39004,Normal 18
GSM926990,2,GSE37751;GSE39004,Normal 51
GSM926991,2,GSE37751;GSE39004,Normal 17
GSM926992,2,GSE37751;GSE39004,Normal 49
GSM926993,2,GSE37751;GSE39004,Normal 11
GSM926994,2,GSE37751;GSE39004,Normal 39
GSM926995,2,GSE37751;GSE39004,Normal 54
GSM926996,2,GSE37751;GSE39004,Normal 20
GSM926997,2,GSE37751;GSE39004,Normal 58
GSM926998,2,GSE37751;GSE39004,Normal 23
GSM926999,2,GSE37751;GSE39004,Normal 61
GSM927000,2,GSE37751;GSE39004,Normal 63
GSM927001,2,GSE37751;GSE39004,Normal 64
GSM927002,2,GSE37751;GSE39004,Normal 24
GSM927003,2,GSE37751;GSE39004,Normal 26
GSM927004,2,GSE37751;GSE39004,Normal 65
GSM927005,2,GSE37751;GSE39004,Normal 66
GSM927006,2,GSE37751;GSE39004,Normal 27
GSM927007,2,GSE37751;GSE39004,Normal 67
GSM927008,2,GSE37751;GSE39004,Normal 28
GSM927009,2,GSE37751;GSE39004,Normal 62
GSM927010,2,GSE37751;GSE39004,Tumor 33
GSM927011,2,GSE37751;GSE39004,Tumor 01
GSM927012,2,GSE37751;GSE39004,Tumor 34
GSM927013,2,GSE37751;GSE39004,Tumor 35
GSM927014,2,GSE37751;GSE39004,Tumor 02
GSM927015,2,GSE37751;GSE39004,Tumor 03
GSM927016,2,GSE37751;GSE39004,Tumor 04
GSM927017,2,GSE37751;GSE39004,Tumor 36
GSM927018,2,GSE37751;GSE39004,Tumor 05
GSM927019,2,GSE37751;GSE39004,Tumor 06
GSM927020,2,GSE37751;GSE39004,Tumor 38
GSM927021,2,GSE37751;GSE39004,Tumor 41
GSM927022,2,GSE37751;GSE39004,Tumor 39
GSM927023,2,GSE37751;GSE39004,Tumor 07
GSM927024,2,GSE37751;GSE39004,Tumor 42
GSM927025,2,GSE37751;GSE39004,Tumor 43
GSM927026,2,GSE37751;GSE39004,Tumor 08
GSM927027,2,GSE37751;GSE39004,Tumor 44
GSM927028,2,GSE37751;GSE39004,Tumor 45
GSM927029,2,GSE37751;GSE39004,Tumor 10
GSM927030,2,GSE37751;GSE39004,Tumor 46
GSM927031,2,GSE37751;GSE39004,Tumor 09
GSM927032,2,GSE37751;GSE39004,Tumor 47
GSM927033,2,GSE37751;GSE39004,Tumor 12
GSM927034,2,GSE37751;GSE39004,Tumor 48
GSM927035,2,GSE37751;GSE39004,Tumor 50
GSM927036,2,GSE37751;GSE39004,Tumor 14
GSM927037,2,GSE37751;GSE39004,Tumor 52
GSM927038,2,GSE37751;GSE39004,Tumor 16
GSM927039,2,GSE37751;GSE39004,Tumor 15
GSM927040,2,GSE37751;GSE39004,Tumor 19
GSM927041,2,GSE37751;GSE39004,Tumor 18
GSM927042,2,GSE37751;GSE39004,Tumor 51
GSM927043,2,GSE37751;GSE39004,Tumor 17
GSM927044,2,GSE37751;GSE39004,Tumor 55
GSM927045,2,GSE37751;GSE39004,Tumor 49
GSM927046,2,GSE37751;GSE39004,Tumor 11
GSM927047,2,GSE37751;GSE39004,Tumor 54
GSM927048,2,GSE37751;GSE39004,Tumor 56
GSM927049,2,GSE37751;GSE39004,Tumor 21
GSM927050,2,GSE37751;GSE39004,Tumor 22
GSM927051,2,GSE37751;GSE39004,Tumor 57
GSM927052,2,GSE37751;GSE39004,Tumor 58
GSM927053,2,GSE37751;GSE39004,Tumor 23
GSM927054,2,GSE37751;GSE39004,Tumor 60
GSM927055,2,GSE37751;GSE39004,Tumor 61
GSM927056,2,GSE37751;GSE39004,Tumor 62
GSM927057,2,GSE37751;GSE39004,Tumor 63
GSM927058,2,GSE37751;GSE39004,Tumor 64
GSM927059,2,GSE37751;GSE39004,Tumor 24
GSM927060,2,GSE37751;GSE39004,Tumor 25
GSM927061,2,GSE37751;GSE39004,Tumor 26
GSM927062,2,GSE37751;GSE39004,Tumor 65
GSM927063,2,GSE37751;GSE39004,Tumor 66
GSM927064,2,GSE37751;GSE39004,Tumor 27
GSM927065,2,GSE37751;GSE39004,Tumor 67
GSM927066,2,GSE37751;GSE39004,Tumor 28
GSM927067,2,GSE37751;GSE39004,Tumor 29
GSM927068,2,GSE37751;GSE39004,Tumor 30
GSM927069,2,GSE37751;GSE39004,Tumor 31
GSM927070,2,GSE37751;GSE39004,Tumor 32
GSM927093,2,GSE37754;GSE39004,Tumor 33
GSM927094,2,GSE37754;GSE39004,Normal 01
GSM927095,2,GSE37754;GSE39004,Tumor 01
GSM927096,2,GSE37754;GSE39004,Tumor 34
GSM927097,2,GSE37754;GSE39004,Tumor 35
GSM927098,2,GSE37754;GSE39004,Tumor 02
GSM927099,2,GSE37754;GSE39004,Tumor 03
GSM927100,2,GSE37754;GSE39004,Tumor 04
GSM927101,2,GSE37754;GSE39004,Tumor 36
GSM927102,2,GSE37754;GSE39004,Normal 05
GSM927103,2,GSE37754;GSE39004,Tumor 05
GSM927104,2,GSE37754;GSE39004,Tumor 06
GSM927105,2,GSE37754;GSE39004,Tumor 38
GSM927106,2,GSE37754;GSE39004,Tumor 41
GSM927107,2,GSE37754;GSE39004,Tumor 39
GSM927108,2,GSE37754;GSE39004,Tumor 07
GSM927109,2,GSE37754;GSE39004,Tumor 68
GSM927110,2,GSE37754;GSE39004,Tumor 42
GSM927111,2,GSE37754;GSE39004,Tumor 43
GSM927112,2,GSE37754;GSE39004,Tumor 08
GSM927113,2,GSE37754;GSE39004,Tumor 44
GSM927114,2,GSE37754;GSE39004,Tumor 45
GSM927115,2,GSE37754;GSE39004,Tumor 10
GSM927116,2,GSE37754;GSE39004,Tumor 46
GSM927117,2,GSE37754;GSE39004,Tumor 09
GSM927118,2,GSE37754;GSE39004,Tumor 47
GSM927119,2,GSE37754;GSE39004,Tumor 12
GSM927120,2,GSE37754;GSE39004,Tumor 48
GSM927121,2,GSE37754;GSE39004,Tumor 50
GSM927122,2,GSE37754;GSE39004,Tumor 14
GSM927123,2,GSE37754;GSE39004,Tumor 52
GSM927124,2,GSE37754;GSE39004,Tumor 16
GSM927125,2,GSE37754;GSE39004,Normal 15
GSM927126,2,GSE37754;GSE39004,Tumor 19
GSM927127,2,GSE37754;GSE39004,Normal 18
GSM927128,2,GSE37754;GSE39004,Tumor 18
GSM927129,2,GSE37754;GSE39004,Tumor 51
GSM927130,2,GSE37754;GSE39004,Tumor 69
GSM927131,2,GSE37754;GSE39004,Tumor 17
GSM927132,2,GSE37754;GSE39004,Tumor 55
GSM927133,2,GSE37754;GSE39004,Tumor 49
GSM927134,2,GSE37754;GSE39004,Normal 11
GSM927135,2,GSE37754;GSE39004,Tumor 11
GSM927136,2,GSE37754;GSE39004,Tumor 54
GSM927137,2,GSE37754;GSE39004,Normal 20
GSM927138,2,GSE37754;GSE39004,Tumor 20
GSM927139,2,GSE37754;GSE39004,Normal 21
GSM927140,2,GSE37754;GSE39004,Tumor 21
GSM927141,2,GSE37754;GSE39004,Normal 22
GSM927142,2,GSE37754;GSE39004,Normal 57
GSM927143,2,GSE37754;GSE39004,Tumor 72
GSM927144,2,GSE37754;GSE39004,Tumor 58
GSM927145,2,GSE37754;GSE39004,Tumor 23
GSM927146,2,GSE37754;GSE39004,Tumor 73
GSM927147,2,GSE37754;GSE39004,Tumor 60
GSM927148,2,GSE37754;GSE39004,Tumor 61
GSM927149,2,GSE37754;GSE39004,Tumor 62
GSM927150,2,GSE37754;GSE39004,Tumor 63
GSM927151,2,GSE37754;GSE39004,Tumor 64
GSM927152,2,GSE37754;GSE39004,Normal 24
GSM927153,2,GSE37754;GSE39004,Tumor 24
GSM927154,2,GSE37754;GSE39004,Tumor 25
GSM927155,2,GSE37754;GSE39004,Tumor 26
GSM927156,2,GSE37754;GSE39004,Tumor 65
GSM927157,2,GSE37754;GSE39004,Tumor 66
GSM927158,2,GSE37754;GSE39004,Tumor 27
GSM927159,2,GSE37754;GSE39004,Tumor 67
GSM927160,2,GSE37754;GSE39004,Tumor 28
GSM927161,2,GSE37754;GSE39004,Tumor 29
GSM927162,2,GSE37754;GSE39004,Tumor 30
GSM927163,2,GSE37754;GSE39004,Tumor 31
GSM927164,2,GSE37754;GSE39004,Tumor 32
GSM97233,2,GSE4335;GSE4382,BC406A-2ndTUMOR
GSM97235,2,GSE4335;GSE4382,BC605B-BE
GSM97236,2,GSE4335;GSE4382,BC606B-AF
GSM97237,2,GSE4335;GSE4382,BC704B-AF
GSM97238,2,GSE4335;GSE4382,BC108A-BE
GSM97239,2,GSE4335;GSE4382,BC120A-BE
GSM97240,2,GSE4335;GSE4382,BC201B-BE
GSM97241,2,GSE4335;GSE4382,BC-HBC5
GSM97242,2,GSE4335;GSE4382,BC-HBC2
GSM97243,2,GSE4335;GSE4382,BC40
GSM97244,2,GSE4335;GSE4382,BC503B-BE
GSM97245,2,GSE4335;GSE4382,BC-HBC3
GSM97247,2,GSE4335;GSE4382,BC210B-AF
GSM97248,2,GSE4335;GSE4382,BC610A-BE
GSM97249,2,GSE4335;GSE4382,BC46-LN46
GSM97251,2,GSE4335;GSE4382,BC404B-BE
GSM97252,2,GSE4335;GSE4382,BC48-0
GSM97253,2,GSE4335;GSE4382,BC104A-BE
GSM97254,2,GSE4335;GSE4382,BC-HBC4-T1
GSM97255,2,GSE4335;GSE4382,BC303B-BE
GSM97259,2,GSE4335;GSE4382,BC31-0
GSM97262,2,GSE4335;GSE4382,BC307B-BE
GSM97263,2,GSE4335;GSE4382,BC-HBC6
GSM97267,2,GSE4335;GSE4382,BC119A-BE
GSM97268,2,GSE4335;GSE4382,BC713A-BE
GSM97271,2,GSE4335;GSE4382,BC106B-BE
GSM97272,2,GSE4335;GSE4382,BC405A-BE
GSM97275,2,GSE4335;GSE4382,BC125A-BE
GSM98900,2,GSE4335;GSE4382,BC/FUMI24-BE
GSM98901,2,GSE4335;GSE4382,BC/FUMI20-BE
GSM98902,2,GSE4335;GSE4382,BC/FUMI19-BE
GSM98903,2,GSE4335;GSE4382,BC/FUMI26-BE
GSM98904,2,GSE4335;GSE4382,BC/FUMI37-BE
GSM98905,2,GSE4335;GSE4382,BC/FUMI12-BE
GSM98906,2,GSE4335;GSE4382,BC/FUMI16-BE
GSM98907,2,GSE4335;GSE4382,BC/FUMI22-BE
GSM98908,2,GSE4335;GSE4382,BC703B-BE
GSM98909,2,GSE4335;GSE4382,BC/FUMI08-BE
GSM98910,2,GSE4335;GSE4382,BC/FUMI30-AF
GSM98911,2,GSE4335;GSE4382,BC/FUMI25-BE
GSM98912,2,GSE4335;GSE4382,BC/FUMI11-BE
GSM98913,2,GSE4335;GSE4382,BC/FUMI07-BE
GSM98914,2,GSE4335;GSE4382,BC102B-BE
GSM98915,2,GSE4335;GSE4382,BC205A-BE
GSM98916,2,GSE4335;GSE4382,BC105A-BE
GSM98917,2,GSE4335;GSE4382,BC/FUMI41-BE
GSM98918,2,GSE4335;GSE4382,BC/FUMI45-BE
GSM98919,2,GSE4335;GSE4382,BC/FUMI17-AF
GSM98920,2,GSE4335;GSE4382,BC/FUMI29-BE
GSM98921,2,GSE4335;GSE4382,BC/FUMI05-BE
GSM98922,2,GSE4335;GSE4382,BC/FUMI40-BE
GSM98923,2,GSE4335;GSE4382,BC/FUMI02-BE
GSM98924,2,GSE4335;GSE4382,BC/FUMI18-BE
GSM98925,2,GSE4335;GSE4382,BC/FUMI01-BE
GSM98926,2,GSE4335;GSE4382,BC/FUMI09-BE
GSM98927,2,GSE4335;GSE4382,BC/FUMI43-BE
GSM98928,2,GSE4335;GSE4382,BC/FUMI35-BE
GSM98929,2,GSE4335;GSE4382,BC/FUMI27-BE
GSM98930,2,GSE4335;GSE4382,BC/FUMI23-BE
GSM98931,2,GSE4335;GSE4382,BC/FUMI15-BE
GSM98932,2,GSE4335;GSE4382,BC/FUMI44-BE
GSM98933,2,GSE4335;GSE4382,BC/FUMI10-BE
GSM98935,2,GSE4335;GSE4382,BC/FUMI06-BE
GSM98936,2,GSE4335;GSE4382,BC/FUMI39-BE
GSM98937,2,GSE4335;GSE4382,BC/FUMI14-BE
GSM98938,2,GSE4335;GSE4382,BC/FUMI04-BE
GSM98939,2,GSE4335;GSE4382,BC601A-BE
