series_accession,sample_accession,sample_title,source_name_ch1,organism_ch1,platform_id,description,sample_relations,status,submission_date,last_update_date
GSE20194,GSM505327,BR_FNA_M157,"Sample ID -- 157, fine-needle aspiration, breast cancer cells",Homo sapiens,GPL96,MAQC_Distribution_Status: MAQC_T -- Training,Reanalyzed by: GSE205568,Public on Feb 04 2010,Feb 02 2010,Jun 06 2022
GSE20194,GSM505328,BR_FNA_M196,"Sample ID -- 196, fine-needle aspiration, breast cancer cells",Homo sapiens,GPL96,MAQC_Distribution_Status: MAQC_T -- Training,Reanalyzed by: GSE205568,Public on Feb 04 2010,Feb 02 2010,Jun 06 2022
GSE20194,GSM505329,BR_FNA_M176,"Sample ID -- 176, fine-needle aspiration, breast cancer cells",Homo sapiens,GPL96,MAQC_Distribution_Status: MAQC_T -- Training,Reanalyzed by: GSE205568,Public on Feb 04 2010,Feb 02 2010,Jun 06 2022
GSE20194,GSM505330,BR_FNA_M214,"Sample ID -- 214, fine-needle aspiration, breast cancer cells",Homo sapiens,GPL96,MAQC_Distribution_Status: MAQC_T -- Training,Reanalyzed by: GSE205568,Public on Feb 04 2010,Feb 02 2010,Jun 06 2022
GSE20194,GSM505331,BR_FNA_M113,"Sample ID -- 113, fine-needle aspiration, breast cancer cells",Homo sapiens,GPL96,MAQC_Distribution_Status: MAQC_T -- Training,Reanalyzed by: GSE31519,Public on Feb 04 2010,Feb 02 2010,Jun 06 2022
GSE20194,GSM505333,BR_FNA_M154,"Sample ID -- 154, fine-needle aspiration, breast cancer cells",Homo sapiens,GPL96,MAQC_Distribution_Status: MAQC_T -- Training,Reanalyzed by: GSE31519,Public on Feb 04 2010,Feb 02 2010,Jun 06 2022
GSE20194,GSM505334,BR_FNA_M165,"Sample ID -- 165, fine-needle aspiration, breast cancer cells",Homo sapiens,GPL96,MAQC_Distribution_Status: MAQC_T -- Training,Reanalyzed by: GSE205568,Public on Feb 04 2010,Feb 02 2010,Jun 06 2022
GSE20194,GSM505335,BR_FNA_M212,"Sample ID -- 212, fine-needle aspiration, breast cancer cells",Homo sapiens,GPL96,MAQC_Distribution_Status: MAQC_T -- Training,Reanalyzed by: GSE205568,Public on Feb 04 2010,Feb 02 2010,Jun 06 2022
GSE20194,GSM505336,BR_FNA_M153,"Sample ID -- 153, fine-needle aspiration, breast cancer cells",Homo sapiens,GPL96,MAQC_Distribution_Status: MAQC_T -- Training,Reanalyzed by: GSE31519,Public on Feb 04 2010,Feb 02 2010,Jun 06 2022
GSE20194,GSM505337,BR_FNA_M220,"Sample ID -- 220, fine-needle aspiration, breast cancer cells",Homo sapiens,GPL96,MAQC_Distribution_Status: MAQC_T -- Training,Reanalyzed by: GSE205568,Public on Feb 04 2010,Feb 02 2010,Jun 06 2022
GSE20194,GSM505338,BR_FNA_M228,"Sample ID -- 228, fine-needle aspiration, breast cancer cells",Homo sapiens,GPL96,MAQC_Distribution_Status: MAQC_T -- Training,Reanalyzed by: GSE205568,Public on Feb 04 2010,Feb 02 2010,Jun 06 2022
GSE20194,GSM505339,BR_FNA_M177,"Sample ID -- 177, fine-needle aspiration, breast cancer cells",Homo sapiens,GPL96,MAQC_Distribution_Status: MAQC_T -- Training,Reanalyzed by: GSE205568,Public on Feb 04 2010,Feb 02 2010,Jun 06 2022
GSE20194,GSM505340,BR_FNA_M186,"Sample ID -- 186, fine-needle aspiration, breast cancer cells",Homo sapiens,GPL96,MAQC_Distribution_Status: MAQC_T -- Training,Reanalyzed by: GSE205568,Public on Feb 04 2010,Feb 02 2010,Jun 06 2022
GSE20194,GSM505341,BR_FNA_M161,"Sample ID -- 161, fine-needle aspiration, breast cancer cells",Homo sapiens,GPL96,MAQC_Distribution_Status: MAQC_T -- Training,Reanalyzed by: GSE205568,Public on Feb 04 2010,Feb 02 2010,Jun 06 2022
GSE20194,GSM505342,BR_FNA_M159,"Sample ID -- 159, fine-needle aspiration, breast cancer cells",Homo sapiens,GPL96,MAQC_Distribution_Status: MAQC_T -- Training,Reanalyzed by: GSE47561,Public on Feb 04 2010,Feb 02 2010,Jun 06 2022
GSE20194,GSM505343,BR_FNA_M130,"Sample ID -- 130, fine-needle aspiration, breast cancer cells",Homo sapiens,GPL96,MAQC_Distribution_Status: MAQC_T -- Training,Reanalyzed by: GSE31519,Public on Feb 04 2010,Feb 02 2010,Jun 06 2022
GSE20194,GSM505344,BR_FNA_M180,"Sample ID -- 180, fine-needle aspiration, breast cancer cells",Homo sapiens,GPL96,MAQC_Distribution_Status: MAQC_T -- Training,Reanalyzed by: GSE205568,Public on Feb 04 2010,Feb 02 2010,Jun 06 2022
GSE20194,GSM505345,BR_FNA_M121,"Sample ID -- 121, fine-needle aspiration, breast cancer cells",Homo sapiens,GPL96,MAQC_Distribution_Status: MAQC_T -- Training,Reanalyzed by: GSE31519,Public on Feb 04 2010,Feb 02 2010,Jun 06 2022
GSE20194,GSM505346,BR_FNA_M155,"Sample ID -- 155, fine-needle aspiration, breast cancer cells",Homo sapiens,GPL96,MAQC_Distribution_Status: MAQC_T -- Training,Reanalyzed by: GSE205568,Public on Feb 04 2010,Feb 02 2010,Jun 06 2022
GSE20194,GSM505347,BR_FNA_M128,"Sample ID -- 128, fine-needle aspiration, breast cancer cells",Homo sapiens,GPL96,MAQC_Distribution_Status: MAQC_T -- Training,Reanalyzed by: GSE205568,Public on Feb 04 2010,Feb 02 2010,Jun 06 2022
GSE20194,GSM505348,BR_FNA_M227,"Sample ID -- 227, fine-needle aspiration, breast cancer cells",Homo sapiens,GPL96,MAQC_Distribution_Status: MAQC_T -- Training,Reanalyzed by: GSE205568,Public on Feb 04 2010,Feb 02 2010,Jun 06 2022
GSE20194,GSM505349,BR_FNA_M116,"Sample ID -- 116, fine-needle aspiration, breast cancer cells",Homo sapiens,GPL96,MAQC_Distribution_Status: MAQC_T -- Training,Reanalyzed by: GSE205568,Public on Feb 04 2010,Feb 02 2010,Jun 06 2022
GSE20194,GSM505350,BR_FNA_M156,"Sample ID -- 156, fine-needle aspiration, breast cancer cells",Homo sapiens,GPL96,MAQC_Distribution_Status: MAQC_T -- Training,Reanalyzed by: GSE31519,Public on Feb 04 2010,Feb 02 2010,Jun 06 2022
GSE20194,GSM505351,BR_FNA_M111,"Sample ID -- 111, fine-needle aspiration, breast cancer cells",Homo sapiens,GPL96,MAQC_Distribution_Status: MAQC_T -- Training,Reanalyzed by: GSE31519,Public on Feb 04 2010,Feb 02 2010,Jun 06 2022
GSE20194,GSM505352,BR_FNA_M201,"Sample ID -- 201, fine-needle aspiration, breast cancer cells",Homo sapiens,GPL96,MAQC_Distribution_Status: MAQC_T -- Training,Reanalyzed by: GSE205568,Public on Feb 04 2010,Feb 02 2010,Jun 06 2022
GSE20194,GSM505353,BR_FNA_M188,"Sample ID -- 188, fine-needle aspiration, breast cancer cells",Homo sapiens,GPL96,MAQC_Distribution_Status: MAQC_T -- Training,Reanalyzed by: GSE205568,Public on Feb 04 2010,Feb 02 2010,Jun 06 2022
GSE20194,GSM505354,BR_FNA_M158,"Sample ID -- 158, fine-needle aspiration, breast cancer cells",Homo sapiens,GPL96,MAQC_Distribution_Status: MAQC_T -- Training,Reanalyzed by: GSE205568,Public on Feb 04 2010,Feb 02 2010,Jun 06 2022
GSE20194,GSM505355,BR_FNA_M226,"Sample ID -- 226, fine-needle aspiration, breast cancer cells",Homo sapiens,GPL96,MAQC_Distribution_Status: MAQC_T -- Training,Reanalyzed by: GSE205568,Public on Feb 04 2010,Feb 02 2010,Jun 06 2022
GSE20194,GSM505356,BR_FNA_M199,"Sample ID -- 199, fine-needle aspiration, breast cancer cells",Homo sapiens,GPL96,MAQC_Distribution_Status: MAQC_T -- Training,Reanalyzed by: GSE205568,Public on Feb 04 2010,Feb 02 2010,Jun 06 2022
GSE20194,GSM505357,BR_FNA_M215,"Sample ID -- 215, fine-needle aspiration, breast cancer cells",Homo sapiens,GPL96,MAQC_Distribution_Status: MAQC_T -- Training,Reanalyzed by: GSE31519,Public on Feb 04 2010,Feb 02 2010,Jun 06 2022
GSE20194,GSM505358,BR_FNA_M136,"Sample ID -- 136, fine-needle aspiration, breast cancer cells",Homo sapiens,GPL96,MAQC_Distribution_Status: MAQC_T -- Training,Reanalyzed by: GSE31519,Public on Feb 04 2010,Feb 02 2010,Jun 06 2022
GSE20194,GSM505359,BR_FNA_M206,"Sample ID -- 206, fine-needle aspiration, breast cancer cells",Homo sapiens,GPL96,MAQC_Distribution_Status: MAQC_T -- Training,Reanalyzed by: GSE31519,Public on Feb 04 2010,Feb 02 2010,Jun 06 2022
GSE20194,GSM505360,BR_FNA_M211,"Sample ID -- 211, fine-needle aspiration, breast cancer cells",Homo sapiens,GPL96,MAQC_Distribution_Status: MAQC_T -- Training,Reanalyzed by: GSE31519,Public on Feb 04 2010,Feb 02 2010,Jun 06 2022
GSE20194,GSM505361,BR_FNA_M217,"Sample ID -- 217, fine-needle aspiration, breast cancer cells",Homo sapiens,GPL96,MAQC_Distribution_Status: MAQC_T -- Training,Reanalyzed by: GSE205568,Public on Feb 04 2010,Feb 02 2010,Jun 06 2022
GSE20194,GSM505362,BR_FNA_M135,"Sample ID -- 135, fine-needle aspiration, breast cancer cells",Homo sapiens,GPL96,MAQC_Distribution_Status: MAQC_T -- Training,Reanalyzed by: GSE205568,Public on Feb 04 2010,Feb 02 2010,Jun 06 2022
GSE20194,GSM505363,BR_FNA_M216,"Sample ID -- 216, fine-needle aspiration, breast cancer cells",Homo sapiens,GPL96,MAQC_Distribution_Status: MAQC_T -- Training,Reanalyzed by: GSE205568,Public on Feb 04 2010,Feb 02 2010,Jun 06 2022
GSE20194,GSM505364,BR_FNA_M139,"Sample ID -- 139, fine-needle aspiration, breast cancer cells",Homo sapiens,GPL96,MAQC_Distribution_Status: MAQC_T -- Training,Reanalyzed by: GSE205568,Public on Feb 04 2010,Feb 02 2010,Jun 06 2022
GSE20194,GSM505365,BR_FNA_M117,"Sample ID -- 117, fine-needle aspiration, breast cancer cells",Homo sapiens,GPL96,MAQC_Distribution_Status: MAQC_T -- Training,Reanalyzed by: GSE205568,Public on Feb 04 2010,Feb 02 2010,Jun 06 2022
GSE20194,GSM505366,BR_FNA_M106,"Sample ID -- 106, fine-needle aspiration, breast cancer cells",Homo sapiens,GPL96,MAQC_Distribution_Status: MAQC_T -- Training,Reanalyzed by: GSE205568,Public on Feb 04 2010,Feb 02 2010,Jun 06 2022
GSE20194,GSM505367,BR_FNA_M108,"Sample ID -- 108, fine-needle aspiration, breast cancer cells",Homo sapiens,GPL96,MAQC_Distribution_Status: MAQC_T -- Training,Reanalyzed by: GSE205568,Public on Feb 04 2010,Feb 02 2010,Jun 06 2022
GSE20194,GSM505368,BR_FNA_M123,"Sample ID -- 123, fine-needle aspiration, breast cancer cells",Homo sapiens,GPL96,MAQC_Distribution_Status: MAQC_T -- Training,Reanalyzed by: GSE205568,Public on Feb 04 2010,Feb 02 2010,Jun 06 2022
GSE20194,GSM505369,BR_FNA_M126,"Sample ID -- 126, fine-needle aspiration, breast cancer cells",Homo sapiens,GPL96,MAQC_Distribution_Status: MAQC_T -- Training,Reanalyzed by: GSE31519,Public on Feb 04 2010,Feb 02 2010,Jun 06 2022
GSE20194,GSM505370,BR_FNA_M205,"Sample ID -- 205, fine-needle aspiration, breast cancer cells",Homo sapiens,GPL96,MAQC_Distribution_Status: MAQC_T -- Training,Reanalyzed by: GSE31519,Public on Feb 04 2010,Feb 02 2010,Jun 06 2022
GSE20194,GSM505371,BR_FNA_M182,"Sample ID -- 182, fine-needle aspiration, breast cancer cells",Homo sapiens,GPL96,MAQC_Distribution_Status: MAQC_T -- Training,Reanalyzed by: GSE205568,Public on Feb 04 2010,Feb 02 2010,Jun 06 2022
GSE20194,GSM505372,BR_FNA_M133,"Sample ID -- 133, fine-needle aspiration, breast cancer cells",Homo sapiens,GPL96,MAQC_Distribution_Status: MAQC_T -- Training,Reanalyzed by: GSE31519,Public on Feb 04 2010,Feb 02 2010,Jun 06 2022
GSE20194,GSM505373,BR_FNA_M179,"Sample ID -- 179, fine-needle aspiration, breast cancer cells",Homo sapiens,GPL96,MAQC_Distribution_Status: MAQC_T -- Training,Reanalyzed by: GSE205568,Public on Feb 04 2010,Feb 02 2010,Jun 06 2022
GSE20194,GSM505374,BR_FNA_M189,"Sample ID -- 189, fine-needle aspiration, breast cancer cells",Homo sapiens,GPL96,MAQC_Distribution_Status: MAQC_T -- Training,Reanalyzed by: GSE205568,Public on Feb 04 2010,Feb 02 2010,Jun 06 2022
GSE20194,GSM505375,BR_FNA_M181,"Sample ID -- 181, fine-needle aspiration, breast cancer cells",Homo sapiens,GPL96,MAQC_Distribution_Status: MAQC_T -- Training,Reanalyzed by: GSE205568,Public on Feb 04 2010,Feb 02 2010,Jun 06 2022
GSE20194,GSM505376,BR_FNA_M230,"Sample ID -- 230, fine-needle aspiration, breast cancer cells",Homo sapiens,GPL96,MAQC_Distribution_Status: MAQC_T -- Training,Reanalyzed by: GSE205568,Public on Feb 04 2010,Feb 02 2010,Jun 06 2022
GSE20194,GSM505377,BR_FNA_M230R1,"Sample ID -- 230, fine-needle aspiration, breast cancer cells",Homo sapiens,GPL96,MAQC_Distribution_Status: MDA_R -- Not used,Reanalyzed by: GSE47561,Public on Feb 04 2010,Feb 02 2010,Jun 06 2022
GSE20194,GSM505378,BR_FNA_M236,"Sample ID -- 236, fine-needle aspiration, breast cancer cells",Homo sapiens,GPL96,MAQC_Distribution_Status: MAQC_T -- Training,Reanalyzed by: GSE205568,Public on Feb 04 2010,Feb 02 2010,Jun 06 2022
GSE20194,GSM505379,BR_FNA_M236R1,"Sample ID -- 236, fine-needle aspiration, breast cancer cells",Homo sapiens,GPL96,MAQC_Distribution_Status: MDA_R -- Not used,Reanalyzed by: GSE47561,Public on Feb 04 2010,Feb 02 2010,Jun 06 2022
GSE20194,GSM505380,BR_FNA_M258,"Sample ID -- 258, fine-needle aspiration, breast cancer cells",Homo sapiens,GPL96,MAQC_Distribution_Status: MAQC_T -- Training,Reanalyzed by: GSE205568,Public on Feb 04 2010,Feb 02 2010,Jun 06 2022
GSE20194,GSM505381,BR_FNA_M258R1,"Sample ID -- 258, fine-needle aspiration, breast cancer cells",Homo sapiens,GPL96,MAQC_Distribution_Status: MDA_R -- Not used,Reanalyzed by: GSE47561,Public on Feb 04 2010,Feb 02 2010,Jun 06 2022
GSE20194,GSM505382,BR_FNA_M246,"Sample ID -- 246, fine-needle aspiration, breast cancer cells",Homo sapiens,GPL96,MAQC_Distribution_Status: MAQC_T -- Training,Reanalyzed by: GSE205568,Public on Feb 04 2010,Feb 02 2010,Jun 06 2022
GSE20194,GSM505383,BR_FNA_M246R1,"Sample ID -- 246, fine-needle aspiration, breast cancer cells",Homo sapiens,GPL96,MAQC_Distribution_Status: MDA_R -- Not used,Reanalyzed by: GSE47561,Public on Feb 04 2010,Feb 02 2010,Jun 06 2022
GSE20194,GSM505384,BR_FNA_M237,"Sample ID -- 237, fine-needle aspiration, breast cancer cells",Homo sapiens,GPL96,MAQC_Distribution_Status: MAQC_T -- Training,Reanalyzed by: GSE205568,Public on Feb 04 2010,Feb 02 2010,Jun 06 2022
GSE20194,GSM505385,BR_FNA_M237R1,"Sample ID -- 237, fine-needle aspiration, breast cancer cells",Homo sapiens,GPL96,MAQC_Distribution_Status: MDA_R -- Not used,Reanalyzed by: GSE47561,Public on Feb 04 2010,Feb 02 2010,Jun 06 2022
GSE20194,GSM505386,BR_FNA_M239,"Sample ID -- 239, fine-needle aspiration, breast cancer cells",Homo sapiens,GPL96,MAQC_Distribution_Status: MAQC_T -- Training,Reanalyzed by: GSE205568,Public on Feb 04 2010,Feb 02 2010,Jun 06 2022
GSE20194,GSM505387,BR_FNA_M239R1,"Sample ID -- 239, fine-needle aspiration, breast cancer cells",Homo sapiens,GPL96,MAQC_Distribution_Status: MDA_R -- Not used,Reanalyzed by: GSE47561,Public on Feb 04 2010,Feb 02 2010,Jun 06 2022
GSE20194,GSM505388,BR_FNA_M264,"Sample ID -- 264, fine-needle aspiration, breast cancer cells",Homo sapiens,GPL96,MAQC_Distribution_Status: MAQC_T -- Training,Reanalyzed by: GSE205568,Public on Feb 04 2010,Feb 02 2010,Jun 06 2022
GSE20194,GSM505389,BR_FNA_M264R1,"Sample ID -- 264, fine-needle aspiration, breast cancer cells",Homo sapiens,GPL96,MAQC_Distribution_Status: MDA_R -- Not used,Reanalyzed by: GSE47561,Public on Feb 04 2010,Feb 02 2010,Jun 06 2022
GSE20194,GSM505390,BR_FNA_M238,"Sample ID -- 238, fine-needle aspiration, breast cancer cells",Homo sapiens,GPL96,MAQC_Distribution_Status: MAQC_T -- Training,Reanalyzed by: GSE205568,Public on Feb 04 2010,Feb 02 2010,Jun 06 2022
GSE20194,GSM505391,BR_FNA_M238R1,"Sample ID -- 238, fine-needle aspiration, breast cancer cells",Homo sapiens,GPL96,MAQC_Distribution_Status: MDA_R -- Not used,Reanalyzed by: GSE47561,Public on Feb 04 2010,Feb 02 2010,Jun 06 2022
GSE20194,GSM505392,BR_FNA_M280,"Sample ID -- 280, fine-needle aspiration, breast cancer cells",Homo sapiens,GPL96,MAQC_Distribution_Status: MAQC_T -- Training,Reanalyzed by: GSE205568,Public on Feb 04 2010,Feb 02 2010,Jun 06 2022
GSE20194,GSM505393,BR_FNA_M280R1,"Sample ID -- 280, fine-needle aspiration, breast cancer cells",Homo sapiens,GPL96,MAQC_Distribution_Status: MDA_R -- Not used,Reanalyzed by: GSE47561,Public on Feb 04 2010,Feb 02 2010,Jun 06 2022
GSE20194,GSM505394,BR_FNA_M245,"Sample ID -- 245, fine-needle aspiration, breast cancer cells",Homo sapiens,GPL96,MAQC_Distribution_Status: MAQC_T -- Training,Reanalyzed by: GSE205568,Public on Feb 04 2010,Feb 02 2010,Jun 06 2022
GSE20194,GSM505395,BR_FNA_M245R1,"Sample ID -- 245, fine-needle aspiration, breast cancer cells",Homo sapiens,GPL96,MAQC_Distribution_Status: MDA_R -- Not used,Reanalyzed by: GSE47561,Public on Feb 04 2010,Feb 02 2010,Jun 06 2022
GSE20194,GSM505396,BR_FNA_M247,"Sample ID -- 247, fine-needle aspiration, breast cancer cells",Homo sapiens,GPL96,MAQC_Distribution_Status: MAQC_Q -- Not used,Reanalyzed by: GSE205568,Public on Feb 04 2010,Feb 02 2010,Jun 06 2022
GSE20194,GSM505397,BR_FNA_M247R1,"Sample ID -- 247, fine-needle aspiration, breast cancer cells",Homo sapiens,GPL96,MAQC_Distribution_Status: MAQC_Q -- Not used,Reanalyzed by: GSE205568,Public on Feb 04 2010,Feb 02 2010,Jun 06 2022
GSE20194,GSM505398,BR_FNA_M266,"Sample ID -- 266, fine-needle aspiration, breast cancer cells",Homo sapiens,GPL96,MAQC_Distribution_Status: MAQC_T -- Training,Reanalyzed by: GSE205568,Public on Feb 04 2010,Feb 02 2010,Jun 06 2022
GSE20194,GSM505399,BR_FNA_M266R1,"Sample ID -- 266, fine-needle aspiration, breast cancer cells",Homo sapiens,GPL96,MAQC_Distribution_Status: MDA_R -- Not used,Reanalyzed by: GSE47561,Public on Feb 04 2010,Feb 02 2010,Jun 06 2022
GSE20194,GSM505400,BR_FNA_M235,"Sample ID -- 235, fine-needle aspiration, breast cancer cells",Homo sapiens,GPL96,MAQC_Distribution_Status: MAQC_T -- Training,Reanalyzed by: GSE205568,Public on Feb 04 2010,Feb 02 2010,Jun 06 2022
GSE20194,GSM505401,BR_FNA_M235R1,"Sample ID -- 235, fine-needle aspiration, breast cancer cells",Homo sapiens,GPL96,MAQC_Distribution_Status: MDA_R -- Not used,Reanalyzed by: GSE47561,Public on Feb 04 2010,Feb 02 2010,Jun 06 2022
GSE20194,GSM505402,BR_FNA_M231,"Sample ID -- 231, fine-needle aspiration, breast cancer cells",Homo sapiens,GPL96,MAQC_Distribution_Status: MAQC_T -- Training,Reanalyzed by: GSE205568,Public on Feb 04 2010,Feb 02 2010,Jun 06 2022
GSE20194,GSM505403,BR_FNA_M231R1,"Sample ID -- 231, fine-needle aspiration, breast cancer cells",Homo sapiens,GPL96,MAQC_Distribution_Status: MDA_R -- Not used,Reanalyzed by: GSE47561,Public on Feb 04 2010,Feb 02 2010,Jun 06 2022
GSE20194,GSM505404,BR_FNA_M257,"Sample ID -- 257, fine-needle aspiration, breast cancer cells",Homo sapiens,GPL96,MAQC_Distribution_Status: MAQC_T -- Training,Reanalyzed by: GSE205568,Public on Feb 04 2010,Feb 02 2010,Jun 06 2022
GSE20194,GSM505405,BR_FNA_M257R1,"Sample ID -- 257, fine-needle aspiration, breast cancer cells",Homo sapiens,GPL96,MAQC_Distribution_Status: MDA_R -- Not used,Reanalyzed by: GSE47561,Public on Feb 04 2010,Feb 02 2010,Jun 06 2022
GSE20194,GSM505406,BR_FNA_M256,"Sample ID -- 256, fine-needle aspiration, breast cancer cells",Homo sapiens,GPL96,MAQC_Distribution_Status: MAQC_T -- Training,Reanalyzed by: GSE205568,Public on Feb 04 2010,Feb 02 2010,Jun 06 2022
GSE20194,GSM505407,BR_FNA_M256R1,"Sample ID -- 256, fine-needle aspiration, breast cancer cells",Homo sapiens,GPL96,MAQC_Distribution_Status: MDA_R -- Not used,Reanalyzed by: GSE47561,Public on Feb 04 2010,Feb 02 2010,Jun 06 2022
GSE20194,GSM505408,BR_FNA_M270,"Sample ID -- 270, fine-needle aspiration, breast cancer cells",Homo sapiens,GPL96,MAQC_Distribution_Status: MAQC_T -- Training,Reanalyzed by: GSE205568,Public on Feb 04 2010,Feb 02 2010,Jun 06 2022
GSE20194,GSM505409,BR_FNA_M270R1,"Sample ID -- 270, fine-needle aspiration, breast cancer cells",Homo sapiens,GPL96,MAQC_Distribution_Status: MDA_R -- Not used,Reanalyzed by: GSE47561,Public on Feb 04 2010,Feb 02 2010,Jun 06 2022
GSE20194,GSM505410,BR_FNA_M259,"Sample ID -- 259, fine-needle aspiration, breast cancer cells",Homo sapiens,GPL96,MAQC_Distribution_Status: MAQC_T -- Training,Reanalyzed by: GSE205568,Public on Feb 04 2010,Feb 02 2010,Jun 06 2022
GSE20194,GSM505411,BR_FNA_M301,"Sample ID -- 301, fine-needle aspiration, breast cancer cells",Homo sapiens,GPL96,MAQC_Distribution_Status: MAQC_T -- Training,Reanalyzed by: GSE31519,Public on Feb 04 2010,Feb 02 2010,Jun 06 2022
GSE20194,GSM505412,BR_FNA_M234,"Sample ID -- 234, fine-needle aspiration, breast cancer cells",Homo sapiens,GPL96,MAQC_Distribution_Status: MAQC_T -- Training,Reanalyzed by: GSE205568,Public on Feb 04 2010,Feb 02 2010,Jun 06 2022
GSE20194,GSM505413,BR_FNA_M310,"Sample ID -- 310, fine-needle aspiration, breast cancer cells",Homo sapiens,GPL96,MAQC_Distribution_Status: MAQC_T -- Training,Reanalyzed by: GSE31519,Public on Feb 04 2010,Feb 02 2010,Jun 06 2022
GSE20194,GSM505414,BR_FNA_M251,"Sample ID -- 251, fine-needle aspiration, breast cancer cells",Homo sapiens,GPL96,MAQC_Distribution_Status: MAQC_T -- Training,Reanalyzed by: GSE205568,Public on Feb 04 2010,Feb 02 2010,Jun 06 2022
GSE20194,GSM505415,BR_FNA_M260,"Sample ID -- 260, fine-needle aspiration, breast cancer cells",Homo sapiens,GPL96,MAQC_Distribution_Status: MAQC_T -- Training,Reanalyzed by: GSE205568,Public on Feb 04 2010,Feb 02 2010,Jun 06 2022
GSE20194,GSM505416,BR_FNA_M255,"Sample ID -- 255, fine-needle aspiration, breast cancer cells",Homo sapiens,GPL96,MAQC_Distribution_Status: MAQC_T -- Training,Reanalyzed by: GSE205568,Public on Feb 04 2010,Feb 02 2010,Jun 06 2022
GSE20194,GSM505417,BR_FNA_M286,"Sample ID -- 286, fine-needle aspiration, breast cancer cells",Homo sapiens,GPL96,MAQC_Distribution_Status: MAQC_T -- Training,Reanalyzed by: GSE31519,Public on Feb 04 2010,Feb 02 2010,Jun 06 2022
GSE20194,GSM505418,BR_FNA_M287,"Sample ID -- 287, fine-needle aspiration, breast cancer cells",Homo sapiens,GPL96,MAQC_Distribution_Status: MAQC_T -- Training,Reanalyzed by: GSE205568,Public on Feb 04 2010,Feb 02 2010,Jun 06 2022
GSE20194,GSM505419,BR_FNA_M309,"Sample ID -- 309, fine-needle aspiration, breast cancer cells",Homo sapiens,GPL96,MAQC_Distribution_Status: MAQC_T -- Training,Reanalyzed by: GSE205568,Public on Feb 04 2010,Feb 02 2010,Jun 06 2022
GSE20194,GSM505420,BR_FNA_M304,"Sample ID -- 304, fine-needle aspiration, breast cancer cells",Homo sapiens,GPL96,MAQC_Distribution_Status: MAQC_T -- Training,Reanalyzed by: GSE205568,Public on Feb 04 2010,Feb 02 2010,Jun 06 2022
GSE20194,GSM505421,BR_FNA_M233,"Sample ID -- 233, fine-needle aspiration, breast cancer cells",Homo sapiens,GPL96,MAQC_Distribution_Status: MAQC_T -- Training,Reanalyzed by: GSE31519,Public on Feb 04 2010,Feb 02 2010,Jun 06 2022
GSE20194,GSM505422,BR_FNA_M297,"Sample ID -- 297, fine-needle aspiration, breast cancer cells",Homo sapiens,GPL96,MAQC_Distribution_Status: MAQC_T -- Training,Reanalyzed by: GSE205568,Public on Feb 04 2010,Feb 02 2010,Jun 06 2022
GSE20194,GSM505423,BR_FNA_M295,"Sample ID -- 295, fine-needle aspiration, breast cancer cells",Homo sapiens,GPL96,MAQC_Distribution_Status: MAQC_T -- Training,Reanalyzed by: GSE31519,Public on Feb 04 2010,Feb 02 2010,Jun 06 2022
GSE20194,GSM505424,BR_FNA_M282,"Sample ID -- 282, fine-needle aspiration, breast cancer cells",Homo sapiens,GPL96,MAQC_Distribution_Status: MAQC_T -- Training,Reanalyzed by: GSE205568,Public on Feb 04 2010,Feb 02 2010,Jun 06 2022
GSE20194,GSM505425,BR_FNA_M302,"Sample ID -- 302, fine-needle aspiration, breast cancer cells",Homo sapiens,GPL96,MAQC_Distribution_Status: MAQC_T -- Training,Reanalyzed by: GSE205568,Public on Feb 04 2010,Feb 02 2010,Jun 06 2022
GSE20194,GSM505426,BR_FNA_M261,"Sample ID -- 261, fine-needle aspiration, breast cancer cells",Homo sapiens,GPL96,MAQC_Distribution_Status: MAQC_T -- Training,Reanalyzed by: GSE205568,Public on Feb 04 2010,Feb 02 2010,Jun 06 2022
GSE20194,GSM505427,BR_FNA_M333,"Sample ID -- 333, fine-needle aspiration, breast cancer cells",Homo sapiens,GPL96,MAQC_Distribution_Status: MAQC_T -- Training,Reanalyzed by: GSE47561,Public on Feb 04 2010,Feb 02 2010,Jun 06 2022
GSE20194,GSM505428,BR_FNA_M402,"Sample ID -- 402, fine-needle aspiration, breast cancer cells",Homo sapiens,GPL96,MAQC_Distribution_Status: MAQC_T -- Training,Reanalyzed by: GSE31519,Public on Feb 04 2010,Feb 02 2010,Jun 06 2022
GSE20194,GSM505429,BR_FNA_M387,"Sample ID -- 387, fine-needle aspiration, breast cancer cells",Homo sapiens,GPL96,MAQC_Distribution_Status: MAQC_T -- Training,Reanalyzed by: GSE47561,Public on Feb 04 2010,Feb 02 2010,Jun 06 2022
GSE20194,GSM505430,BR_FNA_M386,"Sample ID -- 386, fine-needle aspiration, breast cancer cells",Homo sapiens,GPL96,MAQC_Distribution_Status: MAQC_T -- Training,Reanalyzed by: GSE47561,Public on Feb 04 2010,Feb 02 2010,Jun 06 2022
GSE20194,GSM505431,BR_FNA_M322,"Sample ID -- 322, fine-needle aspiration, breast cancer cells",Homo sapiens,GPL96,MAQC_Distribution_Status: MAQC_T -- Training,Reanalyzed by: GSE47561,Public on Feb 04 2010,Feb 02 2010,Jun 06 2022
GSE20194,GSM505432,BR_FNA_M375,"Sample ID -- 375, fine-needle aspiration, breast cancer cells",Homo sapiens,GPL96,MAQC_Distribution_Status: MAQC_T -- Training,Reanalyzed by: GSE47561,Public on Feb 04 2010,Feb 02 2010,Jun 06 2022
GSE20194,GSM505433,BR_FNA_M330,"Sample ID -- 330, fine-needle aspiration, breast cancer cells",Homo sapiens,GPL96,MAQC_Distribution_Status: MAQC_T -- Training,Reanalyzed by: GSE47561,Public on Feb 04 2010,Feb 02 2010,Jun 06 2022
GSE20194,GSM505434,BR_FNA_M316,"Sample ID -- 316, fine-needle aspiration, breast cancer cells",Homo sapiens,GPL96,MAQC_Distribution_Status: MAQC_T -- Training,Reanalyzed by: GSE47561,Public on Feb 04 2010,Feb 02 2010,Jun 06 2022
GSE20194,GSM505435,BR_FNA_M331,"Sample ID -- 331, fine-needle aspiration, breast cancer cells",Homo sapiens,GPL96,MAQC_Distribution_Status: MAQC_T -- Training,Reanalyzed by: GSE31519,Public on Feb 04 2010,Feb 02 2010,Jun 06 2022
GSE20194,GSM505436,BR_FNA_ML20,"Sample ID -- L20, fine-needle aspiration, breast cancer cells",Homo sapiens,GPL96,MAQC_Distribution_Status: MAQC_Q -- Not used,Reanalyzed by: GSE205568,Public on Feb 04 2010,Feb 02 2010,Jun 06 2022
GSE20194,GSM505437,BR_FNA_M371R1,"Sample ID -- 371, fine-needle aspiration, breast cancer cells",Homo sapiens,GPL96,MAQC_Distribution_Status: MDA_R -- Not used,Reanalyzed by: GSE47561,Public on Feb 04 2010,Feb 02 2010,Jun 06 2022
GSE20194,GSM505438,BR_FNA_M402R1,"Sample ID -- 402, fine-needle aspiration, breast cancer cells",Homo sapiens,GPL96,MAQC_Distribution_Status: MDA_R -- Not used,Reanalyzed by: GSE47561,Public on Feb 04 2010,Feb 02 2010,Jun 06 2022
GSE20194,GSM505439,BR_FNA_M331R1,"Sample ID -- 331, fine-needle aspiration, breast cancer cells",Homo sapiens,GPL96,MAQC_Distribution_Status: MDA_R -- Not used,Reanalyzed by: GSE47561,Public on Feb 04 2010,Feb 02 2010,Jun 06 2022
GSE20194,GSM505440,BR_FNA_M375R1,"Sample ID -- 375, fine-needle aspiration, breast cancer cells",Homo sapiens,GPL96,MAQC_Distribution_Status: MDA_R -- Not used,Reanalyzed by: GSE47561,Public on Feb 04 2010,Feb 02 2010,Jun 06 2022
GSE20194,GSM505441,BR_FNA_M322R1,"Sample ID -- 322, fine-needle aspiration, breast cancer cells",Homo sapiens,GPL96,MAQC_Distribution_Status: MDA_R -- Not used,Reanalyzed by: GSE47561,Public on Feb 04 2010,Feb 02 2010,Jun 06 2022
GSE20194,GSM505442,BR_FNA_M333R1,"Sample ID -- 333, fine-needle aspiration, breast cancer cells",Homo sapiens,GPL96,MAQC_Distribution_Status: MDA_R -- Not used,Reanalyzed by: GSE47561,Public on Feb 04 2010,Feb 02 2010,Jun 06 2022
GSE20194,GSM505443,BR_FNA_M387R1,"Sample ID -- 387, fine-needle aspiration, breast cancer cells",Homo sapiens,GPL96,MAQC_Distribution_Status: MDA_R -- Not used,Reanalyzed by: GSE47561,Public on Feb 04 2010,Feb 02 2010,Jun 06 2022
GSE20194,GSM505444,BR_FNA_M386R1,"Sample ID -- 386, fine-needle aspiration, breast cancer cells",Homo sapiens,GPL96,MAQC_Distribution_Status: MDA_R -- Not used,Reanalyzed by: GSE47561,Public on Feb 04 2010,Feb 02 2010,Jun 06 2022
GSE20194,GSM505445,BR_FNA_M316R1,"Sample ID -- 316, fine-needle aspiration, breast cancer cells",Homo sapiens,GPL96,MAQC_Distribution_Status: MDA_R -- Not used,Reanalyzed by: GSE47561,Public on Feb 04 2010,Feb 02 2010,Jun 06 2022
GSE20194,GSM505446,BR_FNA_M330R1,"Sample ID -- 330, fine-needle aspiration, breast cancer cells",Homo sapiens,GPL96,MAQC_Distribution_Status: MDA_R -- Not used,Reanalyzed by: GSE47561,Public on Feb 04 2010,Feb 02 2010,Jun 06 2022
GSE20194,GSM505447,BR_FNA_M371,"Sample ID -- 371, fine-needle aspiration, breast cancer cells",Homo sapiens,GPL96,MAQC_Distribution_Status: MAQC_T -- Training,Reanalyzed by: GSE47561,Public on Feb 04 2010,Feb 02 2010,Jun 06 2022
GSE20194,GSM505448,BR_FNA_M323,"Sample ID -- 323, fine-needle aspiration, breast cancer cells",Homo sapiens,GPL96,MAQC_Distribution_Status: MAQC_T -- Training,Reanalyzed by: GSE47561,Public on Feb 04 2010,Feb 02 2010,Jun 06 2022
GSE20194,GSM505449,BR_FNA_M442,"Sample ID -- 442, fine-needle aspiration, breast cancer cells",Homo sapiens,GPL96,MAQC_Distribution_Status: MAQC_T -- Training,Reanalyzed by: GSE31519,Public on Feb 04 2010,Feb 02 2010,Jun 06 2022
GSE20194,GSM505450,BR_FNA_PERU14-16,"Sample ID -- PERU-14-16, fine-needle aspiration, breast cancer cells",Homo sapiens,GPL96,MAQC_Distribution_Status: MAQC_T -- Training,Reanalyzed by: GSE31519,Public on Feb 04 2010,Feb 02 2010,Jun 06 2022
GSE20194,GSM505451,BR_FNA_M523,"Sample ID -- 523, fine-needle aspiration, breast cancer cells",Homo sapiens,GPL96,MAQC_Distribution_Status: MAQC_T -- Training,Reanalyzed by: GSE47561,Public on Feb 04 2010,Feb 02 2010,Jun 06 2022
GSE20194,GSM505452,BR_FNA_M315,"Sample ID -- 315, fine-needle aspiration, breast cancer cells",Homo sapiens,GPL96,MAQC_Distribution_Status: MAQC_T -- Training,Reanalyzed by: GSE47561,Public on Feb 04 2010,Feb 02 2010,Jun 06 2022
GSE20194,GSM505453,BR_FNA_M399,"Sample ID -- 399, fine-needle aspiration, breast cancer cells",Homo sapiens,GPL96,MAQC_Distribution_Status: MAQC_T -- Training,Reanalyzed by: GSE47561,Public on Feb 04 2010,Feb 02 2010,Jun 06 2022
GSE20194,GSM505454,BR_FNA_M524,"Sample ID -- 524, fine-needle aspiration, breast cancer cells",Homo sapiens,GPL96,MAQC_Distribution_Status: MAQC_T -- Training,Reanalyzed by: GSE47561,Public on Feb 04 2010,Feb 02 2010,Jun 06 2022
GSE20194,GSM505455,BR_FNA_M353,"Sample ID -- 353, fine-needle aspiration, breast cancer cells",Homo sapiens,GPL96,MAQC_Distribution_Status: MAQC_T -- Training,Reanalyzed by: GSE47561,Public on Feb 04 2010,Feb 02 2010,Jun 06 2022
GSE20194,GSM505456,BR_FNA_M534,"Sample ID -- 534, fine-needle aspiration, breast cancer cells",Homo sapiens,GPL96,MAQC_Distribution_Status: MAQC_T -- Training,Reanalyzed by: GSE47561,Public on Feb 04 2010,Feb 02 2010,Jun 06 2022
GSE20194,GSM505457,BR_FNA_M447,"Sample ID -- 447, fine-needle aspiration, breast cancer cells",Homo sapiens,GPL96,MAQC_Distribution_Status: MAQC_T -- Training,Reanalyzed by: GSE47561,Public on Feb 04 2010,Feb 02 2010,Jun 06 2022
GSE20194,GSM505458,BR_FNA_M356,"Sample ID -- 356, fine-needle aspiration, breast cancer cells",Homo sapiens,GPL96,MAQC_Distribution_Status: MAQC_T -- Training,Reanalyzed by: GSE47561,Public on Feb 04 2010,Feb 02 2010,Jun 06 2022
GSE20194,GSM505459,BR_FNA_M367,"Sample ID -- 367, fine-needle aspiration, breast cancer cells",Homo sapiens,GPL96,MAQC_Distribution_Status: MAQC_T -- Training,Reanalyzed by: GSE31519,Public on Feb 04 2010,Feb 02 2010,Jun 06 2022
GSE20194,GSM505460,BR_FNA_M120,"Sample ID -- 120, fine-needle aspiration, breast cancer cells",Homo sapiens,GPL96,MAQC_Distribution_Status: MAQC_T -- Training,Reanalyzed by: GSE31519,Public on Feb 04 2010,Feb 02 2010,Jun 06 2022
GSE20194,GSM505461,BR_FNA_M482,"Sample ID -- 482, fine-needle aspiration, breast cancer cells",Homo sapiens,GPL96,MAQC_Distribution_Status: MAQC_T -- Training,Reanalyzed by: GSE47561,Public on Feb 04 2010,Feb 02 2010,Jun 06 2022
GSE20194,GSM505462,BR_FNA_PERU11,"Sample ID -- PERU-11, fine-needle aspiration, breast cancer cells",Homo sapiens,GPL96,MAQC_Distribution_Status: MAQC_Q -- Not used,Reanalyzed by: GSE31519,Public on Feb 04 2010,Feb 02 2010,Jun 06 2022
GSE20194,GSM505463,BR_FNA_M141,"Sample ID -- 141, fine-needle aspiration, breast cancer cells",Homo sapiens,GPL96,MAQC_Distribution_Status: MAQC_T -- Training,Reanalyzed by: GSE47561,Public on Feb 04 2010,Feb 02 2010,Jun 06 2022
GSE20194,GSM505464,BR_FNA_M107,"Sample ID -- 107, fine-needle aspiration, breast cancer cells",Homo sapiens,GPL96,MAQC_Distribution_Status: MAQC_T -- Training,Reanalyzed by: GSE47561,Public on Feb 04 2010,Feb 02 2010,Jun 06 2022
GSE20194,GSM505465,BR_FNA_M343,"Sample ID -- 343, fine-needle aspiration, breast cancer cells",Homo sapiens,GPL96,MAQC_Distribution_Status: MAQC_T -- Training,Reanalyzed by: GSE47561,Public on Feb 04 2010,Feb 02 2010,Jun 06 2022
GSE20194,GSM505466,BR_FNA_M485,"Sample ID -- 485, fine-needle aspiration, breast cancer cells",Homo sapiens,GPL96,MAQC_Distribution_Status: MAQC_T -- Training,Reanalyzed by: GSE47561,Public on Feb 04 2010,Feb 02 2010,Jun 06 2022
GSE20194,GSM505467,BR_FNA_M373,"Sample ID -- 373, fine-needle aspiration, breast cancer cells",Homo sapiens,GPL96,MAQC_Distribution_Status: MAQC_T -- Training,Reanalyzed by: GSE31519,Public on Feb 04 2010,Feb 02 2010,Jun 06 2022
GSE20194,GSM505468,BR_FNA_M463,"Sample ID -- 463, fine-needle aspiration, breast cancer cells",Homo sapiens,GPL96,MAQC_Distribution_Status: MAQC_T -- Training,Reanalyzed by: GSE47561,Public on Feb 04 2010,Feb 02 2010,Jun 06 2022
GSE20194,GSM505469,BR_FNA_M357,"Sample ID -- 357, fine-needle aspiration, breast cancer cells",Homo sapiens,GPL96,MAQC_Distribution_Status: MAQC_T -- Training,Reanalyzed by: GSE47561,Public on Feb 04 2010,Feb 02 2010,Jun 06 2022
GSE20194,GSM505470,BR_FNA_PERU08,"Sample ID -- PERU08, fine-needle aspiration, breast cancer cells",Homo sapiens,GPL96,MAQC_Distribution_Status: MAQC_Q -- Not used,Reanalyzed by: GSE205568,Public on Feb 04 2010,Feb 02 2010,Jun 06 2022
GSE20194,GSM505471,BR_FNA_PERU12-14,"Sample ID -- PERU-12-14, fine-needle aspiration, breast cancer cells",Homo sapiens,GPL96,MAQC_Distribution_Status: MAQC_T -- Training,Reanalyzed by: GSE47561,Public on Feb 04 2010,Feb 02 2010,Jun 06 2022
GSE20194,GSM505472,BR_FNA_M384,"Sample ID -- 384, fine-needle aspiration, breast cancer cells",Homo sapiens,GPL96,MAQC_Distribution_Status: MAQC_T -- Training,Reanalyzed by: GSE47561,Public on Feb 04 2010,Feb 02 2010,Jun 06 2022
GSE20194,GSM505473,BR_FNA_M497,"Sample ID -- 497, fine-needle aspiration, breast cancer cells",Homo sapiens,GPL96,MAQC_Distribution_Status: MAQC_T -- Training,Reanalyzed by: GSE31519,Public on Feb 04 2010,Feb 02 2010,Jun 06 2022
GSE20194,GSM505474,BR_FNA_PERU07,"Sample ID -- PERU-7, fine-needle aspiration, breast cancer cells",Homo sapiens,GPL96,MAQC_Distribution_Status: MAQC_T -- Training,Reanalyzed by: GSE47561,Public on Feb 04 2010,Feb 02 2010,Jun 06 2022
GSE20194,GSM505475,BR_FNA_M503,"Sample ID -- 503, fine-needle aspiration, breast cancer cells",Homo sapiens,GPL96,MAQC_Distribution_Status: MAQC_T -- Training,Reanalyzed by: GSE47561,Public on Feb 04 2010,Feb 02 2010,Jun 06 2022
GSE20194,GSM505476,BR_FNA_M129,"Sample ID -- 129, fine-needle aspiration, breast cancer cells",Homo sapiens,GPL96,MAQC_Distribution_Status: MAQC_T -- Training,Reanalyzed by: GSE47561,Public on Feb 04 2010,Feb 02 2010,Jun 06 2022
GSE20194,GSM505477,BR_FNA_M421,"Sample ID -- 421, fine-needle aspiration, breast cancer cells",Homo sapiens,GPL96,MAQC_Distribution_Status: MAQC_T -- Training,Reanalyzed by: GSE47561,Public on Feb 04 2010,Feb 02 2010,Jun 06 2022
GSE20194,GSM505478,BR_FNA_M146,"Sample ID -- 146, fine-needle aspiration, breast cancer cells",Homo sapiens,GPL96,MAQC_Distribution_Status: MAQC_T -- Training,Reanalyzed by: GSE47561,Public on Feb 04 2010,Feb 02 2010,Jun 06 2022
GSE20194,GSM505479,BR_FNA_M506,"Sample ID -- 506, fine-needle aspiration, breast cancer cells",Homo sapiens,GPL96,MAQC_Distribution_Status: MAQC_T -- Training,Reanalyzed by: GSE47561,Public on Feb 04 2010,Feb 02 2010,Jun 06 2022
GSE20194,GSM505480,BR_FNA_PERU09,"Sample ID -- PERU-9, fine-needle aspiration, breast cancer cells",Homo sapiens,GPL96,MAQC_Distribution_Status: MAQC_T -- Training,Reanalyzed by: GSE47561,Public on Feb 04 2010,Feb 02 2010,Jun 06 2022
GSE20194,GSM505481,BR_FNA_M525,"Sample ID -- 525, fine-needle aspiration, breast cancer cells",Homo sapiens,GPL96,MAQC_Distribution_Status: MAQC_T -- Training,Reanalyzed by: GSE47561,Public on Feb 04 2010,Feb 02 2010,Jun 06 2022
GSE20194,GSM505482,BR_FNA_M145,"Sample ID -- 145, fine-needle aspiration, breast cancer cells",Homo sapiens,GPL96,MAQC_Distribution_Status: MAQC_T -- Training,Reanalyzed by: GSE47561,Public on Feb 04 2010,Feb 02 2010,Jun 06 2022
GSE20194,GSM505483,BR_FNA_M469,"Sample ID -- 469, fine-needle aspiration, breast cancer cells",Homo sapiens,GPL96,MAQC_Distribution_Status: MAQC_T -- Training,Reanalyzed by: GSE47561,Public on Feb 04 2010,Feb 02 2010,Jun 06 2022
GSE20194,GSM505484,BR_FNA_M484,"Sample ID -- 484, fine-needle aspiration, breast cancer cells",Homo sapiens,GPL96,MAQC_Distribution_Status: MAQC_T -- Training,Reanalyzed by: GSE47561,Public on Feb 04 2010,Feb 02 2010,Jun 06 2022
GSE20194,GSM505485,BR_FNA_M341,"Sample ID -- 341, fine-needle aspiration, breast cancer cells",Homo sapiens,GPL96,MAQC_Distribution_Status: MAQC_T -- Training,Reanalyzed by: GSE47561,Public on Feb 04 2010,Feb 02 2010,Jun 06 2022
GSE20194,GSM505486,BR_FNA_M434,"Sample ID -- 434, fine-needle aspiration, breast cancer cells",Homo sapiens,GPL96,MAQC_Distribution_Status: MAQC_T -- Training,Reanalyzed by: GSE47561,Public on Feb 04 2010,Feb 02 2010,Jun 06 2022
GSE20194,GSM505487,BR_FNA_M334,"Sample ID -- 334, fine-needle aspiration, breast cancer cells",Homo sapiens,GPL96,MAQC_Distribution_Status: MAQC_T -- Training,Reanalyzed by: GSE31519,Public on Feb 04 2010,Feb 02 2010,Jun 06 2022
GSE20194,GSM505488,BR_FNA_PERU01,"Sample ID -- PERU-1, fine-needle aspiration, breast cancer cells",Homo sapiens,GPL96,MAQC_Distribution_Status: MAQC_T -- Training,Reanalyzed by: GSE47561,Public on Feb 04 2010,Feb 02 2010,Jun 06 2022
GSE20194,GSM505489,BR_FNA_PERU53,"Sample ID -- PERU53, fine-needle aspiration, breast cancer cells",Homo sapiens,GPL96,MAQC_Distribution_Status: MAQC_Q -- Not used,Reanalyzed by: GSE205568,Public on Feb 04 2010,Feb 02 2010,Jun 06 2022
GSE20194,GSM505490,BR_FNA_PERU55,"Sample ID -- PERU55, fine-needle aspiration, breast cancer cells",Homo sapiens,GPL96,MAQC_Distribution_Status: MAQC_Q -- Not used,Reanalyzed by: GSE47561,Public on Feb 04 2010,Feb 02 2010,Jun 06 2022
GSE20194,GSM505491,BR_FNA_M713,"Sample ID -- 713, fine-needle aspiration, breast cancer cells",Homo sapiens,GPL96,MAQC_Distribution_Status: MAQC_Q -- Not used,Reanalyzed by: GSE205568,Public on Feb 04 2010,Feb 02 2010,Jun 06 2022
GSE20194,GSM505492,BR_FNA_US120,"Sample ID -- US120, fine-needle aspiration, breast cancer cells",Homo sapiens,GPL96,MAQC_Distribution_Status: MAQC_Q -- Not used,Reanalyzed by: GSE205568,Public on Feb 04 2010,Feb 02 2010,Jun 06 2022
GSE20194,GSM505493,BR_FNA_US123,"Sample ID -- US123, fine-needle aspiration, breast cancer cells",Homo sapiens,GPL96,MAQC_Distribution_Status: MAQC_Q -- Not used,Reanalyzed by: GSE205568,Public on Feb 04 2010,Feb 02 2010,Jun 06 2022
GSE20194,GSM505494,BR_FNA_US134,"Sample ID -- US134, fine-needle aspiration, breast cancer cells",Homo sapiens,GPL96,MAQC_Distribution_Status: MAQC_Q -- Not used,Reanalyzed by: GSE205568,Public on Feb 04 2010,Feb 02 2010,Jun 06 2022
GSE20194,GSM505495,BR_FNA_US031,"Sample ID -- US031, fine-needle aspiration, breast cancer cells",Homo sapiens,GPL96,MAQC_Distribution_Status: MAQC_Q -- Not used,Reanalyzed by: GSE205568,Public on Feb 04 2010,Feb 02 2010,Jun 06 2022
GSE20194,GSM505496,BR_FNA_US129,"Sample ID -- US129, fine-needle aspiration, breast cancer cells",Homo sapiens,GPL96,MAQC_Distribution_Status: MAQC_Q -- Not used,Reanalyzed by: GSE205568,Public on Feb 04 2010,Feb 02 2010,Jun 06 2022
GSE20194,GSM505497,BR_FNA_US125,"Sample ID -- US125, fine-needle aspiration, breast cancer cells",Homo sapiens,GPL96,MAQC_Distribution_Status: MAQC_Q -- Not used,Reanalyzed by: GSE205568,Public on Feb 04 2010,Feb 02 2010,Jun 06 2022
GSE20194,GSM505498,BR_FNA_US147,"Sample ID -- US147, fine-needle aspiration, breast cancer cells",Homo sapiens,GPL96,MAQC_Distribution_Status: MAQC_Q -- Not used,Reanalyzed by: GSE205568,Public on Feb 04 2010,Feb 02 2010,Jun 06 2022
GSE20194,GSM505499,BR_FNA_US002,"Sample ID -- US002, fine-needle aspiration, breast cancer cells",Homo sapiens,GPL96,MAQC_Distribution_Status: MAQC_Q -- Not used,Reanalyzed by: GSE205568,Public on Feb 04 2010,Feb 02 2010,Jun 06 2022
GSE20194,GSM505500,BR_FNA_M314,"Sample ID -- 314, fine-needle aspiration, breast cancer cells",Homo sapiens,GPL96,MAQC_Distribution_Status: MAQC_Q -- Not used,Reanalyzed by: GSE205568,Public on Feb 04 2010,Feb 02 2010,Jun 06 2022
GSE20194,GSM505501,BR_FNA_US092,"Sample ID -- US092, fine-needle aspiration, breast cancer cells",Homo sapiens,GPL96,MAQC_Distribution_Status: MAQC_Q -- Not used,Reanalyzed by: GSE205568,Public on Feb 04 2010,Feb 02 2010,Jun 06 2022
GSE20194,GSM505502,BR_FNA_US097,"Sample ID -- US097, fine-needle aspiration, breast cancer cells",Homo sapiens,GPL96,MAQC_Distribution_Status: MAQC_Q -- Not used,Reanalyzed by: GSE205568,Public on Feb 04 2010,Feb 02 2010,Jun 06 2022
GSE20194,GSM505503,BR_FNA_M233R1,"Sample ID -- 233, fine-needle aspiration, breast cancer cells",Homo sapiens,GPL96,MAQC_Distribution_Status: MDA_R -- Not used,Reanalyzed by: GSE47561,Public on Feb 04 2010,Feb 02 2010,Jun 06 2022
GSE20194,GSM505504,BR_FNA_M286R1,"Sample ID -- 286, fine-needle aspiration, breast cancer cells",Homo sapiens,GPL96,MAQC_Distribution_Status: MDA_R -- Not used,Reanalyzed by: GSE47561,Public on Feb 04 2010,Feb 02 2010,Jun 06 2022
GSE20194,GSM505505,BR_FNA_M302R1,"Sample ID -- 302, fine-needle aspiration, breast cancer cells",Homo sapiens,GPL96,MAQC_Distribution_Status: MDA_R -- Not used,Reanalyzed by: GSE47561,Public on Feb 04 2010,Feb 02 2010,Jun 06 2022
GSE20194,GSM505506,BR_FNA_M195,"Sample ID -- 195, fine-needle aspiration, breast cancer cells",Homo sapiens,GPL96,MAQC_Distribution_Status: MAQC_V -- Validation,Reanalyzed by: GSE47561,Public on Feb 04 2010,Feb 02 2010,Jun 06 2022
GSE20194,GSM505507,BR_FNA_M232,"Sample ID -- 232, fine-needle aspiration, breast cancer cells",Homo sapiens,GPL96,MAQC_Distribution_Status: MAQC_V -- Validation,Reanalyzed by: GSE47561,Public on Feb 04 2010,Feb 02 2010,Jun 06 2022
GSE20194,GSM505508,BR_FNA_M263,"Sample ID -- 263, fine-needle aspiration, breast cancer cells",Homo sapiens,GPL96,MAQC_Distribution_Status: MAQC_V -- Validation,Reanalyzed by: GSE47561,Public on Feb 04 2010,Feb 02 2010,Jun 06 2022
GSE20194,GSM505509,BR_FNA_M281,"Sample ID -- 281, fine-needle aspiration, breast cancer cells",Homo sapiens,GPL96,MAQC_Distribution_Status: MAQC_V -- Validation,Reanalyzed by: GSE47561,Public on Feb 04 2010,Feb 02 2010,Jun 06 2022
GSE20194,GSM505510,BR_FNA_M283,"Sample ID -- 283, fine-needle aspiration, breast cancer cells",Homo sapiens,GPL96,MAQC_Distribution_Status: MAQC_V -- Validation,Reanalyzed by: GSE47561,Public on Feb 04 2010,Feb 02 2010,Jun 06 2022
GSE20194,GSM505511,BR_FNA_M294,"Sample ID -- 294, fine-needle aspiration, breast cancer cells",Homo sapiens,GPL96,MAQC_Distribution_Status: MAQC_V -- Validation,Reanalyzed by: GSE47561,Public on Feb 04 2010,Feb 02 2010,Jun 06 2022
GSE20194,GSM505512,BR_FNA_M319,"Sample ID -- 319, fine-needle aspiration, breast cancer cells",Homo sapiens,GPL96,MAQC_Distribution_Status: MAQC_V -- Validation,Reanalyzed by: GSE47561,Public on Feb 04 2010,Feb 02 2010,Jun 06 2022
GSE20194,GSM505513,BR_FNA_M332,"Sample ID -- 332, fine-needle aspiration, breast cancer cells",Homo sapiens,GPL96,MAQC_Distribution_Status: MAQC_V -- Validation,Reanalyzed by: GSE31519,Public on Feb 04 2010,Feb 02 2010,Jun 06 2022
GSE20194,GSM505514,BR_FNA_M339,"Sample ID -- 339, fine-needle aspiration, breast cancer cells",Homo sapiens,GPL96,MAQC_Distribution_Status: MAQC_V -- Validation,Reanalyzed by: GSE31519,Public on Feb 04 2010,Feb 02 2010,Jun 06 2022
GSE20194,GSM505515,BR_FNA_M340,"Sample ID -- 340, fine-needle aspiration, breast cancer cells",Homo sapiens,GPL96,MAQC_Distribution_Status: MAQC_V -- Validation,Reanalyzed by: GSE47561,Public on Feb 04 2010,Feb 02 2010,Jun 06 2022
GSE20194,GSM505516,BR_FNA_M345,"Sample ID -- 345, fine-needle aspiration, breast cancer cells",Homo sapiens,GPL96,MAQC_Distribution_Status: MAQC_V -- Validation,Reanalyzed by: GSE31519,Public on Feb 04 2010,Feb 02 2010,Jun 06 2022
GSE20194,GSM505517,BR_FNA_M355,"Sample ID -- 355, fine-needle aspiration, breast cancer cells",Homo sapiens,GPL96,MAQC_Distribution_Status: MAQC_V -- Validation,Reanalyzed by: GSE31519,Public on Feb 04 2010,Feb 02 2010,Jun 06 2022
GSE20194,GSM505518,BR_FNA_M360,"Sample ID -- 360, fine-needle aspiration, breast cancer cells",Homo sapiens,GPL96,MAQC_Distribution_Status: MAQC_V -- Validation,Reanalyzed by: GSE47561,Public on Feb 04 2010,Feb 02 2010,Jun 06 2022
GSE20194,GSM505519,BR_FNA_M363,"Sample ID -- 363, fine-needle aspiration, breast cancer cells",Homo sapiens,GPL96,MAQC_Distribution_Status: MAQC_V -- Validation,Reanalyzed by: GSE47561,Public on Feb 04 2010,Feb 02 2010,Jun 06 2022
GSE20194,GSM505520,BR_FNA_M365,"Sample ID -- 365, fine-needle aspiration, breast cancer cells",Homo sapiens,GPL96,MAQC_Distribution_Status: MAQC_V -- Validation,Reanalyzed by: GSE47561,Public on Feb 04 2010,Feb 02 2010,Jun 06 2022
GSE20194,GSM505521,BR_FNA_M382,"Sample ID -- 382, fine-needle aspiration, breast cancer cells",Homo sapiens,GPL96,MAQC_Distribution_Status: MAQC_V -- Validation,Reanalyzed by: GSE47561,Public on Feb 04 2010,Feb 02 2010,Jun 06 2022
GSE20194,GSM505522,BR_FNA_M385,"Sample ID -- 385, fine-needle aspiration, breast cancer cells",Homo sapiens,GPL96,MAQC_Distribution_Status: MAQC_V -- Validation,Reanalyzed by: GSE47561,Public on Feb 04 2010,Feb 02 2010,Jun 06 2022
GSE20194,GSM505523,BR_FNA_M396,"Sample ID -- 396, fine-needle aspiration, breast cancer cells",Homo sapiens,GPL96,MAQC_Distribution_Status: MAQC_V -- Validation,Reanalyzed by: GSE47561,Public on Feb 04 2010,Feb 02 2010,Jun 06 2022
GSE20194,GSM505524,BR_FNA_M411,"Sample ID -- 411, fine-needle aspiration, breast cancer cells",Homo sapiens,GPL96,MAQC_Distribution_Status: MAQC_V -- Validation,Reanalyzed by: GSE47561,Public on Feb 04 2010,Feb 02 2010,Jun 06 2022
GSE20194,GSM505525,BR_FNA_M417,"Sample ID -- 417, fine-needle aspiration, breast cancer cells",Homo sapiens,GPL96,MAQC_Distribution_Status: MAQC_V -- Validation,Reanalyzed by: GSE47561,Public on Feb 04 2010,Feb 02 2010,Jun 06 2022
GSE20194,GSM505526,BR_FNA_M423,"Sample ID -- 423, fine-needle aspiration, breast cancer cells",Homo sapiens,GPL96,MAQC_Distribution_Status: MAQC_V -- Validation,Reanalyzed by: GSE31519,Public on Feb 04 2010,Feb 02 2010,Jun 06 2022
GSE20194,GSM505527,BR_FNA_M425,"Sample ID -- 425, fine-needle aspiration, breast cancer cells",Homo sapiens,GPL96,MAQC_Distribution_Status: MAQC_V -- Validation,Reanalyzed by: GSE31519,Public on Feb 04 2010,Feb 02 2010,Jun 06 2022
GSE20194,GSM505528,BR_FNA_M430,"Sample ID -- 430, fine-needle aspiration, breast cancer cells",Homo sapiens,GPL96,MAQC_Distribution_Status: MAQC_V -- Validation,Reanalyzed by: GSE31519,Public on Feb 04 2010,Feb 02 2010,Jun 06 2022
GSE20194,GSM505529,BR_FNA_M431,"Sample ID -- 431, fine-needle aspiration, breast cancer cells",Homo sapiens,GPL96,MAQC_Distribution_Status: MAQC_V -- Validation,Reanalyzed by: GSE47561,Public on Feb 04 2010,Feb 02 2010,Jun 06 2022
GSE20194,GSM505530,BR_FNA_M433,"Sample ID -- 433, fine-needle aspiration, breast cancer cells",Homo sapiens,GPL96,MAQC_Distribution_Status: MAQC_V -- Validation,Reanalyzed by: GSE47561,Public on Feb 04 2010,Feb 02 2010,Jun 06 2022
GSE20194,GSM505531,BR_FNA_M443,"Sample ID -- 443, fine-needle aspiration, breast cancer cells",Homo sapiens,GPL96,MAQC_Distribution_Status: MAQC_V -- Validation,Reanalyzed by: GSE31519,Public on Feb 04 2010,Feb 02 2010,Jun 06 2022
GSE20194,GSM505532,BR_FNA_M486,"Sample ID -- 486, fine-needle aspiration, breast cancer cells",Homo sapiens,GPL96,MAQC_Distribution_Status: MAQC_V -- Validation,Reanalyzed by: GSE47561,Public on Feb 04 2010,Feb 02 2010,Jun 06 2022
GSE20194,GSM505533,BR_FNA_M502,"Sample ID -- 502, fine-needle aspiration, breast cancer cells",Homo sapiens,GPL96,MAQC_Distribution_Status: MAQC_V -- Validation,Reanalyzed by: GSE31519,Public on Feb 04 2010,Feb 02 2010,Jun 06 2022
GSE20194,GSM505534,BR_FNA_M507,"Sample ID -- 507, fine-needle aspiration, breast cancer cells",Homo sapiens,GPL96,MAQC_Distribution_Status: MAQC_V -- Validation,Reanalyzed by: GSE31519,Public on Feb 04 2010,Feb 02 2010,Jun 06 2022
GSE20194,GSM505535,BR_FNA_M513,"Sample ID -- 513, fine-needle aspiration, breast cancer cells",Homo sapiens,GPL96,MAQC_Distribution_Status: MAQC_V -- Validation,Reanalyzed by: GSE47561,Public on Feb 04 2010,Feb 02 2010,Jun 06 2022
GSE20194,GSM505536,BR_FNA_M531,"Sample ID -- 531, fine-needle aspiration, breast cancer cells",Homo sapiens,GPL96,MAQC_Distribution_Status: MAQC_V -- Validation,Reanalyzed by: GSE47561,Public on Feb 04 2010,Feb 02 2010,Jun 06 2022
GSE20194,GSM505537,BR_FNA_M545,"Sample ID -- 545, fine-needle aspiration, breast cancer cells",Homo sapiens,GPL96,MAQC_Distribution_Status: MAQC_V -- Validation,Reanalyzed by: GSE47561,Public on Feb 04 2010,Feb 02 2010,Jun 06 2022
GSE20194,GSM505538,BR_FNA_M549,"Sample ID -- 549, fine-needle aspiration, breast cancer cells",Homo sapiens,GPL96,MAQC_Distribution_Status: MAQC_V -- Validation,Reanalyzed by: GSE47561,Public on Feb 04 2010,Feb 02 2010,Jun 06 2022
GSE20194,GSM505539,BR_FNA_M556,"Sample ID -- 556, fine-needle aspiration, breast cancer cells",Homo sapiens,GPL96,MAQC_Distribution_Status: MAQC_V -- Validation,Reanalyzed by: GSE47561,Public on Feb 04 2010,Feb 02 2010,Jun 06 2022
GSE20194,GSM505540,BR_FNA_M557,"Sample ID -- 557, fine-needle aspiration, breast cancer cells",Homo sapiens,GPL96,MAQC_Distribution_Status: MAQC_V -- Validation,Reanalyzed by: GSE47561,Public on Feb 04 2010,Feb 02 2010,Jun 06 2022
GSE20194,GSM505541,BR_FNA_M558,"Sample ID -- 558, fine-needle aspiration, breast cancer cells",Homo sapiens,GPL96,MAQC_Distribution_Status: MAQC_V -- Validation,Reanalyzed by: GSE31519,Public on Feb 04 2010,Feb 02 2010,Jun 06 2022
GSE20194,GSM505542,BR_FNA_M559,"Sample ID -- 559, fine-needle aspiration, breast cancer cells",Homo sapiens,GPL96,MAQC_Distribution_Status: MAQC_V -- Validation,Reanalyzed by: GSE47561,Public on Feb 04 2010,Feb 02 2010,Jun 06 2022
GSE20194,GSM505543,BR_FNA_M564,"Sample ID -- 564, fine-needle aspiration, breast cancer cells",Homo sapiens,GPL96,MAQC_Distribution_Status: MAQC_V -- Validation,Reanalyzed by: GSE31519,Public on Feb 04 2010,Feb 02 2010,Jun 06 2022
GSE20194,GSM505544,BR_FNA_M566,"Sample ID -- 566, fine-needle aspiration, breast cancer cells",Homo sapiens,GPL96,MAQC_Distribution_Status: MAQC_V -- Validation,Reanalyzed by: GSE47561,Public on Feb 04 2010,Feb 02 2010,Jun 06 2022
GSE20194,GSM505545,BR_FNA_M571,"Sample ID -- 571, fine-needle aspiration, breast cancer cells",Homo sapiens,GPL96,MAQC_Distribution_Status: MAQC_V -- Validation,Reanalyzed by: GSE31519,Public on Feb 04 2010,Feb 02 2010,Jun 06 2022
GSE20194,GSM505546,BR_FNA_M576,"Sample ID -- 576, fine-needle aspiration, breast cancer cells",Homo sapiens,GPL96,MAQC_Distribution_Status: MAQC_V -- Validation,Reanalyzed by: GSE47561,Public on Feb 04 2010,Feb 02 2010,Jun 06 2022
GSE20194,GSM505547,BR_FNA_M578,"Sample ID -- 578, fine-needle aspiration, breast cancer cells",Homo sapiens,GPL96,MAQC_Distribution_Status: MAQC_V -- Validation,Reanalyzed by: GSE47561,Public on Feb 04 2010,Feb 02 2010,Jun 06 2022
GSE20194,GSM505548,BR_FNA_M583,"Sample ID -- 583, fine-needle aspiration, breast cancer cells",Homo sapiens,GPL96,MAQC_Distribution_Status: MAQC_V -- Validation,Reanalyzed by: GSE31519,Public on Feb 04 2010,Feb 02 2010,Jun 06 2022
GSE20194,GSM505549,BR_FNA_M599,"Sample ID -- 599, fine-needle aspiration, breast cancer cells",Homo sapiens,GPL96,MAQC_Distribution_Status: MAQC_V -- Validation,Reanalyzed by: GSE47561,Public on Feb 04 2010,Feb 02 2010,Jun 06 2022
GSE20194,GSM505550,BR_FNA_M607,"Sample ID -- 607, fine-needle aspiration, breast cancer cells",Homo sapiens,GPL96,MAQC_Distribution_Status: MAQC_V -- Validation,Reanalyzed by: GSE47561,Public on Feb 04 2010,Feb 02 2010,Jun 06 2022
GSE20194,GSM505551,BR_FNA_M610,"Sample ID -- 610, fine-needle aspiration, breast cancer cells",Homo sapiens,GPL96,MAQC_Distribution_Status: MAQC_V -- Validation,Reanalyzed by: GSE47561,Public on Feb 04 2010,Feb 02 2010,Jun 06 2022
GSE20194,GSM505552,BR_FNA_M612,"Sample ID -- 612, fine-needle aspiration, breast cancer cells",Homo sapiens,GPL96,MAQC_Distribution_Status: MAQC_V -- Validation,Reanalyzed by: GSE31519,Public on Feb 04 2010,Feb 02 2010,Jun 06 2022
GSE20194,GSM505553,BR_FNA_M617,"Sample ID -- 617, fine-needle aspiration, breast cancer cells",Homo sapiens,GPL96,MAQC_Distribution_Status: MAQC_V -- Validation,Reanalyzed by: GSE31519,Public on Feb 04 2010,Feb 02 2010,Jun 06 2022
GSE20194,GSM505554,BR_FNA_M619,"Sample ID -- 619, fine-needle aspiration, breast cancer cells",Homo sapiens,GPL96,MAQC_Distribution_Status: MAQC_V -- Validation,Reanalyzed by: GSE31519,Public on Feb 04 2010,Feb 02 2010,Jun 06 2022
GSE20194,GSM505555,BR_FNA_M626,"Sample ID -- 626, fine-needle aspiration, breast cancer cells",Homo sapiens,GPL96,MAQC_Distribution_Status: MAQC_V -- Validation,Reanalyzed by: GSE47561,Public on Feb 04 2010,Feb 02 2010,Jun 06 2022
GSE20194,GSM505556,BR_FNA_M642,"Sample ID -- 642, fine-needle aspiration, breast cancer cells",Homo sapiens,GPL96,MAQC_Distribution_Status: MAQC_V -- Validation,Reanalyzed by: GSE47561,Public on Feb 04 2010,Feb 02 2010,Jun 06 2022
GSE20194,GSM505557,BR_FNA_M643,"Sample ID -- 643, fine-needle aspiration, breast cancer cells",Homo sapiens,GPL96,MAQC_Distribution_Status: MAQC_V -- Validation,Reanalyzed by: GSE47561,Public on Feb 04 2010,Feb 02 2010,Jun 06 2022
GSE20194,GSM505558,BR_FNA_M647,"Sample ID -- 647, fine-needle aspiration, breast cancer cells",Homo sapiens,GPL96,MAQC_Distribution_Status: MAQC_V -- Validation,Reanalyzed by: GSE47561,Public on Feb 04 2010,Feb 02 2010,Jun 06 2022
GSE20194,GSM505559,BR_FNA_M651,"Sample ID -- 651, fine-needle aspiration, breast cancer cells",Homo sapiens,GPL96,MAQC_Distribution_Status: MAQC_V -- Validation,Reanalyzed by: GSE47561,Public on Feb 04 2010,Feb 02 2010,Jun 06 2022
GSE20194,GSM505560,BR_FNA_M652,"Sample ID -- 652, fine-needle aspiration, breast cancer cells",Homo sapiens,GPL96,MAQC_Distribution_Status: MAQC_V -- Validation,Reanalyzed by: GSE47561,Public on Feb 04 2010,Feb 02 2010,Jun 06 2022
GSE20194,GSM505561,BR_FNA_M657,"Sample ID -- 657, fine-needle aspiration, breast cancer cells",Homo sapiens,GPL96,MAQC_Distribution_Status: MAQC_V -- Validation,Reanalyzed by: GSE31519,Public on Feb 04 2010,Feb 02 2010,Jun 06 2022
GSE20194,GSM505562,BR_FNA_M658,"Sample ID -- 658, fine-needle aspiration, breast cancer cells",Homo sapiens,GPL96,MAQC_Distribution_Status: MAQC_V -- Validation,Reanalyzed by: GSE31519,Public on Feb 04 2010,Feb 02 2010,Jun 06 2022
GSE20194,GSM505563,BR_FNA_M659,"Sample ID -- 659, fine-needle aspiration, breast cancer cells",Homo sapiens,GPL96,MAQC_Distribution_Status: MAQC_V -- Validation,Reanalyzed by: GSE31519,Public on Feb 04 2010,Feb 02 2010,Jun 06 2022
GSE20194,GSM505564,BR_FNA_M661,"Sample ID -- 661, fine-needle aspiration, breast cancer cells",Homo sapiens,GPL96,MAQC_Distribution_Status: MAQC_V -- Validation,Reanalyzed by: GSE31519,Public on Feb 04 2010,Feb 02 2010,Jun 06 2022
GSE20194,GSM505565,BR_FNA_M662,"Sample ID -- 662, fine-needle aspiration, breast cancer cells",Homo sapiens,GPL96,MAQC_Distribution_Status: MAQC_V -- Validation,Reanalyzed by: GSE47561,Public on Feb 04 2010,Feb 02 2010,Jun 06 2022
GSE20194,GSM505566,BR_FNA_M665,"Sample ID -- 665, fine-needle aspiration, breast cancer cells",Homo sapiens,GPL96,MAQC_Distribution_Status: MAQC_V -- Validation,Reanalyzed by: GSE31519,Public on Feb 04 2010,Feb 02 2010,Jun 06 2022
GSE20194,GSM505567,BR_FNA_M666,"Sample ID -- 666, fine-needle aspiration, breast cancer cells",Homo sapiens,GPL96,MAQC_Distribution_Status: MAQC_V -- Validation,Reanalyzed by: GSE47561,Public on Feb 04 2010,Feb 02 2010,Jun 06 2022
GSE20194,GSM505568,BR_FNA_M668,"Sample ID -- 668, fine-needle aspiration, breast cancer cells",Homo sapiens,GPL96,MAQC_Distribution_Status: MAQC_V -- Validation,Reanalyzed by: GSE31519,Public on Feb 04 2010,Feb 02 2010,Jun 06 2022
GSE20194,GSM505569,BR_FNA_M669,"Sample ID -- 669, fine-needle aspiration, breast cancer cells",Homo sapiens,GPL96,MAQC_Distribution_Status: MAQC_V -- Validation,Reanalyzed by: GSE47561,Public on Feb 04 2010,Feb 02 2010,Jun 06 2022
GSE20194,GSM505570,BR_FNA_M670,"Sample ID -- 670, fine-needle aspiration, breast cancer cells",Homo sapiens,GPL96,MAQC_Distribution_Status: MAQC_V -- Validation,Reanalyzed by: GSE31519,Public on Feb 04 2010,Feb 02 2010,Jun 06 2022
GSE20194,GSM505571,BR_FNA_M671,"Sample ID -- 671, fine-needle aspiration, breast cancer cells",Homo sapiens,GPL96,MAQC_Distribution_Status: MAQC_V -- Validation,Reanalyzed by: GSE47561,Public on Feb 04 2010,Feb 02 2010,Jun 06 2022
GSE20194,GSM505572,BR_FNA_M673,"Sample ID -- 673, fine-needle aspiration, breast cancer cells",Homo sapiens,GPL96,MAQC_Distribution_Status: MAQC_V -- Validation,Reanalyzed by: GSE31519,Public on Feb 04 2010,Feb 02 2010,Jun 06 2022
GSE20194,GSM505573,BR_FNA_M675,"Sample ID -- 675, fine-needle aspiration, breast cancer cells",Homo sapiens,GPL96,MAQC_Distribution_Status: MAQC_V -- Validation,Reanalyzed by: GSE47561,Public on Feb 04 2010,Feb 02 2010,Jun 06 2022
GSE20194,GSM505574,BR_FNA_M679,"Sample ID -- 679, fine-needle aspiration, breast cancer cells",Homo sapiens,GPL96,MAQC_Distribution_Status: MAQC_V -- Validation,Reanalyzed by: GSE31519,Public on Feb 04 2010,Feb 02 2010,Jun 06 2022
GSE20194,GSM505575,BR_FNA_M681,"Sample ID -- 681, fine-needle aspiration, breast cancer cells",Homo sapiens,GPL96,MAQC_Distribution_Status: MAQC_V -- Validation,Reanalyzed by: GSE31519,Public on Feb 04 2010,Feb 02 2010,Jun 06 2022
GSE20194,GSM505576,BR_FNA_M682,"Sample ID -- 682, fine-needle aspiration, breast cancer cells",Homo sapiens,GPL96,MAQC_Distribution_Status: MAQC_V -- Validation,Reanalyzed by: GSE47561,Public on Feb 04 2010,Feb 02 2010,Jun 06 2022
GSE20194,GSM505577,BR_FNA_M683,"Sample ID -- 683, fine-needle aspiration, breast cancer cells",Homo sapiens,GPL96,MAQC_Distribution_Status: MAQC_V -- Validation,Reanalyzed by: GSE47561,Public on Feb 04 2010,Feb 02 2010,Jun 06 2022
GSE20194,GSM505578,BR_FNA_M685,"Sample ID -- 685, fine-needle aspiration, breast cancer cells",Homo sapiens,GPL96,MAQC_Distribution_Status: MAQC_V -- Validation,Reanalyzed by: GSE47561,Public on Feb 04 2010,Feb 02 2010,Jun 06 2022
GSE20194,GSM505579,BR_FNA_M690,"Sample ID -- 690, fine-needle aspiration, breast cancer cells",Homo sapiens,GPL96,MAQC_Distribution_Status: MAQC_V -- Validation,Reanalyzed by: GSE47561,Public on Feb 04 2010,Feb 02 2010,Jun 06 2022
GSE20194,GSM505580,BR_FNA_M692,"Sample ID -- 692, fine-needle aspiration, breast cancer cells",Homo sapiens,GPL96,MAQC_Distribution_Status: MAQC_V -- Validation,Reanalyzed by: GSE31519,Public on Feb 04 2010,Feb 02 2010,Jun 06 2022
GSE20194,GSM505581,BR_FNA_M693,"Sample ID -- 693, fine-needle aspiration, breast cancer cells",Homo sapiens,GPL96,MAQC_Distribution_Status: MAQC_V -- Validation,Reanalyzed by: GSE47561,Public on Feb 04 2010,Feb 02 2010,Jun 06 2022
GSE20194,GSM505582,BR_FNA_M695,"Sample ID -- 695, fine-needle aspiration, breast cancer cells",Homo sapiens,GPL96,MAQC_Distribution_Status: MAQC_V -- Validation,Reanalyzed by: GSE47561,Public on Feb 04 2010,Feb 02 2010,Jun 06 2022
GSE20194,GSM505583,BR_FNA_M696,"Sample ID -- 696, fine-needle aspiration, breast cancer cells",Homo sapiens,GPL96,MAQC_Distribution_Status: MAQC_V -- Validation,Reanalyzed by: GSE31519,Public on Feb 04 2010,Feb 02 2010,Jun 06 2022
GSE20194,GSM505584,BR_FNA_M709,"Sample ID -- 709, fine-needle aspiration, breast cancer cells",Homo sapiens,GPL96,MAQC_Distribution_Status: MAQC_V -- Validation,Reanalyzed by: GSE31519,Public on Feb 04 2010,Feb 02 2010,Jun 06 2022
GSE20194,GSM505585,BR_FNA_M710,"Sample ID -- 710, fine-needle aspiration, breast cancer cells",Homo sapiens,GPL96,MAQC_Distribution_Status: MAQC_V -- Validation,Reanalyzed by: GSE47561,Public on Feb 04 2010,Feb 02 2010,Jun 06 2022
GSE20194,GSM505586,BR_FNA_M714,"Sample ID -- 714, fine-needle aspiration, breast cancer cells",Homo sapiens,GPL96,MAQC_Distribution_Status: MAQC_V -- Validation,Reanalyzed by: GSE31519,Public on Feb 04 2010,Feb 02 2010,Jun 06 2022
GSE20194,GSM505587,BR_FNA_M717,"Sample ID -- 717, fine-needle aspiration, breast cancer cells",Homo sapiens,GPL96,MAQC_Distribution_Status: MAQC_V -- Validation,Reanalyzed by: GSE47561,Public on Feb 04 2010,Feb 02 2010,Jun 06 2022
GSE20194,GSM505588,BR_FNA_M718,"Sample ID -- 718, fine-needle aspiration, breast cancer cells",Homo sapiens,GPL96,MAQC_Distribution_Status: MAQC_V -- Validation,Reanalyzed by: GSE31519,Public on Feb 04 2010,Feb 02 2010,Jun 06 2022
GSE20194,GSM505589,BR_FNA_M723,"Sample ID -- 723, fine-needle aspiration, breast cancer cells",Homo sapiens,GPL96,MAQC_Distribution_Status: MAQC_V -- Validation,Reanalyzed by: GSE47561,Public on Feb 04 2010,Feb 02 2010,Jun 06 2022
GSE20194,GSM505590,BR_FNA_M725,"Sample ID -- 725, fine-needle aspiration, breast cancer cells",Homo sapiens,GPL96,MAQC_Distribution_Status: MAQC_V -- Validation,Reanalyzed by: GSE47561,Public on Feb 04 2010,Feb 02 2010,Jun 06 2022
GSE20194,GSM505591,BR_FNA_M728,"Sample ID -- 728, fine-needle aspiration, breast cancer cells",Homo sapiens,GPL96,MAQC_Distribution_Status: MAQC_V -- Validation,Reanalyzed by: GSE47561,Public on Feb 04 2010,Feb 02 2010,Jun 06 2022
GSE20194,GSM505592,BR_FNA_M732,"Sample ID -- 732, fine-needle aspiration, breast cancer cells",Homo sapiens,GPL96,MAQC_Distribution_Status: MAQC_V -- Validation,Reanalyzed by: GSE31519,Public on Feb 04 2010,Feb 02 2010,Jun 06 2022
GSE20194,GSM505593,BR_FNA_M734,"Sample ID -- 734, fine-needle aspiration, breast cancer cells",Homo sapiens,GPL96,MAQC_Distribution_Status: MAQC_V -- Validation,Reanalyzed by: GSE47561,Public on Feb 04 2010,Feb 02 2010,Jun 06 2022
GSE20194,GSM505594,BR_FNA_M744,"Sample ID -- 744, fine-needle aspiration, breast cancer cells",Homo sapiens,GPL96,MAQC_Distribution_Status: MAQC_V -- Validation,Reanalyzed by: GSE47561,Public on Feb 04 2010,Feb 02 2010,Jun 06 2022
GSE20194,GSM505595,BR_FNA_M746,"Sample ID -- 746, fine-needle aspiration, breast cancer cells",Homo sapiens,GPL96,MAQC_Distribution_Status: MAQC_V -- Validation,Reanalyzed by: GSE47561,Public on Feb 04 2010,Feb 02 2010,Jun 06 2022
GSE20194,GSM505596,BR_FNA_M753,"Sample ID -- 753, fine-needle aspiration, breast cancer cells",Homo sapiens,GPL96,MAQC_Distribution_Status: MAQC_V -- Validation,Reanalyzed by: GSE47561,Public on Feb 04 2010,Feb 02 2010,Jun 06 2022
GSE20194,GSM505597,BR_FNA_M765,"Sample ID -- 765, fine-needle aspiration, breast cancer cells",Homo sapiens,GPL96,MAQC_Distribution_Status: MAQC_V -- Validation,Reanalyzed by: GSE47561,Public on Feb 04 2010,Feb 02 2010,Jun 06 2022
GSE20194,GSM505598,BR_FNA_M767,"Sample ID -- 767, fine-needle aspiration, breast cancer cells",Homo sapiens,GPL96,MAQC_Distribution_Status: MAQC_V -- Validation,Reanalyzed by: GSE47561,Public on Feb 04 2010,Feb 02 2010,Jun 06 2022
GSE20194,GSM505599,BR_FNA_M774,"Sample ID -- 774, fine-needle aspiration, breast cancer cells",Homo sapiens,GPL96,MAQC_Distribution_Status: MAQC_V -- Validation,Reanalyzed by: GSE47561,Public on Feb 04 2010,Feb 02 2010,Jun 06 2022
GSE20194,GSM505600,BR_FNA_M781,"Sample ID -- 781, fine-needle aspiration, breast cancer cells",Homo sapiens,GPL96,MAQC_Distribution_Status: MAQC_V -- Validation,Reanalyzed by: GSE47561,Public on Feb 04 2010,Feb 02 2010,Jun 06 2022
GSE20194,GSM505601,BR_FNA_M782,"Sample ID -- 782, fine-needle aspiration, breast cancer cells",Homo sapiens,GPL96,MAQC_Distribution_Status: MAQC_V -- Validation,Reanalyzed by: GSE47561,Public on Feb 04 2010,Feb 02 2010,Jun 06 2022
GSE20194,GSM505602,BR_FNA_M784,"Sample ID -- 784, fine-needle aspiration, breast cancer cells",Homo sapiens,GPL96,MAQC_Distribution_Status: MAQC_V -- Validation,Reanalyzed by: GSE47561,Public on Feb 04 2010,Feb 02 2010,Jun 06 2022
GSE20194,GSM505603,BR_FNA_M795,"Sample ID -- 795, fine-needle aspiration, breast cancer cells",Homo sapiens,GPL96,MAQC_Distribution_Status: MAQC_V -- Validation,Reanalyzed by: GSE47561,Public on Feb 04 2010,Feb 02 2010,Jun 06 2022
GSE20194,GSM505604,BR_FNA_M801,"Sample ID -- 801, fine-needle aspiration, breast cancer cells",Homo sapiens,GPL96,MAQC_Distribution_Status: MAQC_V -- Validation,Reanalyzed by: GSE47561,Public on Feb 04 2010,Feb 02 2010,Jun 06 2022
GSE20194,GSM505605,BR_FNA_M806,"Sample ID -- 806, fine-needle aspiration, breast cancer cells",Homo sapiens,GPL96,MAQC_Distribution_Status: MAQC_V -- Validation,Reanalyzed by: GSE47561,Public on Feb 04 2010,Feb 02 2010,Jun 06 2022
GSE20271,GSM508012,breast cancer SPAIN28,"breast cancer FNA biopsy, pre-treatment",Homo sapiens,GPL96,"Gene expression data from breast cancer FNA biopsy, pre-treatment",Reanalyzed by: GSE205568,Public on Sep 15 2010,Feb 10 2010,Jun 06 2022
GSE20271,GSM508013,breast cancer SPAIN58,"breast cancer FNA biopsy, pre-treatment",Homo sapiens,GPL96,"Gene expression data from breast cancer FNA biopsy, pre-treatment",Reanalyzed by: GSE205568,Public on Sep 15 2010,Feb 10 2010,Jun 06 2022
GSE20271,GSM508014,breast cancer SPAIN36,"breast cancer FNA biopsy, pre-treatment",Homo sapiens,GPL96,"Gene expression data from breast cancer FNA biopsy, pre-treatment",Reanalyzed by: GSE205568,Public on Sep 15 2010,Feb 10 2010,Jun 06 2022
GSE20271,GSM508015,breast cancer SPAIN30,"breast cancer FNA biopsy, pre-treatment",Homo sapiens,GPL96,"Gene expression data from breast cancer FNA biopsy, pre-treatment",Reanalyzed by: GSE205568,Public on Sep 15 2010,Feb 10 2010,Jun 06 2022
GSE20271,GSM508016,breast cancer SPAIN44,"breast cancer FNA biopsy, pre-treatment",Homo sapiens,GPL96,"Gene expression data from breast cancer FNA biopsy, pre-treatment",Reanalyzed by: GSE205568,Public on Sep 15 2010,Feb 10 2010,Jun 06 2022
GSE20271,GSM508017,breast cancer SPAIN50,"breast cancer FNA biopsy, pre-treatment",Homo sapiens,GPL96,"Gene expression data from breast cancer FNA biopsy, pre-treatment",Reanalyzed by: GSE205568,Public on Sep 15 2010,Feb 10 2010,Jun 06 2022
GSE20271,GSM508018,breast cancer SPAIN31,"breast cancer FNA biopsy, pre-treatment",Homo sapiens,GPL96,"Gene expression data from breast cancer FNA biopsy, pre-treatment",Reanalyzed by: GSE205568,Public on Sep 15 2010,Feb 10 2010,Jun 06 2022
GSE20271,GSM508019,breast cancer SPAIN11,"breast cancer FNA biopsy, pre-treatment",Homo sapiens,GPL96,"Gene expression data from breast cancer FNA biopsy, pre-treatment",Reanalyzed by: GSE205568,Public on Sep 15 2010,Feb 10 2010,Jun 06 2022
GSE20271,GSM508020,breast cancer SPAIN32,"breast cancer FNA biopsy, pre-treatment",Homo sapiens,GPL96,"Gene expression data from breast cancer FNA biopsy, pre-treatment",Reanalyzed by: GSE205568,Public on Sep 15 2010,Feb 10 2010,Jun 06 2022
GSE20271,GSM508021,breast cancer SPAIN49,"breast cancer FNA biopsy, pre-treatment",Homo sapiens,GPL96,"Gene expression data from breast cancer FNA biopsy, pre-treatment",Reanalyzed by: GSE205568,Public on Sep 15 2010,Feb 10 2010,Jun 06 2022
GSE20271,GSM508022,breast cancer SPAIN21,"breast cancer FNA biopsy, pre-treatment",Homo sapiens,GPL96,"Gene expression data from breast cancer FNA biopsy, pre-treatment",Reanalyzed by: GSE205568,Public on Sep 15 2010,Feb 10 2010,Jun 06 2022
GSE20271,GSM508023,breast cancer SPAIN42,"breast cancer FNA biopsy, pre-treatment",Homo sapiens,GPL96,"Gene expression data from breast cancer FNA biopsy, pre-treatment",Reanalyzed by: GSE205568,Public on Sep 15 2010,Feb 10 2010,Jun 06 2022
GSE20271,GSM508024,breast cancer PERU16-18,"breast cancer FNA biopsy, pre-treatment",Homo sapiens,GPL96,"Gene expression data from breast cancer FNA biopsy, pre-treatment",Reanalyzed by: GSE205568,Public on Sep 15 2010,Feb 10 2010,Jun 06 2022
GSE20271,GSM508025,breast cancer 713,"breast cancer FNA biopsy, pre-treatment",Homo sapiens,GPL96,"Gene expression data from breast cancer FNA biopsy, pre-treatment",Reanalyzed by: GSE205568,Public on Sep 15 2010,Feb 10 2010,Jun 06 2022
GSE20271,GSM508026,breast cancer 400,"breast cancer FNA biopsy, pre-treatment",Homo sapiens,GPL96,"Gene expression data from breast cancer FNA biopsy, pre-treatment",Reanalyzed by: GSE205568,Public on Sep 15 2010,Feb 10 2010,Jun 06 2022
GSE20271,GSM508027,breast cancer 725,"breast cancer FNA biopsy, pre-treatment",Homo sapiens,GPL96,"Gene expression data from breast cancer FNA biopsy, pre-treatment",Reanalyzed by: GSE205568,Public on Sep 15 2010,Feb 10 2010,Jun 06 2022
GSE20271,GSM508028,breast cancer 338,"breast cancer FNA biopsy, pre-treatment",Homo sapiens,GPL96,"Gene expression data from breast cancer FNA biopsy, pre-treatment",Reanalyzed by: GSE205568,Public on Sep 15 2010,Feb 10 2010,Jun 06 2022
GSE20271,GSM508029,breast cancer 439,"breast cancer FNA biopsy, pre-treatment",Homo sapiens,GPL96,"Gene expression data from breast cancer FNA biopsy, pre-treatment",Reanalyzed by: GSE205568,Public on Sep 15 2010,Feb 10 2010,Jun 06 2022
GSE20271,GSM508030,breast cancer 378,"breast cancer FNA biopsy, pre-treatment",Homo sapiens,GPL96,"Gene expression data from breast cancer FNA biopsy, pre-treatment",Reanalyzed by: GSE205568,Public on Sep 15 2010,Feb 10 2010,Jun 06 2022
GSE20271,GSM508031,breast cancer 380,"breast cancer FNA biopsy, pre-treatment",Homo sapiens,GPL96,"Gene expression data from breast cancer FNA biopsy, pre-treatment",Reanalyzed by: GSE205568,Public on Sep 15 2010,Feb 10 2010,Jun 06 2022
GSE20271,GSM508032,breast cancer 466,"breast cancer FNA biopsy, pre-treatment",Homo sapiens,GPL96,"Gene expression data from breast cancer FNA biopsy, pre-treatment",Reanalyzed by: GSE205568,Public on Sep 15 2010,Feb 10 2010,Jun 06 2022
GSE20271,GSM508033,breast cancer PERU13-15,"breast cancer FNA biopsy, pre-treatment",Homo sapiens,GPL96,"Gene expression data from breast cancer FNA biopsy, pre-treatment",Reanalyzed by: GSE205568,Public on Sep 15 2010,Feb 10 2010,Jun 06 2022
GSE20271,GSM508034,breast cancer PERU25,"breast cancer FNA biopsy, pre-treatment",Homo sapiens,GPL96,"Gene expression data from breast cancer FNA biopsy, pre-treatment",Reanalyzed by: GSE205568,Public on Sep 15 2010,Feb 10 2010,Jun 06 2022
GSE20271,GSM508035,breast cancer LBJ038,"breast cancer FNA biopsy, pre-treatment",Homo sapiens,GPL96,"Gene expression data from breast cancer FNA biopsy, pre-treatment",Reanalyzed by: GSE205568,Public on Sep 15 2010,Feb 10 2010,Jun 06 2022
GSE20271,GSM508036,breast cancer PERU36,"breast cancer FNA biopsy, pre-treatment",Homo sapiens,GPL96,"Gene expression data from breast cancer FNA biopsy, pre-treatment",Reanalyzed by: GSE205568,Public on Sep 15 2010,Feb 10 2010,Jun 06 2022
GSE20271,GSM508037,breast cancer PERU50,"breast cancer FNA biopsy, pre-treatment",Homo sapiens,GPL96,"Gene expression data from breast cancer FNA biopsy, pre-treatment",Reanalyzed by: GSE205568,Public on Sep 15 2010,Feb 10 2010,Jun 06 2022
GSE20271,GSM508038,breast cancer PERU41,"breast cancer FNA biopsy, pre-treatment",Homo sapiens,GPL96,"Gene expression data from breast cancer FNA biopsy, pre-treatment",Reanalyzed by: GSE205568,Public on Sep 15 2010,Feb 10 2010,Jun 06 2022
GSE20271,GSM508039,breast cancer 631,"breast cancer FNA biopsy, pre-treatment",Homo sapiens,GPL96,"Gene expression data from breast cancer FNA biopsy, pre-treatment",Reanalyzed by: GSE205568,Public on Sep 15 2010,Feb 10 2010,Jun 06 2022
GSE20271,GSM508040,breast cancer 595,"breast cancer FNA biopsy, pre-treatment",Homo sapiens,GPL96,"Gene expression data from breast cancer FNA biopsy, pre-treatment",Reanalyzed by: GSE205568,Public on Sep 15 2010,Feb 10 2010,Jun 06 2022
GSE20271,GSM508041,breast cancer 539,"breast cancer FNA biopsy, pre-treatment",Homo sapiens,GPL96,"Gene expression data from breast cancer FNA biopsy, pre-treatment",Reanalyzed by: GSE205568,Public on Sep 15 2010,Feb 10 2010,Jun 06 2022
GSE20271,GSM508042,breast cancer LBJ016,"breast cancer FNA biopsy, pre-treatment",Homo sapiens,GPL96,"Gene expression data from breast cancer FNA biopsy, pre-treatment",Reanalyzed by: GSE205568,Public on Sep 15 2010,Feb 10 2010,Jun 06 2022
GSE20271,GSM508043,breast cancer 572,"breast cancer FNA biopsy, pre-treatment",Homo sapiens,GPL96,"Gene expression data from breast cancer FNA biopsy, pre-treatment",Reanalyzed by: GSE205568,Public on Sep 15 2010,Feb 10 2010,Jun 06 2022
GSE20271,GSM508044,breast cancer PERU38,"breast cancer FNA biopsy, pre-treatment",Homo sapiens,GPL96,"Gene expression data from breast cancer FNA biopsy, pre-treatment",Reanalyzed by: GSE205568,Public on Sep 15 2010,Feb 10 2010,Jun 06 2022
GSE20271,GSM508045,breast cancer PERU73,"breast cancer FNA biopsy, pre-treatment",Homo sapiens,GPL96,"Gene expression data from breast cancer FNA biopsy, pre-treatment",Reanalyzed by: GSE205568,Public on Sep 15 2010,Feb 10 2010,Jun 06 2022
GSE20271,GSM508046,breast cancer PERU72,"breast cancer FNA biopsy, pre-treatment",Homo sapiens,GPL96,"Gene expression data from breast cancer FNA biopsy, pre-treatment",Reanalyzed by: GSE205568,Public on Sep 15 2010,Feb 10 2010,Jun 06 2022
GSE20271,GSM508047,breast cancer PERU44,"breast cancer FNA biopsy, pre-treatment",Homo sapiens,GPL96,"Gene expression data from breast cancer FNA biopsy, pre-treatment",Reanalyzed by: GSE205568,Public on Sep 15 2010,Feb 10 2010,Jun 06 2022
GSE20271,GSM508048,breast cancer PERU57,"breast cancer FNA biopsy, pre-treatment",Homo sapiens,GPL96,"Gene expression data from breast cancer FNA biopsy, pre-treatment",Reanalyzed by: GSE205568,Public on Sep 15 2010,Feb 10 2010,Jun 06 2022
GSE20271,GSM508049,breast cancer PERU55,"breast cancer FNA biopsy, pre-treatment",Homo sapiens,GPL96,"Gene expression data from breast cancer FNA biopsy, pre-treatment",Reanalyzed by: GSE205568,Public on Sep 15 2010,Feb 10 2010,Jun 06 2022
GSE20271,GSM508050,breast cancer PERU69,"breast cancer FNA biopsy, pre-treatment",Homo sapiens,GPL96,"Gene expression data from breast cancer FNA biopsy, pre-treatment",Reanalyzed by: GSE205568,Public on Sep 15 2010,Feb 10 2010,Jun 06 2022
GSE20271,GSM508051,breast cancer PERU27,"breast cancer FNA biopsy, pre-treatment",Homo sapiens,GPL96,"Gene expression data from breast cancer FNA biopsy, pre-treatment",Reanalyzed by: GSE205568,Public on Sep 15 2010,Feb 10 2010,Jun 06 2022
GSE20271,GSM508052,breast cancer PERU45,"breast cancer FNA biopsy, pre-treatment",Homo sapiens,GPL96,"Gene expression data from breast cancer FNA biopsy, pre-treatment",Reanalyzed by: GSE205568,Public on Sep 15 2010,Feb 10 2010,Jun 06 2022
GSE20271,GSM508053,breast cancer PERU61,"breast cancer FNA biopsy, pre-treatment",Homo sapiens,GPL96,"Gene expression data from breast cancer FNA biopsy, pre-treatment",Reanalyzed by: GSE205568,Public on Sep 15 2010,Feb 10 2010,Jun 06 2022
GSE20271,GSM508054,breast cancer PERU53,"breast cancer FNA biopsy, pre-treatment",Homo sapiens,GPL96,"Gene expression data from breast cancer FNA biopsy, pre-treatment",Reanalyzed by: GSE205568,Public on Sep 15 2010,Feb 10 2010,Jun 06 2022
GSE20271,GSM508055,breast cancer PERU05,"breast cancer FNA biopsy, pre-treatment",Homo sapiens,GPL96,"Gene expression data from breast cancer FNA biopsy, pre-treatment",Reanalyzed by: GSE205568,Public on Sep 15 2010,Feb 10 2010,Jun 06 2022
GSE20271,GSM508056,breast cancer PERU08,"breast cancer FNA biopsy, pre-treatment",Homo sapiens,GPL96,"Gene expression data from breast cancer FNA biopsy, pre-treatment",Reanalyzed by: GSE205568,Public on Sep 15 2010,Feb 10 2010,Jun 06 2022
GSE20271,GSM508057,breast cancer PERU02,"breast cancer FNA biopsy, pre-treatment",Homo sapiens,GPL96,"Gene expression data from breast cancer FNA biopsy, pre-treatment",Reanalyzed by: GSE205568,Public on Sep 15 2010,Feb 10 2010,Jun 06 2022
GSE20271,GSM508058,breast cancer PERU51,"breast cancer FNA biopsy, pre-treatment",Homo sapiens,GPL96,"Gene expression data from breast cancer FNA biopsy, pre-treatment",Reanalyzed by: GSE205568,Public on Sep 15 2010,Feb 10 2010,Jun 06 2022
GSE20271,GSM508059,breast cancer PERU21,"breast cancer FNA biopsy, pre-treatment",Homo sapiens,GPL96,"Gene expression data from breast cancer FNA biopsy, pre-treatment",Reanalyzed by: GSE205568,Public on Sep 15 2010,Feb 10 2010,Jun 06 2022
GSE20271,GSM508060,breast cancer MEXICO18,"breast cancer FNA biopsy, pre-treatment",Homo sapiens,GPL96,"Gene expression data from breast cancer FNA biopsy, pre-treatment",Reanalyzed by: GSE205568,Public on Sep 15 2010,Feb 10 2010,Jun 06 2022
GSE20271,GSM508061,breast cancer MEXICO15,"breast cancer FNA biopsy, pre-treatment",Homo sapiens,GPL96,"Gene expression data from breast cancer FNA biopsy, pre-treatment",Reanalyzed by: GSE205568,Public on Sep 15 2010,Feb 10 2010,Jun 06 2022
GSE20271,GSM508062,breast cancer MEXICO10,"breast cancer FNA biopsy, pre-treatment",Homo sapiens,GPL96,"Gene expression data from breast cancer FNA biopsy, pre-treatment",Reanalyzed by: GSE205568,Public on Sep 15 2010,Feb 10 2010,Jun 06 2022
GSE20271,GSM508063,breast cancer MEXICO2,"breast cancer FNA biopsy, pre-treatment",Homo sapiens,GPL96,"Gene expression data from breast cancer FNA biopsy, pre-treatment",Reanalyzed by: GSE205568,Public on Sep 15 2010,Feb 10 2010,Jun 06 2022
GSE20271,GSM508064,breast cancer MEXICO12,"breast cancer FNA biopsy, pre-treatment",Homo sapiens,GPL96,"Gene expression data from breast cancer FNA biopsy, pre-treatment",Reanalyzed by: GSE205568,Public on Sep 15 2010,Feb 10 2010,Jun 06 2022
GSE20271,GSM508065,breast cancer PERU75,"breast cancer FNA biopsy, pre-treatment",Homo sapiens,GPL96,"Gene expression data from breast cancer FNA biopsy, pre-treatment",Reanalyzed by: GSE205568,Public on Sep 15 2010,Feb 10 2010,Jun 06 2022
GSE20271,GSM508066,breast cancer PERU22,"breast cancer FNA biopsy, pre-treatment",Homo sapiens,GPL96,"Gene expression data from breast cancer FNA biopsy, pre-treatment",Reanalyzed by: GSE205568,Public on Sep 15 2010,Feb 10 2010,Jun 06 2022
GSE20271,GSM508067,breast cancer LBJ043,"breast cancer FNA biopsy, pre-treatment",Homo sapiens,GPL96,"Gene expression data from breast cancer FNA biopsy, pre-treatment",Reanalyzed by: GSE205568,Public on Sep 15 2010,Feb 10 2010,Jun 06 2022
GSE20271,GSM508068,breast cancer PERU43,"breast cancer FNA biopsy, pre-treatment",Homo sapiens,GPL96,"Gene expression data from breast cancer FNA biopsy, pre-treatment",Reanalyzed by: GSE205568,Public on Sep 15 2010,Feb 10 2010,Jun 06 2022
GSE20271,GSM508069,breast cancer PERU49,"breast cancer FNA biopsy, pre-treatment",Homo sapiens,GPL96,"Gene expression data from breast cancer FNA biopsy, pre-treatment",Reanalyzed by: GSE205568,Public on Sep 15 2010,Feb 10 2010,Jun 06 2022
GSE20271,GSM508070,breast cancer PERU15-17,"breast cancer FNA biopsy, pre-treatment",Homo sapiens,GPL96,"Gene expression data from breast cancer FNA biopsy, pre-treatment",Reanalyzed by: GSE205568,Public on Sep 15 2010,Feb 10 2010,Jun 06 2022
GSE20271,GSM508071,breast cancer SPAIN34,"breast cancer FNA biopsy, pre-treatment",Homo sapiens,GPL96,"Gene expression data from breast cancer FNA biopsy, pre-treatment",Reanalyzed by: GSE205568,Public on Sep 15 2010,Feb 10 2010,Jun 06 2022
GSE20271,GSM508072,breast cancer SPAIN5,"breast cancer FNA biopsy, pre-treatment",Homo sapiens,GPL96,"Gene expression data from breast cancer FNA biopsy, pre-treatment",Reanalyzed by: GSE205568,Public on Sep 15 2010,Feb 10 2010,Jun 06 2022
GSE20271,GSM508073,breast cancer SPAIN9,"breast cancer FNA biopsy, pre-treatment",Homo sapiens,GPL96,"Gene expression data from breast cancer FNA biopsy, pre-treatment",Reanalyzed by: GSE205568,Public on Sep 15 2010,Feb 10 2010,Jun 06 2022
GSE20271,GSM508074,breast cancer SPAIN1,"breast cancer FNA biopsy, pre-treatment",Homo sapiens,GPL96,"Gene expression data from breast cancer FNA biopsy, pre-treatment",Reanalyzed by: GSE205568,Public on Sep 15 2010,Feb 10 2010,Jun 06 2022
GSE20271,GSM508075,breast cancer SPAIN59,"breast cancer FNA biopsy, pre-treatment",Homo sapiens,GPL96,"Gene expression data from breast cancer FNA biopsy, pre-treatment",Reanalyzed by: GSE205568,Public on Sep 15 2010,Feb 10 2010,Jun 06 2022
GSE20271,GSM508076,breast cancer SPAIN38,"breast cancer FNA biopsy, pre-treatment",Homo sapiens,GPL96,"Gene expression data from breast cancer FNA biopsy, pre-treatment",Reanalyzed by: GSE205568,Public on Sep 15 2010,Feb 10 2010,Jun 06 2022
GSE20271,GSM508077,breast cancer SPAIN39,"breast cancer FNA biopsy, pre-treatment",Homo sapiens,GPL96,"Gene expression data from breast cancer FNA biopsy, pre-treatment",Reanalyzed by: GSE205568,Public on Sep 15 2010,Feb 10 2010,Jun 06 2022
GSE20271,GSM508078,breast cancer SPAIN40,"breast cancer FNA biopsy, pre-treatment",Homo sapiens,GPL96,"Gene expression data from breast cancer FNA biopsy, pre-treatment",Reanalyzed by: GSE205568,Public on Sep 15 2010,Feb 10 2010,Jun 06 2022
GSE20271,GSM508079,breast cancer 444,"breast cancer FNA biopsy, pre-treatment",Homo sapiens,GPL96,"Gene expression data from breast cancer FNA biopsy, pre-treatment",Reanalyzed by: GSE205568,Public on Sep 15 2010,Feb 10 2010,Jun 06 2022
GSE20271,GSM508080,breast cancer 633,"breast cancer FNA biopsy, pre-treatment",Homo sapiens,GPL96,"Gene expression data from breast cancer FNA biopsy, pre-treatment",Reanalyzed by: GSE205568,Public on Sep 15 2010,Feb 10 2010,Jun 06 2022
GSE20271,GSM508081,breast cancer 349,"breast cancer FNA biopsy, pre-treatment",Homo sapiens,GPL96,"Gene expression data from breast cancer FNA biopsy, pre-treatment",Reanalyzed by: GSE205568,Public on Sep 15 2010,Feb 10 2010,Jun 06 2022
GSE20271,GSM508082,breast cancer 632,"breast cancer FNA biopsy, pre-treatment",Homo sapiens,GPL96,"Gene expression data from breast cancer FNA biopsy, pre-treatment",Reanalyzed by: GSE205568,Public on Sep 15 2010,Feb 10 2010,Jun 06 2022
GSE20271,GSM508083,breast cancer 629,"breast cancer FNA biopsy, pre-treatment",Homo sapiens,GPL96,"Gene expression data from breast cancer FNA biopsy, pre-treatment",Reanalyzed by: GSE205568,Public on Sep 15 2010,Feb 10 2010,Jun 06 2022
GSE20271,GSM508084,breast cancer 604,"breast cancer FNA biopsy, pre-treatment",Homo sapiens,GPL96,"Gene expression data from breast cancer FNA biopsy, pre-treatment",Reanalyzed by: GSE205568,Public on Sep 15 2010,Feb 10 2010,Jun 06 2022
GSE20271,GSM508085,breast cancer 570,"breast cancer FNA biopsy, pre-treatment",Homo sapiens,GPL96,"Gene expression data from breast cancer FNA biopsy, pre-treatment",Reanalyzed by: GSE205568,Public on Sep 15 2010,Feb 10 2010,Jun 06 2022
GSE20271,GSM508086,breast cancer PERU77,"breast cancer FNA biopsy, pre-treatment",Homo sapiens,GPL96,"Gene expression data from breast cancer FNA biopsy, pre-treatment",Reanalyzed by: GSE205568,Public on Sep 15 2010,Feb 10 2010,Jun 06 2022
GSE20271,GSM508087,breast cancer 622,"breast cancer FNA biopsy, pre-treatment",Homo sapiens,GPL96,"Gene expression data from breast cancer FNA biopsy, pre-treatment",Reanalyzed by: GSE205568,Public on Sep 15 2010,Feb 10 2010,Jun 06 2022
GSE20271,GSM508088,breast cancer 702,"breast cancer FNA biopsy, pre-treatment",Homo sapiens,GPL96,"Gene expression data from breast cancer FNA biopsy, pre-treatment",Reanalyzed by: GSE205568,Public on Sep 15 2010,Feb 10 2010,Jun 06 2022
GSE20271,GSM508089,breast cancer 694,"breast cancer FNA biopsy, pre-treatment",Homo sapiens,GPL96,"Gene expression data from breast cancer FNA biopsy, pre-treatment",Reanalyzed by: GSE205568,Public on Sep 15 2010,Feb 10 2010,Jun 06 2022
GSE20271,GSM508090,breast cancer 414,"breast cancer FNA biopsy, pre-treatment",Homo sapiens,GPL96,"Gene expression data from breast cancer FNA biopsy, pre-treatment",Reanalyzed by: GSE205568,Public on Sep 15 2010,Feb 10 2010,Jun 06 2022
GSE20271,GSM508091,breast cancer 521,"breast cancer FNA biopsy, pre-treatment",Homo sapiens,GPL96,"Gene expression data from breast cancer FNA biopsy, pre-treatment",Reanalyzed by: GSE205568,Public on Sep 15 2010,Feb 10 2010,Jun 06 2022
GSE20271,GSM508092,breast cancer 461,"breast cancer FNA biopsy, pre-treatment",Homo sapiens,GPL96,"Gene expression data from breast cancer FNA biopsy, pre-treatment",Reanalyzed by: GSE205568,Public on Sep 15 2010,Feb 10 2010,Jun 06 2022
GSE20271,GSM508093,breast cancer 369,"breast cancer FNA biopsy, pre-treatment",Homo sapiens,GPL96,"Gene expression data from breast cancer FNA biopsy, pre-treatment",Reanalyzed by: GSE205568,Public on Sep 15 2010,Feb 10 2010,Jun 06 2022
GSE20271,GSM508094,breast cancer 536,"breast cancer FNA biopsy, pre-treatment",Homo sapiens,GPL96,"Gene expression data from breast cancer FNA biopsy, pre-treatment",Reanalyzed by: GSE205568,Public on Sep 15 2010,Feb 10 2010,Jun 06 2022
GSE20271,GSM508095,breast cancer 680,"breast cancer FNA biopsy, pre-treatment",Homo sapiens,GPL96,"Gene expression data from breast cancer FNA biopsy, pre-treatment",Reanalyzed by: GSE205568,Public on Sep 15 2010,Feb 10 2010,Jun 06 2022
GSE20271,GSM508096,breast cancer 705,"breast cancer FNA biopsy, pre-treatment",Homo sapiens,GPL96,"Gene expression data from breast cancer FNA biopsy, pre-treatment",Reanalyzed by: GSE205568,Public on Sep 15 2010,Feb 10 2010,Jun 06 2022
GSE20271,GSM508097,breast cancer 703,"breast cancer FNA biopsy, pre-treatment",Homo sapiens,GPL96,"Gene expression data from breast cancer FNA biopsy, pre-treatment",Reanalyzed by: GSE205568,Public on Sep 15 2010,Feb 10 2010,Jun 06 2022
GSE20271,GSM508098,breast cancer 755,"breast cancer FNA biopsy, pre-treatment",Homo sapiens,GPL96,"Gene expression data from breast cancer FNA biopsy, pre-treatment",Reanalyzed by: GSE205568,Public on Sep 15 2010,Feb 10 2010,Jun 06 2022
GSE20271,GSM508099,breast cancer SPAIN47,"breast cancer FNA biopsy, pre-treatment",Homo sapiens,GPL96,"Gene expression data from breast cancer FNA biopsy, pre-treatment",Reanalyzed by: GSE205568,Public on Sep 15 2010,Feb 10 2010,Jun 06 2022
GSE20271,GSM508100,breast cancer SPAIN7,"breast cancer FNA biopsy, pre-treatment",Homo sapiens,GPL96,"Gene expression data from breast cancer FNA biopsy, pre-treatment",Reanalyzed by: GSE205568,Public on Sep 15 2010,Feb 10 2010,Jun 06 2022
GSE20271,GSM508101,breast cancer SPAIN25,"breast cancer FNA biopsy, pre-treatment",Homo sapiens,GPL96,"Gene expression data from breast cancer FNA biopsy, pre-treatment",Reanalyzed by: GSE205568,Public on Sep 15 2010,Feb 10 2010,Jun 06 2022
GSE20271,GSM508102,breast cancer SPAIN18,"breast cancer FNA biopsy, pre-treatment",Homo sapiens,GPL96,"Gene expression data from breast cancer FNA biopsy, pre-treatment",Reanalyzed by: GSE205568,Public on Sep 15 2010,Feb 10 2010,Jun 06 2022
GSE20271,GSM508103,breast cancer SPAIN57,"breast cancer FNA biopsy, pre-treatment",Homo sapiens,GPL96,"Gene expression data from breast cancer FNA biopsy, pre-treatment",Reanalyzed by: GSE205568,Public on Sep 15 2010,Feb 10 2010,Jun 06 2022
GSE20271,GSM508104,breast cancer SPAIN48,"breast cancer FNA biopsy, pre-treatment",Homo sapiens,GPL96,"Gene expression data from breast cancer FNA biopsy, pre-treatment",Reanalyzed by: GSE205568,Public on Sep 15 2010,Feb 10 2010,Jun 06 2022
GSE20271,GSM508105,breast cancer SPAIN45,"breast cancer FNA biopsy, pre-treatment",Homo sapiens,GPL96,"Gene expression data from breast cancer FNA biopsy, pre-treatment",Reanalyzed by: GSE205568,Public on Sep 15 2010,Feb 10 2010,Jun 06 2022
GSE20271,GSM508106,breast cancer SPAIN53,"breast cancer FNA biopsy, pre-treatment",Homo sapiens,GPL96,"Gene expression data from breast cancer FNA biopsy, pre-treatment",Reanalyzed by: GSE205568,Public on Sep 15 2010,Feb 10 2010,Jun 06 2022
GSE20271,GSM508107,breast cancer SPAIN27,"breast cancer FNA biopsy, pre-treatment",Homo sapiens,GPL96,"Gene expression data from breast cancer FNA biopsy, pre-treatment",Reanalyzed by: GSE205568,Public on Sep 15 2010,Feb 10 2010,Jun 06 2022
GSE20271,GSM508108,breast cancer SPAIN14,"breast cancer FNA biopsy, pre-treatment",Homo sapiens,GPL96,"Gene expression data from breast cancer FNA biopsy, pre-treatment",Reanalyzed by: GSE205568,Public on Sep 15 2010,Feb 10 2010,Jun 06 2022
GSE20271,GSM508109,breast cancer SPAIN60,"breast cancer FNA biopsy, pre-treatment",Homo sapiens,GPL96,"Gene expression data from breast cancer FNA biopsy, pre-treatment",Reanalyzed by: GSE205568,Public on Sep 15 2010,Feb 10 2010,Jun 06 2022
GSE20271,GSM508110,breast cancer SPAIN13,"breast cancer FNA biopsy, pre-treatment",Homo sapiens,GPL96,"Gene expression data from breast cancer FNA biopsy, pre-treatment",Reanalyzed by: GSE205568,Public on Sep 15 2010,Feb 10 2010,Jun 06 2022
GSE20271,GSM508111,breast cancer SPAIN4,"breast cancer FNA biopsy, pre-treatment",Homo sapiens,GPL96,"Gene expression data from breast cancer FNA biopsy, pre-treatment",Reanalyzed by: GSE205568,Public on Sep 15 2010,Feb 10 2010,Jun 06 2022
GSE20271,GSM508112,breast cancer SPAIN46,"breast cancer FNA biopsy, pre-treatment",Homo sapiens,GPL96,"Gene expression data from breast cancer FNA biopsy, pre-treatment",Reanalyzed by: GSE205568,Public on Sep 15 2010,Feb 10 2010,Jun 06 2022
GSE20271,GSM508113,breast cancer SPAIN16,"breast cancer FNA biopsy, pre-treatment",Homo sapiens,GPL96,"Gene expression data from breast cancer FNA biopsy, pre-treatment",Reanalyzed by: GSE205568,Public on Sep 15 2010,Feb 10 2010,Jun 06 2022
GSE20271,GSM508114,breast cancer 443,"breast cancer FNA biopsy, pre-treatment",Homo sapiens,GPL96,"Gene expression data from breast cancer FNA biopsy, pre-treatment",Reanalyzed by: GSE205568,Public on Sep 15 2010,Feb 10 2010,Jun 06 2022
GSE20271,GSM508115,breast cancer 331,"breast cancer FNA biopsy, pre-treatment",Homo sapiens,GPL96,"Gene expression data from breast cancer FNA biopsy, pre-treatment",Reanalyzed by: GSE205568,Public on Sep 15 2010,Feb 10 2010,Jun 06 2022
GSE20271,GSM508116,breast cancer 485,"breast cancer FNA biopsy, pre-treatment",Homo sapiens,GPL96,"Gene expression data from breast cancer FNA biopsy, pre-treatment",Reanalyzed by: GSE205568,Public on Sep 15 2010,Feb 10 2010,Jun 06 2022
GSE20271,GSM508117,breast cancer 565,"breast cancer FNA biopsy, pre-treatment",Homo sapiens,GPL96,"Gene expression data from breast cancer FNA biopsy, pre-treatment",Reanalyzed by: GSE205568,Public on Sep 15 2010,Feb 10 2010,Jun 06 2022
GSE20271,GSM508118,breast cancer 332,"breast cancer FNA biopsy, pre-treatment",Homo sapiens,GPL96,"Gene expression data from breast cancer FNA biopsy, pre-treatment",Reanalyzed by: GSE205568,Public on Sep 15 2010,Feb 10 2010,Jun 06 2022
GSE20271,GSM508119,breast cancer 423,"breast cancer FNA biopsy, pre-treatment",Homo sapiens,GPL96,"Gene expression data from breast cancer FNA biopsy, pre-treatment",Reanalyzed by: GSE205568,Public on Sep 15 2010,Feb 10 2010,Jun 06 2022
GSE20271,GSM508120,breast cancer PERU07,"breast cancer FNA biopsy, pre-treatment",Homo sapiens,GPL96,"Gene expression data from breast cancer FNA biopsy, pre-treatment",Reanalyzed by: GSE205568,Public on Sep 15 2010,Feb 10 2010,Jun 06 2022
GSE20271,GSM508121,breast cancer PERU09,"breast cancer FNA biopsy, pre-treatment",Homo sapiens,GPL96,"Gene expression data from breast cancer FNA biopsy, pre-treatment",Reanalyzed by: GSE205568,Public on Sep 15 2010,Feb 10 2010,Jun 06 2022
GSE20271,GSM508122,breast cancer PERU01,"breast cancer FNA biopsy, pre-treatment",Homo sapiens,GPL96,"Gene expression data from breast cancer FNA biopsy, pre-treatment",Reanalyzed by: GSE205568,Public on Sep 15 2010,Feb 10 2010,Jun 06 2022
GSE20271,GSM508123,breast cancer 323,"breast cancer FNA biopsy, pre-treatment",Homo sapiens,GPL96,"Gene expression data from breast cancer FNA biopsy, pre-treatment",Reanalyzed by: GSE205568,Public on Sep 15 2010,Feb 10 2010,Jun 06 2022
GSE20271,GSM508124,breast cancer 343,"breast cancer FNA biopsy, pre-treatment",Homo sapiens,GPL96,"Gene expression data from breast cancer FNA biopsy, pre-treatment",Reanalyzed by: GSE205568,Public on Sep 15 2010,Feb 10 2010,Jun 06 2022
GSE20271,GSM508125,breast cancer 365,"breast cancer FNA biopsy, pre-treatment",Homo sapiens,GPL96,"Gene expression data from breast cancer FNA biopsy, pre-treatment",Reanalyzed by: GSE205568,Public on Sep 15 2010,Feb 10 2010,Jun 06 2022
GSE20271,GSM508126,breast cancer 385,"breast cancer FNA biopsy, pre-treatment",Homo sapiens,GPL96,"Gene expression data from breast cancer FNA biopsy, pre-treatment",Reanalyzed by: GSE205568,Public on Sep 15 2010,Feb 10 2010,Jun 06 2022
GSE20271,GSM508127,breast cancer PERU12-14,"breast cancer FNA biopsy, pre-treatment",Homo sapiens,GPL96,"Gene expression data from breast cancer FNA biopsy, pre-treatment",Reanalyzed by: GSE205568,Public on Sep 15 2010,Feb 10 2010,Jun 06 2022
GSE20271,GSM508128,breast cancer 107,"breast cancer FNA biopsy, pre-treatment",Homo sapiens,GPL96,"Gene expression data from breast cancer FNA biopsy, pre-treatment",Reanalyzed by: GSE205568,Public on Sep 15 2010,Feb 10 2010,Jun 06 2022
GSE20271,GSM508129,breast cancer 315,"breast cancer FNA biopsy, pre-treatment",Homo sapiens,GPL96,"Gene expression data from breast cancer FNA biopsy, pre-treatment",Reanalyzed by: GSE205568,Public on Sep 15 2010,Feb 10 2010,Jun 06 2022
GSE20271,GSM508130,breast cancer 399,"breast cancer FNA biopsy, pre-treatment",Homo sapiens,GPL96,"Gene expression data from breast cancer FNA biopsy, pre-treatment",Reanalyzed by: GSE205568,Public on Sep 15 2010,Feb 10 2010,Jun 06 2022
GSE20271,GSM508131,breast cancer 374,"breast cancer FNA biopsy, pre-treatment",Homo sapiens,GPL96,"Gene expression data from breast cancer FNA biopsy, pre-treatment",Reanalyzed by: GSE205568,Public on Sep 15 2010,Feb 10 2010,Jun 06 2022
GSE20271,GSM508132,breast cancer 647,"breast cancer FNA biopsy, pre-treatment",Homo sapiens,GPL96,"Gene expression data from breast cancer FNA biopsy, pre-treatment",Reanalyzed by: GSE205568,Public on Sep 15 2010,Feb 10 2010,Jun 06 2022
GSE20271,GSM508133,breast cancer 384,"breast cancer FNA biopsy, pre-treatment",Homo sapiens,GPL96,"Gene expression data from breast cancer FNA biopsy, pre-treatment",Reanalyzed by: GSE205568,Public on Sep 15 2010,Feb 10 2010,Jun 06 2022
GSE20271,GSM508134,breast cancer 588,"breast cancer FNA biopsy, pre-treatment",Homo sapiens,GPL96,"Gene expression data from breast cancer FNA biopsy, pre-treatment",Reanalyzed by: GSE205568,Public on Sep 15 2010,Feb 10 2010,Jun 06 2022
GSE20271,GSM508135,breast cancer PERU17-19,"breast cancer FNA biopsy, pre-treatment",Homo sapiens,GPL96,"Gene expression data from breast cancer FNA biopsy, pre-treatment",Reanalyzed by: GSE205568,Public on Sep 15 2010,Feb 10 2010,Jun 06 2022
GSE20271,GSM508136,breast cancer PERU37,"breast cancer FNA biopsy, pre-treatment",Homo sapiens,GPL96,"Gene expression data from breast cancer FNA biopsy, pre-treatment",Reanalyzed by: GSE205568,Public on Sep 15 2010,Feb 10 2010,Jun 06 2022
GSE20271,GSM508137,breast cancer PERU23,"breast cancer FNA biopsy, pre-treatment",Homo sapiens,GPL96,"Gene expression data from breast cancer FNA biopsy, pre-treatment",Reanalyzed by: GSE205568,Public on Sep 15 2010,Feb 10 2010,Jun 06 2022
GSE20271,GSM508138,breast cancer PERU52,"breast cancer FNA biopsy, pre-treatment",Homo sapiens,GPL96,"Gene expression data from breast cancer FNA biopsy, pre-treatment",Reanalyzed by: GSE205568,Public on Sep 15 2010,Feb 10 2010,Jun 06 2022
GSE20271,GSM508139,breast cancer 673,"breast cancer FNA biopsy, pre-treatment",Homo sapiens,GPL96,"Gene expression data from breast cancer FNA biopsy, pre-treatment",Reanalyzed by: GSE205568,Public on Sep 15 2010,Feb 10 2010,Jun 06 2022
GSE20271,GSM508140,breast cancer PERU26,"breast cancer FNA biopsy, pre-treatment",Homo sapiens,GPL96,"Gene expression data from breast cancer FNA biopsy, pre-treatment",Reanalyzed by: GSE205568,Public on Sep 15 2010,Feb 10 2010,Jun 06 2022
GSE20271,GSM508141,breast cancer MEXICO3,"breast cancer FNA biopsy, pre-treatment",Homo sapiens,GPL96,"Gene expression data from breast cancer FNA biopsy, pre-treatment",Reanalyzed by: GSE205568,Public on Sep 15 2010,Feb 10 2010,Jun 06 2022
GSE20271,GSM508142,breast cancer PERU28,"breast cancer FNA biopsy, pre-treatment",Homo sapiens,GPL96,"Gene expression data from breast cancer FNA biopsy, pre-treatment",Reanalyzed by: GSE205568,Public on Sep 15 2010,Feb 10 2010,Jun 06 2022
GSE20271,GSM508143,breast cancer PERU66,"breast cancer FNA biopsy, pre-treatment",Homo sapiens,GPL96,"Gene expression data from breast cancer FNA biopsy, pre-treatment",Reanalyzed by: GSE205568,Public on Sep 15 2010,Feb 10 2010,Jun 06 2022
GSE20271,GSM508144,breast cancer PERU48,"breast cancer FNA biopsy, pre-treatment",Homo sapiens,GPL96,"Gene expression data from breast cancer FNA biopsy, pre-treatment",Reanalyzed by: GSE205568,Public on Sep 15 2010,Feb 10 2010,Jun 06 2022
GSE20271,GSM508145,breast cancer PERU42,"breast cancer FNA biopsy, pre-treatment",Homo sapiens,GPL96,"Gene expression data from breast cancer FNA biopsy, pre-treatment",Reanalyzed by: GSE205568,Public on Sep 15 2010,Feb 10 2010,Jun 06 2022
GSE20271,GSM508146,breast cancer PERU54,"breast cancer FNA biopsy, pre-treatment",Homo sapiens,GPL96,"Gene expression data from breast cancer FNA biopsy, pre-treatment",Reanalyzed by: GSE205568,Public on Sep 15 2010,Feb 10 2010,Jun 06 2022
GSE20271,GSM508147,breast cancer PERU40,"breast cancer FNA biopsy, pre-treatment",Homo sapiens,GPL96,"Gene expression data from breast cancer FNA biopsy, pre-treatment",Reanalyzed by: GSE205568,Public on Sep 15 2010,Feb 10 2010,Jun 06 2022
GSE20271,GSM508148,breast cancer PERU74,"breast cancer FNA biopsy, pre-treatment",Homo sapiens,GPL96,"Gene expression data from breast cancer FNA biopsy, pre-treatment",Reanalyzed by: GSE205568,Public on Sep 15 2010,Feb 10 2010,Jun 06 2022
GSE20271,GSM508149,breast cancer LBJ047,"breast cancer FNA biopsy, pre-treatment",Homo sapiens,GPL96,"Gene expression data from breast cancer FNA biopsy, pre-treatment",Reanalyzed by: GSE205568,Public on Sep 15 2010,Feb 10 2010,Jun 06 2022
GSE20271,GSM508150,breast cancer MEXICO11,"breast cancer FNA biopsy, pre-treatment",Homo sapiens,GPL96,"Gene expression data from breast cancer FNA biopsy, pre-treatment",Reanalyzed by: GSE205568,Public on Sep 15 2010,Feb 10 2010,Jun 06 2022
GSE20271,GSM508151,breast cancer MEXICO14,"breast cancer FNA biopsy, pre-treatment",Homo sapiens,GPL96,"Gene expression data from breast cancer FNA biopsy, pre-treatment",Reanalyzed by: GSE205568,Public on Sep 15 2010,Feb 10 2010,Jun 06 2022
GSE20271,GSM508152,breast cancer MEXICO17,"breast cancer FNA biopsy, pre-treatment",Homo sapiens,GPL96,"Gene expression data from breast cancer FNA biopsy, pre-treatment",Reanalyzed by: GSE205568,Public on Sep 15 2010,Feb 10 2010,Jun 06 2022
GSE20271,GSM508153,breast cancer MEXICO1,"breast cancer FNA biopsy, pre-treatment",Homo sapiens,GPL96,"Gene expression data from breast cancer FNA biopsy, pre-treatment",Reanalyzed by: GSE205568,Public on Sep 15 2010,Feb 10 2010,Jun 06 2022
GSE20271,GSM508154,breast cancer MEXICO5,"breast cancer FNA biopsy, pre-treatment",Homo sapiens,GPL96,"Gene expression data from breast cancer FNA biopsy, pre-treatment",Reanalyzed by: GSE205568,Public on Sep 15 2010,Feb 10 2010,Jun 06 2022
GSE20271,GSM508155,breast cancer MEXICO7,"breast cancer FNA biopsy, pre-treatment",Homo sapiens,GPL96,"Gene expression data from breast cancer FNA biopsy, pre-treatment",Reanalyzed by: GSE205568,Public on Sep 15 2010,Feb 10 2010,Jun 06 2022
GSE20271,GSM508156,breast cancer MEXICO6,"breast cancer FNA biopsy, pre-treatment",Homo sapiens,GPL96,"Gene expression data from breast cancer FNA biopsy, pre-treatment",Reanalyzed by: GSE205568,Public on Sep 15 2010,Feb 10 2010,Jun 06 2022
GSE20271,GSM508157,breast cancer MEXICO16,"breast cancer FNA biopsy, pre-treatment",Homo sapiens,GPL96,"Gene expression data from breast cancer FNA biopsy, pre-treatment",Reanalyzed by: GSE205568,Public on Sep 15 2010,Feb 10 2010,Jun 06 2022
GSE20271,GSM508158,breast cancer PERU56,"breast cancer FNA biopsy, pre-treatment",Homo sapiens,GPL96,"Gene expression data from breast cancer FNA biopsy, pre-treatment",Reanalyzed by: GSE205568,Public on Sep 15 2010,Feb 10 2010,Jun 06 2022
GSE20271,GSM508159,breast cancer LBJ046,"breast cancer FNA biopsy, pre-treatment",Homo sapiens,GPL96,"Gene expression data from breast cancer FNA biopsy, pre-treatment",Reanalyzed by: GSE205568,Public on Sep 15 2010,Feb 10 2010,Jun 06 2022
GSE20271,GSM508160,breast cancer PERU31,"breast cancer FNA biopsy, pre-treatment",Homo sapiens,GPL96,"Gene expression data from breast cancer FNA biopsy, pre-treatment",Reanalyzed by: GSE205568,Public on Sep 15 2010,Feb 10 2010,Jun 06 2022
GSE20271,GSM508161,breast cancer PERU60,"breast cancer FNA biopsy, pre-treatment",Homo sapiens,GPL96,"Gene expression data from breast cancer FNA biopsy, pre-treatment",Reanalyzed by: GSE205568,Public on Sep 15 2010,Feb 10 2010,Jun 06 2022
GSE20271,GSM508162,breast cancer PERU29,"breast cancer FNA biopsy, pre-treatment",Homo sapiens,GPL96,"Gene expression data from breast cancer FNA biopsy, pre-treatment",Reanalyzed by: GSE205568,Public on Sep 15 2010,Feb 10 2010,Jun 06 2022
GSE20271,GSM508163,breast cancer PERU14-16,"breast cancer FNA biopsy, pre-treatment",Homo sapiens,GPL96,"Gene expression data from breast cancer FNA biopsy, pre-treatment",Reanalyzed by: GSE205568,Public on Sep 15 2010,Feb 10 2010,Jun 06 2022
GSE20271,GSM508164,breast cancer SPAIN55,"breast cancer FNA biopsy, pre-treatment",Homo sapiens,GPL96,"Gene expression data from breast cancer FNA biopsy, pre-treatment",Reanalyzed by: GSE205568,Public on Sep 15 2010,Feb 10 2010,Jun 06 2022
GSE20271,GSM508165,breast cancer SPAIN3,"breast cancer FNA biopsy, pre-treatment",Homo sapiens,GPL96,"Gene expression data from breast cancer FNA biopsy, pre-treatment",Reanalyzed by: GSE205568,Public on Sep 15 2010,Feb 10 2010,Jun 06 2022
GSE20271,GSM508166,breast cancer SPAIN51,"breast cancer FNA biopsy, pre-treatment",Homo sapiens,GPL96,"Gene expression data from breast cancer FNA biopsy, pre-treatment",Reanalyzed by: GSE205568,Public on Sep 15 2010,Feb 10 2010,Jun 06 2022
GSE20271,GSM508167,breast cancer SPAIN12,"breast cancer FNA biopsy, pre-treatment",Homo sapiens,GPL96,"Gene expression data from breast cancer FNA biopsy, pre-treatment",Reanalyzed by: GSE205568,Public on Sep 15 2010,Feb 10 2010,Jun 06 2022
GSE20271,GSM508168,breast cancer SPAIN6,"breast cancer FNA biopsy, pre-treatment",Homo sapiens,GPL96,"Gene expression data from breast cancer FNA biopsy, pre-treatment",Reanalyzed by: GSE205568,Public on Sep 15 2010,Feb 10 2010,Jun 06 2022
GSE20271,GSM508169,breast cancer SPAIN41,"breast cancer FNA biopsy, pre-treatment",Homo sapiens,GPL96,"Gene expression data from breast cancer FNA biopsy, pre-treatment",Reanalyzed by: GSE205568,Public on Sep 15 2010,Feb 10 2010,Jun 06 2022
GSE20271,GSM508170,breast cancer 321,"breast cancer FNA biopsy, pre-treatment",Homo sapiens,GPL96,"Gene expression data from breast cancer FNA biopsy, pre-treatment",Reanalyzed by: GSE205568,Public on Sep 15 2010,Feb 10 2010,Jun 06 2022
GSE20271,GSM508171,breast cancer 382,"breast cancer FNA biopsy, pre-treatment",Homo sapiens,GPL96,"Gene expression data from breast cancer FNA biopsy, pre-treatment",Reanalyzed by: GSE205568,Public on Sep 15 2010,Feb 10 2010,Jun 06 2022
GSE20271,GSM508172,breast cancer 447,"breast cancer FNA biopsy, pre-treatment",Homo sapiens,GPL96,"Gene expression data from breast cancer FNA biopsy, pre-treatment",Reanalyzed by: GSE205568,Public on Sep 15 2010,Feb 10 2010,Jun 06 2022
GSE20271,GSM508173,breast cancer 513,"breast cancer FNA biopsy, pre-treatment",Homo sapiens,GPL96,"Gene expression data from breast cancer FNA biopsy, pre-treatment",Reanalyzed by: GSE205568,Public on Sep 15 2010,Feb 10 2010,Jun 06 2022
GSE20271,GSM508174,breast cancer 625,"breast cancer FNA biopsy, pre-treatment",Homo sapiens,GPL96,"Gene expression data from breast cancer FNA biopsy, pre-treatment",Reanalyzed by: GSE205568,Public on Sep 15 2010,Feb 10 2010,Jun 06 2022
GSE20271,GSM508175,breast cancer 340,"breast cancer FNA biopsy, pre-treatment",Homo sapiens,GPL96,"Gene expression data from breast cancer FNA biopsy, pre-treatment",Reanalyzed by: GSE205568,Public on Sep 15 2010,Feb 10 2010,Jun 06 2022
GSE20271,GSM508176,breast cancer 545,"breast cancer FNA biopsy, pre-treatment",Homo sapiens,GPL96,"Gene expression data from breast cancer FNA biopsy, pre-treatment",Reanalyzed by: GSE205568,Public on Sep 15 2010,Feb 10 2010,Jun 06 2022
GSE20271,GSM508177,breast cancer LBJ054,"breast cancer FNA biopsy, pre-treatment",Homo sapiens,GPL96,"Gene expression data from breast cancer FNA biopsy, pre-treatment",Reanalyzed by: GSE205568,Public on Sep 15 2010,Feb 10 2010,Jun 06 2022
GSE20271,GSM508178,breast cancer PERU76,"breast cancer FNA biopsy, pre-treatment",Homo sapiens,GPL96,"Gene expression data from breast cancer FNA biopsy, pre-treatment",Reanalyzed by: GSE205568,Public on Sep 15 2010,Feb 10 2010,Jun 06 2022
GSE20271,GSM508179,breast cancer LBJ082,"breast cancer FNA biopsy, pre-treatment",Homo sapiens,GPL96,"Gene expression data from breast cancer FNA biopsy, pre-treatment",Reanalyzed by: GSE205568,Public on Sep 15 2010,Feb 10 2010,Jun 06 2022
GSE20271,GSM508180,breast cancer 319,"breast cancer FNA biopsy, pre-treatment",Homo sapiens,GPL96,"Gene expression data from breast cancer FNA biopsy, pre-treatment",Reanalyzed by: GSE205568,Public on Sep 15 2010,Feb 10 2010,Jun 06 2022
GSE20271,GSM508181,breast cancer LBJ070,"breast cancer FNA biopsy, pre-treatment",Homo sapiens,GPL96,"Gene expression data from breast cancer FNA biopsy, pre-treatment",Reanalyzed by: GSE205568,Public on Sep 15 2010,Feb 10 2010,Jun 06 2022
GSE20271,GSM508182,breast cancer 718,"breast cancer FNA biopsy, pre-treatment",Homo sapiens,GPL96,"Gene expression data from breast cancer FNA biopsy, pre-treatment",Reanalyzed by: GSE205568,Public on Sep 15 2010,Feb 10 2010,Jun 06 2022
GSE20271,GSM508183,breast cancer 657,"breast cancer FNA biopsy, pre-treatment",Homo sapiens,GPL96,"Gene expression data from breast cancer FNA biopsy, pre-treatment",Reanalyzed by: GSE205568,Public on Sep 15 2010,Feb 10 2010,Jun 06 2022
GSE20271,GSM508184,breast cancer 690,"breast cancer FNA biopsy, pre-treatment",Homo sapiens,GPL96,"Gene expression data from breast cancer FNA biopsy, pre-treatment",Reanalyzed by: GSE205568,Public on Sep 15 2010,Feb 10 2010,Jun 06 2022
GSE20271,GSM508185,breast cancer 710,"breast cancer FNA biopsy, pre-treatment",Homo sapiens,GPL96,"Gene expression data from breast cancer FNA biopsy, pre-treatment",Reanalyzed by: GSE205568,Public on Sep 15 2010,Feb 10 2010,Jun 06 2022
GSE20271,GSM508186,breast cancer 685,"breast cancer FNA biopsy, pre-treatment",Homo sapiens,GPL96,"Gene expression data from breast cancer FNA biopsy, pre-treatment",Reanalyzed by: GSE205568,Public on Sep 15 2010,Feb 10 2010,Jun 06 2022
GSE20271,GSM508187,breast cancer 746,"breast cancer FNA biopsy, pre-treatment",Homo sapiens,GPL96,"Gene expression data from breast cancer FNA biopsy, pre-treatment",Reanalyzed by: GSE205568,Public on Sep 15 2010,Feb 10 2010,Jun 06 2022
GSE20271,GSM508188,breast cancer 502,"breast cancer FNA biopsy, pre-treatment",Homo sapiens,GPL96,"Gene expression data from breast cancer FNA biopsy, pre-treatment",Reanalyzed by: GSE205568,Public on Sep 15 2010,Feb 10 2010,Jun 06 2022
GSE20271,GSM508189,breast cancer 753,"breast cancer FNA biopsy, pre-treatment",Homo sapiens,GPL96,"Gene expression data from breast cancer FNA biopsy, pre-treatment",Reanalyzed by: GSE205568,Public on Sep 15 2010,Feb 10 2010,Jun 06 2022
GSE22093,GSM549230,breast cancer FA01,"breast cancer FNA biopsy, pre-treatment",Homo sapiens,GPL96,"Gene expression data from breast cancer FNA biopsy, pre-treatment",Reanalyzed by: GSE205568,Public on Dec 31 2010,Jun 02 2010,Jun 06 2022
GSE22093,GSM549231,breast cancer FA03,"breast cancer FNA biopsy, pre-treatment",Homo sapiens,GPL96,"Gene expression data from breast cancer FNA biopsy, pre-treatment",Reanalyzed by: GSE205568,Public on Dec 31 2010,Jun 02 2010,Jun 06 2022
GSE22093,GSM549232,breast cancer FA04,"breast cancer FNA biopsy, pre-treatment",Homo sapiens,GPL96,"Gene expression data from breast cancer FNA biopsy, pre-treatment",Reanalyzed by: GSE205568,Public on Dec 31 2010,Jun 02 2010,Jun 06 2022
GSE22093,GSM549233,breast cancer FA06,"breast cancer FNA biopsy, pre-treatment",Homo sapiens,GPL96,"Gene expression data from breast cancer FNA biopsy, pre-treatment",Reanalyzed by: GSE205568,Public on Dec 31 2010,Jun 02 2010,Jun 06 2022
GSE22093,GSM549234,breast cancer FA07,"breast cancer FNA biopsy, pre-treatment",Homo sapiens,GPL96,"Gene expression data from breast cancer FNA biopsy, pre-treatment",Reanalyzed by: GSE205568,Public on Dec 31 2010,Jun 02 2010,Jun 06 2022
GSE22093,GSM549235,breast cancer FA11,"breast cancer FNA biopsy, pre-treatment",Homo sapiens,GPL96,"Gene expression data from breast cancer FNA biopsy, pre-treatment",Reanalyzed by: GSE205568,Public on Dec 31 2010,Jun 02 2010,Jun 06 2022
GSE22093,GSM549236,breast cancer FA13,"breast cancer FNA biopsy, pre-treatment",Homo sapiens,GPL96,"Gene expression data from breast cancer FNA biopsy, pre-treatment",Reanalyzed by: GSE205568,Public on Dec 31 2010,Jun 02 2010,Jun 06 2022
GSE22093,GSM549237,breast cancer FA14,"breast cancer FNA biopsy, pre-treatment",Homo sapiens,GPL96,"Gene expression data from breast cancer FNA biopsy, pre-treatment",Reanalyzed by: GSE205568,Public on Dec 31 2010,Jun 02 2010,Jun 06 2022
GSE22093,GSM549238,breast cancer FA15,"breast cancer FNA biopsy, pre-treatment",Homo sapiens,GPL96,"Gene expression data from breast cancer FNA biopsy, pre-treatment",Reanalyzed by: GSE205568,Public on Dec 31 2010,Jun 02 2010,Jun 06 2022
GSE22093,GSM549239,breast cancer FA16,"breast cancer FNA biopsy, pre-treatment",Homo sapiens,GPL96,"Gene expression data from breast cancer FNA biopsy, pre-treatment",Reanalyzed by: GSE205568,Public on Dec 31 2010,Jun 02 2010,Jun 06 2022
GSE22093,GSM549240,breast cancer FA17,"breast cancer FNA biopsy, pre-treatment",Homo sapiens,GPL96,"Gene expression data from breast cancer FNA biopsy, pre-treatment",Reanalyzed by: GSE205568,Public on Dec 31 2010,Jun 02 2010,Jun 06 2022
GSE22093,GSM549241,breast cancer FA18,"breast cancer FNA biopsy, pre-treatment",Homo sapiens,GPL96,"Gene expression data from breast cancer FNA biopsy, pre-treatment",Reanalyzed by: GSE205568,Public on Dec 31 2010,Jun 02 2010,Jun 06 2022
GSE22093,GSM549242,breast cancer FA19,"breast cancer FNA biopsy, pre-treatment",Homo sapiens,GPL96,"Gene expression data from breast cancer FNA biopsy, pre-treatment",Reanalyzed by: GSE205568,Public on Dec 31 2010,Jun 02 2010,Jun 06 2022
GSE22093,GSM549243,breast cancer FA21,"breast cancer FNA biopsy, pre-treatment",Homo sapiens,GPL96,"Gene expression data from breast cancer FNA biopsy, pre-treatment",Reanalyzed by: GSE205568,Public on Dec 31 2010,Jun 02 2010,Jun 06 2022
GSE22093,GSM549244,breast cancer FA23,"breast cancer FNA biopsy, pre-treatment",Homo sapiens,GPL96,"Gene expression data from breast cancer FNA biopsy, pre-treatment",Reanalyzed by: GSE205568,Public on Dec 31 2010,Jun 02 2010,Jun 06 2022
GSE22093,GSM549245,breast cancer FA24,"breast cancer FNA biopsy, pre-treatment",Homo sapiens,GPL96,"Gene expression data from breast cancer FNA biopsy, pre-treatment",Reanalyzed by: GSE205568,Public on Dec 31 2010,Jun 02 2010,Jun 06 2022
GSE22093,GSM549246,breast cancer FA25,"breast cancer FNA biopsy, pre-treatment",Homo sapiens,GPL96,"Gene expression data from breast cancer FNA biopsy, pre-treatment",Reanalyzed by: GSE205568,Public on Dec 31 2010,Jun 02 2010,Jun 06 2022
GSE22093,GSM549247,breast cancer FA28,"breast cancer FNA biopsy, pre-treatment",Homo sapiens,GPL96,"Gene expression data from breast cancer FNA biopsy, pre-treatment",Reanalyzed by: GSE205568,Public on Dec 31 2010,Jun 02 2010,Jun 06 2022
GSE22093,GSM549248,breast cancer FA29,"breast cancer FNA biopsy, pre-treatment",Homo sapiens,GPL96,"Gene expression data from breast cancer FNA biopsy, pre-treatment",Reanalyzed by: GSE205568,Public on Dec 31 2010,Jun 02 2010,Jun 06 2022
GSE22093,GSM549249,breast cancer FA31,"breast cancer FNA biopsy, pre-treatment",Homo sapiens,GPL96,"Gene expression data from breast cancer FNA biopsy, pre-treatment",Reanalyzed by: GSE205568,Public on Dec 31 2010,Jun 02 2010,Jun 06 2022
GSE22093,GSM549250,breast cancer FA32,"breast cancer FNA biopsy, pre-treatment",Homo sapiens,GPL96,"Gene expression data from breast cancer FNA biopsy, pre-treatment",Reanalyzed by: GSE205568,Public on Dec 31 2010,Jun 02 2010,Jun 06 2022
GSE22093,GSM549251,breast cancer FA33,"breast cancer FNA biopsy, pre-treatment",Homo sapiens,GPL96,"Gene expression data from breast cancer FNA biopsy, pre-treatment",Reanalyzed by: GSE205568,Public on Dec 31 2010,Jun 02 2010,Jun 06 2022
GSE22093,GSM549252,breast cancer FA35,"breast cancer FNA biopsy, pre-treatment",Homo sapiens,GPL96,"Gene expression data from breast cancer FNA biopsy, pre-treatment",Reanalyzed by: GSE205568,Public on Dec 31 2010,Jun 02 2010,Jun 06 2022
GSE22093,GSM549253,breast cancer FA36,"breast cancer FNA biopsy, pre-treatment",Homo sapiens,GPL96,"Gene expression data from breast cancer FNA biopsy, pre-treatment",Reanalyzed by: GSE205568,Public on Dec 31 2010,Jun 02 2010,Jun 06 2022
GSE22093,GSM549254,breast cancer FA37,"breast cancer FNA biopsy, pre-treatment",Homo sapiens,GPL96,"Gene expression data from breast cancer FNA biopsy, pre-treatment",Reanalyzed by: GSE205568,Public on Dec 31 2010,Jun 02 2010,Jun 06 2022
GSE22093,GSM549255,breast cancer FA38,"breast cancer FNA biopsy, pre-treatment",Homo sapiens,GPL96,"Gene expression data from breast cancer FNA biopsy, pre-treatment",Reanalyzed by: GSE205568,Public on Dec 31 2010,Jun 02 2010,Jun 06 2022
GSE22093,GSM549256,breast cancer FA40,"breast cancer FNA biopsy, pre-treatment",Homo sapiens,GPL96,"Gene expression data from breast cancer FNA biopsy, pre-treatment",Reanalyzed by: GSE205568,Public on Dec 31 2010,Jun 02 2010,Jun 06 2022
GSE22093,GSM549257,breast cancer FA41,"breast cancer FNA biopsy, pre-treatment",Homo sapiens,GPL96,"Gene expression data from breast cancer FNA biopsy, pre-treatment",Reanalyzed by: GSE205568,Public on Dec 31 2010,Jun 02 2010,Jun 06 2022
GSE22093,GSM549258,breast cancer FA42,"breast cancer FNA biopsy, pre-treatment",Homo sapiens,GPL96,"Gene expression data from breast cancer FNA biopsy, pre-treatment",Reanalyzed by: GSE205568,Public on Dec 31 2010,Jun 02 2010,Jun 06 2022
GSE22093,GSM549259,breast cancer FA43,"breast cancer FNA biopsy, pre-treatment",Homo sapiens,GPL96,"Gene expression data from breast cancer FNA biopsy, pre-treatment",Reanalyzed by: GSE205568,Public on Dec 31 2010,Jun 02 2010,Jun 06 2022
GSE22093,GSM549260,breast cancer FA44,"breast cancer FNA biopsy, pre-treatment",Homo sapiens,GPL96,"Gene expression data from breast cancer FNA biopsy, pre-treatment",Reanalyzed by: GSE205568,Public on Dec 31 2010,Jun 02 2010,Jun 06 2022
GSE22093,GSM549261,breast cancer FA45,"breast cancer FNA biopsy, pre-treatment",Homo sapiens,GPL96,"Gene expression data from breast cancer FNA biopsy, pre-treatment",Reanalyzed by: GSE205568,Public on Dec 31 2010,Jun 02 2010,Jun 06 2022
GSE22093,GSM549262,breast cancer FA47,"breast cancer FNA biopsy, pre-treatment",Homo sapiens,GPL96,"Gene expression data from breast cancer FNA biopsy, pre-treatment",Reanalyzed by: GSE205568,Public on Dec 31 2010,Jun 02 2010,Jun 06 2022
GSE22093,GSM549263,breast cancer FA49,"breast cancer FNA biopsy, pre-treatment",Homo sapiens,GPL96,"Gene expression data from breast cancer FNA biopsy, pre-treatment",Reanalyzed by: GSE205568,Public on Dec 31 2010,Jun 02 2010,Jun 06 2022
GSE22093,GSM549264,breast cancer FA50,"breast cancer FNA biopsy, pre-treatment",Homo sapiens,GPL96,"Gene expression data from breast cancer FNA biopsy, pre-treatment",Reanalyzed by: GSE205568,Public on Dec 31 2010,Jun 02 2010,Jun 06 2022
GSE22093,GSM549265,breast cancer X112,"breast cancer FNA biopsy, pre-treatment",Homo sapiens,GPL96,"Gene expression data from breast cancer FNA biopsy, pre-treatment",Reanalyzed by: GSE205568,Public on Dec 31 2010,Jun 02 2010,Jun 06 2022
GSE22093,GSM549266,breast cancer X142,"breast cancer FNA biopsy, pre-treatment",Homo sapiens,GPL96,"Gene expression data from breast cancer FNA biopsy, pre-treatment",Reanalyzed by: GSE205568,Public on Dec 31 2010,Jun 02 2010,Jun 06 2022
GSE22093,GSM549267,breast cancer X172,"breast cancer FNA biopsy, pre-treatment",Homo sapiens,GPL96,"Gene expression data from breast cancer FNA biopsy, pre-treatment",Reanalyzed by: GSE205568,Public on Dec 31 2010,Jun 02 2010,Jun 06 2022
GSE22093,GSM549268,breast cancer X207,"breast cancer FNA biopsy, pre-treatment",Homo sapiens,GPL96,"Gene expression data from breast cancer FNA biopsy, pre-treatment",Reanalyzed by: GSE205568,Public on Dec 31 2010,Jun 02 2010,Jun 06 2022
GSE22093,GSM549269,breast cancer X208,"breast cancer FNA biopsy, pre-treatment",Homo sapiens,GPL96,"Gene expression data from breast cancer FNA biopsy, pre-treatment",Reanalyzed by: GSE205568,Public on Dec 31 2010,Jun 02 2010,Jun 06 2022
GSE22093,GSM549270,breast cancer X248,"breast cancer FNA biopsy, pre-treatment",Homo sapiens,GPL96,"Gene expression data from breast cancer FNA biopsy, pre-treatment",Reanalyzed by: GSE205568,Public on Dec 31 2010,Jun 02 2010,Jun 06 2022
GSE22093,GSM549271,breast cancer X312,"breast cancer FNA biopsy, pre-treatment",Homo sapiens,GPL96,"Gene expression data from breast cancer FNA biopsy, pre-treatment",Reanalyzed by: GSE205568,Public on Dec 31 2010,Jun 02 2010,Jun 06 2022
GSE22093,GSM549272,breast cancer X313,"breast cancer FNA biopsy, pre-treatment",Homo sapiens,GPL96,"Gene expression data from breast cancer FNA biopsy, pre-treatment",Reanalyzed by: GSE205568,Public on Dec 31 2010,Jun 02 2010,Jun 06 2022
GSE22093,GSM549273,breast cancer X314,"breast cancer FNA biopsy, pre-treatment",Homo sapiens,GPL96,"Gene expression data from breast cancer FNA biopsy, pre-treatment",Reanalyzed by: GSE205568,Public on Dec 31 2010,Jun 02 2010,Jun 06 2022
GSE22093,GSM549274,breast cancer X318,"breast cancer FNA biopsy, pre-treatment",Homo sapiens,GPL96,"Gene expression data from breast cancer FNA biopsy, pre-treatment",Reanalyzed by: GSE205568,Public on Dec 31 2010,Jun 02 2010,Jun 06 2022
GSE22093,GSM549275,breast cancer X323,"breast cancer FNA biopsy, pre-treatment",Homo sapiens,GPL96,"Gene expression data from breast cancer FNA biopsy, pre-treatment",Reanalyzed by: GSE205568,Public on Dec 31 2010,Jun 02 2010,Jun 06 2022
GSE22093,GSM549276,breast cancer X338,"breast cancer FNA biopsy, pre-treatment",Homo sapiens,GPL96,"Gene expression data from breast cancer FNA biopsy, pre-treatment",Reanalyzed by: GSE205568,Public on Dec 31 2010,Jun 02 2010,Jun 06 2022
GSE22093,GSM549277,breast cancer X349,"breast cancer FNA biopsy, pre-treatment",Homo sapiens,GPL96,"Gene expression data from breast cancer FNA biopsy, pre-treatment",Reanalyzed by: GSE205568,Public on Dec 31 2010,Jun 02 2010,Jun 06 2022
GSE22093,GSM549278,breast cancer X369,"breast cancer FNA biopsy, pre-treatment",Homo sapiens,GPL96,"Gene expression data from breast cancer FNA biopsy, pre-treatment",Reanalyzed by: GSE205568,Public on Dec 31 2010,Jun 02 2010,Jun 06 2022
GSE22093,GSM549279,breast cancer X378,"breast cancer FNA biopsy, pre-treatment",Homo sapiens,GPL96,"Gene expression data from breast cancer FNA biopsy, pre-treatment",Reanalyzed by: GSE205568,Public on Dec 31 2010,Jun 02 2010,Jun 06 2022
GSE22093,GSM549280,breast cancer X380,"breast cancer FNA biopsy, pre-treatment",Homo sapiens,GPL96,"Gene expression data from breast cancer FNA biopsy, pre-treatment",Reanalyzed by: GSE205568,Public on Dec 31 2010,Jun 02 2010,Jun 06 2022
GSE22093,GSM549281,breast cancer X400,"breast cancer FNA biopsy, pre-treatment",Homo sapiens,GPL96,"Gene expression data from breast cancer FNA biopsy, pre-treatment",Reanalyzed by: GSE205568,Public on Dec 31 2010,Jun 02 2010,Jun 06 2022
GSE22093,GSM549282,breast cancer X414,"breast cancer FNA biopsy, pre-treatment",Homo sapiens,GPL96,"Gene expression data from breast cancer FNA biopsy, pre-treatment",Reanalyzed by: GSE205568,Public on Dec 31 2010,Jun 02 2010,Jun 06 2022
GSE22093,GSM549283,breast cancer X458,"breast cancer FNA biopsy, pre-treatment",Homo sapiens,GPL96,"Gene expression data from breast cancer FNA biopsy, pre-treatment",Reanalyzed by: GSE205568,Public on Dec 31 2010,Jun 02 2010,Jun 06 2022
GSE22093,GSM549284,breast cancer X461,"breast cancer FNA biopsy, pre-treatment",Homo sapiens,GPL96,"Gene expression data from breast cancer FNA biopsy, pre-treatment",Reanalyzed by: GSE205568,Public on Dec 31 2010,Jun 02 2010,Jun 06 2022
GSE22093,GSM549285,breast cancer X466,"breast cancer FNA biopsy, pre-treatment",Homo sapiens,GPL96,"Gene expression data from breast cancer FNA biopsy, pre-treatment",Reanalyzed by: GSE205568,Public on Dec 31 2010,Jun 02 2010,Jun 06 2022
GSE22093,GSM549286,breast cancer X473,"breast cancer FNA biopsy, pre-treatment",Homo sapiens,GPL96,"Gene expression data from breast cancer FNA biopsy, pre-treatment",Reanalyzed by: GSE205568,Public on Dec 31 2010,Jun 02 2010,Jun 06 2022
GSE22093,GSM549287,breast cancer X521,"breast cancer FNA biopsy, pre-treatment",Homo sapiens,GPL96,"Gene expression data from breast cancer FNA biopsy, pre-treatment",Reanalyzed by: GSE205568,Public on Dec 31 2010,Jun 02 2010,Jun 06 2022
GSE22093,GSM549288,breast cancer X536,"breast cancer FNA biopsy, pre-treatment",Homo sapiens,GPL96,"Gene expression data from breast cancer FNA biopsy, pre-treatment",Reanalyzed by: GSE205568,Public on Dec 31 2010,Jun 02 2010,Jun 06 2022
GSE22093,GSM549289,breast cancer X570,"breast cancer FNA biopsy, pre-treatment",Homo sapiens,GPL96,"Gene expression data from breast cancer FNA biopsy, pre-treatment",Reanalyzed by: GSE205568,Public on Dec 31 2010,Jun 02 2010,Jun 06 2022
GSE22093,GSM549290,breast cancer X571,"breast cancer FNA biopsy, pre-treatment",Homo sapiens,GPL96,"Gene expression data from breast cancer FNA biopsy, pre-treatment",Reanalyzed by: GSE205568,Public on Dec 31 2010,Jun 02 2010,Jun 06 2022
GSE22093,GSM549291,breast cancer X572,"breast cancer FNA biopsy, pre-treatment",Homo sapiens,GPL96,"Gene expression data from breast cancer FNA biopsy, pre-treatment",Reanalyzed by: GSE205568,Public on Dec 31 2010,Jun 02 2010,Jun 06 2022
GSE22093,GSM549292,breast cancer X604,"breast cancer FNA biopsy, pre-treatment",Homo sapiens,GPL96,"Gene expression data from breast cancer FNA biopsy, pre-treatment",Reanalyzed by: GSE205568,Public on Dec 31 2010,Jun 02 2010,Jun 06 2022
GSE22093,GSM549293,breast cancer X631,"breast cancer FNA biopsy, pre-treatment",Homo sapiens,GPL96,"Gene expression data from breast cancer FNA biopsy, pre-treatment",Reanalyzed by: GSE205568,Public on Dec 31 2010,Jun 02 2010,Jun 06 2022
GSE22093,GSM549294,breast cancer X644,"breast cancer FNA biopsy, pre-treatment",Homo sapiens,GPL96,"Gene expression data from breast cancer FNA biopsy, pre-treatment",Reanalyzed by: GSE205568,Public on Dec 31 2010,Jun 02 2010,Jun 06 2022
GSE22093,GSM549295,breast cancer X680,"breast cancer FNA biopsy, pre-treatment",Homo sapiens,GPL96,"Gene expression data from breast cancer FNA biopsy, pre-treatment",Reanalyzed by: GSE205568,Public on Dec 31 2010,Jun 02 2010,Jun 06 2022
GSE22093,GSM549296,breast cancer X694,"breast cancer FNA biopsy, pre-treatment",Homo sapiens,GPL96,"Gene expression data from breast cancer FNA biopsy, pre-treatment",Reanalyzed by: GSE205568,Public on Dec 31 2010,Jun 02 2010,Jun 06 2022
GSE22093,GSM549297,breast cancer X702,"breast cancer FNA biopsy, pre-treatment",Homo sapiens,GPL96,"Gene expression data from breast cancer FNA biopsy, pre-treatment",Reanalyzed by: GSE205568,Public on Dec 31 2010,Jun 02 2010,Jun 06 2022
GSE22093,GSM549298,breast cancer X703,"breast cancer FNA biopsy, pre-treatment",Homo sapiens,GPL96,"Gene expression data from breast cancer FNA biopsy, pre-treatment",Reanalyzed by: GSE205568,Public on Dec 31 2010,Jun 02 2010,Jun 06 2022
GSE22093,GSM549299,breast cancer MEXICO15,"breast cancer FNA biopsy, pre-treatment",Homo sapiens,GPL96,"Gene expression data from breast cancer FNA biopsy, pre-treatment",Reanalyzed by: GSE205568,Public on Dec 31 2010,Jun 02 2010,Jun 06 2022
GSE22093,GSM549300,breast cancer MEXICO18,"breast cancer FNA biopsy, pre-treatment",Homo sapiens,GPL96,"Gene expression data from breast cancer FNA biopsy, pre-treatment",Reanalyzed by: GSE205568,Public on Dec 31 2010,Jun 02 2010,Jun 06 2022
GSE22093,GSM549301,breast cancer MEXICO2,"breast cancer FNA biopsy, pre-treatment",Homo sapiens,GPL96,"Gene expression data from breast cancer FNA biopsy, pre-treatment",Reanalyzed by: GSE205568,Public on Dec 31 2010,Jun 02 2010,Jun 06 2022
GSE22093,GSM549302,breast cancer PERU21,"breast cancer FNA biopsy, pre-treatment",Homo sapiens,GPL96,"Gene expression data from breast cancer FNA biopsy, pre-treatment",Reanalyzed by: GSE205568,Public on Dec 31 2010,Jun 02 2010,Jun 06 2022
GSE22093,GSM549303,breast cancer PERU22,"breast cancer FNA biopsy, pre-treatment",Homo sapiens,GPL96,"Gene expression data from breast cancer FNA biopsy, pre-treatment",Reanalyzed by: GSE205568,Public on Dec 31 2010,Jun 02 2010,Jun 06 2022
GSE22093,GSM549304,breast cancer PERU25,"breast cancer FNA biopsy, pre-treatment",Homo sapiens,GPL96,"Gene expression data from breast cancer FNA biopsy, pre-treatment",Reanalyzed by: GSE205568,Public on Dec 31 2010,Jun 02 2010,Jun 06 2022
GSE22093,GSM549305,breast cancer PERU27,"breast cancer FNA biopsy, pre-treatment",Homo sapiens,GPL96,"Gene expression data from breast cancer FNA biopsy, pre-treatment",Reanalyzed by: GSE205568,Public on Dec 31 2010,Jun 02 2010,Jun 06 2022
GSE22093,GSM549306,breast cancer PERU36,"breast cancer FNA biopsy, pre-treatment",Homo sapiens,GPL96,"Gene expression data from breast cancer FNA biopsy, pre-treatment",Reanalyzed by: GSE205568,Public on Dec 31 2010,Jun 02 2010,Jun 06 2022
GSE22093,GSM549307,breast cancer PERU38,"breast cancer FNA biopsy, pre-treatment",Homo sapiens,GPL96,"Gene expression data from breast cancer FNA biopsy, pre-treatment",Reanalyzed by: GSE205568,Public on Dec 31 2010,Jun 02 2010,Jun 06 2022
GSE22093,GSM549308,breast cancer PERU41,"breast cancer FNA biopsy, pre-treatment",Homo sapiens,GPL96,"Gene expression data from breast cancer FNA biopsy, pre-treatment",Reanalyzed by: GSE205568,Public on Dec 31 2010,Jun 02 2010,Jun 06 2022
GSE22093,GSM549309,breast cancer PERU44,"breast cancer FNA biopsy, pre-treatment",Homo sapiens,GPL96,"Gene expression data from breast cancer FNA biopsy, pre-treatment",Reanalyzed by: GSE205568,Public on Dec 31 2010,Jun 02 2010,Jun 06 2022
GSE22093,GSM549310,breast cancer PERU49,"breast cancer FNA biopsy, pre-treatment",Homo sapiens,GPL96,"Gene expression data from breast cancer FNA biopsy, pre-treatment",Reanalyzed by: GSE205568,Public on Dec 31 2010,Jun 02 2010,Jun 06 2022
GSE22093,GSM549311,breast cancer PERU53,"breast cancer FNA biopsy, pre-treatment",Homo sapiens,GPL96,"Gene expression data from breast cancer FNA biopsy, pre-treatment",Reanalyzed by: GSE205568,Public on Dec 31 2010,Jun 02 2010,Jun 06 2022
GSE22093,GSM750734,breast cancer FA02,"breast cancer FNA biopsy, pre-treatment",Homo sapiens,GPL96,"Gene expression data from breast cancer FNA biopsy, pre-treatment",Reanalyzed by: GSE205568,Public on Jun 29 2011,Jun 29 2011,Jun 06 2022
GSE22093,GSM750735,breast cancer FA05,"breast cancer FNA biopsy, pre-treatment",Homo sapiens,GPL96,"Gene expression data from breast cancer FNA biopsy, pre-treatment",Reanalyzed by: GSE205568,Public on Jun 29 2011,Jun 29 2011,Jun 06 2022
GSE22093,GSM750736,breast cancer FA08,"breast cancer FNA biopsy, pre-treatment",Homo sapiens,GPL96,"Gene expression data from breast cancer FNA biopsy, pre-treatment",Reanalyzed by: GSE205568,Public on Jun 29 2011,Jun 29 2011,Jun 06 2022
GSE22093,GSM750737,breast cancer FA09,"breast cancer FNA biopsy, pre-treatment",Homo sapiens,GPL96,"Gene expression data from breast cancer FNA biopsy, pre-treatment",Reanalyzed by: GSE205568,Public on Jun 29 2011,Jun 29 2011,Jun 06 2022
GSE22093,GSM750738,breast cancer FA10,"breast cancer FNA biopsy, pre-treatment",Homo sapiens,GPL96,"Gene expression data from breast cancer FNA biopsy, pre-treatment",Reanalyzed by: GSE205568,Public on Jun 29 2011,Jun 29 2011,Jun 06 2022
GSE22093,GSM750739,breast cancer FA12,"breast cancer FNA biopsy, pre-treatment",Homo sapiens,GPL96,"Gene expression data from breast cancer FNA biopsy, pre-treatment",Reanalyzed by: GSE205568,Public on Jun 29 2011,Jun 29 2011,Jun 06 2022
GSE22093,GSM750740,breast cancer FA20,"breast cancer FNA biopsy, pre-treatment",Homo sapiens,GPL96,"Gene expression data from breast cancer FNA biopsy, pre-treatment",Reanalyzed by: GSE205568,Public on Jun 29 2011,Jun 29 2011,Jun 06 2022
GSE22093,GSM750741,breast cancer FA22,"breast cancer FNA biopsy, pre-treatment",Homo sapiens,GPL96,"Gene expression data from breast cancer FNA biopsy, pre-treatment",Reanalyzed by: GSE205568,Public on Jun 29 2011,Jun 29 2011,Jun 06 2022
GSE22093,GSM750742,breast cancer FA26,"breast cancer FNA biopsy, pre-treatment",Homo sapiens,GPL96,"Gene expression data from breast cancer FNA biopsy, pre-treatment",Reanalyzed by: GSE205568,Public on Jun 29 2011,Jun 29 2011,Jun 06 2022
GSE22093,GSM750743,breast cancer FA27,"breast cancer FNA biopsy, pre-treatment",Homo sapiens,GPL96,"Gene expression data from breast cancer FNA biopsy, pre-treatment",Reanalyzed by: GSE205568,Public on Jun 29 2011,Jun 29 2011,Jun 06 2022
GSE22093,GSM750744,breast cancer FA30,"breast cancer FNA biopsy, pre-treatment",Homo sapiens,GPL96,"Gene expression data from breast cancer FNA biopsy, pre-treatment",Reanalyzed by: GSE205568,Public on Jun 29 2011,Jun 29 2011,Jun 06 2022
GSE22093,GSM750745,breast cancer FA34,"breast cancer FNA biopsy, pre-treatment",Homo sapiens,GPL96,"Gene expression data from breast cancer FNA biopsy, pre-treatment",Reanalyzed by: GSE205568,Public on Jun 29 2011,Jun 29 2011,Jun 06 2022
GSE22093,GSM750746,breast cancer FA39,"breast cancer FNA biopsy, pre-treatment",Homo sapiens,GPL96,"Gene expression data from breast cancer FNA biopsy, pre-treatment",Reanalyzed by: GSE205568,Public on Jun 29 2011,Jun 29 2011,Jun 06 2022
GSE22093,GSM750747,breast cancer FA46,"breast cancer FNA biopsy, pre-treatment",Homo sapiens,GPL96,"Gene expression data from breast cancer FNA biopsy, pre-treatment",Reanalyzed by: GSE205568,Public on Jun 29 2011,Jun 29 2011,Jun 06 2022
GSE22093,GSM750748,breast cancer FA51,"breast cancer FNA biopsy, pre-treatment",Homo sapiens,GPL96,"Gene expression data from breast cancer FNA biopsy, pre-treatment",Reanalyzed by: GSE205568,Public on Jun 29 2011,Jun 29 2011,Jun 06 2022
GSE22093,GSM750749,breast cancer X150,"breast cancer FNA biopsy, pre-treatment",Homo sapiens,GPL96,"Gene expression data from breast cancer FNA biopsy, pre-treatment",Reanalyzed by: GSE205568,Public on Jun 29 2011,Jun 29 2011,Jun 06 2022
GSE22093,GSM750750,breast cancer X439,"breast cancer FNA biopsy, pre-treatment",Homo sapiens,GPL96,"Gene expression data from breast cancer FNA biopsy, pre-treatment",Reanalyzed by: GSE205568,Public on Jun 29 2011,Jun 29 2011,Jun 06 2022
GSE22093,GSM750751,breast cancer X452,"breast cancer FNA biopsy, pre-treatment",Homo sapiens,GPL96,"Gene expression data from breast cancer FNA biopsy, pre-treatment",Reanalyzed by: GSE205568,Public on Jun 29 2011,Jun 29 2011,Jun 06 2022
GSE22093,GSM750752,breast cancer X553,"breast cancer FNA biopsy, pre-treatment",Homo sapiens,GPL96,"Gene expression data from breast cancer FNA biopsy, pre-treatment",Reanalyzed by: GSE205568,Public on Jun 29 2011,Jun 29 2011,Jun 06 2022
GSE22093,GSM750753,breast cancer MEXICO10,"breast cancer FNA biopsy, pre-treatment",Homo sapiens,GPL96,"Gene expression data from breast cancer FNA biopsy, pre-treatment",Reanalyzed by: GSE205568,Public on Jun 29 2011,Jun 29 2011,Jun 06 2022
GSE22093,GSM750754,breast cancer MEXICO9,"breast cancer FNA biopsy, pre-treatment",Homo sapiens,GPL96,"Gene expression data from breast cancer FNA biopsy, pre-treatment",Reanalyzed by: GSE205568,Public on Jun 29 2011,Jun 29 2011,Jun 06 2022
GSE23988,GSM590840,breast cancer US097-r1,"breast cancer FNA biopsy, pre-treatment",Homo sapiens,GPL96,"Gene expression data from breast cancer FNA biopsy, pre-treatment",Reanalyzed by: GSE205568,Public on Feb 07 2011,Sep 07 2010,Jun 06 2022
GSE23988,GSM590841,breast cancer US001,"breast cancer FNA biopsy, pre-treatment",Homo sapiens,GPL96,"Gene expression data from breast cancer FNA biopsy, pre-treatment",Reanalyzed by: GSE205568,Public on Feb 07 2011,Sep 07 2010,Jun 06 2022
GSE23988,GSM590842,breast cancer US005,"breast cancer FNA biopsy, pre-treatment",Homo sapiens,GPL96,"Gene expression data from breast cancer FNA biopsy, pre-treatment",Reanalyzed by: GSE205568,Public on Feb 07 2011,Sep 07 2010,Jun 06 2022
GSE23988,GSM590843,breast cancer US011,"breast cancer FNA biopsy, pre-treatment",Homo sapiens,GPL96,"Gene expression data from breast cancer FNA biopsy, pre-treatment",Reanalyzed by: GSE205568,Public on Feb 07 2011,Sep 07 2010,Jun 06 2022
GSE23988,GSM590844,breast cancer US014,"breast cancer FNA biopsy, pre-treatment",Homo sapiens,GPL96,"Gene expression data from breast cancer FNA biopsy, pre-treatment",Reanalyzed by: GSE205568,Public on Feb 07 2011,Sep 07 2010,Jun 06 2022
GSE23988,GSM590845,breast cancer US019,"breast cancer FNA biopsy, pre-treatment",Homo sapiens,GPL96,"Gene expression data from breast cancer FNA biopsy, pre-treatment",Reanalyzed by: GSE205568,Public on Feb 07 2011,Sep 07 2010,Jun 06 2022
GSE23988,GSM590846,breast cancer US022,"breast cancer FNA biopsy, pre-treatment",Homo sapiens,GPL96,"Gene expression data from breast cancer FNA biopsy, pre-treatment",Reanalyzed by: GSE205568,Public on Feb 07 2011,Sep 07 2010,Jun 06 2022
GSE23988,GSM590847,breast cancer US023,"breast cancer FNA biopsy, pre-treatment",Homo sapiens,GPL96,"Gene expression data from breast cancer FNA biopsy, pre-treatment",Reanalyzed by: GSE205568,Public on Feb 07 2011,Sep 07 2010,Jun 06 2022
GSE23988,GSM590848,breast cancer US024,"breast cancer FNA biopsy, pre-treatment",Homo sapiens,GPL96,"Gene expression data from breast cancer FNA biopsy, pre-treatment",Reanalyzed by: GSE205568,Public on Feb 07 2011,Sep 07 2010,Jun 06 2022
GSE23988,GSM590849,breast cancer US026,"breast cancer FNA biopsy, pre-treatment",Homo sapiens,GPL96,"Gene expression data from breast cancer FNA biopsy, pre-treatment",Reanalyzed by: GSE205568,Public on Feb 07 2011,Sep 07 2010,Jun 06 2022
GSE23988,GSM590850,breast cancer US032,"breast cancer FNA biopsy, pre-treatment",Homo sapiens,GPL96,"Gene expression data from breast cancer FNA biopsy, pre-treatment",Reanalyzed by: GSE205568,Public on Feb 07 2011,Sep 07 2010,Jun 06 2022
GSE23988,GSM590851,breast cancer US033,"breast cancer FNA biopsy, pre-treatment",Homo sapiens,GPL96,"Gene expression data from breast cancer FNA biopsy, pre-treatment",Reanalyzed by: GSE205568,Public on Feb 07 2011,Sep 07 2010,Jun 06 2022
GSE23988,GSM590852,breast cancer US034,"breast cancer FNA biopsy, pre-treatment",Homo sapiens,GPL96,"Gene expression data from breast cancer FNA biopsy, pre-treatment",Reanalyzed by: GSE205568,Public on Feb 07 2011,Sep 07 2010,Jun 06 2022
GSE23988,GSM590853,breast cancer US037,"breast cancer FNA biopsy, pre-treatment",Homo sapiens,GPL96,"Gene expression data from breast cancer FNA biopsy, pre-treatment",Reanalyzed by: GSE205568,Public on Feb 07 2011,Sep 07 2010,Jun 06 2022
GSE23988,GSM590854,breast cancer US038,"breast cancer FNA biopsy, pre-treatment",Homo sapiens,GPL96,"Gene expression data from breast cancer FNA biopsy, pre-treatment",Reanalyzed by: GSE205568,Public on Feb 07 2011,Sep 07 2010,Jun 06 2022
GSE23988,GSM590855,breast cancer US047,"breast cancer FNA biopsy, pre-treatment",Homo sapiens,GPL96,"Gene expression data from breast cancer FNA biopsy, pre-treatment",Reanalyzed by: GSE205568,Public on Feb 07 2011,Sep 07 2010,Jun 06 2022
GSE23988,GSM590856,breast cancer US049,"breast cancer FNA biopsy, pre-treatment",Homo sapiens,GPL96,"Gene expression data from breast cancer FNA biopsy, pre-treatment",Reanalyzed by: GSE205568,Public on Feb 07 2011,Sep 07 2010,Jun 06 2022
GSE23988,GSM590857,breast cancer US051,"breast cancer FNA biopsy, pre-treatment",Homo sapiens,GPL96,"Gene expression data from breast cancer FNA biopsy, pre-treatment",Reanalyzed by: GSE205568,Public on Feb 07 2011,Sep 07 2010,Jun 06 2022
GSE23988,GSM590858,breast cancer US054,"breast cancer FNA biopsy, pre-treatment",Homo sapiens,GPL96,"Gene expression data from breast cancer FNA biopsy, pre-treatment",Reanalyzed by: GSE205568,Public on Feb 07 2011,Sep 07 2010,Jun 06 2022
GSE23988,GSM590859,breast cancer US055,"breast cancer FNA biopsy, pre-treatment",Homo sapiens,GPL96,"Gene expression data from breast cancer FNA biopsy, pre-treatment",Reanalyzed by: GSE205568,Public on Feb 07 2011,Sep 07 2010,Jun 06 2022
GSE23988,GSM590860,breast cancer US057,"breast cancer FNA biopsy, pre-treatment",Homo sapiens,GPL96,"Gene expression data from breast cancer FNA biopsy, pre-treatment",Reanalyzed by: GSE205568,Public on Feb 07 2011,Sep 07 2010,Jun 06 2022
GSE23988,GSM590861,breast cancer US067,"breast cancer FNA biopsy, pre-treatment",Homo sapiens,GPL96,"Gene expression data from breast cancer FNA biopsy, pre-treatment",Reanalyzed by: GSE205568,Public on Feb 07 2011,Sep 07 2010,Jun 06 2022
GSE23988,GSM590862,breast cancer US071,"breast cancer FNA biopsy, pre-treatment",Homo sapiens,GPL96,"Gene expression data from breast cancer FNA biopsy, pre-treatment",Reanalyzed by: GSE205568,Public on Feb 07 2011,Sep 07 2010,Jun 06 2022
GSE23988,GSM590863,breast cancer US072,"breast cancer FNA biopsy, pre-treatment",Homo sapiens,GPL96,"Gene expression data from breast cancer FNA biopsy, pre-treatment",Reanalyzed by: GSE205568,Public on Feb 07 2011,Sep 07 2010,Jun 06 2022
GSE23988,GSM590864,breast cancer US074,"breast cancer FNA biopsy, pre-treatment",Homo sapiens,GPL96,"Gene expression data from breast cancer FNA biopsy, pre-treatment",Reanalyzed by: GSE205568,Public on Feb 07 2011,Sep 07 2010,Jun 06 2022
GSE23988,GSM590865,breast cancer US080,"breast cancer FNA biopsy, pre-treatment",Homo sapiens,GPL96,"Gene expression data from breast cancer FNA biopsy, pre-treatment",Reanalyzed by: GSE205568,Public on Feb 07 2011,Sep 07 2010,Jun 06 2022
GSE23988,GSM590866,breast cancer US082,"breast cancer FNA biopsy, pre-treatment",Homo sapiens,GPL96,"Gene expression data from breast cancer FNA biopsy, pre-treatment",Reanalyzed by: GSE205568,Public on Feb 07 2011,Sep 07 2010,Jun 06 2022
GSE23988,GSM590867,breast cancer US084,"breast cancer FNA biopsy, pre-treatment",Homo sapiens,GPL96,"Gene expression data from breast cancer FNA biopsy, pre-treatment",Reanalyzed by: GSE205568,Public on Feb 07 2011,Sep 07 2010,Jun 06 2022
GSE23988,GSM590868,breast cancer US087,"breast cancer FNA biopsy, pre-treatment",Homo sapiens,GPL96,"Gene expression data from breast cancer FNA biopsy, pre-treatment",Reanalyzed by: GSE205568,Public on Feb 07 2011,Sep 07 2010,Jun 06 2022
GSE23988,GSM590869,breast cancer US088,"breast cancer FNA biopsy, pre-treatment",Homo sapiens,GPL96,"Gene expression data from breast cancer FNA biopsy, pre-treatment",Reanalyzed by: GSE205568,Public on Feb 07 2011,Sep 07 2010,Jun 06 2022
GSE23988,GSM590870,breast cancer US089,"breast cancer FNA biopsy, pre-treatment",Homo sapiens,GPL96,"Gene expression data from breast cancer FNA biopsy, pre-treatment",Reanalyzed by: GSE205568,Public on Feb 07 2011,Sep 07 2010,Jun 06 2022
GSE23988,GSM590871,breast cancer US090,"breast cancer FNA biopsy, pre-treatment",Homo sapiens,GPL96,"Gene expression data from breast cancer FNA biopsy, pre-treatment",Reanalyzed by: GSE205568,Public on Feb 07 2011,Sep 07 2010,Jun 06 2022
GSE23988,GSM590872,breast cancer US096,"breast cancer FNA biopsy, pre-treatment",Homo sapiens,GPL96,"Gene expression data from breast cancer FNA biopsy, pre-treatment",Reanalyzed by: GSE205568,Public on Feb 07 2011,Sep 07 2010,Jun 06 2022
GSE23988,GSM590873,breast cancer US099,"breast cancer FNA biopsy, pre-treatment",Homo sapiens,GPL96,"Gene expression data from breast cancer FNA biopsy, pre-treatment",Reanalyzed by: GSE205568,Public on Feb 07 2011,Sep 07 2010,Jun 06 2022
GSE23988,GSM590874,breast cancer US100,"breast cancer FNA biopsy, pre-treatment",Homo sapiens,GPL96,"Gene expression data from breast cancer FNA biopsy, pre-treatment",Reanalyzed by: GSE205568,Public on Feb 07 2011,Sep 07 2010,Jun 06 2022
GSE23988,GSM590875,breast cancer US103,"breast cancer FNA biopsy, pre-treatment",Homo sapiens,GPL96,"Gene expression data from breast cancer FNA biopsy, pre-treatment",Reanalyzed by: GSE205568,Public on Feb 07 2011,Sep 07 2010,Jun 06 2022
GSE23988,GSM590876,breast cancer US104,"breast cancer FNA biopsy, pre-treatment",Homo sapiens,GPL96,"Gene expression data from breast cancer FNA biopsy, pre-treatment",Reanalyzed by: GSE205568,Public on Feb 07 2011,Sep 07 2010,Jun 06 2022
GSE23988,GSM590877,breast cancer US107,"breast cancer FNA biopsy, pre-treatment",Homo sapiens,GPL96,"Gene expression data from breast cancer FNA biopsy, pre-treatment",Reanalyzed by: GSE205568,Public on Feb 07 2011,Sep 07 2010,Jun 06 2022
GSE23988,GSM590878,breast cancer US108,"breast cancer FNA biopsy, pre-treatment",Homo sapiens,GPL96,"Gene expression data from breast cancer FNA biopsy, pre-treatment",Reanalyzed by: GSE205568,Public on Feb 07 2011,Sep 07 2010,Jun 06 2022
GSE23988,GSM590879,breast cancer US110,"breast cancer FNA biopsy, pre-treatment",Homo sapiens,GPL96,"Gene expression data from breast cancer FNA biopsy, pre-treatment",Reanalyzed by: GSE205568,Public on Feb 07 2011,Sep 07 2010,Jun 06 2022
GSE23988,GSM590880,breast cancer US111,"breast cancer FNA biopsy, pre-treatment",Homo sapiens,GPL96,"Gene expression data from breast cancer FNA biopsy, pre-treatment",Reanalyzed by: GSE205568,Public on Feb 07 2011,Sep 07 2010,Jun 06 2022
GSE23988,GSM590881,breast cancer US112,"breast cancer FNA biopsy, pre-treatment",Homo sapiens,GPL96,"Gene expression data from breast cancer FNA biopsy, pre-treatment",Reanalyzed by: GSE205568,Public on Feb 07 2011,Sep 07 2010,Jun 06 2022
GSE23988,GSM590882,breast cancer US116,"breast cancer FNA biopsy, pre-treatment",Homo sapiens,GPL96,"Gene expression data from breast cancer FNA biopsy, pre-treatment",Reanalyzed by: GSE205568,Public on Feb 07 2011,Sep 07 2010,Jun 06 2022
GSE23988,GSM590883,breast cancer US117,"breast cancer FNA biopsy, pre-treatment",Homo sapiens,GPL96,"Gene expression data from breast cancer FNA biopsy, pre-treatment",Reanalyzed by: GSE205568,Public on Feb 07 2011,Sep 07 2010,Jun 06 2022
GSE23988,GSM590884,breast cancer US118,"breast cancer FNA biopsy, pre-treatment",Homo sapiens,GPL96,"Gene expression data from breast cancer FNA biopsy, pre-treatment",Reanalyzed by: GSE205568,Public on Feb 07 2011,Sep 07 2010,Jun 06 2022
GSE23988,GSM590885,breast cancer US122,"breast cancer FNA biopsy, pre-treatment",Homo sapiens,GPL96,"Gene expression data from breast cancer FNA biopsy, pre-treatment",Reanalyzed by: GSE205568,Public on Feb 07 2011,Sep 07 2010,Jun 06 2022
GSE23988,GSM590886,breast cancer US128,"breast cancer FNA biopsy, pre-treatment",Homo sapiens,GPL96,"Gene expression data from breast cancer FNA biopsy, pre-treatment",Reanalyzed by: GSE205568,Public on Feb 07 2011,Sep 07 2010,Jun 06 2022
GSE23988,GSM590887,breast cancer US131,"breast cancer FNA biopsy, pre-treatment",Homo sapiens,GPL96,"Gene expression data from breast cancer FNA biopsy, pre-treatment",Reanalyzed by: GSE205568,Public on Feb 07 2011,Sep 07 2010,Jun 06 2022
GSE23988,GSM590888,breast cancer US132,"breast cancer FNA biopsy, pre-treatment",Homo sapiens,GPL96,"Gene expression data from breast cancer FNA biopsy, pre-treatment",Reanalyzed by: GSE205568,Public on Feb 07 2011,Sep 07 2010,Jun 06 2022
GSE23988,GSM590889,breast cancer US135,"breast cancer FNA biopsy, pre-treatment",Homo sapiens,GPL96,"Gene expression data from breast cancer FNA biopsy, pre-treatment",Reanalyzed by: GSE205568,Public on Feb 07 2011,Sep 07 2010,Jun 06 2022
GSE23988,GSM590890,breast cancer US141,"breast cancer FNA biopsy, pre-treatment",Homo sapiens,GPL96,"Gene expression data from breast cancer FNA biopsy, pre-treatment",Reanalyzed by: GSE205568,Public on Feb 07 2011,Sep 07 2010,Jun 06 2022
GSE23988,GSM590891,breast cancer US143,"breast cancer FNA biopsy, pre-treatment",Homo sapiens,GPL96,"Gene expression data from breast cancer FNA biopsy, pre-treatment",Reanalyzed by: GSE205568,Public on Feb 07 2011,Sep 07 2010,Jun 06 2022
GSE23988,GSM590892,breast cancer US144,"breast cancer FNA biopsy, pre-treatment",Homo sapiens,GPL96,"Gene expression data from breast cancer FNA biopsy, pre-treatment",Reanalyzed by: GSE205568,Public on Feb 07 2011,Sep 07 2010,Jun 06 2022
GSE23988,GSM590893,breast cancer US151,"breast cancer FNA biopsy, pre-treatment",Homo sapiens,GPL96,"Gene expression data from breast cancer FNA biopsy, pre-treatment",Reanalyzed by: GSE205568,Public on Feb 07 2011,Sep 07 2010,Jun 06 2022
GSE23988,GSM590894,breast cancer US154,"breast cancer FNA biopsy, pre-treatment",Homo sapiens,GPL96,"Gene expression data from breast cancer FNA biopsy, pre-treatment",Reanalyzed by: GSE205568,Public on Feb 07 2011,Sep 07 2010,Jun 06 2022
GSE23988,GSM590895,breast cancer US158,"breast cancer FNA biopsy, pre-treatment",Homo sapiens,GPL96,"Gene expression data from breast cancer FNA biopsy, pre-treatment",Reanalyzed by: GSE205568,Public on Feb 07 2011,Sep 07 2010,Jun 06 2022
GSE23988,GSM590896,breast cancer US160,"breast cancer FNA biopsy, pre-treatment",Homo sapiens,GPL96,"Gene expression data from breast cancer FNA biopsy, pre-treatment",Reanalyzed by: GSE205568,Public on Feb 07 2011,Sep 07 2010,Jun 06 2022
GSE23988,GSM590897,breast cancer US165,"breast cancer FNA biopsy, pre-treatment",Homo sapiens,GPL96,"Gene expression data from breast cancer FNA biopsy, pre-treatment",Reanalyzed by: GSE205568,Public on Feb 07 2011,Sep 07 2010,Jun 06 2022
GSE23988,GSM590898,breast cancer US166,"breast cancer FNA biopsy, pre-treatment",Homo sapiens,GPL96,"Gene expression data from breast cancer FNA biopsy, pre-treatment",Reanalyzed by: GSE205568,Public on Feb 07 2011,Sep 07 2010,Jun 06 2022
GSE23988,GSM590899,breast cancer US168,"breast cancer FNA biopsy, pre-treatment",Homo sapiens,GPL96,"Gene expression data from breast cancer FNA biopsy, pre-treatment",Reanalyzed by: GSE205568,Public on Feb 07 2011,Sep 07 2010,Jun 06 2022
GSE23988,GSM590900,breast cancer US186,"breast cancer FNA biopsy, pre-treatment",Homo sapiens,GPL96,"Gene expression data from breast cancer FNA biopsy, pre-treatment",Reanalyzed by: GSE205568,Public on Feb 07 2011,Sep 07 2010,Jun 06 2022
GSE25055,GSM615096,1002,"breast cancer, sample ISPY-1002",Homo sapiens,GPL96,,Reanalyzed by: GSE205568,Public on May 11 2011,Nov 01 2010,Jun 06 2022
GSE25055,GSM615097,1005,"breast cancer, sample ISPY-1005",Homo sapiens,GPL96,,Reanalyzed by: GSE205568,Public on May 11 2011,Nov 01 2010,Jun 06 2022
GSE25055,GSM615098,1009,"breast cancer, sample ISPY-1009",Homo sapiens,GPL96,,Reanalyzed by: GSE205568,Public on May 11 2011,Nov 01 2010,Jun 06 2022
GSE25055,GSM615099,1011,"breast cancer, sample ISPY-1011",Homo sapiens,GPL96,,Reanalyzed by: GSE205568,Public on May 11 2011,Nov 01 2010,Jun 06 2022
GSE25055,GSM615100,1016,"breast cancer, sample ISPY-1016",Homo sapiens,GPL96,,Reanalyzed by: GSE205568,Public on May 11 2011,Nov 01 2010,Jun 06 2022
GSE25055,GSM615101,1019,"breast cancer, sample ISPY-1019",Homo sapiens,GPL96,,Reanalyzed by: GSE205568,Public on May 11 2011,Nov 01 2010,Jun 06 2022
GSE25055,GSM615102,1027,"breast cancer, sample ISPY-1027",Homo sapiens,GPL96,,Reanalyzed by: GSE205568,Public on May 11 2011,Nov 01 2010,Jun 06 2022
GSE25055,GSM615103,1031,"breast cancer, sample ISPY-1031",Homo sapiens,GPL96,,Reanalyzed by: GSE205568,Public on May 11 2011,Nov 01 2010,Jun 06 2022
GSE25055,GSM615104,1034,"breast cancer, sample ISPY-1034",Homo sapiens,GPL96,,Reanalyzed by: GSE205568,Public on May 11 2011,Nov 01 2010,Jun 06 2022
GSE25055,GSM615105,1035,"breast cancer, sample ISPY-1035",Homo sapiens,GPL96,,Reanalyzed by: GSE205568,Public on May 11 2011,Nov 01 2010,Jun 06 2022
GSE25055,GSM615106,1037,"breast cancer, sample ISPY-1037",Homo sapiens,GPL96,,Reanalyzed by: GSE205568,Public on May 11 2011,Nov 01 2010,Jun 06 2022
GSE25055,GSM615107,1038,"breast cancer, sample ISPY-1038",Homo sapiens,GPL96,,Reanalyzed by: GSE205568,Public on May 11 2011,Nov 01 2010,Jun 06 2022
GSE25055,GSM615108,1041,"breast cancer, sample ISPY-1041",Homo sapiens,GPL96,,Reanalyzed by: GSE205568,Public on May 11 2011,Nov 01 2010,Jun 06 2022
GSE25055,GSM615109,1044,"breast cancer, sample ISPY-1044",Homo sapiens,GPL96,,Reanalyzed by: GSE205568,Public on May 11 2011,Nov 01 2010,Jun 06 2022
GSE25055,GSM615110,1045,"breast cancer, sample ISPY-1045",Homo sapiens,GPL96,,Reanalyzed by: GSE205568,Public on May 11 2011,Nov 01 2010,Jun 06 2022
GSE25055,GSM615111,1049,"breast cancer, sample ISPY-1049",Homo sapiens,GPL96,,Reanalyzed by: GSE205568,Public on May 11 2011,Nov 01 2010,Jun 06 2022
GSE25055,GSM615112,1050,"breast cancer, sample ISPY-1050",Homo sapiens,GPL96,,Reanalyzed by: GSE205568,Public on May 11 2011,Nov 01 2010,Jun 06 2022
GSE25055,GSM615113,1054,"breast cancer, sample ISPY-1054",Homo sapiens,GPL96,,Reanalyzed by: GSE205568,Public on May 11 2011,Nov 01 2010,Jun 06 2022
GSE25055,GSM615114,1055,"breast cancer, sample ISPY-1055",Homo sapiens,GPL96,,Reanalyzed by: GSE205568,Public on May 11 2011,Nov 01 2010,Jun 06 2022
GSE25055,GSM615115,1057,"breast cancer, sample ISPY-1057",Homo sapiens,GPL96,,Reanalyzed by: GSE205568,Public on May 11 2011,Nov 01 2010,Jun 06 2022
GSE25055,GSM615116,1061,"breast cancer, sample ISPY-1061",Homo sapiens,GPL96,,Reanalyzed by: GSE205568,Public on May 11 2011,Nov 01 2010,Jun 06 2022
GSE25055,GSM615117,1062,"breast cancer, sample ISPY-1062",Homo sapiens,GPL96,,Reanalyzed by: GSE205568,Public on May 11 2011,Nov 01 2010,Jun 06 2022
GSE25055,GSM615118,1064,"breast cancer, sample ISPY-1064",Homo sapiens,GPL96,,Reanalyzed by: GSE205568,Public on May 11 2011,Nov 01 2010,Jun 06 2022
GSE25055,GSM615119,1067,"breast cancer, sample ISPY-1067",Homo sapiens,GPL96,,Reanalyzed by: GSE205568,Public on May 11 2011,Nov 01 2010,Jun 06 2022
GSE25055,GSM615120,1068,"breast cancer, sample ISPY-1068",Homo sapiens,GPL96,,Reanalyzed by: GSE205568,Public on May 11 2011,Nov 01 2010,Jun 06 2022
GSE25055,GSM615121,1074,"breast cancer, sample ISPY-1074",Homo sapiens,GPL96,,Reanalyzed by: GSE205568,Public on May 11 2011,Nov 01 2010,Jun 06 2022
GSE25055,GSM615122,1078,"breast cancer, sample ISPY-1078",Homo sapiens,GPL96,,Reanalyzed by: GSE205568,Public on May 11 2011,Nov 01 2010,Jun 06 2022
GSE25055,GSM615123,1088,"breast cancer, sample ISPY-1088",Homo sapiens,GPL96,,Reanalyzed by: GSE205568,Public on May 11 2011,Nov 01 2010,Jun 06 2022
GSE25055,GSM615124,1089,"breast cancer, sample ISPY-1089",Homo sapiens,GPL96,,Reanalyzed by: GSE205568,Public on May 11 2011,Nov 01 2010,Jun 06 2022
GSE25055,GSM615125,1092,"breast cancer, sample ISPY-1092",Homo sapiens,GPL96,,Reanalyzed by: GSE205568,Public on May 11 2011,Nov 01 2010,Jun 06 2022
GSE25055,GSM615126,1095,"breast cancer, sample ISPY-1095",Homo sapiens,GPL96,,Reanalyzed by: GSE205568,Public on May 11 2011,Nov 01 2010,Jun 06 2022
GSE25055,GSM615127,1100,"breast cancer, sample ISPY-1100",Homo sapiens,GPL96,,Reanalyzed by: GSE205568,Public on May 11 2011,Nov 01 2010,Jun 06 2022
GSE25055,GSM615128,1106,"breast cancer, sample ISPY-1106",Homo sapiens,GPL96,,Reanalyzed by: GSE205568,Public on May 11 2011,Nov 01 2010,Jun 06 2022
GSE25055,GSM615129,1113,"breast cancer, sample ISPY-1113",Homo sapiens,GPL96,,Reanalyzed by: GSE205568,Public on May 11 2011,Nov 01 2010,Jun 06 2022
GSE25055,GSM615130,1114,"breast cancer, sample ISPY-1114",Homo sapiens,GPL96,,Reanalyzed by: GSE205568,Public on May 11 2011,Nov 01 2010,Jun 06 2022
GSE25055,GSM615131,1123,"breast cancer, sample ISPY-1123",Homo sapiens,GPL96,,Reanalyzed by: GSE205568,Public on May 11 2011,Nov 01 2010,Jun 06 2022
GSE25055,GSM615132,1127,"breast cancer, sample ISPY-1127",Homo sapiens,GPL96,,Reanalyzed by: GSE205568,Public on May 11 2011,Nov 01 2010,Jun 06 2022
GSE25055,GSM615133,1132,"breast cancer, sample ISPY-1132",Homo sapiens,GPL96,,Reanalyzed by: GSE205568,Public on May 11 2011,Nov 01 2010,Jun 06 2022
GSE25055,GSM615134,1134,"breast cancer, sample ISPY-1134",Homo sapiens,GPL96,,Reanalyzed by: GSE205568,Public on May 11 2011,Nov 01 2010,Jun 06 2022
GSE25055,GSM615135,1135,"breast cancer, sample ISPY-1135",Homo sapiens,GPL96,,Reanalyzed by: GSE205568,Public on May 11 2011,Nov 01 2010,Jun 06 2022
GSE25055,GSM615136,1136,"breast cancer, sample ISPY-1136",Homo sapiens,GPL96,,Reanalyzed by: GSE205568,Public on May 11 2011,Nov 01 2010,Jun 06 2022
GSE25055,GSM615137,1138,"breast cancer, sample ISPY-1138",Homo sapiens,GPL96,,Reanalyzed by: GSE205568,Public on May 11 2011,Nov 01 2010,Jun 06 2022
GSE25055,GSM615138,1140,"breast cancer, sample ISPY-1140",Homo sapiens,GPL96,,Reanalyzed by: GSE205568,Public on May 11 2011,Nov 01 2010,Jun 06 2022
GSE25055,GSM615139,1144,"breast cancer, sample ISPY-1144",Homo sapiens,GPL96,,Reanalyzed by: GSE205568,Public on May 11 2011,Nov 01 2010,Jun 06 2022
GSE25055,GSM615140,1145,"breast cancer, sample ISPY-1145",Homo sapiens,GPL96,,Reanalyzed by: GSE205568,Public on May 11 2011,Nov 01 2010,Jun 06 2022
GSE25055,GSM615141,1149,"breast cancer, sample ISPY-1149",Homo sapiens,GPL96,,Reanalyzed by: GSE205568,Public on May 11 2011,Nov 01 2010,Jun 06 2022
GSE25055,GSM615142,1150,"breast cancer, sample ISPY-1150",Homo sapiens,GPL96,,Reanalyzed by: GSE205568,Public on May 11 2011,Nov 01 2010,Jun 06 2022
GSE25055,GSM615143,1155,"breast cancer, sample ISPY-1155",Homo sapiens,GPL96,,Reanalyzed by: GSE205568,Public on May 11 2011,Nov 01 2010,Jun 06 2022
GSE25055,GSM615144,1158,"breast cancer, sample ISPY-1158",Homo sapiens,GPL96,,Reanalyzed by: GSE205568,Public on May 11 2011,Nov 01 2010,Jun 06 2022
GSE25055,GSM615145,1160,"breast cancer, sample ISPY-1160",Homo sapiens,GPL96,,Reanalyzed by: GSE205568,Public on May 11 2011,Nov 01 2010,Jun 06 2022
GSE25055,GSM615146,1163,"breast cancer, sample ISPY-1163",Homo sapiens,GPL96,,Reanalyzed by: GSE205568,Public on May 11 2011,Nov 01 2010,Jun 06 2022
GSE25055,GSM615147,1164,"breast cancer, sample ISPY-1164",Homo sapiens,GPL96,,Reanalyzed by: GSE205568,Public on May 11 2011,Nov 01 2010,Jun 06 2022
GSE25055,GSM615148,1165,"breast cancer, sample ISPY-1165",Homo sapiens,GPL96,,Reanalyzed by: GSE205568,Public on May 11 2011,Nov 01 2010,Jun 06 2022
GSE25055,GSM615149,1169,"breast cancer, sample ISPY-1169",Homo sapiens,GPL96,,Reanalyzed by: GSE205568,Public on May 11 2011,Nov 01 2010,Jun 06 2022
GSE25055,GSM615150,1170,"breast cancer, sample ISPY-1170",Homo sapiens,GPL96,,Reanalyzed by: GSE205568,Public on May 11 2011,Nov 01 2010,Jun 06 2022
GSE25055,GSM615151,1172,"breast cancer, sample ISPY-1172",Homo sapiens,GPL96,,Reanalyzed by: GSE205568,Public on May 11 2011,Nov 01 2010,Jun 06 2022
GSE25055,GSM615152,1173,"breast cancer, sample ISPY-1173",Homo sapiens,GPL96,,Reanalyzed by: GSE205568,Public on May 11 2011,Nov 01 2010,Jun 06 2022
GSE25055,GSM615153,1175,"breast cancer, sample ISPY-1175",Homo sapiens,GPL96,,Reanalyzed by: GSE205568,Public on May 11 2011,Nov 01 2010,Jun 06 2022
GSE25055,GSM615154,1177,"breast cancer, sample ISPY-1177",Homo sapiens,GPL96,,Reanalyzed by: GSE205568,Public on May 11 2011,Nov 01 2010,Jun 06 2022
GSE25055,GSM615155,1180,"breast cancer, sample ISPY-1180",Homo sapiens,GPL96,,Reanalyzed by: GSE205568,Public on May 11 2011,Nov 01 2010,Jun 06 2022
GSE25055,GSM615156,1188,"breast cancer, sample ISPY-1188",Homo sapiens,GPL96,,Reanalyzed by: GSE205568,Public on May 11 2011,Nov 01 2010,Jun 06 2022
GSE25055,GSM615157,1191,"breast cancer, sample ISPY-1191",Homo sapiens,GPL96,,Reanalyzed by: GSE205568,Public on May 11 2011,Nov 01 2010,Jun 06 2022
GSE25055,GSM615158,1193,"breast cancer, sample ISPY-1193",Homo sapiens,GPL96,,Reanalyzed by: GSE205568,Public on May 11 2011,Nov 01 2010,Jun 06 2022
GSE25055,GSM615159,1197,"breast cancer, sample ISPY-1197",Homo sapiens,GPL96,,Reanalyzed by: GSE205568,Public on May 11 2011,Nov 01 2010,Jun 06 2022
GSE25055,GSM615160,1199,"breast cancer, sample ISPY-1199",Homo sapiens,GPL96,,Reanalyzed by: GSE205568,Public on May 11 2011,Nov 01 2010,Jun 06 2022
GSE25055,GSM615161,1200,"breast cancer, sample ISPY-1200",Homo sapiens,GPL96,,Reanalyzed by: GSE205568,Public on May 11 2011,Nov 01 2010,Jun 06 2022
GSE25055,GSM615162,1203,"breast cancer, sample ISPY-1203",Homo sapiens,GPL96,,Reanalyzed by: GSE205568,Public on May 11 2011,Nov 01 2010,Jun 06 2022
GSE25055,GSM615163,1205,"breast cancer, sample ISPY-1205",Homo sapiens,GPL96,,Reanalyzed by: GSE205568,Public on May 11 2011,Nov 01 2010,Jun 06 2022
GSE25055,GSM615164,1208,"breast cancer, sample ISPY-1208",Homo sapiens,GPL96,,Reanalyzed by: GSE205568,Public on May 11 2011,Nov 01 2010,Jun 06 2022
GSE25055,GSM615165,1209,"breast cancer, sample ISPY-1209",Homo sapiens,GPL96,,Reanalyzed by: GSE205568,Public on May 11 2011,Nov 01 2010,Jun 06 2022
GSE25055,GSM615166,1210,"breast cancer, sample ISPY-1210",Homo sapiens,GPL96,,Reanalyzed by: GSE205568,Public on May 11 2011,Nov 01 2010,Jun 06 2022
GSE25055,GSM615167,1216,"breast cancer, sample ISPY-1216",Homo sapiens,GPL96,,Reanalyzed by: GSE205568,Public on May 11 2011,Nov 01 2010,Jun 06 2022
GSE25055,GSM615168,1217,"breast cancer, sample ISPY-1217",Homo sapiens,GPL96,,Reanalyzed by: GSE205568,Public on May 11 2011,Nov 01 2010,Jun 06 2022
GSE25055,GSM615169,1218,"breast cancer, sample ISPY-1218",Homo sapiens,GPL96,,Reanalyzed by: GSE205568,Public on May 11 2011,Nov 01 2010,Jun 06 2022
GSE25055,GSM615170,1219,"breast cancer, sample ISPY-1219",Homo sapiens,GPL96,,Reanalyzed by: GSE205568,Public on May 11 2011,Nov 01 2010,Jun 06 2022
GSE25055,GSM615171,1220,"breast cancer, sample ISPY-1220",Homo sapiens,GPL96,,Reanalyzed by: GSE205568,Public on May 11 2011,Nov 01 2010,Jun 06 2022
GSE25055,GSM615172,1223,"breast cancer, sample ISPY-1223",Homo sapiens,GPL96,,Reanalyzed by: GSE205568,Public on May 11 2011,Nov 01 2010,Jun 06 2022
GSE25055,GSM615173,1225,"breast cancer, sample ISPY-1225",Homo sapiens,GPL96,,Reanalyzed by: GSE205568,Public on May 11 2011,Nov 01 2010,Jun 06 2022
GSE25055,GSM615174,1226,"breast cancer, sample ISPY-1226",Homo sapiens,GPL96,,Reanalyzed by: GSE205568,Public on May 11 2011,Nov 01 2010,Jun 06 2022
GSE25055,GSM615175,1227,"breast cancer, sample ISPY-1227",Homo sapiens,GPL96,,Reanalyzed by: GSE205568,Public on May 11 2011,Nov 01 2010,Jun 06 2022
GSE25055,GSM615176,1231,"breast cancer, sample ISPY-1231",Homo sapiens,GPL96,,Reanalyzed by: GSE205568,Public on May 11 2011,Nov 01 2010,Jun 06 2022
GSE25055,GSM615177,1232,"breast cancer, sample ISPY-1232",Homo sapiens,GPL96,,Reanalyzed by: GSE205568,Public on May 11 2011,Nov 01 2010,Jun 06 2022
GSE25055,GSM615178,1236,"breast cancer, sample ISPY-1236",Homo sapiens,GPL96,,Reanalyzed by: GSE205568,Public on May 11 2011,Nov 01 2010,Jun 06 2022
GSE25055,GSM615179,M106,"breast cancer, sample MDACC-M106",Homo sapiens,GPL96,,Reanalyzed by: GSE205568,Public on May 11 2011,Nov 01 2010,Jun 06 2022
GSE25055,GSM615180,M107,"breast cancer, sample MDACC-M107",Homo sapiens,GPL96,,Reanalyzed by: GSE205568,Public on May 11 2011,Nov 01 2010,Jun 06 2022
GSE25055,GSM615181,M111,"breast cancer, sample MDACC-M111",Homo sapiens,GPL96,,Reanalyzed by: GSE205568,Public on May 11 2011,Nov 01 2010,Jun 06 2022
GSE25055,GSM615182,M113,"breast cancer, sample MDACC-M113",Homo sapiens,GPL96,,Reanalyzed by: GSE205568,Public on May 11 2011,Nov 01 2010,Jun 06 2022
GSE25055,GSM615183,M117,"breast cancer, sample MDACC-M117",Homo sapiens,GPL96,,Reanalyzed by: GSE205568,Public on May 11 2011,Nov 01 2010,Jun 06 2022
GSE25055,GSM615184,M120,"breast cancer, sample MDACC-M120",Homo sapiens,GPL96,,Reanalyzed by: GSE205568,Public on May 11 2011,Nov 01 2010,Jun 06 2022
GSE25055,GSM615185,M121,"breast cancer, sample MDACC-M121",Homo sapiens,GPL96,,Reanalyzed by: GSE205568,Public on May 11 2011,Nov 01 2010,Jun 06 2022
GSE25055,GSM615186,M123,"breast cancer, sample MDACC-M123",Homo sapiens,GPL96,,Reanalyzed by: GSE205568,Public on May 11 2011,Nov 01 2010,Jun 06 2022
GSE25055,GSM615187,M128,"breast cancer, sample MDACC-M128",Homo sapiens,GPL96,,Reanalyzed by: GSE205568,Public on May 11 2011,Nov 01 2010,Jun 06 2022
GSE25055,GSM615188,M129,"breast cancer, sample MDACC-M129",Homo sapiens,GPL96,,Reanalyzed by: GSE205568,Public on May 11 2011,Nov 01 2010,Jun 06 2022
GSE25055,GSM615189,M130,"breast cancer, sample MDACC-M130",Homo sapiens,GPL96,,Reanalyzed by: GSE205568,Public on May 11 2011,Nov 01 2010,Jun 06 2022
GSE25055,GSM615190,M133,"breast cancer, sample MDACC-M133",Homo sapiens,GPL96,,Reanalyzed by: GSE205568,Public on May 11 2011,Nov 01 2010,Jun 06 2022
GSE25055,GSM615191,M136,"breast cancer, sample MDACC-M136",Homo sapiens,GPL96,,Reanalyzed by: GSE205568,Public on May 11 2011,Nov 01 2010,Jun 06 2022
GSE25055,GSM615192,M139,"breast cancer, sample MDACC-M139",Homo sapiens,GPL96,,Reanalyzed by: GSE205568,Public on May 11 2011,Nov 01 2010,Jun 06 2022
GSE25055,GSM615193,M146,"breast cancer, sample MDACC-M146",Homo sapiens,GPL96,,Reanalyzed by: GSE205568,Public on May 11 2011,Nov 01 2010,Jun 06 2022
GSE25055,GSM615194,M153,"breast cancer, sample MDACC-M153",Homo sapiens,GPL96,,Reanalyzed by: GSE205568,Public on May 11 2011,Nov 01 2010,Jun 06 2022
GSE25055,GSM615195,M154,"breast cancer, sample MDACC-M154",Homo sapiens,GPL96,,Reanalyzed by: GSE205568,Public on May 11 2011,Nov 01 2010,Jun 06 2022
GSE25055,GSM615196,M155,"breast cancer, sample MDACC-M155",Homo sapiens,GPL96,,Reanalyzed by: GSE205568,Public on May 11 2011,Nov 01 2010,Jun 06 2022
GSE25055,GSM615197,M156,"breast cancer, sample MDACC-M156",Homo sapiens,GPL96,,Reanalyzed by: GSE205568,Public on May 11 2011,Nov 01 2010,Jun 06 2022
GSE25055,GSM615198,M157,"breast cancer, sample MDACC-M157",Homo sapiens,GPL96,,Reanalyzed by: GSE205568,Public on May 11 2011,Nov 01 2010,Jun 06 2022
GSE25055,GSM615199,M158,"breast cancer, sample MDACC-M158",Homo sapiens,GPL96,,Reanalyzed by: GSE205568,Public on May 11 2011,Nov 01 2010,Jun 06 2022
GSE25055,GSM615200,M165,"breast cancer, sample MDACC-M165",Homo sapiens,GPL96,,Reanalyzed by: GSE205568,Public on May 11 2011,Nov 01 2010,Jun 06 2022
GSE25055,GSM615201,M177,"breast cancer, sample MDACC-M177",Homo sapiens,GPL96,,Reanalyzed by: GSE205568,Public on May 11 2011,Nov 01 2010,Jun 06 2022
GSE25055,GSM615202,M180,"breast cancer, sample MDACC-M180",Homo sapiens,GPL96,,Reanalyzed by: GSE205568,Public on May 11 2011,Nov 01 2010,Jun 06 2022
GSE25055,GSM615203,M181,"breast cancer, sample MDACC-M181",Homo sapiens,GPL96,,Reanalyzed by: GSE205568,Public on May 11 2011,Nov 01 2010,Jun 06 2022
GSE25055,GSM615204,M182,"breast cancer, sample MDACC-M182",Homo sapiens,GPL96,,Reanalyzed by: GSE205568,Public on May 11 2011,Nov 01 2010,Jun 06 2022
GSE25055,GSM615205,M188,"breast cancer, sample MDACC-M188",Homo sapiens,GPL96,,Reanalyzed by: GSE205568,Public on May 11 2011,Nov 01 2010,Jun 06 2022
GSE25055,GSM615206,M189,"breast cancer, sample MDACC-M189",Homo sapiens,GPL96,,Reanalyzed by: GSE205568,Public on May 11 2011,Nov 01 2010,Jun 06 2022
GSE25055,GSM615207,M195,"breast cancer, sample MDACC-M195",Homo sapiens,GPL96,,Reanalyzed by: GSE205568,Public on May 11 2011,Nov 01 2010,Jun 06 2022
GSE25055,GSM615208,M196,"breast cancer, sample MDACC-M196",Homo sapiens,GPL96,,Reanalyzed by: GSE205568,Public on May 11 2011,Nov 01 2010,Jun 06 2022
GSE25055,GSM615209,M199,"breast cancer, sample MDACC-M199",Homo sapiens,GPL96,,Reanalyzed by: GSE205568,Public on May 11 2011,Nov 01 2010,Jun 06 2022
GSE25055,GSM615210,M201,"breast cancer, sample MDACC-M201",Homo sapiens,GPL96,,Reanalyzed by: GSE205568,Public on May 11 2011,Nov 01 2010,Jun 06 2022
GSE25055,GSM615211,M205,"breast cancer, sample MDACC-M205",Homo sapiens,GPL96,,Reanalyzed by: GSE205568,Public on May 11 2011,Nov 01 2010,Jun 06 2022
GSE25055,GSM615212,M206,"breast cancer, sample MDACC-M206",Homo sapiens,GPL96,,Reanalyzed by: GSE205568,Public on May 11 2011,Nov 01 2010,Jun 06 2022
GSE25055,GSM615213,M211,"breast cancer, sample MDACC-M211",Homo sapiens,GPL96,,Reanalyzed by: GSE205568,Public on May 11 2011,Nov 01 2010,Jun 06 2022
GSE25055,GSM615214,M214,"breast cancer, sample MDACC-M214",Homo sapiens,GPL96,,Reanalyzed by: GSE205568,Public on May 11 2011,Nov 01 2010,Jun 06 2022
GSE25055,GSM615215,M215,"breast cancer, sample MDACC-M215",Homo sapiens,GPL96,,Reanalyzed by: GSE205568,Public on May 11 2011,Nov 01 2010,Jun 06 2022
GSE25055,GSM615216,M216,"breast cancer, sample MDACC-M216",Homo sapiens,GPL96,,Reanalyzed by: GSE205568,Public on May 11 2011,Nov 01 2010,Jun 06 2022
GSE25055,GSM615217,M217,"breast cancer, sample MDACC-M217",Homo sapiens,GPL96,,Reanalyzed by: GSE205568,Public on May 11 2011,Nov 01 2010,Jun 06 2022
GSE25055,GSM615218,M219,"breast cancer, sample MDACC-M219",Homo sapiens,GPL96,,Reanalyzed by: GSE205568,Public on May 11 2011,Nov 01 2010,Jun 06 2022
GSE25055,GSM615219,M220,"breast cancer, sample MDACC-M220",Homo sapiens,GPL96,,Reanalyzed by: GSE205568,Public on May 11 2011,Nov 01 2010,Jun 06 2022
GSE25055,GSM615220,M226,"breast cancer, sample MDACC-M226",Homo sapiens,GPL96,,Reanalyzed by: GSE205568,Public on May 11 2011,Nov 01 2010,Jun 06 2022
GSE25055,GSM615221,M227,"breast cancer, sample MDACC-M227",Homo sapiens,GPL96,,Reanalyzed by: GSE205568,Public on May 11 2011,Nov 01 2010,Jun 06 2022
GSE25055,GSM615222,M228,"breast cancer, sample MDACC-M228",Homo sapiens,GPL96,,Reanalyzed by: GSE205568,Public on May 11 2011,Nov 01 2010,Jun 06 2022
GSE25055,GSM615223,M229,"breast cancer, sample MDACC-M229",Homo sapiens,GPL96,,Reanalyzed by: GSE205568,Public on May 11 2011,Nov 01 2010,Jun 06 2022
GSE25055,GSM615224,M231,"breast cancer, sample MDACC-M231",Homo sapiens,GPL96,,Reanalyzed by: GSE205568,Public on May 11 2011,Nov 01 2010,Jun 06 2022
GSE25055,GSM615225,M233,"breast cancer, sample MDACC-M233",Homo sapiens,GPL96,,Reanalyzed by: GSE205568,Public on May 11 2011,Nov 01 2010,Jun 06 2022
GSE25055,GSM615226,M234,"breast cancer, sample MDACC-M234",Homo sapiens,GPL96,,Reanalyzed by: GSE205568,Public on May 11 2011,Nov 01 2010,Jun 06 2022
GSE25055,GSM615227,M236,"breast cancer, sample MDACC-M236",Homo sapiens,GPL96,,Reanalyzed by: GSE205568,Public on May 11 2011,Nov 01 2010,Jun 06 2022
GSE25055,GSM615228,M246,"breast cancer, sample MDACC-M246",Homo sapiens,GPL96,,Reanalyzed by: GSE205568,Public on May 11 2011,Nov 01 2010,Jun 06 2022
GSE25055,GSM615229,M255,"breast cancer, sample MDACC-M255",Homo sapiens,GPL96,,Reanalyzed by: GSE205568,Public on May 11 2011,Nov 01 2010,Jun 06 2022
GSE25055,GSM615230,M259,"breast cancer, sample MDACC-M259",Homo sapiens,GPL96,,Reanalyzed by: GSE205568,Public on May 11 2011,Nov 01 2010,Jun 06 2022
GSE25055,GSM615231,M260,"breast cancer, sample MDACC-M260",Homo sapiens,GPL96,,Reanalyzed by: GSE205568,Public on May 11 2011,Nov 01 2010,Jun 06 2022
GSE25055,GSM615232,M261,"breast cancer, sample MDACC-M261",Homo sapiens,GPL96,,Reanalyzed by: GSE205568,Public on May 11 2011,Nov 01 2010,Jun 06 2022
GSE25055,GSM615233,M263,"breast cancer, sample MDACC-M263",Homo sapiens,GPL96,,Reanalyzed by: GSE205568,Public on May 11 2011,Nov 01 2010,Jun 06 2022
GSE25055,GSM615234,M266,"breast cancer, sample MDACC-M266",Homo sapiens,GPL96,,Reanalyzed by: GSE205568,Public on May 11 2011,Nov 01 2010,Jun 06 2022
GSE25055,GSM615235,M270,"breast cancer, sample MDACC-M270",Homo sapiens,GPL96,,Reanalyzed by: GSE205568,Public on May 11 2011,Nov 01 2010,Jun 06 2022
GSE25055,GSM615236,M280,"breast cancer, sample MDACC-M280",Homo sapiens,GPL96,,Reanalyzed by: GSE205568,Public on May 11 2011,Nov 01 2010,Jun 06 2022
GSE25055,GSM615237,M281,"breast cancer, sample MDACC-M281",Homo sapiens,GPL96,,Reanalyzed by: GSE205568,Public on May 11 2011,Nov 01 2010,Jun 06 2022
GSE25055,GSM615238,M282,"breast cancer, sample MDACC-M282",Homo sapiens,GPL96,,Reanalyzed by: GSE205568,Public on May 11 2011,Nov 01 2010,Jun 06 2022
GSE25055,GSM615239,M283,"breast cancer, sample MDACC-M283",Homo sapiens,GPL96,,Reanalyzed by: GSE205568,Public on May 11 2011,Nov 01 2010,Jun 06 2022
GSE25055,GSM615240,M295,"breast cancer, sample MDACC-M295",Homo sapiens,GPL96,,Reanalyzed by: GSE205568,Public on May 11 2011,Nov 01 2010,Jun 06 2022
GSE25055,GSM615241,M297,"breast cancer, sample MDACC-M297",Homo sapiens,GPL96,,Reanalyzed by: GSE205568,Public on May 11 2011,Nov 01 2010,Jun 06 2022
GSE25055,GSM615242,M301,"breast cancer, sample MDACC-M301",Homo sapiens,GPL96,,Reanalyzed by: GSE205568,Public on May 11 2011,Nov 01 2010,Jun 06 2022
GSE25055,GSM615243,M304,"breast cancer, sample MDACC-M304",Homo sapiens,GPL96,,Reanalyzed by: GSE205568,Public on May 11 2011,Nov 01 2010,Jun 06 2022
GSE25055,GSM615244,M310,"breast cancer, sample MDACC-M310",Homo sapiens,GPL96,,Reanalyzed by: GSE205568,Public on May 11 2011,Nov 01 2010,Jun 06 2022
GSE25055,GSM615245,M315,"breast cancer, sample MDACC-M315",Homo sapiens,GPL96,,Reanalyzed by: GSE205568,Public on May 11 2011,Nov 01 2010,Jun 06 2022
GSE25055,GSM615246,M319,"breast cancer, sample MDACC-M319",Homo sapiens,GPL96,,Reanalyzed by: GSE205568,Public on May 11 2011,Nov 01 2010,Jun 06 2022
GSE25055,GSM615247,M323,"breast cancer, sample MDACC-M323",Homo sapiens,GPL96,,Reanalyzed by: GSE205568,Public on May 11 2011,Nov 01 2010,Jun 06 2022
GSE25055,GSM615248,M332,"breast cancer, sample MDACC-M332",Homo sapiens,GPL96,,Reanalyzed by: GSE205568,Public on May 11 2011,Nov 01 2010,Jun 06 2022
GSE25055,GSM615249,M333,"breast cancer, sample MDACC-M333",Homo sapiens,GPL96,,Reanalyzed by: GSE205568,Public on May 11 2011,Nov 01 2010,Jun 06 2022
GSE25055,GSM615250,M334,"breast cancer, sample MDACC-M334",Homo sapiens,GPL96,,Reanalyzed by: GSE205568,Public on May 11 2011,Nov 01 2010,Jun 06 2022
GSE25055,GSM615251,M339,"breast cancer, sample MDACC-M339",Homo sapiens,GPL96,,Reanalyzed by: GSE205568,Public on May 11 2011,Nov 01 2010,Jun 06 2022
GSE25055,GSM615252,M340,"breast cancer, sample MDACC-M340",Homo sapiens,GPL96,,Reanalyzed by: GSE205568,Public on May 11 2011,Nov 01 2010,Jun 06 2022
GSE25055,GSM615253,M341,"breast cancer, sample MDACC-M341",Homo sapiens,GPL96,,Reanalyzed by: GSE205568,Public on May 11 2011,Nov 01 2010,Jun 06 2022
GSE25055,GSM615254,M343,"breast cancer, sample MDACC-M343",Homo sapiens,GPL96,,Reanalyzed by: GSE205568,Public on May 11 2011,Nov 01 2010,Jun 06 2022
GSE25055,GSM615255,M345,"breast cancer, sample MDACC-M345",Homo sapiens,GPL96,,Reanalyzed by: GSE205568,Public on May 11 2011,Nov 01 2010,Jun 06 2022
GSE25055,GSM615256,M353,"breast cancer, sample MDACC-M353",Homo sapiens,GPL96,,Reanalyzed by: GSE205568,Public on May 11 2011,Nov 01 2010,Jun 06 2022
GSE25055,GSM615257,M355,"breast cancer, sample MDACC-M355",Homo sapiens,GPL96,,Reanalyzed by: GSE205568,Public on May 11 2011,Nov 01 2010,Jun 06 2022
GSE25055,GSM615258,M356,"breast cancer, sample MDACC-M356",Homo sapiens,GPL96,,Reanalyzed by: GSE205568,Public on May 11 2011,Nov 01 2010,Jun 06 2022
GSE25055,GSM615259,M357,"breast cancer, sample MDACC-M357",Homo sapiens,GPL96,,Reanalyzed by: GSE205568,Public on May 11 2011,Nov 01 2010,Jun 06 2022
GSE25055,GSM615260,M360,"breast cancer, sample MDACC-M360",Homo sapiens,GPL96,,Reanalyzed by: GSE205568,Public on May 11 2011,Nov 01 2010,Jun 06 2022
GSE25055,GSM615261,M363,"breast cancer, sample MDACC-M363",Homo sapiens,GPL96,,Reanalyzed by: GSE205568,Public on May 11 2011,Nov 01 2010,Jun 06 2022
GSE25055,GSM615262,M365,"breast cancer, sample MDACC-M365",Homo sapiens,GPL96,,Reanalyzed by: GSE205568,Public on May 11 2011,Nov 01 2010,Jun 06 2022
GSE25055,GSM615263,M367,"breast cancer, sample MDACC-M367",Homo sapiens,GPL96,,Reanalyzed by: GSE205568,Public on May 11 2011,Nov 01 2010,Jun 06 2022
GSE25055,GSM615264,M373,"breast cancer, sample MDACC-M373",Homo sapiens,GPL96,,Reanalyzed by: GSE205568,Public on May 11 2011,Nov 01 2010,Jun 06 2022
GSE25055,GSM615265,M375,"breast cancer, sample MDACC-M375",Homo sapiens,GPL96,,Reanalyzed by: GSE205568,Public on May 11 2011,Nov 01 2010,Jun 06 2022
GSE25055,GSM615266,M384,"breast cancer, sample MDACC-M384",Homo sapiens,GPL96,,Reanalyzed by: GSE205568,Public on May 11 2011,Nov 01 2010,Jun 06 2022
GSE25055,GSM615267,M386,"breast cancer, sample MDACC-M386",Homo sapiens,GPL96,,Reanalyzed by: GSE205568,Public on May 11 2011,Nov 01 2010,Jun 06 2022
GSE25055,GSM615268,M396,"breast cancer, sample MDACC-M396",Homo sapiens,GPL96,,Reanalyzed by: GSE205568,Public on May 11 2011,Nov 01 2010,Jun 06 2022
GSE25055,GSM615269,M399,"breast cancer, sample MDACC-M399",Homo sapiens,GPL96,,Reanalyzed by: GSE205568,Public on May 11 2011,Nov 01 2010,Jun 06 2022
GSE25055,GSM615270,M402,"breast cancer, sample MDACC-M402",Homo sapiens,GPL96,,Reanalyzed by: GSE205568,Public on May 11 2011,Nov 01 2010,Jun 06 2022
GSE25055,GSM615271,M411,"breast cancer, sample MDACC-M411",Homo sapiens,GPL96,,Reanalyzed by: GSE205568,Public on May 11 2011,Nov 01 2010,Jun 06 2022
GSE25055,GSM615272,M417,"breast cancer, sample MDACC-M417",Homo sapiens,GPL96,,Reanalyzed by: GSE205568,Public on May 11 2011,Nov 01 2010,Jun 06 2022
GSE25055,GSM615273,M421,"breast cancer, sample MDACC-M421",Homo sapiens,GPL96,,Reanalyzed by: GSE205568,Public on May 11 2011,Nov 01 2010,Jun 06 2022
GSE25055,GSM615274,M423,"breast cancer, sample MDACC-M423",Homo sapiens,GPL96,,Reanalyzed by: GSE205568,Public on May 11 2011,Nov 01 2010,Jun 06 2022
GSE25055,GSM615275,M425,"breast cancer, sample MDACC-M425",Homo sapiens,GPL96,,Reanalyzed by: GSE205568,Public on May 11 2011,Nov 01 2010,Jun 06 2022
GSE25055,GSM615276,M430,"breast cancer, sample MDACC-M430",Homo sapiens,GPL96,,Reanalyzed by: GSE205568,Public on May 11 2011,Nov 01 2010,Jun 06 2022
GSE25055,GSM615277,M431,"breast cancer, sample MDACC-M431",Homo sapiens,GPL96,,Reanalyzed by: GSE205568,Public on May 11 2011,Nov 01 2010,Jun 06 2022
GSE25055,GSM615278,M433,"breast cancer, sample MDACC-M433",Homo sapiens,GPL96,,Reanalyzed by: GSE205568,Public on May 11 2011,Nov 01 2010,Jun 06 2022
GSE25055,GSM615279,M434,"breast cancer, sample MDACC-M434",Homo sapiens,GPL96,,Reanalyzed by: GSE205568,Public on May 11 2011,Nov 01 2010,Jun 06 2022
GSE25055,GSM615280,M442,"breast cancer, sample MDACC-M442",Homo sapiens,GPL96,,Reanalyzed by: GSE205568,Public on May 11 2011,Nov 01 2010,Jun 06 2022
GSE25055,GSM615281,M447,"breast cancer, sample MDACC-M447",Homo sapiens,GPL96,,Reanalyzed by: GSE205568,Public on May 11 2011,Nov 01 2010,Jun 06 2022
GSE25055,GSM615282,M463,"breast cancer, sample MDACC-M463",Homo sapiens,GPL96,,Reanalyzed by: GSE205568,Public on May 11 2011,Nov 01 2010,Jun 06 2022
GSE25055,GSM615283,M469,"breast cancer, sample MDACC-M469",Homo sapiens,GPL96,,Reanalyzed by: GSE205568,Public on May 11 2011,Nov 01 2010,Jun 06 2022
GSE25055,GSM615284,M485,"breast cancer, sample MDACC-M485",Homo sapiens,GPL96,,Reanalyzed by: GSE205568,Public on May 11 2011,Nov 01 2010,Jun 06 2022
GSE25055,GSM615285,M486,"breast cancer, sample MDACC-M486",Homo sapiens,GPL96,,Reanalyzed by: GSE205568,Public on May 11 2011,Nov 01 2010,Jun 06 2022
GSE25055,GSM615286,M497,"breast cancer, sample MDACC-M497",Homo sapiens,GPL96,,Reanalyzed by: GSE205568,Public on May 11 2011,Nov 01 2010,Jun 06 2022
GSE25055,GSM615287,M502,"breast cancer, sample MDACC-M502",Homo sapiens,GPL96,,Reanalyzed by: GSE205568,Public on May 11 2011,Nov 01 2010,Jun 06 2022
GSE25055,GSM615288,M503,"breast cancer, sample MDACC-M503",Homo sapiens,GPL96,,Reanalyzed by: GSE205568,Public on May 11 2011,Nov 01 2010,Jun 06 2022
GSE25055,GSM615289,M506,"breast cancer, sample MDACC-M506",Homo sapiens,GPL96,,Reanalyzed by: GSE205568,Public on May 11 2011,Nov 01 2010,Jun 06 2022
GSE25055,GSM615290,M507,"breast cancer, sample MDACC-M507",Homo sapiens,GPL96,,Reanalyzed by: GSE205568,Public on May 11 2011,Nov 01 2010,Jun 06 2022
GSE25055,GSM615291,M513,"breast cancer, sample MDACC-M513",Homo sapiens,GPL96,,Reanalyzed by: GSE205568,Public on May 11 2011,Nov 01 2010,Jun 06 2022
GSE25055,GSM615292,M523,"breast cancer, sample MDACC-M523",Homo sapiens,GPL96,,Reanalyzed by: GSE205568,Public on May 11 2011,Nov 01 2010,Jun 06 2022
GSE25055,GSM615293,M524,"breast cancer, sample MDACC-M524",Homo sapiens,GPL96,,Reanalyzed by: GSE205568,Public on May 11 2011,Nov 01 2010,Jun 06 2022
GSE25055,GSM615294,M525,"breast cancer, sample MDACC-M525",Homo sapiens,GPL96,,Reanalyzed by: GSE205568,Public on May 11 2011,Nov 01 2010,Jun 06 2022
GSE25055,GSM615295,M531,"breast cancer, sample MDACC-M531",Homo sapiens,GPL96,,Reanalyzed by: GSE205568,Public on May 11 2011,Nov 01 2010,Jun 06 2022
GSE25055,GSM615296,M534,"breast cancer, sample MDACC-M534",Homo sapiens,GPL96,,Reanalyzed by: GSE205568,Public on May 11 2011,Nov 01 2010,Jun 06 2022
GSE25055,GSM615297,M545,"breast cancer, sample MDACC-M545",Homo sapiens,GPL96,,Reanalyzed by: GSE205568,Public on May 11 2011,Nov 01 2010,Jun 06 2022
GSE25055,GSM615298,M549,"breast cancer, sample MDACC-M549",Homo sapiens,GPL96,,Reanalyzed by: GSE205568,Public on May 11 2011,Nov 01 2010,Jun 06 2022
GSE25055,GSM615299,M556,"breast cancer, sample MDACC-M556",Homo sapiens,GPL96,,Reanalyzed by: GSE205568,Public on May 11 2011,Nov 01 2010,Jun 06 2022
GSE25055,GSM615300,M557,"breast cancer, sample MDACC-M557",Homo sapiens,GPL96,,Reanalyzed by: GSE205568,Public on May 11 2011,Nov 01 2010,Jun 06 2022
GSE25055,GSM615301,M558,"breast cancer, sample MDACC-M558",Homo sapiens,GPL96,,Reanalyzed by: GSE205568,Public on May 11 2011,Nov 01 2010,Jun 06 2022
GSE25055,GSM615302,M559,"breast cancer, sample MDACC-M559",Homo sapiens,GPL96,,Reanalyzed by: GSE205568,Public on May 11 2011,Nov 01 2010,Jun 06 2022
GSE25055,GSM615303,M564,"breast cancer, sample MDACC-M564",Homo sapiens,GPL96,,Reanalyzed by: GSE205568,Public on May 11 2011,Nov 01 2010,Jun 06 2022
GSE25055,GSM615304,M565,"breast cancer, sample MDACC-M565",Homo sapiens,GPL96,,Reanalyzed by: GSE205568,Public on May 11 2011,Nov 01 2010,Jun 06 2022
GSE25055,GSM615305,M566,"breast cancer, sample MDACC-M566",Homo sapiens,GPL96,,Reanalyzed by: GSE205568,Public on May 11 2011,Nov 01 2010,Jun 06 2022
GSE25055,GSM615306,M569,"breast cancer, sample MDACC-M569",Homo sapiens,GPL96,,Reanalyzed by: GSE205568,Public on May 11 2011,Nov 01 2010,Jun 06 2022
GSE25055,GSM615307,M571,"breast cancer, sample MDACC-M571",Homo sapiens,GPL96,,Reanalyzed by: GSE205568,Public on May 11 2011,Nov 01 2010,Jun 06 2022
GSE25055,GSM615308,M577,"breast cancer, sample MDACC-M577",Homo sapiens,GPL96,,Reanalyzed by: GSE205568,Public on May 11 2011,Nov 01 2010,Jun 06 2022
GSE25055,GSM615309,M578,"breast cancer, sample MDACC-M578",Homo sapiens,GPL96,,Reanalyzed by: GSE205568,Public on May 11 2011,Nov 01 2010,Jun 06 2022
GSE25055,GSM615310,M580,"breast cancer, sample MDACC-M580",Homo sapiens,GPL96,,Reanalyzed by: GSE205568,Public on May 11 2011,Nov 01 2010,Jun 06 2022
GSE25055,GSM615311,M581,"breast cancer, sample MDACC-M581",Homo sapiens,GPL96,,Reanalyzed by: GSE205568,Public on May 11 2011,Nov 01 2010,Jun 06 2022
GSE25055,GSM615312,M583,"breast cancer, sample MDACC-M583",Homo sapiens,GPL96,,Reanalyzed by: GSE205568,Public on May 11 2011,Nov 01 2010,Jun 06 2022
GSE25055,GSM615313,M599,"breast cancer, sample MDACC-M599",Homo sapiens,GPL96,,Reanalyzed by: GSE205568,Public on May 11 2011,Nov 01 2010,Jun 06 2022
GSE25055,GSM615314,M601,"breast cancer, sample MDACC-M601",Homo sapiens,GPL96,,Reanalyzed by: GSE205568,Public on May 11 2011,Nov 01 2010,Jun 06 2022
GSE25055,GSM615315,M603,"breast cancer, sample MDACC-M603",Homo sapiens,GPL96,,Reanalyzed by: GSE205568,Public on May 11 2011,Nov 01 2010,Jun 06 2022
GSE25055,GSM615316,M607,"breast cancer, sample MDACC-M607",Homo sapiens,GPL96,,Reanalyzed by: GSE205568,Public on May 11 2011,Nov 01 2010,Jun 06 2022
GSE25055,GSM615317,M608,"breast cancer, sample MDACC-M608",Homo sapiens,GPL96,,Reanalyzed by: GSE205568,Public on May 11 2011,Nov 01 2010,Jun 06 2022
GSE25055,GSM615318,M610,"breast cancer, sample MDACC-M610",Homo sapiens,GPL96,,Reanalyzed by: GSE205568,Public on May 11 2011,Nov 01 2010,Jun 06 2022
GSE25055,GSM615319,M611,"breast cancer, sample MDACC-M611",Homo sapiens,GPL96,,Reanalyzed by: GSE205568,Public on May 11 2011,Nov 01 2010,Jun 06 2022
GSE25055,GSM615320,M612,"breast cancer, sample MDACC-M612",Homo sapiens,GPL96,,Reanalyzed by: GSE205568,Public on May 11 2011,Nov 01 2010,Jun 06 2022
GSE25055,GSM615321,M617,"breast cancer, sample MDACC-M617",Homo sapiens,GPL96,,Reanalyzed by: GSE205568,Public on May 11 2011,Nov 01 2010,Jun 06 2022
GSE25055,GSM615322,M619,"breast cancer, sample MDACC-M619",Homo sapiens,GPL96,,Reanalyzed by: GSE205568,Public on May 11 2011,Nov 01 2010,Jun 06 2022
GSE25055,GSM615323,M624,"breast cancer, sample MDACC-M624",Homo sapiens,GPL96,,Reanalyzed by: GSE205568,Public on May 11 2011,Nov 01 2010,Jun 06 2022
GSE25055,GSM615324,M625,"breast cancer, sample MDACC-M625",Homo sapiens,GPL96,,Reanalyzed by: GSE205568,Public on May 11 2011,Nov 01 2010,Jun 06 2022
GSE25055,GSM615325,M635,"breast cancer, sample MDACC-M635",Homo sapiens,GPL96,,Reanalyzed by: GSE205568,Public on May 11 2011,Nov 01 2010,Jun 06 2022
GSE25055,GSM615326,M636,"breast cancer, sample MDACC-M636",Homo sapiens,GPL96,,Reanalyzed by: GSE205568,Public on May 11 2011,Nov 01 2010,Jun 06 2022
GSE25055,GSM615327,M639,"breast cancer, sample MDACC-M639",Homo sapiens,GPL96,,Reanalyzed by: GSE205568,Public on May 11 2011,Nov 01 2010,Jun 06 2022
GSE25055,GSM615328,M642,"breast cancer, sample MDACC-M642",Homo sapiens,GPL96,,Reanalyzed by: GSE205568,Public on May 11 2011,Nov 01 2010,Jun 06 2022
GSE25055,GSM615329,M643,"breast cancer, sample MDACC-M643",Homo sapiens,GPL96,,Reanalyzed by: GSE205568,Public on May 11 2011,Nov 01 2010,Jun 06 2022
GSE25055,GSM615330,M647,"breast cancer, sample MDACC-M647",Homo sapiens,GPL96,,Reanalyzed by: GSE205568,Public on May 11 2011,Nov 01 2010,Jun 06 2022
GSE25055,GSM615331,M651,"breast cancer, sample MDACC-M651",Homo sapiens,GPL96,,Reanalyzed by: GSE205568,Public on May 11 2011,Nov 01 2010,Jun 06 2022
GSE25055,GSM615332,M652,"breast cancer, sample MDACC-M652",Homo sapiens,GPL96,,Reanalyzed by: GSE205568,Public on May 11 2011,Nov 01 2010,Jun 06 2022
GSE25055,GSM615333,M657,"breast cancer, sample MDACC-M657",Homo sapiens,GPL96,,Reanalyzed by: GSE205568,Public on May 11 2011,Nov 01 2010,Jun 06 2022
GSE25055,GSM615334,M658,"breast cancer, sample MDACC-M658",Homo sapiens,GPL96,,Reanalyzed by: GSE205568,Public on May 11 2011,Nov 01 2010,Jun 06 2022
GSE25055,GSM615335,M659,"breast cancer, sample MDACC-M659",Homo sapiens,GPL96,,Reanalyzed by: GSE205568,Public on May 11 2011,Nov 01 2010,Jun 06 2022
GSE25055,GSM615336,M661,"breast cancer, sample MDACC-M661",Homo sapiens,GPL96,,Reanalyzed by: GSE205568,Public on May 11 2011,Nov 01 2010,Jun 06 2022
GSE25055,GSM615337,M662,"breast cancer, sample MDACC-M662",Homo sapiens,GPL96,,Reanalyzed by: GSE205568,Public on May 11 2011,Nov 01 2010,Jun 06 2022
GSE25055,GSM615338,M665,"breast cancer, sample MDACC-M665",Homo sapiens,GPL96,,Reanalyzed by: GSE205568,Public on May 11 2011,Nov 01 2010,Jun 06 2022
GSE25055,GSM615339,M666,"breast cancer, sample MDACC-M666",Homo sapiens,GPL96,,Reanalyzed by: GSE205568,Public on May 11 2011,Nov 01 2010,Jun 06 2022
GSE25055,GSM615340,M668,"breast cancer, sample MDACC-M668",Homo sapiens,GPL96,,Reanalyzed by: GSE205568,Public on May 11 2011,Nov 01 2010,Jun 06 2022
GSE25055,GSM615341,M669,"breast cancer, sample MDACC-M669",Homo sapiens,GPL96,,Reanalyzed by: GSE205568,Public on May 11 2011,Nov 01 2010,Jun 06 2022
GSE25055,GSM615342,M670,"breast cancer, sample MDACC-M670",Homo sapiens,GPL96,,Reanalyzed by: GSE205568,Public on May 11 2011,Nov 01 2010,Jun 06 2022
GSE25055,GSM615343,M671,"breast cancer, sample MDACC-M671",Homo sapiens,GPL96,,Reanalyzed by: GSE205568,Public on May 11 2011,Nov 01 2010,Jun 06 2022
GSE25055,GSM615344,M673,"breast cancer, sample MDACC-M673",Homo sapiens,GPL96,,Reanalyzed by: GSE205568,Public on May 11 2011,Nov 01 2010,Jun 06 2022
GSE25055,GSM615345,M675,"breast cancer, sample MDACC-M675",Homo sapiens,GPL96,,Reanalyzed by: GSE205568,Public on May 11 2011,Nov 01 2010,Jun 06 2022
GSE25055,GSM615346,M677,"breast cancer, sample MDACC-M677",Homo sapiens,GPL96,,Reanalyzed by: GSE205568,Public on May 11 2011,Nov 01 2010,Jun 06 2022
GSE25055,GSM615347,M679,"breast cancer, sample MDACC-M679",Homo sapiens,GPL96,,Reanalyzed by: GSE205568,Public on May 11 2011,Nov 01 2010,Jun 06 2022
GSE25055,GSM615348,M681,"breast cancer, sample MDACC-M681",Homo sapiens,GPL96,,Reanalyzed by: GSE205568,Public on May 11 2011,Nov 01 2010,Jun 06 2022
GSE25055,GSM615349,M682,"breast cancer, sample MDACC-M682",Homo sapiens,GPL96,,Reanalyzed by: GSE205568,Public on May 11 2011,Nov 01 2010,Jun 06 2022
GSE25055,GSM615350,M683,"breast cancer, sample MDACC-M683",Homo sapiens,GPL96,,Reanalyzed by: GSE205568,Public on May 11 2011,Nov 01 2010,Jun 06 2022
GSE25055,GSM615351,M685,"breast cancer, sample MDACC-M685",Homo sapiens,GPL96,,Reanalyzed by: GSE205568,Public on May 11 2011,Nov 01 2010,Jun 06 2022
GSE25055,GSM615352,M690,"breast cancer, sample MDACC-M690",Homo sapiens,GPL96,,Reanalyzed by: GSE205568,Public on May 11 2011,Nov 01 2010,Jun 06 2022
GSE25055,GSM615353,M691,"breast cancer, sample MDACC-M691",Homo sapiens,GPL96,,Reanalyzed by: GSE205568,Public on May 11 2011,Nov 01 2010,Jun 06 2022
GSE25055,GSM615354,M692,"breast cancer, sample MDACC-M692",Homo sapiens,GPL96,,Reanalyzed by: GSE205568,Public on May 11 2011,Nov 01 2010,Jun 06 2022
GSE25055,GSM615355,M693,"breast cancer, sample MDACC-M693",Homo sapiens,GPL96,,Reanalyzed by: GSE205568,Public on May 11 2011,Nov 01 2010,Jun 06 2022
GSE25055,GSM615356,M695,"breast cancer, sample MDACC-M695",Homo sapiens,GPL96,,Reanalyzed by: GSE205568,Public on May 11 2011,Nov 01 2010,Jun 06 2022
GSE25055,GSM615357,M696,"breast cancer, sample MDACC-M696",Homo sapiens,GPL96,,Reanalyzed by: GSE205568,Public on May 11 2011,Nov 01 2010,Jun 06 2022
GSE25055,GSM615358,M706,"breast cancer, sample MDACC-M706",Homo sapiens,GPL96,,Reanalyzed by: GSE205568,Public on May 11 2011,Nov 01 2010,Jun 06 2022
GSE25055,GSM615359,M709,"breast cancer, sample MDACC-M709",Homo sapiens,GPL96,,Reanalyzed by: GSE205568,Public on May 11 2011,Nov 01 2010,Jun 06 2022
GSE25055,GSM615360,M710,"breast cancer, sample MDACC-M710",Homo sapiens,GPL96,,Reanalyzed by: GSE205568,Public on May 11 2011,Nov 01 2010,Jun 06 2022
GSE25055,GSM615361,M714,"breast cancer, sample MDACC-M714",Homo sapiens,GPL96,,Reanalyzed by: GSE205568,Public on May 11 2011,Nov 01 2010,Jun 06 2022
GSE25055,GSM615362,M717,"breast cancer, sample MDACC-M717",Homo sapiens,GPL96,,Reanalyzed by: GSE205568,Public on May 11 2011,Nov 01 2010,Jun 06 2022
GSE25055,GSM615363,M718,"breast cancer, sample MDACC-M718",Homo sapiens,GPL96,,Reanalyzed by: GSE205568,Public on May 11 2011,Nov 01 2010,Jun 06 2022
GSE25055,GSM615364,M722,"breast cancer, sample MDACC-M722",Homo sapiens,GPL96,,Reanalyzed by: GSE205568,Public on May 11 2011,Nov 01 2010,Jun 06 2022
GSE25055,GSM615365,M723,"breast cancer, sample MDACC-M723",Homo sapiens,GPL96,,Reanalyzed by: GSE205568,Public on May 11 2011,Nov 01 2010,Jun 06 2022
GSE25055,GSM615366,M725,"breast cancer, sample MDACC-M725",Homo sapiens,GPL96,,Reanalyzed by: GSE205568,Public on May 11 2011,Nov 01 2010,Jun 06 2022
GSE25055,GSM615367,M728,"breast cancer, sample MDACC-M728",Homo sapiens,GPL96,,Reanalyzed by: GSE205568,Public on May 11 2011,Nov 01 2010,Jun 06 2022
GSE25055,GSM615368,M729,"breast cancer, sample MDACC-M729",Homo sapiens,GPL96,,Reanalyzed by: GSE205568,Public on May 11 2011,Nov 01 2010,Jun 06 2022
GSE25055,GSM615369,M732,"breast cancer, sample MDACC-M732",Homo sapiens,GPL96,,Reanalyzed by: GSE205568,Public on May 11 2011,Nov 01 2010,Jun 06 2022
GSE25055,GSM615370,M734,"breast cancer, sample MDACC-M734",Homo sapiens,GPL96,,Reanalyzed by: GSE205568,Public on May 11 2011,Nov 01 2010,Jun 06 2022
GSE25055,GSM615371,M735,"breast cancer, sample MDACC-M735",Homo sapiens,GPL96,,Reanalyzed by: GSE205568,Public on May 11 2011,Nov 01 2010,Jun 06 2022
GSE25055,GSM615372,M739,"breast cancer, sample MDACC-M739",Homo sapiens,GPL96,,Reanalyzed by: GSE205568,Public on May 11 2011,Nov 01 2010,Jun 06 2022
GSE25055,GSM615373,M744,"breast cancer, sample MDACC-M744",Homo sapiens,GPL96,,Reanalyzed by: GSE205568,Public on May 11 2011,Nov 01 2010,Jun 06 2022
GSE25055,GSM615374,M746,"breast cancer, sample MDACC-M746",Homo sapiens,GPL96,,Reanalyzed by: GSE205568,Public on May 11 2011,Nov 01 2010,Jun 06 2022
GSE25055,GSM615375,M750,"breast cancer, sample MDACC-M750",Homo sapiens,GPL96,,Reanalyzed by: GSE205568,Public on May 11 2011,Nov 01 2010,Jun 06 2022
GSE25055,GSM615376,M751,"breast cancer, sample MDACC-M751",Homo sapiens,GPL96,,Reanalyzed by: GSE205568,Public on May 11 2011,Nov 01 2010,Jun 06 2022
GSE25055,GSM615377,M753,"breast cancer, sample MDACC-M753",Homo sapiens,GPL96,,Reanalyzed by: GSE205568,Public on May 11 2011,Nov 01 2010,Jun 06 2022
GSE25055,GSM615378,M757,"breast cancer, sample MDACC-M757",Homo sapiens,GPL96,,Reanalyzed by: GSE205568,Public on May 11 2011,Nov 01 2010,Jun 06 2022
GSE25055,GSM615379,M758,"breast cancer, sample MDACC-M758",Homo sapiens,GPL96,,Reanalyzed by: GSE205568,Public on May 11 2011,Nov 01 2010,Jun 06 2022
GSE25055,GSM615380,M763,"breast cancer, sample MDACC-M763",Homo sapiens,GPL96,,Reanalyzed by: GSE205568,Public on May 11 2011,Nov 01 2010,Jun 06 2022
GSE25055,GSM615381,M765,"breast cancer, sample MDACC-M765",Homo sapiens,GPL96,,Reanalyzed by: GSE205568,Public on May 11 2011,Nov 01 2010,Jun 06 2022
GSE25055,GSM615382,M766,"breast cancer, sample MDACC-M766",Homo sapiens,GPL96,,Reanalyzed by: GSE205568,Public on May 11 2011,Nov 01 2010,Jun 06 2022
GSE25055,GSM615383,M767,"breast cancer, sample MDACC-M767",Homo sapiens,GPL96,,Reanalyzed by: GSE205568,Public on May 11 2011,Nov 01 2010,Jun 06 2022
GSE25055,GSM615384,M768,"breast cancer, sample MDACC-M768",Homo sapiens,GPL96,,Reanalyzed by: GSE205568,Public on May 11 2011,Nov 01 2010,Jun 06 2022
GSE25055,GSM615385,M771,"breast cancer, sample MDACC-M771",Homo sapiens,GPL96,,Reanalyzed by: GSE205568,Public on May 11 2011,Nov 01 2010,Jun 06 2022
GSE25055,GSM615386,M774,"breast cancer, sample MDACC-M774",Homo sapiens,GPL96,,Reanalyzed by: GSE205568,Public on May 11 2011,Nov 01 2010,Jun 06 2022
GSE25055,GSM615387,M779,"breast cancer, sample MDACC-M779",Homo sapiens,GPL96,,Reanalyzed by: GSE205568,Public on May 11 2011,Nov 01 2010,Jun 06 2022
GSE25055,GSM615388,M781,"breast cancer, sample MDACC-M781",Homo sapiens,GPL96,,Reanalyzed by: GSE205568,Public on May 11 2011,Nov 01 2010,Jun 06 2022
GSE25055,GSM615389,M782,"breast cancer, sample MDACC-M782",Homo sapiens,GPL96,,Reanalyzed by: GSE205568,Public on May 11 2011,Nov 01 2010,Jun 06 2022
GSE25055,GSM615390,M783,"breast cancer, sample MDACC-M783",Homo sapiens,GPL96,,Reanalyzed by: GSE205568,Public on May 11 2011,Nov 01 2010,Jun 06 2022
GSE25055,GSM615391,M784,"breast cancer, sample MDACC-M784",Homo sapiens,GPL96,,Reanalyzed by: GSE205568,Public on May 11 2011,Nov 01 2010,Jun 06 2022
GSE25055,GSM615392,M791,"breast cancer, sample MDACC-M791",Homo sapiens,GPL96,,Reanalyzed by: GSE205568,Public on May 11 2011,Nov 01 2010,Jun 06 2022
GSE25055,GSM615393,M792,"breast cancer, sample MDACC-M792",Homo sapiens,GPL96,,Reanalyzed by: GSE205568,Public on May 11 2011,Nov 01 2010,Jun 06 2022
GSE25055,GSM615394,M794,"breast cancer, sample MDACC-M794",Homo sapiens,GPL96,,Reanalyzed by: GSE205568,Public on May 11 2011,Nov 01 2010,Jun 06 2022
GSE25055,GSM615395,M795,"breast cancer, sample MDACC-M795",Homo sapiens,GPL96,,Reanalyzed by: GSE205568,Public on May 11 2011,Nov 01 2010,Jun 06 2022
GSE25055,GSM615396,M802,"breast cancer, sample MDACC-M802",Homo sapiens,GPL96,,Reanalyzed by: GSE205568,Public on May 11 2011,Nov 01 2010,Jun 06 2022
GSE25055,GSM615397,M805,"breast cancer, sample MDACC-M805",Homo sapiens,GPL96,,Reanalyzed by: GSE205568,Public on May 11 2011,Nov 01 2010,Jun 06 2022
GSE25055,GSM615398,M806,"breast cancer, sample MDACC-M806",Homo sapiens,GPL96,,Reanalyzed by: GSE205568,Public on May 11 2011,Nov 01 2010,Jun 06 2022
GSE25055,GSM615399,M810,"breast cancer, sample MDACC-M810",Homo sapiens,GPL96,,Reanalyzed by: GSE205568,Public on May 11 2011,Nov 01 2010,Jun 06 2022
GSE25055,GSM615400,PERU01,"breast cancer, sample MDACC-PERU01",Homo sapiens,GPL96,,Reanalyzed by: GSE205568,Public on May 11 2011,Nov 01 2010,Jun 06 2022
GSE25055,GSM615401,PERU07,"breast cancer, sample MDACC-PERU07",Homo sapiens,GPL96,,Reanalyzed by: GSE205568,Public on May 11 2011,Nov 01 2010,Jun 06 2022
GSE25055,GSM615402,PERU09,"breast cancer, sample MDACC-PERU09",Homo sapiens,GPL96,,Reanalyzed by: GSE205568,Public on May 11 2011,Nov 01 2010,Jun 06 2022
GSE25055,GSM615403,PERU11,"breast cancer, sample MDACC-PERU11",Homo sapiens,GPL96,,Reanalyzed by: GSE205568,Public on May 11 2011,Nov 01 2010,Jun 06 2022
GSE25055,GSM615404,PERU12_14,"breast cancer, sample MDACC-PERU12_14",Homo sapiens,GPL96,,Reanalyzed by: GSE205568,Public on May 11 2011,Nov 01 2010,Jun 06 2022
GSE25055,GSM615405,PERU14_16,"breast cancer, sample MDACC-PERU14_16",Homo sapiens,GPL96,,Reanalyzed by: GSE205568,Public on May 11 2011,Nov 01 2010,Jun 06 2022
GSE25065,GSM615631,1,"breast cancer, sample USO-1",Homo sapiens,GPL96,,Reanalyzed by: GSE205568,Public on May 11 2011,Nov 01 2010,Jun 06 2022
GSE25065,GSM615632,5,"breast cancer, sample USO-5",Homo sapiens,GPL96,,Reanalyzed by: GSE205568,Public on May 11 2011,Nov 01 2010,Jun 06 2022
GSE25065,GSM615633,12,"breast cancer, sample USO-12",Homo sapiens,GPL96,,Reanalyzed by: GSE205568,Public on May 11 2011,Nov 01 2010,Jun 06 2022
GSE25065,GSM615634,13,"breast cancer, sample USO-13",Homo sapiens,GPL96,,Reanalyzed by: GSE205568,Public on May 11 2011,Nov 01 2010,Jun 06 2022
GSE25065,GSM615635,18,"breast cancer, sample USO-18",Homo sapiens,GPL96,,Reanalyzed by: GSE205568,Public on May 11 2011,Nov 01 2010,Jun 06 2022
GSE25065,GSM615636,20,"breast cancer, sample USO-20",Homo sapiens,GPL96,,Reanalyzed by: GSE205568,Public on May 11 2011,Nov 01 2010,Jun 06 2022
GSE25065,GSM615637,23,"breast cancer, sample USO-23",Homo sapiens,GPL96,,Reanalyzed by: GSE205568,Public on May 11 2011,Nov 01 2010,Jun 06 2022
GSE25065,GSM615638,24,"breast cancer, sample USO-24",Homo sapiens,GPL96,,Reanalyzed by: GSE205568,Public on May 11 2011,Nov 01 2010,Jun 06 2022
GSE25065,GSM615639,30,"breast cancer, sample USO-30",Homo sapiens,GPL96,,Reanalyzed by: GSE205568,Public on May 11 2011,Nov 01 2010,Jun 06 2022
GSE25065,GSM615640,31,"breast cancer, sample USO-31",Homo sapiens,GPL96,,Reanalyzed by: GSE205568,Public on May 11 2011,Nov 01 2010,Jun 06 2022
GSE25065,GSM615641,32,"breast cancer, sample USO-32",Homo sapiens,GPL96,,Reanalyzed by: GSE205568,Public on May 11 2011,Nov 01 2010,Jun 06 2022
GSE25065,GSM615642,35,"breast cancer, sample USO-35",Homo sapiens,GPL96,,Reanalyzed by: GSE205568,Public on May 11 2011,Nov 01 2010,Jun 06 2022
GSE25065,GSM615643,36,"breast cancer, sample USO-36",Homo sapiens,GPL96,,Reanalyzed by: GSE205568,Public on May 11 2011,Nov 01 2010,Jun 06 2022
GSE25065,GSM615644,45,"breast cancer, sample USO-45",Homo sapiens,GPL96,,Reanalyzed by: GSE205568,Public on May 11 2011,Nov 01 2010,Jun 06 2022
GSE25065,GSM615645,46,"breast cancer, sample USO-46",Homo sapiens,GPL96,,Reanalyzed by: GSE205568,Public on May 11 2011,Nov 01 2010,Jun 06 2022
GSE25065,GSM615646,48,"breast cancer, sample USO-48",Homo sapiens,GPL96,,Reanalyzed by: GSE205568,Public on May 11 2011,Nov 01 2010,Jun 06 2022
GSE25065,GSM615647,51,"breast cancer, sample USO-51",Homo sapiens,GPL96,,Reanalyzed by: GSE205568,Public on May 11 2011,Nov 01 2010,Jun 06 2022
GSE25065,GSM615648,52,"breast cancer, sample USO-52",Homo sapiens,GPL96,,Reanalyzed by: GSE205568,Public on May 11 2011,Nov 01 2010,Jun 06 2022
GSE25065,GSM615649,67,"breast cancer, sample USO-67",Homo sapiens,GPL96,,Reanalyzed by: GSE205568,Public on May 11 2011,Nov 01 2010,Jun 06 2022
GSE25065,GSM615650,68,"breast cancer, sample USO-68",Homo sapiens,GPL96,,Reanalyzed by: GSE205568,Public on May 11 2011,Nov 01 2010,Jun 06 2022
GSE25065,GSM615651,70,"breast cancer, sample USO-70",Homo sapiens,GPL96,,Reanalyzed by: GSE205568,Public on May 11 2011,Nov 01 2010,Jun 06 2022
GSE25065,GSM615652,76,"breast cancer, sample USO-76",Homo sapiens,GPL96,,Reanalyzed by: GSE205568,Public on May 11 2011,Nov 01 2010,Jun 06 2022
GSE25065,GSM615653,77,"breast cancer, sample USO-77",Homo sapiens,GPL96,,Reanalyzed by: GSE205568,Public on May 11 2011,Nov 01 2010,Jun 06 2022
GSE25065,GSM615654,80,"breast cancer, sample USO-80",Homo sapiens,GPL96,,Reanalyzed by: GSE205568,Public on May 11 2011,Nov 01 2010,Jun 06 2022
GSE25065,GSM615655,85,"breast cancer, sample USO-85",Homo sapiens,GPL96,,Reanalyzed by: GSE205568,Public on May 11 2011,Nov 01 2010,Jun 06 2022
GSE25065,GSM615656,86,"breast cancer, sample USO-86",Homo sapiens,GPL96,,Reanalyzed by: GSE205568,Public on May 11 2011,Nov 01 2010,Jun 06 2022
GSE25065,GSM615657,87,"breast cancer, sample USO-87",Homo sapiens,GPL96,,Reanalyzed by: GSE205568,Public on May 11 2011,Nov 01 2010,Jun 06 2022
GSE25065,GSM615658,88,"breast cancer, sample USO-88",Homo sapiens,GPL96,,Reanalyzed by: GSE205568,Public on May 11 2011,Nov 01 2010,Jun 06 2022
GSE25065,GSM615659,94,"breast cancer, sample USO-94",Homo sapiens,GPL96,,Reanalyzed by: GSE205568,Public on May 11 2011,Nov 01 2010,Jun 06 2022
GSE25065,GSM615660,95,"breast cancer, sample USO-95",Homo sapiens,GPL96,,Reanalyzed by: GSE205568,Public on May 11 2011,Nov 01 2010,Jun 06 2022
GSE25065,GSM615661,96,"breast cancer, sample USO-96",Homo sapiens,GPL96,,Reanalyzed by: GSE205568,Public on May 11 2011,Nov 01 2010,Jun 06 2022
GSE25065,GSM615662,97,"breast cancer, sample USO-97",Homo sapiens,GPL96,,Reanalyzed by: GSE205568,Public on May 11 2011,Nov 01 2010,Jun 06 2022
GSE25065,GSM615663,100,"breast cancer, sample USO-100",Homo sapiens,GPL96,,Reanalyzed by: GSE205568,Public on May 11 2011,Nov 01 2010,Jun 06 2022
GSE25065,GSM615664,101,"breast cancer, sample USO-101",Homo sapiens,GPL96,,Reanalyzed by: GSE205568,Public on May 11 2011,Nov 01 2010,Jun 06 2022
GSE25065,GSM615665,103,"breast cancer, sample USO-103",Homo sapiens,GPL96,,Reanalyzed by: GSE205568,Public on May 11 2011,Nov 01 2010,Jun 06 2022
GSE25065,GSM615666,104,"breast cancer, sample USO-104",Homo sapiens,GPL96,,Reanalyzed by: GSE205568,Public on May 11 2011,Nov 01 2010,Jun 06 2022
GSE25065,GSM615667,106,"breast cancer, sample USO-106",Homo sapiens,GPL96,,Reanalyzed by: GSE205568,Public on May 11 2011,Nov 01 2010,Jun 06 2022
GSE25065,GSM615668,110,"breast cancer, sample USO-110",Homo sapiens,GPL96,,Reanalyzed by: GSE205568,Public on May 11 2011,Nov 01 2010,Jun 06 2022
GSE25065,GSM615669,111,"breast cancer, sample USO-111",Homo sapiens,GPL96,,Reanalyzed by: GSE205568,Public on May 11 2011,Nov 01 2010,Jun 06 2022
GSE25065,GSM615670,112,"breast cancer, sample USO-112",Homo sapiens,GPL96,,Reanalyzed by: GSE205568,Public on May 11 2011,Nov 01 2010,Jun 06 2022
GSE25065,GSM615671,113,"breast cancer, sample USO-113",Homo sapiens,GPL96,,Reanalyzed by: GSE205568,Public on May 11 2011,Nov 01 2010,Jun 06 2022
GSE25065,GSM615672,118,"breast cancer, sample USO-118",Homo sapiens,GPL96,,Reanalyzed by: GSE205568,Public on May 11 2011,Nov 01 2010,Jun 06 2022
GSE25065,GSM615673,124,"breast cancer, sample USO-124",Homo sapiens,GPL96,,Reanalyzed by: GSE205568,Public on May 11 2011,Nov 01 2010,Jun 06 2022
GSE25065,GSM615674,125,"breast cancer, sample USO-125",Homo sapiens,GPL96,,Reanalyzed by: GSE205568,Public on May 11 2011,Nov 01 2010,Jun 06 2022
GSE25065,GSM615675,130,"breast cancer, sample USO-130",Homo sapiens,GPL96,,Reanalyzed by: GSE205568,Public on May 11 2011,Nov 01 2010,Jun 06 2022
GSE25065,GSM615676,133,"breast cancer, sample USO-133",Homo sapiens,GPL96,,Reanalyzed by: GSE205568,Public on May 11 2011,Nov 01 2010,Jun 06 2022
GSE25065,GSM615677,145,"breast cancer, sample USO-145",Homo sapiens,GPL96,,Reanalyzed by: GSE205568,Public on May 11 2011,Nov 01 2010,Jun 06 2022
GSE25065,GSM615678,148,"breast cancer, sample USO-148",Homo sapiens,GPL96,,Reanalyzed by: GSE205568,Public on May 11 2011,Nov 01 2010,Jun 06 2022
GSE25065,GSM615679,149,"breast cancer, sample USO-149",Homo sapiens,GPL96,,Reanalyzed by: GSE205568,Public on May 11 2011,Nov 01 2010,Jun 06 2022
GSE25065,GSM615680,150,"breast cancer, sample USO-150",Homo sapiens,GPL96,,Reanalyzed by: GSE205568,Public on May 11 2011,Nov 01 2010,Jun 06 2022
GSE25065,GSM615681,154,"breast cancer, sample USO-154",Homo sapiens,GPL96,,Reanalyzed by: GSE205568,Public on May 11 2011,Nov 01 2010,Jun 06 2022
GSE25065,GSM615682,155,"breast cancer, sample USO-155",Homo sapiens,GPL96,,Reanalyzed by: GSE205568,Public on May 11 2011,Nov 01 2010,Jun 06 2022
GSE25065,GSM615683,159,"breast cancer, sample USO-159",Homo sapiens,GPL96,,Reanalyzed by: GSE205568,Public on May 11 2011,Nov 01 2010,Jun 06 2022
GSE25065,GSM615684,161,"breast cancer, sample USO-161",Homo sapiens,GPL96,,Reanalyzed by: GSE205568,Public on May 11 2011,Nov 01 2010,Jun 06 2022
GSE25065,GSM615685,223,"breast cancer, sample MDACC-223",Homo sapiens,GPL96,,Reanalyzed by: GSE205568,Public on May 11 2011,Nov 01 2010,Jun 06 2022
GSE25065,GSM615686,225,"breast cancer, sample MDACC-225",Homo sapiens,GPL96,,Reanalyzed by: GSE205568,Public on May 11 2011,Nov 01 2010,Jun 06 2022
GSE25065,GSM615687,249,"breast cancer, sample MDACC-249",Homo sapiens,GPL96,,Reanalyzed by: GSE205568,Public on May 11 2011,Nov 01 2010,Jun 06 2022
GSE25065,GSM615688,268,"breast cancer, sample MDACC-268",Homo sapiens,GPL96,,Reanalyzed by: GSE205568,Public on May 11 2011,Nov 01 2010,Jun 06 2022
GSE25065,GSM615689,272,"breast cancer, sample MDACC-272",Homo sapiens,GPL96,,Reanalyzed by: GSE205568,Public on May 11 2011,Nov 01 2010,Jun 06 2022
GSE25065,GSM615690,290,"breast cancer, sample MDACC-290",Homo sapiens,GPL96,,Reanalyzed by: GSE205568,Public on May 11 2011,Nov 01 2010,Jun 06 2022
GSE25065,GSM615691,293,"breast cancer, sample MDACC-293",Homo sapiens,GPL96,,Reanalyzed by: GSE205568,Public on May 11 2011,Nov 01 2010,Jun 06 2022
GSE25065,GSM615692,305,"breast cancer, sample MDACC-305",Homo sapiens,GPL96,,Reanalyzed by: GSE205568,Public on May 11 2011,Nov 01 2010,Jun 06 2022
GSE25065,GSM615693,320,"breast cancer, sample MDACC-320",Homo sapiens,GPL96,,Reanalyzed by: GSE205568,Public on May 11 2011,Nov 01 2010,Jun 06 2022
GSE25065,GSM615694,324,"breast cancer, sample MDACC-324",Homo sapiens,GPL96,,Reanalyzed by: GSE205568,Public on May 11 2011,Nov 01 2010,Jun 06 2022
GSE25065,GSM615695,327,"breast cancer, sample MDACC-327",Homo sapiens,GPL96,,Reanalyzed by: GSE205568,Public on May 11 2011,Nov 01 2010,Jun 06 2022
GSE25065,GSM615696,336,"breast cancer, sample MDACC-336",Homo sapiens,GPL96,,Reanalyzed by: GSE205568,Public on May 11 2011,Nov 01 2010,Jun 06 2022
GSE25065,GSM615697,337,"breast cancer, sample MDACC-337",Homo sapiens,GPL96,,Reanalyzed by: GSE205568,Public on May 11 2011,Nov 01 2010,Jun 06 2022
GSE25065,GSM615698,342,"breast cancer, sample MDACC-342",Homo sapiens,GPL96,,Reanalyzed by: GSE205568,Public on May 11 2011,Nov 01 2010,Jun 06 2022
GSE25065,GSM615699,348,"breast cancer, sample MDACC-348",Homo sapiens,GPL96,,Reanalyzed by: GSE205568,Public on May 11 2011,Nov 01 2010,Jun 06 2022
GSE25065,GSM615700,364,"breast cancer, sample MDACC-364",Homo sapiens,GPL96,,Reanalyzed by: GSE205568,Public on May 11 2011,Nov 01 2010,Jun 06 2022
GSE25065,GSM615701,437,"breast cancer, sample MDACC-437",Homo sapiens,GPL96,,Reanalyzed by: GSE205568,Public on May 11 2011,Nov 01 2010,Jun 06 2022
GSE25065,GSM615702,440,"breast cancer, sample MDACC-440",Homo sapiens,GPL96,,Reanalyzed by: GSE205568,Public on May 11 2011,Nov 01 2010,Jun 06 2022
GSE25065,GSM615703,470,"breast cancer, sample MDACC-470",Homo sapiens,GPL96,,Reanalyzed by: GSE205568,Public on May 11 2011,Nov 01 2010,Jun 06 2022
GSE25065,GSM615704,480,"breast cancer, sample MDACC-480",Homo sapiens,GPL96,,Reanalyzed by: GSE205568,Public on May 11 2011,Nov 01 2010,Jun 06 2022
GSE25065,GSM615705,496,"breast cancer, sample MDACC-496",Homo sapiens,GPL96,,Reanalyzed by: GSE205568,Public on May 11 2011,Nov 01 2010,Jun 06 2022
GSE25065,GSM615706,509,"breast cancer, sample MDACC-509",Homo sapiens,GPL96,,Reanalyzed by: GSE205568,Public on May 11 2011,Nov 01 2010,Jun 06 2022
GSE25065,GSM615707,544,"breast cancer, sample MDACC-544",Homo sapiens,GPL96,,Reanalyzed by: GSE205568,Public on May 11 2011,Nov 01 2010,Jun 06 2022
GSE25065,GSM615708,551,"breast cancer, sample MDACC-551",Homo sapiens,GPL96,,Reanalyzed by: GSE205568,Public on May 11 2011,Nov 01 2010,Jun 06 2022
GSE25065,GSM615709,575,"breast cancer, sample MDACC-575",Homo sapiens,GPL96,,Reanalyzed by: GSE205568,Public on May 11 2011,Nov 01 2010,Jun 06 2022
GSE25065,GSM615710,645,"breast cancer, sample MDACC-645",Homo sapiens,GPL96,,Reanalyzed by: GSE205568,Public on May 11 2011,Nov 01 2010,Jun 06 2022
GSE25065,GSM615711,660,"breast cancer, sample MDACC-660",Homo sapiens,GPL96,,Reanalyzed by: GSE205568,Public on May 11 2011,Nov 01 2010,Jun 06 2022
GSE25065,GSM615712,699,"breast cancer, sample MDACC-699",Homo sapiens,GPL96,,Reanalyzed by: GSE205568,Public on May 11 2011,Nov 01 2010,Jun 06 2022
GSE25065,GSM615713,748,"breast cancer, sample MDACC-748",Homo sapiens,GPL96,,Reanalyzed by: GSE205568,Public on May 11 2011,Nov 01 2010,Jun 06 2022
GSE25065,GSM615714,787,"breast cancer, sample MDACC-787",Homo sapiens,GPL96,,Reanalyzed by: GSE205568,Public on May 11 2011,Nov 01 2010,Jun 06 2022
GSE25065,GSM615715,798,"breast cancer, sample MDACC-798",Homo sapiens,GPL96,,Reanalyzed by: GSE205568,Public on May 11 2011,Nov 01 2010,Jun 06 2022
GSE25065,GSM615716,811,"breast cancer, sample MDACC-811",Homo sapiens,GPL96,,Reanalyzed by: GSE205568,Public on May 11 2011,Nov 01 2010,Jun 06 2022
GSE25065,GSM615717,813,"breast cancer, sample MDACC-813",Homo sapiens,GPL96,,Reanalyzed by: GSE205568,Public on May 11 2011,Nov 01 2010,Jun 06 2022
GSE25065,GSM615718,814,"breast cancer, sample MDACC-814",Homo sapiens,GPL96,,Reanalyzed by: GSE205568,Public on May 11 2011,Nov 01 2010,Jun 06 2022
GSE25065,GSM615719,815,"breast cancer, sample MDACC-815",Homo sapiens,GPL96,,Reanalyzed by: GSE205568,Public on May 11 2011,Nov 01 2010,Jun 06 2022
GSE25065,GSM615720,817,"breast cancer, sample MDACC-817",Homo sapiens,GPL96,,Reanalyzed by: GSE205568,Public on May 11 2011,Nov 01 2010,Jun 06 2022
GSE25065,GSM615721,821,"breast cancer, sample MDACC-821",Homo sapiens,GPL96,,Reanalyzed by: GSE205568,Public on May 11 2011,Nov 01 2010,Jun 06 2022
GSE25065,GSM615722,822,"breast cancer, sample MDACC-822",Homo sapiens,GPL96,,Reanalyzed by: GSE205568,Public on May 11 2011,Nov 01 2010,Jun 06 2022
GSE25065,GSM615723,824,"breast cancer, sample MDACC-824",Homo sapiens,GPL96,,Reanalyzed by: GSE205568,Public on May 11 2011,Nov 01 2010,Jun 06 2022
GSE25065,GSM615724,825,"breast cancer, sample MDACC-825",Homo sapiens,GPL96,,Reanalyzed by: GSE205568,Public on May 11 2011,Nov 01 2010,Jun 06 2022
GSE25065,GSM615725,826,"breast cancer, sample MDACC-826",Homo sapiens,GPL96,,Reanalyzed by: GSE205568,Public on May 11 2011,Nov 01 2010,Jun 06 2022
GSE25065,GSM615726,828,"breast cancer, sample MDACC-828",Homo sapiens,GPL96,,Reanalyzed by: GSE205568,Public on May 11 2011,Nov 01 2010,Jun 06 2022
GSE25065,GSM615727,829,"breast cancer, sample MDACC-829",Homo sapiens,GPL96,,Reanalyzed by: GSE205568,Public on May 11 2011,Nov 01 2010,Jun 06 2022
GSE25065,GSM615728,831,"breast cancer, sample MDACC-831",Homo sapiens,GPL96,,Reanalyzed by: GSE205568,Public on May 11 2011,Nov 01 2010,Jun 06 2022
GSE25065,GSM615729,835,"breast cancer, sample MDACC-835",Homo sapiens,GPL96,,Reanalyzed by: GSE205568,Public on May 11 2011,Nov 01 2010,Jun 06 2022
GSE25065,GSM615730,837,"breast cancer, sample MDACC-837",Homo sapiens,GPL96,,Reanalyzed by: GSE205568,Public on May 11 2011,Nov 01 2010,Jun 06 2022
GSE25065,GSM615731,838,"breast cancer, sample MDACC-838",Homo sapiens,GPL96,,Reanalyzed by: GSE205568,Public on May 11 2011,Nov 01 2010,Jun 06 2022
GSE25065,GSM615732,839,"breast cancer, sample MDACC-839",Homo sapiens,GPL96,,Reanalyzed by: GSE205568,Public on May 11 2011,Nov 01 2010,Jun 06 2022
GSE25065,GSM615733,840,"breast cancer, sample MDACC-840",Homo sapiens,GPL96,,Reanalyzed by: GSE205568,Public on May 11 2011,Nov 01 2010,Jun 06 2022
GSE25065,GSM615734,842,"breast cancer, sample MDACC-842",Homo sapiens,GPL96,,Reanalyzed by: GSE205568,Public on May 11 2011,Nov 01 2010,Jun 06 2022
GSE25065,GSM615735,845,"breast cancer, sample MDACC-845",Homo sapiens,GPL96,,Reanalyzed by: GSE205568,Public on May 11 2011,Nov 01 2010,Jun 06 2022
GSE25065,GSM615736,854,"breast cancer, sample MDACC-854",Homo sapiens,GPL96,,Reanalyzed by: GSE205568,Public on May 11 2011,Nov 01 2010,Jun 06 2022
GSE25065,GSM615737,857,"breast cancer, sample MDACC-857",Homo sapiens,GPL96,,Reanalyzed by: GSE205568,Public on May 11 2011,Nov 01 2010,Jun 06 2022
GSE25065,GSM615738,860,"breast cancer, sample MDACC-860",Homo sapiens,GPL96,,Reanalyzed by: GSE205568,Public on May 11 2011,Nov 01 2010,Jun 06 2022
GSE25065,GSM615739,865,"breast cancer, sample MDACC-865",Homo sapiens,GPL96,,Reanalyzed by: GSE205568,Public on May 11 2011,Nov 01 2010,Jun 06 2022
GSE25065,GSM615740,867,"breast cancer, sample MDACC-867",Homo sapiens,GPL96,,Reanalyzed by: GSE205568,Public on May 11 2011,Nov 01 2010,Jun 06 2022
GSE25065,GSM615741,868,"breast cancer, sample MDACC-868",Homo sapiens,GPL96,,Reanalyzed by: GSE205568,Public on May 11 2011,Nov 01 2010,Jun 06 2022
GSE25065,GSM615742,879,"breast cancer, sample MDACC-879",Homo sapiens,GPL96,,Reanalyzed by: GSE205568,Public on May 11 2011,Nov 01 2010,Jun 06 2022
GSE25065,GSM615743,880,"breast cancer, sample MDACC-880",Homo sapiens,GPL96,,Reanalyzed by: GSE205568,Public on May 11 2011,Nov 01 2010,Jun 06 2022
GSE25065,GSM615744,881,"breast cancer, sample MDACC-881",Homo sapiens,GPL96,,Reanalyzed by: GSE205568,Public on May 11 2011,Nov 01 2010,Jun 06 2022
GSE25065,GSM615745,883,"breast cancer, sample MDACC-883",Homo sapiens,GPL96,,Reanalyzed by: GSE205568,Public on May 11 2011,Nov 01 2010,Jun 06 2022
GSE25065,GSM615746,885,"breast cancer, sample MDACC-885",Homo sapiens,GPL96,,Reanalyzed by: GSE205568,Public on May 11 2011,Nov 01 2010,Jun 06 2022
GSE25065,GSM615747,886,"breast cancer, sample MDACC-886",Homo sapiens,GPL96,,Reanalyzed by: GSE205568,Public on May 11 2011,Nov 01 2010,Jun 06 2022
GSE25065,GSM615748,892,"breast cancer, sample MDACC-892",Homo sapiens,GPL96,,Reanalyzed by: GSE205568,Public on May 11 2011,Nov 01 2010,Jun 06 2022
GSE25065,GSM615749,893,"breast cancer, sample MDACC-893",Homo sapiens,GPL96,,Reanalyzed by: GSE205568,Public on May 11 2011,Nov 01 2010,Jun 06 2022
GSE25065,GSM615750,896,"breast cancer, sample MDACC-896",Homo sapiens,GPL96,,Reanalyzed by: GSE205568,Public on May 11 2011,Nov 01 2010,Jun 06 2022
GSE25065,GSM615751,901,"breast cancer, sample MDACC-901",Homo sapiens,GPL96,,Reanalyzed by: GSE205568,Public on May 11 2011,Nov 01 2010,Jun 06 2022
GSE25065,GSM615752,905,"breast cancer, sample MDACC-905",Homo sapiens,GPL96,,Reanalyzed by: GSE205568,Public on May 11 2011,Nov 01 2010,Jun 06 2022
GSE25065,GSM615753,910,"breast cancer, sample MDACC-910",Homo sapiens,GPL96,,Reanalyzed by: GSE205568,Public on May 11 2011,Nov 01 2010,Jun 06 2022
GSE25065,GSM615754,913,"breast cancer, sample MDACC-913",Homo sapiens,GPL96,,Reanalyzed by: GSE205568,Public on May 11 2011,Nov 01 2010,Jun 06 2022
GSE25065,GSM615755,916,"breast cancer, sample MDACC-916",Homo sapiens,GPL96,,Reanalyzed by: GSE205568,Public on May 11 2011,Nov 01 2010,Jun 06 2022
GSE25065,GSM615756,MDA002,"breast cancer, sample MDACC-MDA002",Homo sapiens,GPL96,,Reanalyzed by: GSE205568,Public on May 11 2011,Nov 01 2010,Jun 06 2022
GSE25065,GSM615757,MDA003,"breast cancer, sample MDACC-MDA003",Homo sapiens,GPL96,,Reanalyzed by: GSE205568,Public on May 11 2011,Nov 01 2010,Jun 06 2022
GSE25065,GSM615758,MDA005,"breast cancer, sample MDACC-MDA005",Homo sapiens,GPL96,,Reanalyzed by: GSE205568,Public on May 11 2011,Nov 01 2010,Jun 06 2022
GSE25065,GSM615759,MDA006,"breast cancer, sample MDACC-MDA006",Homo sapiens,GPL96,,Reanalyzed by: GSE205568,Public on May 11 2011,Nov 01 2010,Jun 06 2022
GSE25065,GSM615760,MDA007,"breast cancer, sample MDACC-MDA007",Homo sapiens,GPL96,,Reanalyzed by: GSE205568,Public on May 11 2011,Nov 01 2010,Jun 06 2022
GSE25065,GSM615761,MDA008,"breast cancer, sample MDACC-MDA008",Homo sapiens,GPL96,,Reanalyzed by: GSE205568,Public on May 11 2011,Nov 01 2010,Jun 06 2022
GSE25065,GSM615762,MDA009,"breast cancer, sample MDACC-MDA009",Homo sapiens,GPL96,,Reanalyzed by: GSE205568,Public on May 11 2011,Nov 01 2010,Jun 06 2022
GSE25065,GSM615763,MDA010,"breast cancer, sample MDACC-MDA010",Homo sapiens,GPL96,,Reanalyzed by: GSE205568,Public on May 11 2011,Nov 01 2010,Jun 06 2022
GSE25065,GSM615764,MDA011,"breast cancer, sample MDACC-MDA011",Homo sapiens,GPL96,,Reanalyzed by: GSE205568,Public on May 11 2011,Nov 01 2010,Jun 06 2022
GSE25065,GSM615765,MDA012,"breast cancer, sample MDACC-MDA012",Homo sapiens,GPL96,,Reanalyzed by: GSE205568,Public on May 11 2011,Nov 01 2010,Jun 06 2022
GSE25065,GSM615766,MDA013,"breast cancer, sample MDACC-MDA013",Homo sapiens,GPL96,,Reanalyzed by: GSE205568,Public on May 11 2011,Nov 01 2010,Jun 06 2022
GSE25065,GSM615767,MDA014,"breast cancer, sample MDACC-MDA014",Homo sapiens,GPL96,,Reanalyzed by: GSE205568,Public on May 11 2011,Nov 01 2010,Jun 06 2022
GSE25065,GSM615768,MDA015,"breast cancer, sample MDACC-MDA015",Homo sapiens,GPL96,,Reanalyzed by: GSE205568,Public on May 11 2011,Nov 01 2010,Jun 06 2022
GSE25065,GSM615769,MDA016,"breast cancer, sample MDACC-MDA016",Homo sapiens,GPL96,,Reanalyzed by: GSE205568,Public on May 11 2011,Nov 01 2010,Jun 06 2022
GSE25065,GSM615770,MDA018,"breast cancer, sample MDACC-MDA018",Homo sapiens,GPL96,,Reanalyzed by: GSE205568,Public on May 11 2011,Nov 01 2010,Jun 06 2022
GSE25065,GSM615771,LBJ016,"breast cancer, sample LBJ/IN/GEI-LBJ016",Homo sapiens,GPL96,,Reanalyzed by: GSE205568,Public on May 11 2011,Nov 01 2010,Jun 06 2022
GSE25065,GSM615772,LBJ032,"breast cancer, sample LBJ/IN/GEI-LBJ032",Homo sapiens,GPL96,,Reanalyzed by: GSE205568,Public on May 11 2011,Nov 01 2010,Jun 06 2022
GSE25065,GSM615773,LBJ038,"breast cancer, sample LBJ/IN/GEI-LBJ038",Homo sapiens,GPL96,,Reanalyzed by: GSE205568,Public on May 11 2011,Nov 01 2010,Jun 06 2022
GSE25065,GSM615774,LBJ046,"breast cancer, sample LBJ/IN/GEI-LBJ046",Homo sapiens,GPL96,,Reanalyzed by: GSE205568,Public on May 11 2011,Nov 01 2010,Jun 06 2022
GSE25065,GSM615775,LBJ047,"breast cancer, sample LBJ/IN/GEI-LBJ047",Homo sapiens,GPL96,,Reanalyzed by: GSE205568,Public on May 11 2011,Nov 01 2010,Jun 06 2022
GSE25065,GSM615776,LBJ053,"breast cancer, sample LBJ/IN/GEI-LBJ053",Homo sapiens,GPL96,,Reanalyzed by: GSE205568,Public on May 11 2011,Nov 01 2010,Jun 06 2022
GSE25065,GSM615777,LBJ054,"breast cancer, sample LBJ/IN/GEI-LBJ054",Homo sapiens,GPL96,,Reanalyzed by: GSE205568,Public on May 11 2011,Nov 01 2010,Jun 06 2022
GSE25065,GSM615778,LBJ070,"breast cancer, sample LBJ/IN/GEI-LBJ070",Homo sapiens,GPL96,,Reanalyzed by: GSE205568,Public on May 11 2011,Nov 01 2010,Jun 06 2022
GSE25065,GSM615779,LBJ071,"breast cancer, sample LBJ/IN/GEI-LBJ071",Homo sapiens,GPL96,,Reanalyzed by: GSE205568,Public on May 11 2011,Nov 01 2010,Jun 06 2022
GSE25065,GSM615780,LBJ082,"breast cancer, sample LBJ/IN/GEI-LBJ082",Homo sapiens,GPL96,,Reanalyzed by: GSE205568,Public on May 11 2011,Nov 01 2010,Jun 06 2022
GSE25065,GSM615781,LBJ103,"breast cancer, sample LBJ/IN/GEI-LBJ103",Homo sapiens,GPL96,,Reanalyzed by: GSE205568,Public on May 11 2011,Nov 01 2010,Jun 06 2022
GSE25065,GSM615782,LBJ105,"breast cancer, sample LBJ/IN/GEI-LBJ105",Homo sapiens,GPL96,,Reanalyzed by: GSE205568,Public on May 11 2011,Nov 01 2010,Jun 06 2022
GSE25065,GSM615783,LBJ131,"breast cancer, sample LBJ/IN/GEI-LBJ131",Homo sapiens,GPL96,,Reanalyzed by: GSE205568,Public on May 11 2011,Nov 01 2010,Jun 06 2022
GSE25065,GSM615784,LBJ143,"breast cancer, sample LBJ/IN/GEI-LBJ143",Homo sapiens,GPL96,,Reanalyzed by: GSE205568,Public on May 11 2011,Nov 01 2010,Jun 06 2022
GSE25065,GSM615785,LBJ158,"breast cancer, sample LBJ/IN/GEI-LBJ158",Homo sapiens,GPL96,,Reanalyzed by: GSE205568,Public on May 11 2011,Nov 01 2010,Jun 06 2022
GSE25065,GSM615786,LBJ170,"breast cancer, sample LBJ/IN/GEI-LBJ170",Homo sapiens,GPL96,,Reanalyzed by: GSE205568,Public on May 11 2011,Nov 01 2010,Jun 06 2022
GSE25065,GSM615787,LBJ171,"breast cancer, sample LBJ/IN/GEI-LBJ171",Homo sapiens,GPL96,,Reanalyzed by: GSE205568,Public on May 11 2011,Nov 01 2010,Jun 06 2022
GSE25065,GSM615788,PERU02,"breast cancer, sample LBJ/IN/GEI-PERU02",Homo sapiens,GPL96,,Reanalyzed by: GSE205568,Public on May 11 2011,Nov 01 2010,Jun 06 2022
GSE25065,GSM615789,PERU05,"breast cancer, sample LBJ/IN/GEI-PERU05",Homo sapiens,GPL96,,Reanalyzed by: GSE205568,Public on May 11 2011,Nov 01 2010,Jun 06 2022
GSE25065,GSM615790,PERU06,"breast cancer, sample LBJ/IN/GEI-PERU06",Homo sapiens,GPL96,,Reanalyzed by: GSE205568,Public on May 11 2011,Nov 01 2010,Jun 06 2022
GSE25065,GSM615791,PERU16-18,"breast cancer, sample LBJ/IN/GEI-PERU16-18",Homo sapiens,GPL96,,Reanalyzed by: GSE205568,Public on May 11 2011,Nov 01 2010,Jun 06 2022
GSE25065,GSM615792,PERU21,"breast cancer, sample LBJ/IN/GEI-PERU21",Homo sapiens,GPL96,,Reanalyzed by: GSE205568,Public on May 11 2011,Nov 01 2010,Jun 06 2022
GSE25065,GSM615793,PERU23,"breast cancer, sample LBJ/IN/GEI-PERU23",Homo sapiens,GPL96,,Reanalyzed by: GSE205568,Public on May 11 2011,Nov 01 2010,Jun 06 2022
GSE25065,GSM615794,PERU26,"breast cancer, sample LBJ/IN/GEI-PERU26",Homo sapiens,GPL96,,Reanalyzed by: GSE205568,Public on May 11 2011,Nov 01 2010,Jun 06 2022
GSE25065,GSM615795,PERU28,"breast cancer, sample LBJ/IN/GEI-PERU28",Homo sapiens,GPL96,,Reanalyzed by: GSE205568,Public on May 11 2011,Nov 01 2010,Jun 06 2022
GSE25065,GSM615796,PERU37,"breast cancer, sample LBJ/IN/GEI-PERU37",Homo sapiens,GPL96,,Reanalyzed by: GSE205568,Public on May 11 2011,Nov 01 2010,Jun 06 2022
GSE25065,GSM615797,PERU38,"breast cancer, sample LBJ/IN/GEI-PERU38",Homo sapiens,GPL96,,Reanalyzed by: GSE205568,Public on May 11 2011,Nov 01 2010,Jun 06 2022
GSE25065,GSM615798,PERU40,"breast cancer, sample LBJ/IN/GEI-PERU40",Homo sapiens,GPL96,,Reanalyzed by: GSE205568,Public on May 11 2011,Nov 01 2010,Jun 06 2022
GSE25065,GSM615799,PERU42,"breast cancer, sample LBJ/IN/GEI-PERU42",Homo sapiens,GPL96,,Reanalyzed by: GSE205568,Public on May 11 2011,Nov 01 2010,Jun 06 2022
GSE25065,GSM615800,PERU44,"breast cancer, sample LBJ/IN/GEI-PERU44",Homo sapiens,GPL96,,Reanalyzed by: GSE205568,Public on May 11 2011,Nov 01 2010,Jun 06 2022
GSE25065,GSM615801,PERU48,"breast cancer, sample LBJ/IN/GEI-PERU48",Homo sapiens,GPL96,,Reanalyzed by: GSE205568,Public on May 11 2011,Nov 01 2010,Jun 06 2022
GSE25065,GSM615802,PERU50,"breast cancer, sample LBJ/IN/GEI-PERU50",Homo sapiens,GPL96,,Reanalyzed by: GSE205568,Public on May 11 2011,Nov 01 2010,Jun 06 2022
GSE25065,GSM615803,PERU52,"breast cancer, sample LBJ/IN/GEI-PERU52",Homo sapiens,GPL96,,Reanalyzed by: GSE205568,Public on May 11 2011,Nov 01 2010,Jun 06 2022
GSE25065,GSM615804,PERU53,"breast cancer, sample LBJ/IN/GEI-PERU53",Homo sapiens,GPL96,,Reanalyzed by: GSE205568,Public on May 11 2011,Nov 01 2010,Jun 06 2022
GSE25065,GSM615805,PERU54,"breast cancer, sample LBJ/IN/GEI-PERU54",Homo sapiens,GPL96,,Reanalyzed by: GSE205568,Public on May 11 2011,Nov 01 2010,Jun 06 2022
GSE25065,GSM615806,PERU56,"breast cancer, sample LBJ/IN/GEI-PERU56",Homo sapiens,GPL96,,Reanalyzed by: GSE205568,Public on May 11 2011,Nov 01 2010,Jun 06 2022
GSE25065,GSM615807,PERU57,"breast cancer, sample LBJ/IN/GEI-PERU57",Homo sapiens,GPL96,,Reanalyzed by: GSE205568,Public on May 11 2011,Nov 01 2010,Jun 06 2022
GSE25065,GSM615808,PERU61,"breast cancer, sample LBJ/IN/GEI-PERU61",Homo sapiens,GPL96,,Reanalyzed by: GSE205568,Public on May 11 2011,Nov 01 2010,Jun 06 2022
GSE25065,GSM615809,PERU69,"breast cancer, sample LBJ/IN/GEI-PERU69",Homo sapiens,GPL96,,Reanalyzed by: GSE205568,Public on May 11 2011,Nov 01 2010,Jun 06 2022
GSE25065,GSM615810,PERU72,"breast cancer, sample LBJ/IN/GEI-PERU72",Homo sapiens,GPL96,,Reanalyzed by: GSE205568,Public on May 11 2011,Nov 01 2010,Jun 06 2022
GSE25065,GSM615811,PERU73,"breast cancer, sample LBJ/IN/GEI-PERU73",Homo sapiens,GPL96,,Reanalyzed by: GSE205568,Public on May 11 2011,Nov 01 2010,Jun 06 2022
GSE25065,GSM615812,PERU76,"breast cancer, sample LBJ/IN/GEI-PERU76",Homo sapiens,GPL96,,Reanalyzed by: GSE205568,Public on May 11 2011,Nov 01 2010,Jun 06 2022
GSE25065,GSM615813,Spain04,"breast cancer, sample LBJ/IN/GEI-Spain04",Homo sapiens,GPL96,,Reanalyzed by: GSE205568,Public on May 11 2011,Nov 01 2010,Jun 06 2022
GSE25065,GSM615814,Spain06,"breast cancer, sample LBJ/IN/GEI-Spain06",Homo sapiens,GPL96,,Reanalyzed by: GSE205568,Public on May 11 2011,Nov 01 2010,Jun 06 2022
GSE25065,GSM615815,Spain07,"breast cancer, sample LBJ/IN/GEI-Spain07",Homo sapiens,GPL96,,Reanalyzed by: GSE205568,Public on May 11 2011,Nov 01 2010,Jun 06 2022
GSE25065,GSM615816,Spain12,"breast cancer, sample LBJ/IN/GEI-Spain12",Homo sapiens,GPL96,,Reanalyzed by: GSE205568,Public on May 11 2011,Nov 01 2010,Jun 06 2022
GSE25065,GSM615817,Spain13,"breast cancer, sample LBJ/IN/GEI-Spain13",Homo sapiens,GPL96,,Reanalyzed by: GSE205568,Public on May 11 2011,Nov 01 2010,Jun 06 2022
GSE25065,GSM615818,Spain27,"breast cancer, sample LBJ/IN/GEI-Spain27",Homo sapiens,GPL96,,Reanalyzed by: GSE205568,Public on May 11 2011,Nov 01 2010,Jun 06 2022
GSE25065,GSM615819,Spain30,"breast cancer, sample LBJ/IN/GEI-Spain30",Homo sapiens,GPL96,,Reanalyzed by: GSE205568,Public on May 11 2011,Nov 01 2010,Jun 06 2022
GSE25065,GSM615820,Spain32,"breast cancer, sample LBJ/IN/GEI-Spain32",Homo sapiens,GPL96,,Reanalyzed by: GSE205568,Public on May 11 2011,Nov 01 2010,Jun 06 2022
GSE25065,GSM615821,Spain41,"breast cancer, sample LBJ/IN/GEI-Spain41",Homo sapiens,GPL96,,Reanalyzed by: GSE205568,Public on May 11 2011,Nov 01 2010,Jun 06 2022
GSE25065,GSM615822,Spain45,"breast cancer, sample LBJ/IN/GEI-Spain45",Homo sapiens,GPL96,,Reanalyzed by: GSE205568,Public on May 11 2011,Nov 01 2010,Jun 06 2022
GSE25065,GSM615823,Spain46,"breast cancer, sample LBJ/IN/GEI-Spain46",Homo sapiens,GPL96,,Reanalyzed by: GSE205568,Public on May 11 2011,Nov 01 2010,Jun 06 2022
GSE25065,GSM615824,Spain48,"breast cancer, sample LBJ/IN/GEI-Spain48",Homo sapiens,GPL96,,Reanalyzed by: GSE205568,Public on May 11 2011,Nov 01 2010,Jun 06 2022
GSE25065,GSM615825,Spain49,"breast cancer, sample LBJ/IN/GEI-Spain49",Homo sapiens,GPL96,,Reanalyzed by: GSE205568,Public on May 11 2011,Nov 01 2010,Jun 06 2022
GSE25065,GSM615826,Spain51,"breast cancer, sample LBJ/IN/GEI-Spain51",Homo sapiens,GPL96,,Reanalyzed by: GSE205568,Public on May 11 2011,Nov 01 2010,Jun 06 2022
GSE25065,GSM615827,Spain53,"breast cancer, sample LBJ/IN/GEI-Spain53",Homo sapiens,GPL96,,Reanalyzed by: GSE205568,Public on May 11 2011,Nov 01 2010,Jun 06 2022
GSE25065,GSM615828,Spain57,"breast cancer, sample LBJ/IN/GEI-Spain57",Homo sapiens,GPL96,,Reanalyzed by: GSE205568,Public on May 11 2011,Nov 01 2010,Jun 06 2022
GSE32646,GSM809184,Breast cancer tumor OU-1,breast cancer,Homo sapiens,GPL570,,Reanalyzed by: GSE205568,Public on Mar 20 2012,Oct 05 2011,Jun 06 2022
GSE32646,GSM809185,Breast cancer tumor OU-2,breast cancer,Homo sapiens,GPL570,,Reanalyzed by: GSE205568,Public on Mar 20 2012,Oct 05 2011,Jun 06 2022
GSE32646,GSM809186,Breast cancer tumor OU-3,breast cancer,Homo sapiens,GPL570,,Reanalyzed by: GSE205568,Public on Mar 20 2012,Oct 05 2011,Jun 06 2022
GSE32646,GSM809187,Breast cancer tumor OU-4,breast cancer,Homo sapiens,GPL570,,Reanalyzed by: GSE205568,Public on Mar 20 2012,Oct 05 2011,Jun 06 2022
GSE32646,GSM809188,Breast cancer tumor OU-5,breast cancer,Homo sapiens,GPL570,,Reanalyzed by: GSE205568,Public on Mar 20 2012,Oct 05 2011,Jun 06 2022
GSE32646,GSM809189,Breast cancer tumor OU-6,breast cancer,Homo sapiens,GPL570,,Reanalyzed by: GSE205568,Public on Mar 20 2012,Oct 05 2011,Jun 06 2022
GSE32646,GSM809190,Breast cancer tumor OU-7,breast cancer,Homo sapiens,GPL570,,Reanalyzed by: GSE205568,Public on Mar 20 2012,Oct 05 2011,Jun 06 2022
GSE32646,GSM809191,Breast cancer tumor OU-8,breast cancer,Homo sapiens,GPL570,,Reanalyzed by: GSE205568,Public on Mar 20 2012,Oct 05 2011,Jun 06 2022
GSE32646,GSM809192,Breast cancer tumor OU-9,breast cancer,Homo sapiens,GPL570,,Reanalyzed by: GSE205568,Public on Mar 20 2012,Oct 05 2011,Jun 06 2022
GSE32646,GSM809193,Breast cancer tumor OU-10,breast cancer,Homo sapiens,GPL570,,Reanalyzed by: GSE205568,Public on Mar 20 2012,Oct 05 2011,Jun 06 2022
GSE32646,GSM809194,Breast cancer tumor OU-11,breast cancer,Homo sapiens,GPL570,,Reanalyzed by: GSE205568,Public on Mar 20 2012,Oct 05 2011,Jun 06 2022
GSE32646,GSM809195,Breast cancer tumor OU-12,breast cancer,Homo sapiens,GPL570,,Reanalyzed by: GSE205568,Public on Mar 20 2012,Oct 05 2011,Jun 06 2022
GSE32646,GSM809196,Breast cancer tumor OU-13,breast cancer,Homo sapiens,GPL570,,Reanalyzed by: GSE205568,Public on Mar 20 2012,Oct 05 2011,Jun 06 2022
GSE32646,GSM809197,Breast cancer tumor OU-14,breast cancer,Homo sapiens,GPL570,,Reanalyzed by: GSE205568,Public on Mar 20 2012,Oct 05 2011,Jun 06 2022
GSE32646,GSM809198,Breast cancer tumor OU-15,breast cancer,Homo sapiens,GPL570,,Reanalyzed by: GSE205568,Public on Mar 20 2012,Oct 05 2011,Jun 06 2022
GSE32646,GSM809199,Breast cancer tumor OU-16,breast cancer,Homo sapiens,GPL570,,Reanalyzed by: GSE205568,Public on Mar 20 2012,Oct 05 2011,Jun 06 2022
GSE32646,GSM809200,Breast cancer tumor OU-17,breast cancer,Homo sapiens,GPL570,,Reanalyzed by: GSE205568,Public on Mar 20 2012,Oct 05 2011,Jun 06 2022
GSE32646,GSM809201,Breast cancer tumor OU-18,breast cancer,Homo sapiens,GPL570,,Reanalyzed by: GSE205568,Public on Mar 20 2012,Oct 05 2011,Jun 06 2022
GSE32646,GSM809202,Breast cancer tumor OU-19,breast cancer,Homo sapiens,GPL570,,Reanalyzed by: GSE205568,Public on Mar 20 2012,Oct 05 2011,Jun 06 2022
GSE32646,GSM809203,Breast cancer tumor OU-20,breast cancer,Homo sapiens,GPL570,,Reanalyzed by: GSE205568,Public on Mar 20 2012,Oct 05 2011,Jun 06 2022
GSE32646,GSM809204,Breast cancer tumor OU-21,breast cancer,Homo sapiens,GPL570,,Reanalyzed by: GSE205568,Public on Mar 20 2012,Oct 05 2011,Jun 06 2022
GSE32646,GSM809205,Breast cancer tumor OU-22,breast cancer,Homo sapiens,GPL570,,Reanalyzed by: GSE205568,Public on Mar 20 2012,Oct 05 2011,Jun 06 2022
GSE32646,GSM809206,Breast cancer tumor OU-23,breast cancer,Homo sapiens,GPL570,,Reanalyzed by: GSE205568,Public on Mar 20 2012,Oct 05 2011,Jun 06 2022
GSE32646,GSM809207,Breast cancer tumor OU-24,breast cancer,Homo sapiens,GPL570,,Reanalyzed by: GSE205568,Public on Mar 20 2012,Oct 05 2011,Jun 06 2022
GSE32646,GSM809208,Breast cancer tumor OU-25,breast cancer,Homo sapiens,GPL570,,Reanalyzed by: GSE205568,Public on Mar 20 2012,Oct 05 2011,Jun 06 2022
GSE32646,GSM809209,Breast cancer tumor OU-26,breast cancer,Homo sapiens,GPL570,,Reanalyzed by: GSE205568,Public on Mar 20 2012,Oct 05 2011,Jun 06 2022
GSE32646,GSM809210,Breast cancer tumor OU-27,breast cancer,Homo sapiens,GPL570,,Reanalyzed by: GSE205568,Public on Mar 20 2012,Oct 05 2011,Jun 06 2022
GSE32646,GSM809211,Breast cancer tumor OU-28,breast cancer,Homo sapiens,GPL570,,Reanalyzed by: GSE205568,Public on Mar 20 2012,Oct 05 2011,Jun 06 2022
GSE32646,GSM809212,Breast cancer tumor OU-29,breast cancer,Homo sapiens,GPL570,,Reanalyzed by: GSE205568,Public on Mar 20 2012,Oct 05 2011,Jun 06 2022
GSE32646,GSM809213,Breast cancer tumor OU-30,breast cancer,Homo sapiens,GPL570,,Reanalyzed by: GSE205568,Public on Mar 20 2012,Oct 05 2011,Jun 06 2022
GSE32646,GSM809214,Breast cancer tumor OU-31,breast cancer,Homo sapiens,GPL570,,Reanalyzed by: GSE205568,Public on Mar 20 2012,Oct 05 2011,Jun 06 2022
GSE32646,GSM809215,Breast cancer tumor OU-32,breast cancer,Homo sapiens,GPL570,,Reanalyzed by: GSE205568,Public on Mar 20 2012,Oct 05 2011,Jun 06 2022
GSE32646,GSM809216,Breast cancer tumor OU-33,breast cancer,Homo sapiens,GPL570,,Reanalyzed by: GSE205568,Public on Mar 20 2012,Oct 05 2011,Jun 06 2022
GSE32646,GSM809217,Breast cancer tumor OU-34,breast cancer,Homo sapiens,GPL570,,Reanalyzed by: GSE205568,Public on Mar 20 2012,Oct 05 2011,Jun 06 2022
GSE32646,GSM809218,Breast cancer tumor OU-35,breast cancer,Homo sapiens,GPL570,,Reanalyzed by: GSE205568,Public on Mar 20 2012,Oct 05 2011,Jun 06 2022
GSE32646,GSM809219,Breast cancer tumor OU-36,breast cancer,Homo sapiens,GPL570,,Reanalyzed by: GSE205568,Public on Mar 20 2012,Oct 05 2011,Jun 06 2022
GSE32646,GSM809220,Breast cancer tumor OU-37,breast cancer,Homo sapiens,GPL570,,Reanalyzed by: GSE205568,Public on Mar 20 2012,Oct 05 2011,Jun 06 2022
GSE32646,GSM809221,Breast cancer tumor OU-38,breast cancer,Homo sapiens,GPL570,,Reanalyzed by: GSE205568,Public on Mar 20 2012,Oct 05 2011,Jun 06 2022
GSE32646,GSM809222,Breast cancer tumor OU-39,breast cancer,Homo sapiens,GPL570,,Reanalyzed by: GSE205568,Public on Mar 20 2012,Oct 05 2011,Jun 06 2022
GSE32646,GSM809223,Breast cancer tumor OU-40,breast cancer,Homo sapiens,GPL570,,Reanalyzed by: GSE205568,Public on Mar 20 2012,Oct 05 2011,Jun 06 2022
GSE32646,GSM809224,Breast cancer tumor OU-41,breast cancer,Homo sapiens,GPL570,,Reanalyzed by: GSE205568,Public on Mar 20 2012,Oct 05 2011,Jun 06 2022
GSE32646,GSM809225,Breast cancer tumor OU-42,breast cancer,Homo sapiens,GPL570,,Reanalyzed by: GSE205568,Public on Mar 20 2012,Oct 05 2011,Jun 06 2022
GSE32646,GSM809226,Breast cancer tumor OU-43,breast cancer,Homo sapiens,GPL570,,Reanalyzed by: GSE205568,Public on Mar 20 2012,Oct 05 2011,Jun 06 2022
GSE32646,GSM809227,Breast cancer tumor OU-44,breast cancer,Homo sapiens,GPL570,,Reanalyzed by: GSE205568,Public on Mar 20 2012,Oct 05 2011,Jun 06 2022
GSE32646,GSM809228,Breast cancer tumor OU-45,breast cancer,Homo sapiens,GPL570,,Reanalyzed by: GSE205568,Public on Mar 20 2012,Oct 05 2011,Jun 06 2022
GSE32646,GSM809229,Breast cancer tumor OU-46,breast cancer,Homo sapiens,GPL570,,Reanalyzed by: GSE205568,Public on Mar 20 2012,Oct 05 2011,Jun 06 2022
GSE32646,GSM809230,Breast cancer tumor OU-47,breast cancer,Homo sapiens,GPL570,,Reanalyzed by: GSE205568,Public on Mar 20 2012,Oct 05 2011,Jun 06 2022
GSE32646,GSM809231,Breast cancer tumor OU-48,breast cancer,Homo sapiens,GPL570,,Reanalyzed by: GSE205568,Public on Mar 20 2012,Oct 05 2011,Jun 06 2022
GSE32646,GSM809232,Breast cancer tumor OU-49,breast cancer,Homo sapiens,GPL570,,Reanalyzed by: GSE205568,Public on Mar 20 2012,Oct 05 2011,Jun 06 2022
GSE32646,GSM809233,Breast cancer tumor OU-50,breast cancer,Homo sapiens,GPL570,,Reanalyzed by: GSE205568,Public on Mar 20 2012,Oct 05 2011,Jun 06 2022
GSE32646,GSM809234,Breast cancer tumor OU-51,breast cancer,Homo sapiens,GPL570,,Reanalyzed by: GSE205568,Public on Mar 20 2012,Oct 05 2011,Jun 06 2022
GSE32646,GSM809235,Breast cancer tumor OU-52,breast cancer,Homo sapiens,GPL570,,Reanalyzed by: GSE205568,Public on Mar 20 2012,Oct 05 2011,Jun 06 2022
GSE32646,GSM809236,Breast cancer tumor OU-53,breast cancer,Homo sapiens,GPL570,,Reanalyzed by: GSE205568,Public on Mar 20 2012,Oct 05 2011,Jun 06 2022
GSE32646,GSM809237,Breast cancer tumor OU-54,breast cancer,Homo sapiens,GPL570,,Reanalyzed by: GSE205568,Public on Mar 20 2012,Oct 05 2011,Jun 06 2022
GSE32646,GSM809238,Breast cancer tumor OU-55,breast cancer,Homo sapiens,GPL570,,Reanalyzed by: GSE205568,Public on Mar 20 2012,Oct 05 2011,Jun 06 2022
GSE32646,GSM809239,Breast cancer tumor OU-56,breast cancer,Homo sapiens,GPL570,,Reanalyzed by: GSE205568,Public on Mar 20 2012,Oct 05 2011,Jun 06 2022
GSE32646,GSM809240,Breast cancer tumor OU-57,breast cancer,Homo sapiens,GPL570,,Reanalyzed by: GSE205568,Public on Mar 20 2012,Oct 05 2011,Jun 06 2022
GSE32646,GSM809241,Breast cancer tumor OU-58,breast cancer,Homo sapiens,GPL570,,Reanalyzed by: GSE205568,Public on Mar 20 2012,Oct 05 2011,Jun 06 2022
GSE32646,GSM809242,Breast cancer tumor OU-59,breast cancer,Homo sapiens,GPL570,,Reanalyzed by: GSE205568,Public on Mar 20 2012,Oct 05 2011,Jun 06 2022
GSE32646,GSM809243,Breast cancer tumor OU-60,breast cancer,Homo sapiens,GPL570,,Reanalyzed by: GSE205568,Public on Mar 20 2012,Oct 05 2011,Jun 06 2022
GSE32646,GSM809244,Breast cancer tumor OU-61,breast cancer,Homo sapiens,GPL570,,Reanalyzed by: GSE205568,Public on Mar 20 2012,Oct 05 2011,Jun 06 2022
GSE32646,GSM809245,Breast cancer tumor OU-62,breast cancer,Homo sapiens,GPL570,,Reanalyzed by: GSE205568,Public on Mar 20 2012,Oct 05 2011,Jun 06 2022
GSE32646,GSM809246,Breast cancer tumor OU-63,breast cancer,Homo sapiens,GPL570,,Reanalyzed by: GSE205568,Public on Mar 20 2012,Oct 05 2011,Jun 06 2022
GSE32646,GSM809247,Breast cancer tumor OU-64,breast cancer,Homo sapiens,GPL570,,Reanalyzed by: GSE205568,Public on Mar 20 2012,Oct 05 2011,Jun 06 2022
GSE32646,GSM809248,Breast cancer tumor OU-65,breast cancer,Homo sapiens,GPL570,,Reanalyzed by: GSE205568,Public on Mar 20 2012,Oct 05 2011,Jun 06 2022
GSE32646,GSM809249,Breast cancer tumor OU-66,breast cancer,Homo sapiens,GPL570,,Reanalyzed by: GSE205568,Public on Mar 20 2012,Oct 05 2011,Jun 06 2022
GSE32646,GSM809250,Breast cancer tumor OU-67,breast cancer,Homo sapiens,GPL570,,Reanalyzed by: GSE205568,Public on Mar 20 2012,Oct 05 2011,Jun 06 2022
GSE32646,GSM809251,Breast cancer tumor OU-68,breast cancer,Homo sapiens,GPL570,,Reanalyzed by: GSE205568,Public on Mar 20 2012,Oct 05 2011,Jun 06 2022
GSE32646,GSM809252,Breast cancer tumor OU-69,breast cancer,Homo sapiens,GPL570,,Reanalyzed by: GSE205568,Public on Mar 20 2012,Oct 05 2011,Jun 06 2022
GSE32646,GSM809253,Breast cancer tumor OU-70,breast cancer,Homo sapiens,GPL570,,Reanalyzed by: GSE205568,Public on Mar 20 2012,Oct 05 2011,Jun 06 2022
GSE32646,GSM809254,Breast cancer tumor OU-71,breast cancer,Homo sapiens,GPL570,,Reanalyzed by: GSE205568,Public on Mar 20 2012,Oct 05 2011,Jun 06 2022
GSE32646,GSM809255,Breast cancer tumor OU-72,breast cancer,Homo sapiens,GPL570,,Reanalyzed by: GSE205568,Public on Mar 20 2012,Oct 05 2011,Jun 06 2022
GSE32646,GSM809256,Breast cancer tumor OU-73,breast cancer,Homo sapiens,GPL570,,Reanalyzed by: GSE205568,Public on Mar 20 2012,Oct 05 2011,Jun 06 2022
GSE32646,GSM809257,Breast cancer tumor OU-74,breast cancer,Homo sapiens,GPL570,,Reanalyzed by: GSE205568,Public on Mar 20 2012,Oct 05 2011,Jun 06 2022
GSE32646,GSM809258,Breast cancer tumor OU-75,breast cancer,Homo sapiens,GPL570,,Reanalyzed by: GSE205568,Public on Mar 20 2012,Oct 05 2011,Jun 06 2022
GSE32646,GSM809259,Breast cancer tumor OU-76,breast cancer,Homo sapiens,GPL570,,Reanalyzed by: GSE205568,Public on Mar 20 2012,Oct 05 2011,Jun 06 2022
GSE32646,GSM809260,Breast cancer tumor OU-77,breast cancer,Homo sapiens,GPL570,,Reanalyzed by: GSE205568,Public on Mar 20 2012,Oct 05 2011,Jun 06 2022
GSE32646,GSM809261,Breast cancer tumor OU-78,breast cancer,Homo sapiens,GPL570,,Reanalyzed by: GSE205568,Public on Mar 20 2012,Oct 05 2011,Jun 06 2022
GSE32646,GSM809262,Breast cancer tumor OU-79,breast cancer,Homo sapiens,GPL570,,Reanalyzed by: GSE205568,Public on Mar 20 2012,Oct 05 2011,Jun 06 2022
GSE32646,GSM809263,Breast cancer tumor OU-80,breast cancer,Homo sapiens,GPL570,,Reanalyzed by: GSE205568,Public on Mar 20 2012,Oct 05 2011,Jun 06 2022
GSE32646,GSM809264,Breast cancer tumor OU-81,breast cancer,Homo sapiens,GPL570,,Reanalyzed by: GSE205568,Public on Mar 20 2012,Oct 05 2011,Jun 06 2022
GSE32646,GSM809265,Breast cancer tumor OU-82,breast cancer,Homo sapiens,GPL570,,Reanalyzed by: GSE205568,Public on Mar 20 2012,Oct 05 2011,Jun 06 2022
GSE32646,GSM809266,Breast cancer tumor OU-83,breast cancer,Homo sapiens,GPL570,,Reanalyzed by: GSE205568,Public on Mar 20 2012,Oct 05 2011,Jun 06 2022
GSE32646,GSM809267,Breast cancer tumor OU-84,breast cancer,Homo sapiens,GPL570,,Reanalyzed by: GSE205568,Public on Mar 20 2012,Oct 05 2011,Jun 06 2022
GSE32646,GSM809268,Breast cancer tumor OU-85,breast cancer,Homo sapiens,GPL570,,Reanalyzed by: GSE205568,Public on Mar 20 2012,Oct 05 2011,Jun 06 2022
GSE32646,GSM809269,Breast cancer tumor OU-86,breast cancer,Homo sapiens,GPL570,,Reanalyzed by: GSE205568,Public on Mar 20 2012,Oct 05 2011,Jun 06 2022
GSE32646,GSM809270,Breast cancer tumor OU-87,breast cancer,Homo sapiens,GPL570,,Reanalyzed by: GSE205568,Public on Mar 20 2012,Oct 05 2011,Jun 06 2022
GSE32646,GSM809271,Breast cancer tumor OU-88,breast cancer,Homo sapiens,GPL570,,Reanalyzed by: GSE205568,Public on Mar 20 2012,Oct 05 2011,Jun 06 2022
GSE32646,GSM809272,Breast cancer tumor OU-89,breast cancer,Homo sapiens,GPL570,,Reanalyzed by: GSE205568,Public on Mar 20 2012,Oct 05 2011,Jun 06 2022
GSE32646,GSM809273,Breast cancer tumor OU-90,breast cancer,Homo sapiens,GPL570,,Reanalyzed by: GSE205568,Public on Mar 20 2012,Oct 05 2011,Jun 06 2022
GSE32646,GSM809274,Breast cancer tumor OU-91,breast cancer,Homo sapiens,GPL570,,Reanalyzed by: GSE205568,Public on Mar 20 2012,Oct 05 2011,Jun 06 2022
GSE32646,GSM809275,Breast cancer tumor OU-92,breast cancer,Homo sapiens,GPL570,,Reanalyzed by: GSE205568,Public on Mar 20 2012,Oct 05 2011,Jun 06 2022
GSE32646,GSM809276,Breast cancer tumor OU-93,breast cancer,Homo sapiens,GPL570,,Reanalyzed by: GSE205568,Public on Mar 20 2012,Oct 05 2011,Jun 06 2022
GSE32646,GSM809277,Breast cancer tumor OU-94,breast cancer,Homo sapiens,GPL570,,Reanalyzed by: GSE205568,Public on Mar 20 2012,Oct 05 2011,Jun 06 2022
GSE32646,GSM809278,Breast cancer tumor OU-95,breast cancer,Homo sapiens,GPL570,,Reanalyzed by: GSE205568,Public on Mar 20 2012,Oct 05 2011,Jun 06 2022
GSE32646,GSM809279,Breast cancer tumor OU-96,breast cancer,Homo sapiens,GPL570,,Reanalyzed by: GSE205568,Public on Mar 20 2012,Oct 05 2011,Jun 06 2022
GSE32646,GSM809280,Breast cancer tumor OU-97,breast cancer,Homo sapiens,GPL570,,Reanalyzed by: GSE205568,Public on Mar 20 2012,Oct 05 2011,Jun 06 2022
GSE32646,GSM809281,Breast cancer tumor OU-98,breast cancer,Homo sapiens,GPL570,,Reanalyzed by: GSE205568,Public on Mar 20 2012,Oct 05 2011,Jun 06 2022
GSE32646,GSM809282,Breast cancer tumor OU-99,breast cancer,Homo sapiens,GPL570,,Reanalyzed by: GSE205568,Public on Mar 20 2012,Oct 05 2011,Jun 06 2022
GSE32646,GSM809283,Breast cancer tumor OU-100,breast cancer,Homo sapiens,GPL570,,Reanalyzed by: GSE205568,Public on Mar 20 2012,Oct 05 2011,Jun 06 2022
GSE32646,GSM809284,Breast cancer tumor OU-101,breast cancer,Homo sapiens,GPL570,,Reanalyzed by: GSE205568,Public on Mar 20 2012,Oct 05 2011,Jun 06 2022
GSE32646,GSM809285,Breast cancer tumor OU-102,breast cancer,Homo sapiens,GPL570,,Reanalyzed by: GSE205568,Public on Mar 20 2012,Oct 05 2011,Jun 06 2022
GSE32646,GSM809286,Breast cancer tumor OU-103,breast cancer,Homo sapiens,GPL570,,Reanalyzed by: GSE205568,Public on Mar 20 2012,Oct 05 2011,Jun 06 2022
GSE32646,GSM809287,Breast cancer tumor OU-104,breast cancer,Homo sapiens,GPL570,,Reanalyzed by: GSE205568,Public on Mar 20 2012,Oct 05 2011,Jun 06 2022
GSE32646,GSM809288,Breast cancer tumor OU-105,breast cancer,Homo sapiens,GPL570,,Reanalyzed by: GSE205568,Public on Mar 20 2012,Oct 05 2011,Jun 06 2022
GSE32646,GSM809289,Breast cancer tumor OU-106,breast cancer,Homo sapiens,GPL570,,Reanalyzed by: GSE205568,Public on Mar 20 2012,Oct 05 2011,Jun 06 2022
GSE32646,GSM809290,Breast cancer tumor OU-107,breast cancer,Homo sapiens,GPL570,,Reanalyzed by: GSE205568,Public on Mar 20 2012,Oct 05 2011,Jun 06 2022
GSE32646,GSM809291,Breast cancer tumor OU-108,breast cancer,Homo sapiens,GPL570,,Reanalyzed by: GSE205568,Public on Mar 20 2012,Oct 05 2011,Jun 06 2022
GSE32646,GSM809292,Breast cancer tumor OU-109,breast cancer,Homo sapiens,GPL570,,Reanalyzed by: GSE205568,Public on Mar 20 2012,Oct 05 2011,Jun 06 2022
GSE32646,GSM809293,Breast cancer tumor OU-110,breast cancer,Homo sapiens,GPL570,,Reanalyzed by: GSE205568,Public on Mar 20 2012,Oct 05 2011,Jun 06 2022
GSE32646,GSM809294,Breast cancer tumor OU-111,breast cancer,Homo sapiens,GPL570,,Reanalyzed by: GSE205568,Public on Mar 20 2012,Oct 05 2011,Jun 06 2022
GSE32646,GSM809295,Breast cancer tumor OU-112,breast cancer,Homo sapiens,GPL570,,Reanalyzed by: GSE205568,Public on Mar 20 2012,Oct 05 2011,Jun 06 2022
GSE32646,GSM809296,Breast cancer tumor OU-113,breast cancer,Homo sapiens,GPL570,,Reanalyzed by: GSE205568,Public on Mar 20 2012,Oct 05 2011,Jun 06 2022
GSE32646,GSM809297,Breast cancer tumor OU-114,breast cancer,Homo sapiens,GPL570,,Reanalyzed by: GSE205568,Public on Mar 20 2012,Oct 05 2011,Jun 06 2022
GSE32646,GSM809298,Breast cancer tumor OU-115,breast cancer,Homo sapiens,GPL570,,Reanalyzed by: GSE205568,Public on Mar 20 2012,Oct 05 2011,Jun 06 2022
GSE34138,GSM842290,PR+NR breast cancer BC_4531933092_C,14G core needle breast tumor biopsy,Homo sapiens,GPL6884,BC_4531933092_C,,Public on Dec 01 2012,Dec 05 2011,Jan 31 2013
GSE34138,GSM842291,PR+NR breast cancer BC_4531933092_D,14G core needle breast tumor biopsy,Homo sapiens,GPL6884,BC_4531933092_D,,Public on Dec 01 2012,Dec 05 2011,Jan 31 2013
GSE34138,GSM842292,PR+NR breast cancer BC_4531933092_E,14G core needle breast tumor biopsy,Homo sapiens,GPL6884,BC_4531933092_E,,Public on Dec 01 2012,Dec 05 2011,Jan 31 2013
GSE34138,GSM842293,PR+NR breast cancer BC_4531933069_D,14G core needle breast tumor biopsy,Homo sapiens,GPL6884,BC_4531933069_D,,Public on Dec 01 2012,Dec 05 2011,Jan 31 2013
GSE34138,GSM842294,pCR+npCR mamma breast cancer BC_4531933069_E,14G core needle breast tumor biopsy,Homo sapiens,GPL6884,BC_4531933069_E,,Public on Dec 01 2012,Dec 05 2011,Jan 31 2013
GSE34138,GSM842295,pCR+npCR mamma breast cancer BC_4531933046_B,14G core needle breast tumor biopsy,Homo sapiens,GPL6884,BC_4531933046_B,,Public on Dec 01 2012,Dec 05 2011,Jan 31 2013
GSE34138,GSM842296,PR+NR breast cancer BC_4531933043_C,14G core needle breast tumor biopsy,Homo sapiens,GPL6884,BC_4531933043_C,,Public on Dec 01 2012,Dec 05 2011,Jan 31 2013
GSE34138,GSM842297,PR+NR breast cancer BC_4531933041_A,14G core needle breast tumor biopsy,Homo sapiens,GPL6884,BC_4531933041_A,,Public on Dec 01 2012,Dec 05 2011,Jan 31 2013
GSE34138,GSM842298,PR+NR breast cancer BC_4531933041_B,14G core needle breast tumor biopsy,Homo sapiens,GPL6884,BC_4531933041_B,,Public on Dec 01 2012,Dec 05 2011,Jan 31 2013
GSE34138,GSM842299,PR+NR breast cancer BC_4531933041_C,14G core needle breast tumor biopsy,Homo sapiens,GPL6884,BC_4531933041_C,,Public on Dec 01 2012,Dec 05 2011,Jan 31 2013
GSE34138,GSM842300,PR+NR breast cancer BC_4531933041_D,14G core needle breast tumor biopsy,Homo sapiens,GPL6884,BC_4531933041_D,,Public on Dec 01 2012,Dec 05 2011,Jan 31 2013
GSE34138,GSM842301,PR+NR breast cancer BC_4560224008_C,14G core needle breast tumor biopsy,Homo sapiens,GPL6884,BC_4560224008_C,,Public on Dec 01 2012,Dec 05 2011,Jan 31 2013
GSE34138,GSM842302,pCR+npCR mamma breast cancer BC_4560224008_D,14G core needle breast tumor biopsy,Homo sapiens,GPL6884,BC_4560224008_D,,Public on Dec 01 2012,Dec 05 2011,Jan 31 2013
GSE34138,GSM842303,pCR+npCR mamma breast cancer BC_4560224008_F,14G core needle breast tumor biopsy,Homo sapiens,GPL6884,BC_4560224008_F,,Public on Dec 01 2012,Dec 05 2011,Jan 31 2013
GSE34138,GSM842304,PR+NR breast cancer BC_4560224007_A,14G core needle breast tumor biopsy,Homo sapiens,GPL6884,BC_4560224007_A,,Public on Dec 01 2012,Dec 05 2011,Jan 31 2013
GSE34138,GSM842305,pCR+npCR mamma breast cancer BC_4560224007_C,14G core needle breast tumor biopsy,Homo sapiens,GPL6884,BC_4560224007_C,,Public on Dec 01 2012,Dec 05 2011,Jan 31 2013
GSE34138,GSM842306,PR+NR breast cancer BC_4560224007_E,14G core needle breast tumor biopsy,Homo sapiens,GPL6884,BC_4560224007_E,,Public on Dec 01 2012,Dec 05 2011,Jan 31 2013
GSE34138,GSM842307,PR+NR breast cancer BC_4560224007_F,14G core needle breast tumor biopsy,Homo sapiens,GPL6884,BC_4560224007_F,,Public on Dec 01 2012,Dec 05 2011,Jan 31 2013
GSE34138,GSM842308,pCR+npCR mamma breast cancer BC_4544460088_A,14G core needle breast tumor biopsy,Homo sapiens,GPL6884,BC_4544460088_A,,Public on Dec 01 2012,Dec 05 2011,Jan 31 2013
GSE34138,GSM842309,PR+NR breast cancer BC_4544460088_B,14G core needle breast tumor biopsy,Homo sapiens,GPL6884,BC_4544460088_B,,Public on Dec 01 2012,Dec 05 2011,Jan 31 2013
GSE34138,GSM842310,PR+NR breast cancer BC_4544460088_C,14G core needle breast tumor biopsy,Homo sapiens,GPL6884,BC_4544460088_C,,Public on Dec 01 2012,Dec 05 2011,Jan 31 2013
GSE34138,GSM842311,PR+NR breast cancer BC_4544460088_F,14G core needle breast tumor biopsy,Homo sapiens,GPL6884,BC_4544460088_F,,Public on Dec 01 2012,Dec 05 2011,Jan 31 2013
GSE34138,GSM842312,PR+NR breast cancer BC_4531933077_B,14G core needle breast tumor biopsy,Homo sapiens,GPL6884,BC_4531933077_B,,Public on Dec 01 2012,Dec 05 2011,Jan 31 2013
GSE34138,GSM842313,pCR+npCR mamma breast cancer BC_4531933077_C,14G core needle breast tumor biopsy,Homo sapiens,GPL6884,BC_4531933077_C,,Public on Dec 01 2012,Dec 05 2011,Jan 31 2013
GSE34138,GSM842314,PR+NR breast cancer BC_4531933077_D,14G core needle breast tumor biopsy,Homo sapiens,GPL6884,BC_4531933077_D,,Public on Dec 01 2012,Dec 05 2011,Jan 31 2013
GSE34138,GSM842315,PR+NR breast cancer BC_4531933077_E,14G core needle breast tumor biopsy,Homo sapiens,GPL6884,BC_4531933077_E,,Public on Dec 01 2012,Dec 05 2011,Jan 31 2013
GSE34138,GSM842316,PR+NR breast cancer BC_4531933077_F,14G core needle breast tumor biopsy,Homo sapiens,GPL6884,BC_4531933077_F,,Public on Dec 01 2012,Dec 05 2011,Jan 31 2013
GSE34138,GSM842317,PR+NR breast cancer BC_4531933072_E,14G core needle breast tumor biopsy,Homo sapiens,GPL6884,BC_4531933072_E,,Public on Dec 01 2012,Dec 05 2011,Jan 31 2013
GSE34138,GSM842318,PR+NR breast cancer BC_4531933045_C,14G core needle breast tumor biopsy,Homo sapiens,GPL6884,BC_4531933045_C,,Public on Dec 01 2012,Dec 05 2011,Jan 31 2013
GSE34138,GSM842319,PR+NR breast cancer BC_4531933045_E,14G core needle breast tumor biopsy,Homo sapiens,GPL6884,BC_4531933045_E,,Public on Dec 01 2012,Dec 05 2011,Jan 31 2013
GSE34138,GSM842320,PR+NR breast cancer BC_4531933045_F,14G core needle breast tumor biopsy,Homo sapiens,GPL6884,BC_4531933045_F,,Public on Dec 01 2012,Dec 05 2011,Jan 31 2013
GSE34138,GSM842321,PR+NR breast cancer BC_4531933044_A,14G core needle breast tumor biopsy,Homo sapiens,GPL6884,BC_4531933044_A,,Public on Dec 01 2012,Dec 05 2011,Jan 31 2013
GSE34138,GSM842322,PR+NR breast cancer BC_4531933044_B,14G core needle breast tumor biopsy,Homo sapiens,GPL6884,BC_4531933044_B,,Public on Dec 01 2012,Dec 05 2011,Jan 31 2013
GSE34138,GSM842323,PR+NR breast cancer BC_4531933044_E,14G core needle breast tumor biopsy,Homo sapiens,GPL6884,BC_4531933044_E,,Public on Dec 01 2012,Dec 05 2011,Jan 31 2013
GSE34138,GSM842324,PR+NR breast cancer BC_4531933044_F,14G core needle breast tumor biopsy,Homo sapiens,GPL6884,BC_4531933044_F,,Public on Dec 01 2012,Dec 05 2011,Jan 31 2013
GSE34138,GSM842325,PR+NR breast cancer BC_4531933083_B,14G core needle breast tumor biopsy,Homo sapiens,GPL6884,BC_4531933083_B,,Public on Dec 01 2012,Dec 05 2011,Jan 31 2013
GSE34138,GSM842326,PR+NR breast cancer BC_4531933083_E,14G core needle breast tumor biopsy,Homo sapiens,GPL6884,BC_4531933083_E,,Public on Dec 01 2012,Dec 05 2011,Jan 31 2013
GSE34138,GSM842327,PR+NR breast cancer BC_4531933070_B,14G core needle breast tumor biopsy,Homo sapiens,GPL6884,BC_4531933070_B,,Public on Dec 01 2012,Dec 05 2011,Jan 31 2013
GSE34138,GSM842328,pCR+npCR mamma breast cancer BC_4531933070_E,14G core needle breast tumor biopsy,Homo sapiens,GPL6884,BC_4531933070_E,,Public on Dec 01 2012,Dec 05 2011,Jan 31 2013
GSE34138,GSM842329,PR+NR breast cancer BC_4531933070_F,14G core needle breast tumor biopsy,Homo sapiens,GPL6884,BC_4531933070_F,,Public on Dec 01 2012,Dec 05 2011,Jan 31 2013
GSE34138,GSM842330,PR+NR breast cancer BC_4531933064_B,14G core needle breast tumor biopsy,Homo sapiens,GPL6884,BC_4531933064_B,,Public on Dec 01 2012,Dec 05 2011,Jan 31 2013
GSE34138,GSM842331,PR+NR breast cancer BC_4531933064_D,14G core needle breast tumor biopsy,Homo sapiens,GPL6884,BC_4531933064_D,,Public on Dec 01 2012,Dec 05 2011,Jan 31 2013
GSE34138,GSM842332,PR+NR breast cancer BC_4531933064_E,14G core needle breast tumor biopsy,Homo sapiens,GPL6884,BC_4531933064_E,,Public on Dec 01 2012,Dec 05 2011,Jan 31 2013
GSE34138,GSM842333,PR+NR breast cancer BC_4531933064_F,14G core needle breast tumor biopsy,Homo sapiens,GPL6884,BC_4531933064_F,,Public on Dec 01 2012,Dec 05 2011,Jan 31 2013
GSE34138,GSM842334,PR+NR breast cancer BC_4531933059_C,14G core needle breast tumor biopsy,Homo sapiens,GPL6884,BC_4531933059_C,,Public on Dec 01 2012,Dec 05 2011,Jan 31 2013
GSE34138,GSM842335,PR+NR breast cancer BC_4520679065_F,14G core needle breast tumor biopsy,Homo sapiens,GPL6884,BC_4520679065_F,,Public on Dec 01 2012,Dec 05 2011,Jan 31 2013
GSE34138,GSM842336,PR+NR breast cancer BC_4560224084_E,14G core needle breast tumor biopsy,Homo sapiens,GPL6884,BC_4560224084_E,,Public on Dec 01 2012,Dec 05 2011,Jan 31 2013
GSE34138,GSM842337,pCR+npCR mamma breast cancer BC_4531933041_F,14G core needle breast tumor biopsy,Homo sapiens,GPL6884,BC_4531933041_F,,Public on Dec 01 2012,Dec 05 2011,Jan 31 2013
GSE34138,GSM842338,pCR+npCR mamma breast cancer BC_4560224088_D,14G core needle breast tumor biopsy,Homo sapiens,GPL6884,BC_4560224088_D,,Public on Dec 01 2012,Dec 05 2011,Jan 31 2013
GSE34138,GSM842339,PR+NR breast cancer BC_4560224078_A,14G core needle breast tumor biopsy,Homo sapiens,GPL6884,BC_4560224078_A,,Public on Dec 01 2012,Dec 05 2011,Jan 31 2013
GSE34138,GSM842340,PR+NR breast cancer BC_4560224078_B,14G core needle breast tumor biopsy,Homo sapiens,GPL6884,BC_4560224078_B,,Public on Dec 01 2012,Dec 05 2011,Jan 31 2013
GSE34138,GSM842341,PR+NR breast cancer BC_4560224074_F,14G core needle breast tumor biopsy,Homo sapiens,GPL6884,BC_4560224074_F,,Public on Dec 01 2012,Dec 05 2011,Jan 31 2013
GSE34138,GSM842342,PR+NR breast cancer BC_4560224073_C,14G core needle breast tumor biopsy,Homo sapiens,GPL6884,BC_4560224073_C,,Public on Dec 01 2012,Dec 05 2011,Jan 31 2013
GSE34138,GSM842343,pCR+npCR mamma breast cancer BC_4560224073_D,14G core needle breast tumor biopsy,Homo sapiens,GPL6884,BC_4560224073_D,,Public on Dec 01 2012,Dec 05 2011,Jan 31 2013
GSE34138,GSM842344,PR+NR breast cancer BC_4560224066_A,14G core needle breast tumor biopsy,Homo sapiens,GPL6884,BC_4560224066_A,,Public on Dec 01 2012,Dec 05 2011,Jan 31 2013
GSE34138,GSM842345,PR+NR breast cancer BC_4560224066_C,14G core needle breast tumor biopsy,Homo sapiens,GPL6884,BC_4560224066_C,,Public on Dec 01 2012,Dec 05 2011,Jan 31 2013
GSE34138,GSM842346,PR+NR breast cancer BC_4560224066_D,14G core needle breast tumor biopsy,Homo sapiens,GPL6884,BC_4560224066_D,,Public on Dec 01 2012,Dec 05 2011,Jan 31 2013
GSE34138,GSM842347,PR+NR breast cancer BC_4560224066_E,14G core needle breast tumor biopsy,Homo sapiens,GPL6884,BC_4560224066_E,,Public on Dec 01 2012,Dec 05 2011,Jan 31 2013
GSE34138,GSM842348,pCR+npCR mamma breast cancer BC_4560224045_A,14G core needle breast tumor biopsy,Homo sapiens,GPL6884,BC_4560224045_A,,Public on Dec 01 2012,Dec 05 2011,Jan 31 2013
GSE34138,GSM842349,PR+NR breast cancer BC_4560224045_B,14G core needle breast tumor biopsy,Homo sapiens,GPL6884,BC_4560224045_B,,Public on Dec 01 2012,Dec 05 2011,Jan 31 2013
GSE34138,GSM842350,PR+NR breast cancer BC_4560224045_C,14G core needle breast tumor biopsy,Homo sapiens,GPL6884,BC_4560224045_C,,Public on Dec 01 2012,Dec 05 2011,Jan 31 2013
GSE34138,GSM842351,PR+NR breast cancer BC_4560224045_D,14G core needle breast tumor biopsy,Homo sapiens,GPL6884,BC_4560224045_D,,Public on Dec 01 2012,Dec 05 2011,Jan 31 2013
GSE34138,GSM842352,pCR+npCR mamma breast cancer BC_4560224045_E,14G core needle breast tumor biopsy,Homo sapiens,GPL6884,BC_4560224045_E,,Public on Dec 01 2012,Dec 05 2011,Jan 31 2013
GSE34138,GSM842353,PR+NR breast cancer BC_4560224043_B,14G core needle breast tumor biopsy,Homo sapiens,GPL6884,BC_4560224043_B,,Public on Dec 01 2012,Dec 05 2011,Jan 31 2013
GSE34138,GSM842354,PR+NR breast cancer BC_4560224043_D,14G core needle breast tumor biopsy,Homo sapiens,GPL6884,BC_4560224043_D,,Public on Dec 01 2012,Dec 05 2011,Jan 31 2013
GSE34138,GSM842355,pCR+npCR mamma breast cancer BC_4560224043_E,14G core needle breast tumor biopsy,Homo sapiens,GPL6884,BC_4560224043_E,,Public on Dec 01 2012,Dec 05 2011,Jan 31 2013
GSE34138,GSM842356,PR+NR breast cancer BC_4560224043_F,14G core needle breast tumor biopsy,Homo sapiens,GPL6884,BC_4560224043_F,,Public on Dec 01 2012,Dec 05 2011,Jan 31 2013
GSE34138,GSM842357,PR+NR breast cancer BC_4560224035_A,14G core needle breast tumor biopsy,Homo sapiens,GPL6884,BC_4560224035_A,,Public on Dec 01 2012,Dec 05 2011,Jan 31 2013
GSE34138,GSM842358,PR+NR breast cancer BC_4560224035_B,14G core needle breast tumor biopsy,Homo sapiens,GPL6884,BC_4560224035_B,,Public on Dec 01 2012,Dec 05 2011,Jan 31 2013
GSE34138,GSM842359,PR+NR breast cancer BC_4560224035_E,14G core needle breast tumor biopsy,Homo sapiens,GPL6884,BC_4560224035_E,,Public on Dec 01 2012,Dec 05 2011,Jan 31 2013
GSE34138,GSM842360,PR+NR breast cancer BC_4560224029_B,14G core needle breast tumor biopsy,Homo sapiens,GPL6884,BC_4560224029_B,,Public on Dec 01 2012,Dec 05 2011,Jan 31 2013
GSE34138,GSM842361,PR+NR breast cancer BC_4560224029_E,14G core needle breast tumor biopsy,Homo sapiens,GPL6884,BC_4560224029_E,,Public on Dec 01 2012,Dec 05 2011,Jan 31 2013
GSE34138,GSM842362,PR+NR breast cancer BC_4560224029_F,14G core needle breast tumor biopsy,Homo sapiens,GPL6884,BC_4560224029_F,,Public on Dec 01 2012,Dec 05 2011,Jan 31 2013
GSE34138,GSM842363,PR+NR breast cancer BC_4560224027_D,14G core needle breast tumor biopsy,Homo sapiens,GPL6884,BC_4560224027_D,,Public on Dec 01 2012,Dec 05 2011,Jan 31 2013
GSE34138,GSM842364,PR+NR breast cancer BC_4560224027_E,14G core needle breast tumor biopsy,Homo sapiens,GPL6884,BC_4560224027_E,,Public on Dec 01 2012,Dec 05 2011,Jan 31 2013
GSE34138,GSM842365,pCR+npCR mamma breast cancer BC_4560224015_A,14G core needle breast tumor biopsy,Homo sapiens,GPL6884,BC_4560224015_A,,Public on Dec 01 2012,Dec 05 2011,Jan 31 2013
GSE34138,GSM842366,PR+NR breast cancer BC_4560224015_C,14G core needle breast tumor biopsy,Homo sapiens,GPL6884,BC_4560224015_C,,Public on Dec 01 2012,Dec 05 2011,Jan 31 2013
GSE34138,GSM842367,PR+NR breast cancer BC_4560224064_A,14G core needle breast tumor biopsy,Homo sapiens,GPL6884,BC_4560224064_A,,Public on Dec 01 2012,Dec 05 2011,Jan 31 2013
GSE34138,GSM842368,PR+NR breast cancer BC_4560224064_B,14G core needle breast tumor biopsy,Homo sapiens,GPL6884,BC_4560224064_B,,Public on Dec 01 2012,Dec 05 2011,Jan 31 2013
GSE34138,GSM842369,pCR+npCR mamma breast cancer BC_4560224064_E,14G core needle breast tumor biopsy,Homo sapiens,GPL6884,BC_4560224064_E,,Public on Dec 01 2012,Dec 05 2011,Jan 31 2013
GSE34138,GSM842370,PR+NR breast cancer BC_4753042046_C,14G core needle breast tumor biopsy,Homo sapiens,GPL6884,BC_4753042046_C,,Public on Dec 01 2012,Dec 05 2011,Jan 31 2013
GSE34138,GSM842371,PR+NR breast cancer BC_5357957058_A,14G core needle breast tumor biopsy,Homo sapiens,GPL6884,BC_5357957058_A,,Public on Dec 01 2012,Dec 05 2011,Jan 31 2013
GSE34138,GSM842372,PR+NR breast cancer BC_5357957058_B,14G core needle breast tumor biopsy,Homo sapiens,GPL6884,BC_5357957058_B,,Public on Dec 01 2012,Dec 05 2011,Jan 31 2013
GSE34138,GSM842373,PR+NR breast cancer BC_5357957058_F,14G core needle breast tumor biopsy,Homo sapiens,GPL6884,BC_5357957058_F,,Public on Dec 01 2012,Dec 05 2011,Jan 31 2013
GSE34138,GSM842374,pCR+npCR mamma breast cancer BC_5357957054_D,14G core needle breast tumor biopsy,Homo sapiens,GPL6884,BC_5357957054_D,,Public on Dec 01 2012,Dec 05 2011,Jan 31 2013
GSE34138,GSM842375,PR+NR breast cancer BC_5357957052_A,14G core needle breast tumor biopsy,Homo sapiens,GPL6884,BC_5357957052_A,,Public on Dec 01 2012,Dec 05 2011,Jan 31 2013
GSE34138,GSM842376,PR+NR breast cancer BC_5357957052_B,14G core needle breast tumor biopsy,Homo sapiens,GPL6884,BC_5357957052_B,,Public on Dec 01 2012,Dec 05 2011,Jan 31 2013
GSE34138,GSM842377,PR+NR breast cancer BC_5357957052_E,14G core needle breast tumor biopsy,Homo sapiens,GPL6884,BC_5357957052_E,,Public on Dec 01 2012,Dec 05 2011,Jan 31 2013
GSE34138,GSM842378,pCR+npCR mamma breast cancer BC_5357957052_F,14G core needle breast tumor biopsy,Homo sapiens,GPL6884,BC_5357957052_F,,Public on Dec 01 2012,Dec 05 2011,Jan 31 2013
GSE34138,GSM842379,PR+NR breast cancer BC_5357957045_A,14G core needle breast tumor biopsy,Homo sapiens,GPL6884,BC_5357957045_A,,Public on Dec 01 2012,Dec 05 2011,Jan 31 2013
GSE34138,GSM842380,pCR+npCR mamma breast cancer BC_5357957045_E,14G core needle breast tumor biopsy,Homo sapiens,GPL6884,BC_5357957045_E,,Public on Dec 01 2012,Dec 05 2011,Jan 31 2013
GSE34138,GSM842381,PR+NR breast cancer BC_5357957044_A,14G core needle breast tumor biopsy,Homo sapiens,GPL6884,BC_5357957044_A,,Public on Dec 01 2012,Dec 05 2011,Jan 31 2013
GSE34138,GSM842382,PR+NR breast cancer BC_5357957043_A,14G core needle breast tumor biopsy,Homo sapiens,GPL6884,BC_5357957043_A,,Public on Dec 01 2012,Dec 05 2011,Jan 31 2013
GSE34138,GSM842383,PR+NR breast cancer BC_5357957043_E,14G core needle breast tumor biopsy,Homo sapiens,GPL6884,BC_5357957043_E,,Public on Dec 01 2012,Dec 05 2011,Jan 31 2013
GSE34138,GSM842384,PR+NR breast cancer BC_5357957042_B,14G core needle breast tumor biopsy,Homo sapiens,GPL6884,BC_5357957042_B,,Public on Dec 01 2012,Dec 05 2011,Jan 31 2013
GSE34138,GSM842385,PR+NR breast cancer BC_5357957042_C,14G core needle breast tumor biopsy,Homo sapiens,GPL6884,BC_5357957042_C,,Public on Dec 01 2012,Dec 05 2011,Jan 31 2013
GSE34138,GSM842386,PR+NR breast cancer BC_5357957009_B,14G core needle breast tumor biopsy,Homo sapiens,GPL6884,BC_5357957009_B,,Public on Dec 01 2012,Dec 05 2011,Jan 31 2013
GSE34138,GSM842387,PR+NR breast cancer BC_5357957009_C,14G core needle breast tumor biopsy,Homo sapiens,GPL6884,BC_5357957009_C,,Public on Dec 01 2012,Dec 05 2011,Jan 31 2013
GSE34138,GSM842388,PR+NR breast cancer BC_5357957009_F,14G core needle breast tumor biopsy,Homo sapiens,GPL6884,BC_5357957009_F,,Public on Dec 01 2012,Dec 05 2011,Jan 31 2013
GSE34138,GSM842389,PR+NR breast cancer BC_5357957008_A,14G core needle breast tumor biopsy,Homo sapiens,GPL6884,BC_5357957008_A,,Public on Dec 01 2012,Dec 05 2011,Jan 31 2013
GSE34138,GSM842390,PR+NR breast cancer BC_5357957008_C,14G core needle breast tumor biopsy,Homo sapiens,GPL6884,BC_5357957008_C,,Public on Dec 01 2012,Dec 05 2011,Jan 31 2013
GSE34138,GSM842391,pCR+npCR mamma breast cancer BC_5357957008_D,14G core needle breast tumor biopsy,Homo sapiens,GPL6884,BC_5357957008_D,,Public on Dec 01 2012,Dec 05 2011,Jan 31 2013
GSE34138,GSM842392,PR+NR breast cancer BC_5357957008_F,14G core needle breast tumor biopsy,Homo sapiens,GPL6884,BC_5357957008_F,,Public on Dec 01 2012,Dec 05 2011,Jan 31 2013
GSE34138,GSM842393,PR+NR breast cancer BC_5342587027_A,14G core needle breast tumor biopsy,Homo sapiens,GPL6884,BC_5342587027_A,,Public on Dec 01 2012,Dec 05 2011,Jan 31 2013
GSE34138,GSM842394,PR+NR breast cancer BC_5342587027_B,14G core needle breast tumor biopsy,Homo sapiens,GPL6884,BC_5342587027_B,,Public on Dec 01 2012,Dec 05 2011,Jan 31 2013
GSE34138,GSM842395,PR+NR breast cancer BC_5342587027_D,14G core needle breast tumor biopsy,Homo sapiens,GPL6884,BC_5342587027_D,,Public on Dec 01 2012,Dec 05 2011,Jan 31 2013
GSE34138,GSM842396,pCR+npCR mamma breast cancer BC_5342587015_C,14G core needle breast tumor biopsy,Homo sapiens,GPL6884,BC_5342587015_C,,Public on Dec 01 2012,Dec 05 2011,Jan 31 2013
GSE34138,GSM842397,PR+NR breast cancer BC_5342587015_E,14G core needle breast tumor biopsy,Homo sapiens,GPL6884,BC_5342587015_E,,Public on Dec 01 2012,Dec 05 2011,Jan 31 2013
GSE34138,GSM842398,PR+NR breast cancer BC_5342587014_B,14G core needle breast tumor biopsy,Homo sapiens,GPL6884,BC_5342587014_B,,Public on Dec 01 2012,Dec 05 2011,Jan 31 2013
GSE34138,GSM842399,PR+NR breast cancer BC_5342587014_C,14G core needle breast tumor biopsy,Homo sapiens,GPL6884,BC_5342587014_C,,Public on Dec 01 2012,Dec 05 2011,Jan 31 2013
GSE34138,GSM842400,pCR+npCR mamma breast cancer BC_5342587014_D,14G core needle breast tumor biopsy,Homo sapiens,GPL6884,BC_5342587014_D,,Public on Dec 01 2012,Dec 05 2011,Jan 31 2013
GSE34138,GSM842401,pCR+npCR mamma breast cancer BC_5342587014_F,14G core needle breast tumor biopsy,Homo sapiens,GPL6884,BC_5342587014_F,,Public on Dec 01 2012,Dec 05 2011,Jan 31 2013
GSE34138,GSM842402,pCR+npCR mamma breast cancer BC_5342587013_A,14G core needle breast tumor biopsy,Homo sapiens,GPL6884,BC_5342587013_A,,Public on Dec 01 2012,Dec 05 2011,Jan 31 2013
GSE34138,GSM842403,PR+NR breast cancer BC_5342587013_C,14G core needle breast tumor biopsy,Homo sapiens,GPL6884,BC_5342587013_C,,Public on Dec 01 2012,Dec 05 2011,Jan 31 2013
GSE34138,GSM842404,PR+NR breast cancer BC_5342587013_D,14G core needle breast tumor biopsy,Homo sapiens,GPL6884,BC_5342587013_D,,Public on Dec 01 2012,Dec 05 2011,Jan 31 2013
GSE34138,GSM842405,PR+NR breast cancer BC_5342587009_D,14G core needle breast tumor biopsy,Homo sapiens,GPL6884,BC_5342587009_D,,Public on Dec 01 2012,Dec 05 2011,Jan 31 2013
GSE34138,GSM842406,PR+NR breast cancer BC_5342587009_F,14G core needle breast tumor biopsy,Homo sapiens,GPL6884,BC_5342587009_F,,Public on Dec 01 2012,Dec 05 2011,Jan 31 2013
GSE34138,GSM842407,PR+NR breast cancer BC_5342587008_D,14G core needle breast tumor biopsy,Homo sapiens,GPL6884,BC_5342587008_D,,Public on Dec 01 2012,Dec 05 2011,Jan 31 2013
GSE34138,GSM842408,pCR+npCR mamma breast cancer BC_5342587008_E,14G core needle breast tumor biopsy,Homo sapiens,GPL6884,BC_5342587008_E,,Public on Dec 01 2012,Dec 05 2011,Jan 31 2013
GSE34138,GSM842409,PR+NR breast cancer BC_5357957045_D,14G core needle breast tumor biopsy,Homo sapiens,GPL6884,BC_5357957045_D,,Public on Dec 01 2012,Dec 05 2011,Jan 31 2013
GSE34138,GSM842470,pCR+npCR mamma breast cancer BC_4531933043_F,14G core needle breast tumor biopsy,Homo sapiens,GPL6884,BC_4531933043_F,,Public on Dec 01 2012,Dec 05 2011,Jan 31 2013
GSE34138,GSM842471,pCR+npCR mamma breast cancer BC_4531933077_A,14G core needle breast tumor biopsy,Homo sapiens,GPL6884,BC_4531933077_A,,Public on Dec 01 2012,Dec 05 2011,Jan 31 2013
GSE34138,GSM842472,PR+NR breast cancer BC_4531933072_B,14G core needle breast tumor biopsy,Homo sapiens,GPL6884,BC_4531933072_B,,Public on Dec 01 2012,Dec 05 2011,Jan 31 2013
GSE34138,GSM842473,pCR+npCR mamma breast cancer BC_4531933045_A,14G core needle breast tumor biopsy,Homo sapiens,GPL6884,BC_4531933045_A,,Public on Dec 01 2012,Dec 05 2011,Jan 31 2013
GSE34138,GSM842474,pCR+npCR mamma breast cancer BC_4531933045_B,14G core needle breast tumor biopsy,Homo sapiens,GPL6884,BC_4531933045_B,,Public on Dec 01 2012,Dec 05 2011,Jan 31 2013
GSE34138,GSM842475,pCR+npCR mamma breast cancer BC_4531933045_D,14G core needle breast tumor biopsy,Homo sapiens,GPL6884,BC_4531933045_D,,Public on Dec 01 2012,Dec 05 2011,Jan 31 2013
GSE34138,GSM842476,PR+NR breast cancer BC_4531933044_C,14G core needle breast tumor biopsy,Homo sapiens,GPL6884,BC_4531933044_C,,Public on Dec 01 2012,Dec 05 2011,Jan 31 2013
GSE34138,GSM842477,pCR+npCR mamma breast cancer BC_4531933044_D,14G core needle breast tumor biopsy,Homo sapiens,GPL6884,BC_4531933044_D,,Public on Dec 01 2012,Dec 05 2011,Jan 31 2013
GSE34138,GSM842478,pCR+npCR mamma breast cancer BC_4531933083_C,14G core needle breast tumor biopsy,Homo sapiens,GPL6884,BC_4531933083_C,,Public on Dec 01 2012,Dec 05 2011,Jan 31 2013
GSE34138,GSM842479,PR+NR breast cancer BC_4531933059_B,14G core needle breast tumor biopsy,Homo sapiens,GPL6884,BC_4531933059_B,,Public on Dec 01 2012,Dec 05 2011,Jan 31 2013
GSE34138,GSM842480,PR+NR breast cancer BC_4520679065_C,14G core needle breast tumor biopsy,Homo sapiens,GPL6884,BC_4520679065_C,,Public on Dec 01 2012,Dec 05 2011,Jan 31 2013
GSE34138,GSM842481,PR+NR breast cancer BC_4520679065_D,14G core needle breast tumor biopsy,Homo sapiens,GPL6884,BC_4520679065_D,,Public on Dec 01 2012,Dec 05 2011,Jan 31 2013
GSE34138,GSM842482,pCR+npCR mamma breast cancer BC_4520679065_E,14G core needle breast tumor biopsy,Homo sapiens,GPL6884,BC_4520679065_E,,Public on Dec 01 2012,Dec 05 2011,Jan 31 2013
GSE34138,GSM842483,pCR+npCR mamma breast cancer BC_4560224084_C,14G core needle breast tumor biopsy,Homo sapiens,GPL6884,BC_4560224084_C,,Public on Dec 01 2012,Dec 05 2011,Jan 31 2013
GSE34138,GSM842484,PR+NR breast cancer BC_4560224089_D,14G core needle breast tumor biopsy,Homo sapiens,GPL6884,BC_4560224089_D,,Public on Dec 01 2012,Dec 05 2011,Jan 31 2013
GSE34138,GSM842485,pCR+npCR mamma breast cancer BC_4560224089_E,14G core needle breast tumor biopsy,Homo sapiens,GPL6884,BC_4560224089_E,,Public on Dec 01 2012,Dec 05 2011,Jan 31 2013
GSE34138,GSM842486,pCR+npCR mamma breast cancer BC_4560224089_F,14G core needle breast tumor biopsy,Homo sapiens,GPL6884,BC_4560224089_F,,Public on Dec 01 2012,Dec 05 2011,Jan 31 2013
GSE34138,GSM842487,pCR+npCR mamma breast cancer BC_4560224088_E,14G core needle breast tumor biopsy,Homo sapiens,GPL6884,BC_4560224088_E,,Public on Dec 01 2012,Dec 05 2011,Jan 31 2013
GSE34138,GSM842488,PR+NR breast cancer BC_4560224074_C,14G core needle breast tumor biopsy,Homo sapiens,GPL6884,BC_4560224074_C,,Public on Dec 01 2012,Dec 05 2011,Jan 31 2013
GSE34138,GSM842489,pCR+npCR mamma breast cancer BC_4560224074_D,14G core needle breast tumor biopsy,Homo sapiens,GPL6884,BC_4560224074_D,,Public on Dec 01 2012,Dec 05 2011,Jan 31 2013
GSE34138,GSM842490,pCR+npCR mamma breast cancer BC_4560224073_A,14G core needle breast tumor biopsy,Homo sapiens,GPL6884,BC_4560224073_A,,Public on Dec 01 2012,Dec 05 2011,Jan 31 2013
GSE34138,GSM842491,pCR+npCR mamma breast cancer BC_4560224073_B,14G core needle breast tumor biopsy,Homo sapiens,GPL6884,BC_4560224073_B,,Public on Dec 01 2012,Dec 05 2011,Jan 31 2013
GSE34138,GSM842492,pCR+npCR mamma breast cancer BC_4560224073_E,14G core needle breast tumor biopsy,Homo sapiens,GPL6884,BC_4560224073_E,,Public on Dec 01 2012,Dec 05 2011,Jan 31 2013
GSE34138,GSM842493,pCR+npCR mamma breast cancer BC_4560224073_F,14G core needle breast tumor biopsy,Homo sapiens,GPL6884,BC_4560224073_F,,Public on Dec 01 2012,Dec 05 2011,Jan 31 2013
GSE34138,GSM842494,PR+NR breast cancer BC_4560224066_F,14G core needle breast tumor biopsy,Homo sapiens,GPL6884,BC_4560224066_F,,Public on Dec 01 2012,Dec 05 2011,Jan 31 2013
GSE34138,GSM842495,PR+NR breast cancer BC_4560224053_F,14G core needle breast tumor biopsy,Homo sapiens,GPL6884,BC_4560224053_F,,Public on Dec 01 2012,Dec 05 2011,Jan 31 2013
GSE34138,GSM842496,PR+NR breast cancer BC_4560224045_F,14G core needle breast tumor biopsy,Homo sapiens,GPL6884,BC_4560224045_F,,Public on Dec 01 2012,Dec 05 2011,Jan 31 2013
GSE34138,GSM842497,pCR+npCR mamma breast cancer BC_4560224035_D,14G core needle breast tumor biopsy,Homo sapiens,GPL6884,BC_4560224035_D,,Public on Dec 01 2012,Dec 05 2011,Jan 31 2013
GSE34138,GSM842498,PR+NR breast cancer BC_4560224035_F,14G core needle breast tumor biopsy,Homo sapiens,GPL6884,BC_4560224035_F,,Public on Dec 01 2012,Dec 05 2011,Jan 31 2013
GSE34138,GSM842499,PR+NR breast cancer BC_4560224027_F,14G core needle breast tumor biopsy,Homo sapiens,GPL6884,BC_4560224027_F,,Public on Dec 01 2012,Dec 05 2011,Jan 31 2013
GSE34138,GSM842500,PR+NR breast cancer BC_4560224015_D,14G core needle breast tumor biopsy,Homo sapiens,GPL6884,BC_4560224015_D,,Public on Dec 01 2012,Dec 05 2011,Jan 31 2013
GSE34138,GSM842501,pCR+npCR mamma breast cancer BC_4560224015_E,14G core needle breast tumor biopsy,Homo sapiens,GPL6884,BC_4560224015_E,,Public on Dec 01 2012,Dec 05 2011,Jan 31 2013
GSE34138,GSM842502,pCR+npCR mamma breast cancer BC_4560224015_F,14G core needle breast tumor biopsy,Homo sapiens,GPL6884,BC_4560224015_F,,Public on Dec 01 2012,Dec 05 2011,Jan 31 2013
GSE34138,GSM842503,PR+NR breast cancer BC_4560224064_C,14G core needle breast tumor biopsy,Homo sapiens,GPL6884,BC_4560224064_C,,Public on Dec 01 2012,Dec 05 2011,Jan 31 2013
GSE34138,GSM842504,pCR+npCR mamma breast cancer BC_4560224064_F,14G core needle breast tumor biopsy,Homo sapiens,GPL6884,BC_4560224064_F,,Public on Dec 01 2012,Dec 05 2011,Jan 31 2013
GSE34138,GSM842505,PR+NR breast cancer BC_4753042046_A,14G core needle breast tumor biopsy,Homo sapiens,GPL6884,BC_4753042046_A,,Public on Dec 01 2012,Dec 05 2011,Jan 31 2013
GSE34138,GSM842506,PR+NR breast cancer BC_5357957054_B,14G core needle breast tumor biopsy,Homo sapiens,GPL6884,BC_5357957054_B,,Public on Dec 01 2012,Dec 05 2011,Jan 31 2013
GSE34138,GSM842507,PR+NR breast cancer BC_5357957053_B,14G core needle breast tumor biopsy,Homo sapiens,GPL6884,BC_5357957053_B,,Public on Dec 01 2012,Dec 05 2011,Jan 31 2013
GSE34138,GSM842508,pCR+npCR mamma breast cancer BC_5357957053_C,14G core needle breast tumor biopsy,Homo sapiens,GPL6884,BC_5357957053_C,,Public on Dec 01 2012,Dec 05 2011,Jan 31 2013
GSE34138,GSM842509,pCR+npCR mamma breast cancer BC_5357957053_D,14G core needle breast tumor biopsy,Homo sapiens,GPL6884,BC_5357957053_D,,Public on Dec 01 2012,Dec 05 2011,Jan 31 2013
GSE34138,GSM842510,pCR+npCR mamma breast cancer BC_5357957053_F,14G core needle breast tumor biopsy,Homo sapiens,GPL6884,BC_5357957053_F,,Public on Dec 01 2012,Dec 05 2011,Jan 31 2013
GSE34138,GSM842511,NA breast cancer BC_5357957052_C,14G core needle breast tumor biopsy,Homo sapiens,GPL6884,BC_5357957052_C,,Public on Dec 01 2012,Dec 05 2011,Jan 31 2013
GSE34138,GSM842512,pCR+npCR mamma breast cancer BC_5357957045_B,14G core needle breast tumor biopsy,Homo sapiens,GPL6884,BC_5357957045_B,,Public on Dec 01 2012,Dec 05 2011,Jan 31 2013
GSE34138,GSM842513,PR+NR breast cancer BC_5357957045_F,14G core needle breast tumor biopsy,Homo sapiens,GPL6884,BC_5357957045_F,,Public on Dec 01 2012,Dec 05 2011,Jan 31 2013
GSE34138,GSM842514,PR+NR breast cancer BC_5357957044_C,14G core needle breast tumor biopsy,Homo sapiens,GPL6884,BC_5357957044_C,,Public on Dec 01 2012,Dec 05 2011,Jan 31 2013
GSE34138,GSM842515,pCR+npCR mamma breast cancer BC_5357957044_D,14G core needle breast tumor biopsy,Homo sapiens,GPL6884,BC_5357957044_D,,Public on Dec 01 2012,Dec 05 2011,Jan 31 2013
GSE34138,GSM842516,pCR+npCR mamma breast cancer BC_5357957044_E,14G core needle breast tumor biopsy,Homo sapiens,GPL6884,BC_5357957044_E,,Public on Dec 01 2012,Dec 05 2011,Jan 31 2013
GSE34138,GSM842517,PR+NR breast cancer BC_5357957044_F,14G core needle breast tumor biopsy,Homo sapiens,GPL6884,BC_5357957044_F,,Public on Dec 01 2012,Dec 05 2011,Jan 31 2013
GSE34138,GSM842518,PR+NR breast cancer BC_5357957043_B,14G core needle breast tumor biopsy,Homo sapiens,GPL6884,BC_5357957043_B,,Public on Dec 01 2012,Dec 05 2011,Jan 31 2013
GSE34138,GSM842519,PR+NR breast cancer BC_5357957043_C,14G core needle breast tumor biopsy,Homo sapiens,GPL6884,BC_5357957043_C,,Public on Dec 01 2012,Dec 05 2011,Jan 31 2013
GSE34138,GSM842520,PR+NR breast cancer BC_5357957042_A,14G core needle breast tumor biopsy,Homo sapiens,GPL6884,BC_5357957042_A,,Public on Dec 01 2012,Dec 05 2011,Jan 31 2013
GSE34138,GSM842521,PR+NR breast cancer BC_5357957042_D,14G core needle breast tumor biopsy,Homo sapiens,GPL6884,BC_5357957042_D,,Public on Dec 01 2012,Dec 05 2011,Jan 31 2013
GSE34138,GSM842522,pCR+npCR mamma breast cancer BC_5357957009_A,14G core needle breast tumor biopsy,Homo sapiens,GPL6884,BC_5357957009_A,,Public on Dec 01 2012,Dec 05 2011,Jan 31 2013
GSE34138,GSM842523,pCR+npCR mamma breast cancer BC_5357957009_D,14G core needle breast tumor biopsy,Homo sapiens,GPL6884,BC_5357957009_D,,Public on Dec 01 2012,Dec 05 2011,Jan 31 2013
GSE34138,GSM842524,pCR+npCR mamma breast cancer BC_5342587027_C,14G core needle breast tumor biopsy,Homo sapiens,GPL6884,BC_5342587027_C,,Public on Dec 01 2012,Dec 05 2011,Jan 31 2013
GSE34138,GSM842525,pCR+npCR mamma breast cancer BC_5342587013_B,14G core needle breast tumor biopsy,Homo sapiens,GPL6884,BC_5342587013_B,,Public on Dec 01 2012,Dec 05 2011,Jan 31 2013
GSE34138,GSM842526,pCR+npCR mamma breast cancer BC_5342587013_E,14G core needle breast tumor biopsy,Homo sapiens,GPL6884,BC_5342587013_E,,Public on Dec 01 2012,Dec 05 2011,Jan 31 2013
GSE34138,GSM842527,pCR+npCR mamma breast cancer BC_5342587009_C,14G core needle breast tumor biopsy,Homo sapiens,GPL6884,BC_5342587009_C,,Public on Dec 01 2012,Dec 05 2011,Jan 31 2013
GSE41998,GSM1030079,Br Ca Pt sample #S1178752-1,pre-treatment breast cancer tumor biopsy,Homo sapiens,GPL571,Gene expression data from pre-treatment breast cancer tumor biopsy,Reanalyzed by: GSE205568,Public on Jan 01 2013,Nov 02 2012,Jun 06 2022
GSE41998,GSM1030080,Br Ca Pt sample #E3837722-1,pre-treatment breast cancer tumor biopsy,Homo sapiens,GPL571,Gene expression data from pre-treatment breast cancer tumor biopsy,Reanalyzed by: GSE205568,Public on Jan 01 2013,Nov 02 2012,Jun 06 2022
GSE41998,GSM1030081,Br Ca Pt sample #A6263061-1,pre-treatment breast cancer tumor biopsy,Homo sapiens,GPL571,Gene expression data from pre-treatment breast cancer tumor biopsy,Reanalyzed by: GSE205568,Public on Jan 01 2013,Nov 02 2012,Jun 06 2022
GSE41998,GSM1030082,Br Ca Pt sample #A6263065-1,pre-treatment breast cancer tumor biopsy,Homo sapiens,GPL571,Gene expression data from pre-treatment breast cancer tumor biopsy,Reanalyzed by: GSE205568,Public on Jan 01 2013,Nov 02 2012,Jun 06 2022
GSE41998,GSM1030083,Br Ca Pt sample #S1038589-1,pre-treatment breast cancer tumor biopsy,Homo sapiens,GPL571,Gene expression data from pre-treatment breast cancer tumor biopsy,Reanalyzed by: GSE205568,Public on Jan 01 2013,Nov 02 2012,Jun 06 2022
GSE41998,GSM1030084,Br Ca Pt sample #A6999197-1,pre-treatment breast cancer tumor biopsy,Homo sapiens,GPL571,Gene expression data from pre-treatment breast cancer tumor biopsy,Reanalyzed by: GSE205568,Public on Jan 01 2013,Nov 02 2012,Jun 06 2022
GSE41998,GSM1030085,Br Ca Pt sample #E3800109-1,pre-treatment breast cancer tumor biopsy,Homo sapiens,GPL571,Gene expression data from pre-treatment breast cancer tumor biopsy,Reanalyzed by: GSE205568,Public on Jan 01 2013,Nov 02 2012,Jun 06 2022
GSE41998,GSM1030086,Br Ca Pt sample #S1116462-1,pre-treatment breast cancer tumor biopsy,Homo sapiens,GPL571,Gene expression data from pre-treatment breast cancer tumor biopsy,Reanalyzed by: GSE205568,Public on Jan 01 2013,Nov 02 2012,Jun 06 2022
GSE41998,GSM1030087,Br Ca Pt sample #A6997531-1,pre-treatment breast cancer tumor biopsy,Homo sapiens,GPL571,Gene expression data from pre-treatment breast cancer tumor biopsy,Reanalyzed by: GSE205568,Public on Jan 01 2013,Nov 02 2012,Jun 06 2022
GSE41998,GSM1030088,Br Ca Pt sample #E4340702-1,pre-treatment breast cancer tumor biopsy,Homo sapiens,GPL571,Gene expression data from pre-treatment breast cancer tumor biopsy,Reanalyzed by: GSE205568,Public on Jan 01 2013,Nov 02 2012,Jun 06 2022
GSE41998,GSM1030089,Br Ca Pt sample #E4639353-1,pre-treatment breast cancer tumor biopsy,Homo sapiens,GPL571,Gene expression data from pre-treatment breast cancer tumor biopsy,Reanalyzed by: GSE205568,Public on Jan 01 2013,Nov 02 2012,Jun 06 2022
GSE41998,GSM1030090,Br Ca Pt sample #S1297269-1,pre-treatment breast cancer tumor biopsy,Homo sapiens,GPL571,Gene expression data from pre-treatment breast cancer tumor biopsy,Reanalyzed by: GSE205568,Public on Jan 01 2013,Nov 02 2012,Jun 06 2022
GSE41998,GSM1030091,Br Ca Pt sample #S1032217-1,pre-treatment breast cancer tumor biopsy,Homo sapiens,GPL571,Gene expression data from pre-treatment breast cancer tumor biopsy,Reanalyzed by: GSE205568,Public on Jan 01 2013,Nov 02 2012,Jun 06 2022
GSE41998,GSM1030092,Br Ca Pt sample #S1089746-1,pre-treatment breast cancer tumor biopsy,Homo sapiens,GPL571,Gene expression data from pre-treatment breast cancer tumor biopsy,Reanalyzed by: GSE205568,Public on Jan 01 2013,Nov 02 2012,Jun 06 2022
GSE41998,GSM1030093,Br Ca Pt sample #S1032225-1,pre-treatment breast cancer tumor biopsy,Homo sapiens,GPL571,Gene expression data from pre-treatment breast cancer tumor biopsy,Reanalyzed by: GSE205568,Public on Jan 01 2013,Nov 02 2012,Jun 06 2022
GSE41998,GSM1030094,Br Ca Pt sample #E4343481-1,pre-treatment breast cancer tumor biopsy,Homo sapiens,GPL571,Gene expression data from pre-treatment breast cancer tumor biopsy,Reanalyzed by: GSE205568,Public on Jan 01 2013,Nov 02 2012,Jun 06 2022
GSE41998,GSM1030095,Br Ca Pt sample #S1126096-1,pre-treatment breast cancer tumor biopsy,Homo sapiens,GPL571,Gene expression data from pre-treatment breast cancer tumor biopsy,Reanalyzed by: GSE205568,Public on Jan 01 2013,Nov 02 2012,Jun 06 2022
GSE41998,GSM1030096,Br Ca Pt sample #A7082100-1,pre-treatment breast cancer tumor biopsy,Homo sapiens,GPL571,Gene expression data from pre-treatment breast cancer tumor biopsy,Reanalyzed by: GSE205568,Public on Jan 01 2013,Nov 02 2012,Jun 06 2022
GSE41998,GSM1030097,Br Ca Pt sample #E3800101-1,pre-treatment breast cancer tumor biopsy,Homo sapiens,GPL571,Gene expression data from pre-treatment breast cancer tumor biopsy,Reanalyzed by: GSE205568,Public on Jan 01 2013,Nov 02 2012,Jun 06 2022
GSE41998,GSM1030098,Br Ca Pt sample #E4343479-1,pre-treatment breast cancer tumor biopsy,Homo sapiens,GPL571,Gene expression data from pre-treatment breast cancer tumor biopsy,Reanalyzed by: GSE205568,Public on Jan 01 2013,Nov 02 2012,Jun 06 2022
GSE41998,GSM1030099,Br Ca Pt sample #E3916680-1,pre-treatment breast cancer tumor biopsy,Homo sapiens,GPL571,Gene expression data from pre-treatment breast cancer tumor biopsy,Reanalyzed by: GSE205568,Public on Jan 01 2013,Nov 02 2012,Jun 06 2022
GSE41998,GSM1030100,Br Ca Pt sample #A6952000-1,pre-treatment breast cancer tumor biopsy,Homo sapiens,GPL571,Gene expression data from pre-treatment breast cancer tumor biopsy,Reanalyzed by: GSE205568,Public on Jan 01 2013,Nov 02 2012,Jun 06 2022
GSE41998,GSM1030101,Br Ca Pt sample #E4222992-1,pre-treatment breast cancer tumor biopsy,Homo sapiens,GPL571,Gene expression data from pre-treatment breast cancer tumor biopsy,Reanalyzed by: GSE205568,Public on Jan 01 2013,Nov 02 2012,Jun 06 2022
GSE41998,GSM1030102,Br Ca Pt sample #E4332196-1,pre-treatment breast cancer tumor biopsy,Homo sapiens,GPL571,Gene expression data from pre-treatment breast cancer tumor biopsy,Reanalyzed by: GSE205568,Public on Jan 01 2013,Nov 02 2012,Jun 06 2022
GSE41998,GSM1030103,Br Ca Pt sample #A7295220-1,pre-treatment breast cancer tumor biopsy,Homo sapiens,GPL571,Gene expression data from pre-treatment breast cancer tumor biopsy,Reanalyzed by: GSE205568,Public on Jan 01 2013,Nov 02 2012,Jun 06 2022
GSE41998,GSM1030104,Br Ca Pt sample #S1076366-1,pre-treatment breast cancer tumor biopsy,Homo sapiens,GPL571,Gene expression data from pre-treatment breast cancer tumor biopsy,Reanalyzed by: GSE205568,Public on Jan 01 2013,Nov 02 2012,Jun 06 2022
GSE41998,GSM1030105,Br Ca Pt sample #A7330542-1,pre-treatment breast cancer tumor biopsy,Homo sapiens,GPL571,Gene expression data from pre-treatment breast cancer tumor biopsy,Reanalyzed by: GSE205568,Public on Jan 01 2013,Nov 02 2012,Jun 06 2022
GSE41998,GSM1030106,Br Ca Pt sample #E4606438-1,pre-treatment breast cancer tumor biopsy,Homo sapiens,GPL571,Gene expression data from pre-treatment breast cancer tumor biopsy,Reanalyzed by: GSE205568,Public on Jan 01 2013,Nov 02 2012,Jun 06 2022
GSE41998,GSM1030107,Br Ca Pt sample #E4606440-1,pre-treatment breast cancer tumor biopsy,Homo sapiens,GPL571,Gene expression data from pre-treatment breast cancer tumor biopsy,Reanalyzed by: GSE205568,Public on Jan 01 2013,Nov 02 2012,Jun 06 2022
GSE41998,GSM1030108,Br Ca Pt sample #E4340700-1,pre-treatment breast cancer tumor biopsy,Homo sapiens,GPL571,Gene expression data from pre-treatment breast cancer tumor biopsy,Reanalyzed by: GSE205568,Public on Jan 01 2013,Nov 02 2012,Jun 06 2022
GSE41998,GSM1030109,Br Ca Pt sample #A7241236-1,pre-treatment breast cancer tumor biopsy,Homo sapiens,GPL571,Gene expression data from pre-treatment breast cancer tumor biopsy,Reanalyzed by: GSE205568,Public on Jan 01 2013,Nov 02 2012,Jun 06 2022
GSE41998,GSM1030110,Br Ca Pt sample #E4477306-1,pre-treatment breast cancer tumor biopsy,Homo sapiens,GPL571,Gene expression data from pre-treatment breast cancer tumor biopsy,Reanalyzed by: GSE205568,Public on Jan 01 2013,Nov 02 2012,Jun 06 2022
GSE41998,GSM1030111,Br Ca Pt sample #S1123419-1,pre-treatment breast cancer tumor biopsy,Homo sapiens,GPL571,Gene expression data from pre-treatment breast cancer tumor biopsy,Reanalyzed by: GSE205568,Public on Jan 01 2013,Nov 02 2012,Jun 06 2022
GSE41998,GSM1030112,Br Ca Pt sample #S1032221-1,pre-treatment breast cancer tumor biopsy,Homo sapiens,GPL571,Gene expression data from pre-treatment breast cancer tumor biopsy,Reanalyzed by: GSE205568,Public on Jan 01 2013,Nov 02 2012,Jun 06 2022
GSE41998,GSM1030113,Br Ca Pt sample #A7082102-1,pre-treatment breast cancer tumor biopsy,Homo sapiens,GPL571,Gene expression data from pre-treatment breast cancer tumor biopsy,Reanalyzed by: GSE205568,Public on Jan 01 2013,Nov 02 2012,Jun 06 2022
GSE41998,GSM1030114,Br Ca Pt sample #E4708763-1,pre-treatment breast cancer tumor biopsy,Homo sapiens,GPL571,Gene expression data from pre-treatment breast cancer tumor biopsy,Reanalyzed by: GSE205568,Public on Jan 01 2013,Nov 02 2012,Jun 06 2022
GSE41998,GSM1030115,Br Ca Pt sample #E4710305-1,pre-treatment breast cancer tumor biopsy,Homo sapiens,GPL571,Gene expression data from pre-treatment breast cancer tumor biopsy,Reanalyzed by: GSE205568,Public on Jan 01 2013,Nov 02 2012,Jun 06 2022
GSE41998,GSM1030116,Br Ca Pt sample #L0628963-1,pre-treatment breast cancer tumor biopsy,Homo sapiens,GPL571,Gene expression data from pre-treatment breast cancer tumor biopsy,Reanalyzed by: GSE205568,Public on Jan 01 2013,Nov 02 2012,Jun 06 2022
GSE41998,GSM1030117,Br Ca Pt sample #A7573397-1,pre-treatment breast cancer tumor biopsy,Homo sapiens,GPL571,Gene expression data from pre-treatment breast cancer tumor biopsy,Reanalyzed by: GSE205568,Public on Jan 01 2013,Nov 02 2012,Jun 06 2022
GSE41998,GSM1030118,Br Ca Pt sample #E4534819-1,pre-treatment breast cancer tumor biopsy,Homo sapiens,GPL571,Gene expression data from pre-treatment breast cancer tumor biopsy,Reanalyzed by: GSE205568,Public on Jan 01 2013,Nov 02 2012,Jun 06 2022
GSE41998,GSM1030119,Br Ca Pt sample #E4690595-1,pre-treatment breast cancer tumor biopsy,Homo sapiens,GPL571,Gene expression data from pre-treatment breast cancer tumor biopsy,Reanalyzed by: GSE205568,Public on Jan 01 2013,Nov 02 2012,Jun 06 2022
GSE41998,GSM1030120,Br Ca Pt sample #E4751070-1,pre-treatment breast cancer tumor biopsy,Homo sapiens,GPL571,Gene expression data from pre-treatment breast cancer tumor biopsy,Reanalyzed by: GSE205568,Public on Jan 01 2013,Nov 02 2012,Jun 06 2022
GSE41998,GSM1030121,Br Ca Pt sample #E4751072-1,pre-treatment breast cancer tumor biopsy,Homo sapiens,GPL571,Gene expression data from pre-treatment breast cancer tumor biopsy,Reanalyzed by: GSE205568,Public on Jan 01 2013,Nov 02 2012,Jun 06 2022
GSE41998,GSM1030122,Br Ca Pt sample #A6736485-1,pre-treatment breast cancer tumor biopsy,Homo sapiens,GPL571,Gene expression data from pre-treatment breast cancer tumor biopsy,Reanalyzed by: GSE205568,Public on Jan 01 2013,Nov 02 2012,Jun 06 2022
GSE41998,GSM1030123,Br Ca Pt sample #S1076360-1,pre-treatment breast cancer tumor biopsy,Homo sapiens,GPL571,Gene expression data from pre-treatment breast cancer tumor biopsy,Reanalyzed by: GSE205568,Public on Jan 01 2013,Nov 02 2012,Jun 06 2022
GSE41998,GSM1030124,Br Ca Pt sample #E3648192-1,pre-treatment breast cancer tumor biopsy,Homo sapiens,GPL571,Gene expression data from pre-treatment breast cancer tumor biopsy,Reanalyzed by: GSE205568,Public on Jan 01 2013,Nov 02 2012,Jun 06 2022
GSE41998,GSM1030125,Br Ca Pt sample #L0488310-1,pre-treatment breast cancer tumor biopsy,Homo sapiens,GPL571,Gene expression data from pre-treatment breast cancer tumor biopsy,Reanalyzed by: GSE205568,Public on Jan 01 2013,Nov 02 2012,Jun 06 2022
GSE41998,GSM1030126,Br Ca Pt sample #S1121949-1,pre-treatment breast cancer tumor biopsy,Homo sapiens,GPL571,Gene expression data from pre-treatment breast cancer tumor biopsy,Reanalyzed by: GSE205568,Public on Jan 01 2013,Nov 02 2012,Jun 06 2022
GSE41998,GSM1030127,Br Ca Pt sample #S1141087-1,pre-treatment breast cancer tumor biopsy,Homo sapiens,GPL571,Gene expression data from pre-treatment breast cancer tumor biopsy,Reanalyzed by: GSE205568,Public on Jan 01 2013,Nov 02 2012,Jun 06 2022
GSE41998,GSM1030128,Br Ca Pt sample #S1141089-1,pre-treatment breast cancer tumor biopsy,Homo sapiens,GPL571,Gene expression data from pre-treatment breast cancer tumor biopsy,Reanalyzed by: GSE205568,Public on Jan 01 2013,Nov 02 2012,Jun 06 2022
GSE41998,GSM1030129,Br Ca Pt sample #S1038597-1,pre-treatment breast cancer tumor biopsy,Homo sapiens,GPL571,Gene expression data from pre-treatment breast cancer tumor biopsy,Reanalyzed by: GSE205568,Public on Jan 01 2013,Nov 02 2012,Jun 06 2022
GSE41998,GSM1030130,Br Ca Pt sample #S1148765-1,pre-treatment breast cancer tumor biopsy,Homo sapiens,GPL571,Gene expression data from pre-treatment breast cancer tumor biopsy,Reanalyzed by: GSE205568,Public on Jan 01 2013,Nov 02 2012,Jun 06 2022
GSE41998,GSM1030131,Br Ca Pt sample #E4343389-4,pre-treatment breast cancer tumor biopsy,Homo sapiens,GPL571,Gene expression data from pre-treatment breast cancer tumor biopsy,Reanalyzed by: GSE205568,Public on Jan 01 2013,Nov 02 2012,Jun 06 2022
GSE41998,GSM1030132,Br Ca Pt sample #E4343389-3,pre-treatment breast cancer tumor biopsy,Homo sapiens,GPL571,Gene expression data from pre-treatment breast cancer tumor biopsy,Reanalyzed by: GSE205568,Public on Jan 01 2013,Nov 02 2012,Jun 06 2022
GSE41998,GSM1030133,Br Ca Pt sample #S1123405-1,pre-treatment breast cancer tumor biopsy,Homo sapiens,GPL571,Gene expression data from pre-treatment breast cancer tumor biopsy,Reanalyzed by: GSE205568,Public on Jan 01 2013,Nov 02 2012,Jun 06 2022
GSE41998,GSM1030134,Br Ca Pt sample #A6999199-1,pre-treatment breast cancer tumor biopsy,Homo sapiens,GPL571,Gene expression data from pre-treatment breast cancer tumor biopsy,Reanalyzed by: GSE205568,Public on Jan 01 2013,Nov 02 2012,Jun 06 2022
GSE41998,GSM1030135,Br Ca Pt sample #E3837732-1,pre-treatment breast cancer tumor biopsy,Homo sapiens,GPL571,Gene expression data from pre-treatment breast cancer tumor biopsy,Reanalyzed by: GSE205568,Public on Jan 01 2013,Nov 02 2012,Jun 06 2022
GSE41998,GSM1030136,Br Ca Pt sample #S1189555-1,pre-treatment breast cancer tumor biopsy,Homo sapiens,GPL571,Gene expression data from pre-treatment breast cancer tumor biopsy,Reanalyzed by: GSE205568,Public on Jan 01 2013,Nov 02 2012,Jun 06 2022
GSE41998,GSM1030137,Br Ca Pt sample #S1134718-1,pre-treatment breast cancer tumor biopsy,Homo sapiens,GPL571,Gene expression data from pre-treatment breast cancer tumor biopsy,Reanalyzed by: GSE205568,Public on Jan 01 2013,Nov 02 2012,Jun 06 2022
GSE41998,GSM1030138,Br Ca Pt sample #E4690599-1,pre-treatment breast cancer tumor biopsy,Homo sapiens,GPL571,Gene expression data from pre-treatment breast cancer tumor biopsy,Reanalyzed by: GSE205568,Public on Jan 01 2013,Nov 02 2012,Jun 06 2022
GSE41998,GSM1030139,Br Ca Pt sample #A7330534-1,pre-treatment breast cancer tumor biopsy,Homo sapiens,GPL571,Gene expression data from pre-treatment breast cancer tumor biopsy,Reanalyzed by: GSE205568,Public on Jan 01 2013,Nov 02 2012,Jun 06 2022
GSE41998,GSM1030140,Br Ca Pt sample #S1148757-1,pre-treatment breast cancer tumor biopsy,Homo sapiens,GPL571,Gene expression data from pre-treatment breast cancer tumor biopsy,Reanalyzed by: GSE205568,Public on Jan 01 2013,Nov 02 2012,Jun 06 2022
GSE41998,GSM1030141,Br Ca Pt sample #S1189563-1,pre-treatment breast cancer tumor biopsy,Homo sapiens,GPL571,Gene expression data from pre-treatment breast cancer tumor biopsy,Reanalyzed by: GSE205568,Public on Jan 01 2013,Nov 02 2012,Jun 06 2022
GSE41998,GSM1030142,Br Ca Pt sample #E4708767-1,pre-treatment breast cancer tumor biopsy,Homo sapiens,GPL571,Gene expression data from pre-treatment breast cancer tumor biopsy,Reanalyzed by: GSE205568,Public on Jan 01 2013,Nov 02 2012,Jun 06 2022
GSE41998,GSM1030143,Br Ca Pt sample #S1178750-1,pre-treatment breast cancer tumor biopsy,Homo sapiens,GPL571,Gene expression data from pre-treatment breast cancer tumor biopsy,Reanalyzed by: GSE205568,Public on Jan 01 2013,Nov 02 2012,Jun 06 2022
GSE41998,GSM1030144,Br Ca Pt sample #E4764497-1,pre-treatment breast cancer tumor biopsy,Homo sapiens,GPL571,Gene expression data from pre-treatment breast cancer tumor biopsy,Reanalyzed by: GSE205568,Public on Jan 01 2013,Nov 02 2012,Jun 06 2022
GSE41998,GSM1030145,Br Ca Pt sample #A6657371-1,pre-treatment breast cancer tumor biopsy,Homo sapiens,GPL571,Gene expression data from pre-treatment breast cancer tumor biopsy,Reanalyzed by: GSE205568,Public on Jan 01 2013,Nov 02 2012,Jun 06 2022
GSE41998,GSM1030146,Br Ca Pt sample #E4751060-1,pre-treatment breast cancer tumor biopsy,Homo sapiens,GPL571,Gene expression data from pre-treatment breast cancer tumor biopsy,Reanalyzed by: GSE205568,Public on Jan 01 2013,Nov 02 2012,Jun 06 2022
GSE41998,GSM1030147,Br Ca Pt sample #E4719356-1,pre-treatment breast cancer tumor biopsy,Homo sapiens,GPL571,Gene expression data from pre-treatment breast cancer tumor biopsy,Reanalyzed by: GSE205568,Public on Jan 01 2013,Nov 02 2012,Jun 06 2022
GSE41998,GSM1030148,Br Ca Pt sample #E4999453-1,pre-treatment breast cancer tumor biopsy,Homo sapiens,GPL571,Gene expression data from pre-treatment breast cancer tumor biopsy,Reanalyzed by: GSE205568,Public on Jan 01 2013,Nov 02 2012,Jun 06 2022
GSE41998,GSM1030149,Br Ca Pt sample #E4343389-2,pre-treatment breast cancer tumor biopsy,Homo sapiens,GPL571,Gene expression data from pre-treatment breast cancer tumor biopsy,Reanalyzed by: GSE205568,Public on Jan 01 2013,Nov 02 2012,Jun 06 2022
GSE41998,GSM1030150,Br Ca Pt sample #E4597713-1,pre-treatment breast cancer tumor biopsy,Homo sapiens,GPL571,Gene expression data from pre-treatment breast cancer tumor biopsy,Reanalyzed by: GSE205568,Public on Jan 01 2013,Nov 02 2012,Jun 06 2022
GSE41998,GSM1030151,Br Ca Pt sample #L0638228-4,pre-treatment breast cancer tumor biopsy,Homo sapiens,GPL571,Gene expression data from pre-treatment breast cancer tumor biopsy,Reanalyzed by: GSE205568,Public on Jan 01 2013,Nov 02 2012,Jun 06 2022
GSE41998,GSM1030152,Br Ca Pt sample #E4751058-1,pre-treatment breast cancer tumor biopsy,Homo sapiens,GPL571,Gene expression data from pre-treatment breast cancer tumor biopsy,Reanalyzed by: GSE205568,Public on Jan 01 2013,Nov 02 2012,Jun 06 2022
GSE41998,GSM1030153,Br Ca Pt sample #E4669580-1,pre-treatment breast cancer tumor biopsy,Homo sapiens,GPL571,Gene expression data from pre-treatment breast cancer tumor biopsy,Reanalyzed by: GSE205568,Public on Jan 01 2013,Nov 02 2012,Jun 06 2022
GSE41998,GSM1030154,Br Ca Pt sample #E4534823-1,pre-treatment breast cancer tumor biopsy,Homo sapiens,GPL571,Gene expression data from pre-treatment breast cancer tumor biopsy,Reanalyzed by: GSE205568,Public on Jan 01 2013,Nov 02 2012,Jun 06 2022
GSE41998,GSM1030155,Br Ca Pt sample #E4830792-1,pre-treatment breast cancer tumor biopsy,Homo sapiens,GPL571,Gene expression data from pre-treatment breast cancer tumor biopsy,Reanalyzed by: GSE205568,Public on Jan 01 2013,Nov 02 2012,Jun 06 2022
GSE41998,GSM1030156,Br Ca Pt sample #E3385598-1,pre-treatment breast cancer tumor biopsy,Homo sapiens,GPL571,Gene expression data from pre-treatment breast cancer tumor biopsy,Reanalyzed by: GSE205568,Public on Jan 01 2013,Nov 02 2012,Jun 06 2022
GSE41998,GSM1030157,Br Ca Pt sample #E3730747-1,pre-treatment breast cancer tumor biopsy,Homo sapiens,GPL571,Gene expression data from pre-treatment breast cancer tumor biopsy,Reanalyzed by: GSE205568,Public on Jan 01 2013,Nov 02 2012,Jun 06 2022
GSE41998,GSM1030158,Br Ca Pt sample #S0895769-1,pre-treatment breast cancer tumor biopsy,Homo sapiens,GPL571,Gene expression data from pre-treatment breast cancer tumor biopsy,Reanalyzed by: GSE205568,Public on Jan 01 2013,Nov 02 2012,Jun 06 2022
GSE41998,GSM1030159,Br Ca Pt sample #S0895765-1,pre-treatment breast cancer tumor biopsy,Homo sapiens,GPL571,Gene expression data from pre-treatment breast cancer tumor biopsy,Reanalyzed by: GSE205568,Public on Jan 01 2013,Nov 02 2012,Jun 06 2022
GSE41998,GSM1030160,Br Ca Pt sample #S0898012-1,pre-treatment breast cancer tumor biopsy,Homo sapiens,GPL571,Gene expression data from pre-treatment breast cancer tumor biopsy,Reanalyzed by: GSE205568,Public on Jan 01 2013,Nov 02 2012,Jun 06 2022
GSE41998,GSM1030161,Br Ca Pt sample #S0895767-1,pre-treatment breast cancer tumor biopsy,Homo sapiens,GPL571,Gene expression data from pre-treatment breast cancer tumor biopsy,Reanalyzed by: GSE205568,Public on Jan 01 2013,Nov 02 2012,Jun 06 2022
GSE41998,GSM1030162,Br Ca Pt sample #S0960945-1,pre-treatment breast cancer tumor biopsy,Homo sapiens,GPL571,Gene expression data from pre-treatment breast cancer tumor biopsy,Reanalyzed by: GSE205568,Public on Jan 01 2013,Nov 02 2012,Jun 06 2022
GSE41998,GSM1030163,Br Ca Pt sample #E3569360-1,pre-treatment breast cancer tumor biopsy,Homo sapiens,GPL571,Gene expression data from pre-treatment breast cancer tumor biopsy,Reanalyzed by: GSE205568,Public on Jan 01 2013,Nov 02 2012,Jun 06 2022
GSE41998,GSM1030164,Br Ca Pt sample #S0895756-1,pre-treatment breast cancer tumor biopsy,Homo sapiens,GPL571,Gene expression data from pre-treatment breast cancer tumor biopsy,Reanalyzed by: GSE205568,Public on Jan 01 2013,Nov 02 2012,Jun 06 2022
GSE41998,GSM1030165,Br Ca Pt sample #E3663949-1,pre-treatment breast cancer tumor biopsy,Homo sapiens,GPL571,Gene expression data from pre-treatment breast cancer tumor biopsy,Reanalyzed by: GSE205568,Public on Jan 01 2013,Nov 02 2012,Jun 06 2022
GSE41998,GSM1030166,Br Ca Pt sample #E3569362-1,pre-treatment breast cancer tumor biopsy,Homo sapiens,GPL571,Gene expression data from pre-treatment breast cancer tumor biopsy,Reanalyzed by: GSE205568,Public on Jan 01 2013,Nov 02 2012,Jun 06 2022
GSE41998,GSM1030167,Br Ca Pt sample #A6718068-1,pre-treatment breast cancer tumor biopsy,Homo sapiens,GPL571,Gene expression data from pre-treatment breast cancer tumor biopsy,Reanalyzed by: GSE205568,Public on Jan 01 2013,Nov 02 2012,Jun 06 2022
GSE41998,GSM1030168,Br Ca Pt sample #S1183157-1,pre-treatment breast cancer tumor biopsy,Homo sapiens,GPL571,Gene expression data from pre-treatment breast cancer tumor biopsy,Reanalyzed by: GSE205568,Public on Jan 01 2013,Nov 02 2012,Jun 06 2022
GSE41998,GSM1030169,Br Ca Pt sample #S1089744-1,pre-treatment breast cancer tumor biopsy,Homo sapiens,GPL571,Gene expression data from pre-treatment breast cancer tumor biopsy,Reanalyzed by: GSE205568,Public on Jan 01 2013,Nov 02 2012,Jun 06 2022
GSE41998,GSM1030170,Br Ca Pt sample #S1005949-1,pre-treatment breast cancer tumor biopsy,Homo sapiens,GPL571,Gene expression data from pre-treatment breast cancer tumor biopsy,Reanalyzed by: GSE205568,Public on Jan 01 2013,Nov 02 2012,Jun 06 2022
GSE41998,GSM1030171,Br Ca Pt sample #A6926680-1,pre-treatment breast cancer tumor biopsy,Homo sapiens,GPL571,Gene expression data from pre-treatment breast cancer tumor biopsy,Reanalyzed by: GSE205568,Public on Jan 01 2013,Nov 02 2012,Jun 06 2022
GSE41998,GSM1030172,Br Ca Pt sample #S1005935-1,pre-treatment breast cancer tumor biopsy,Homo sapiens,GPL571,Gene expression data from pre-treatment breast cancer tumor biopsy,Reanalyzed by: GSE205568,Public on Jan 01 2013,Nov 02 2012,Jun 06 2022
GSE41998,GSM1030173,Br Ca Pt sample #A6719819-1,pre-treatment breast cancer tumor biopsy,Homo sapiens,GPL571,Gene expression data from pre-treatment breast cancer tumor biopsy,Reanalyzed by: GSE205568,Public on Jan 01 2013,Nov 02 2012,Jun 06 2022
GSE41998,GSM1030174,Br Ca Pt sample #S1121959-1,pre-treatment breast cancer tumor biopsy,Homo sapiens,GPL571,Gene expression data from pre-treatment breast cancer tumor biopsy,Reanalyzed by: GSE205568,Public on Jan 01 2013,Nov 02 2012,Jun 06 2022
GSE41998,GSM1030175,Br Ca Pt sample #S1123415-1,pre-treatment breast cancer tumor biopsy,Homo sapiens,GPL571,Gene expression data from pre-treatment breast cancer tumor biopsy,Reanalyzed by: GSE205568,Public on Jan 01 2013,Nov 02 2012,Jun 06 2022
GSE41998,GSM1030176,Br Ca Pt sample #E4242182-1,pre-treatment breast cancer tumor biopsy,Homo sapiens,GPL571,Gene expression data from pre-treatment breast cancer tumor biopsy,Reanalyzed by: GSE205568,Public on Jan 01 2013,Nov 02 2012,Jun 06 2022
GSE41998,GSM1030177,Br Ca Pt sample #S1121945-1,pre-treatment breast cancer tumor biopsy,Homo sapiens,GPL571,Gene expression data from pre-treatment breast cancer tumor biopsy,Reanalyzed by: GSE205568,Public on Jan 01 2013,Nov 02 2012,Jun 06 2022
GSE41998,GSM1030178,Br Ca Pt sample #S1038593-1,pre-treatment breast cancer tumor biopsy,Homo sapiens,GPL571,Gene expression data from pre-treatment breast cancer tumor biopsy,Reanalyzed by: GSE205568,Public on Jan 01 2013,Nov 02 2012,Jun 06 2022
GSE41998,GSM1030179,Br Ca Pt sample #E4376531-1,pre-treatment breast cancer tumor biopsy,Homo sapiens,GPL571,Gene expression data from pre-treatment breast cancer tumor biopsy,Reanalyzed by: GSE205568,Public on Jan 01 2013,Nov 02 2012,Jun 06 2022
GSE41998,GSM1030180,Br Ca Pt sample #S1121963-1,pre-treatment breast cancer tumor biopsy,Homo sapiens,GPL571,Gene expression data from pre-treatment breast cancer tumor biopsy,Reanalyzed by: GSE205568,Public on Jan 01 2013,Nov 02 2012,Jun 06 2022
GSE41998,GSM1030181,Br Ca Pt sample #E3648194-1,pre-treatment breast cancer tumor biopsy,Homo sapiens,GPL571,Gene expression data from pre-treatment breast cancer tumor biopsy,Reanalyzed by: GSE205568,Public on Jan 01 2013,Nov 02 2012,Jun 06 2022
GSE41998,GSM1030182,Br Ca Pt sample #S1172325-1,pre-treatment breast cancer tumor biopsy,Homo sapiens,GPL571,Gene expression data from pre-treatment breast cancer tumor biopsy,Reanalyzed by: GSE205568,Public on Jan 01 2013,Nov 02 2012,Jun 06 2022
GSE41998,GSM1030183,Br Ca Pt sample #A7181969-1,pre-treatment breast cancer tumor biopsy,Homo sapiens,GPL571,Gene expression data from pre-treatment breast cancer tumor biopsy,Reanalyzed by: GSE205568,Public on Jan 01 2013,Nov 02 2012,Jun 06 2022
GSE41998,GSM1030184,Br Ca Pt sample #E4332194-1,pre-treatment breast cancer tumor biopsy,Homo sapiens,GPL571,Gene expression data from pre-treatment breast cancer tumor biopsy,Reanalyzed by: GSE205568,Public on Jan 01 2013,Nov 02 2012,Jun 06 2022
GSE41998,GSM1030185,Br Ca Pt sample #A6914216-1,pre-treatment breast cancer tumor biopsy,Homo sapiens,GPL571,Gene expression data from pre-treatment breast cancer tumor biopsy,Reanalyzed by: GSE205568,Public on Jan 01 2013,Nov 02 2012,Jun 06 2022
GSE41998,GSM1030186,Br Ca Pt sample #S1230596-1,pre-treatment breast cancer tumor biopsy,Homo sapiens,GPL571,Gene expression data from pre-treatment breast cancer tumor biopsy,Reanalyzed by: GSE205568,Public on Jan 01 2013,Nov 02 2012,Jun 06 2022
GSE41998,GSM1030187,Br Ca Pt sample #S1212000-1,pre-treatment breast cancer tumor biopsy,Homo sapiens,GPL571,Gene expression data from pre-treatment breast cancer tumor biopsy,Reanalyzed by: GSE205568,Public on Jan 01 2013,Nov 02 2012,Jun 06 2022
GSE41998,GSM1030188,Br Ca Pt sample #E4597723-1,pre-treatment breast cancer tumor biopsy,Homo sapiens,GPL571,Gene expression data from pre-treatment breast cancer tumor biopsy,Reanalyzed by: GSE205568,Public on Jan 01 2013,Nov 02 2012,Jun 06 2022
GSE41998,GSM1030189,Br Ca Pt sample #E3416700-1,pre-treatment breast cancer tumor biopsy,Homo sapiens,GPL571,Gene expression data from pre-treatment breast cancer tumor biopsy,Reanalyzed by: GSE205568,Public on Jan 01 2013,Nov 02 2012,Jun 06 2022
GSE41998,GSM1030190,Br Ca Pt sample #A7347583-1,pre-treatment breast cancer tumor biopsy,Homo sapiens,GPL571,Gene expression data from pre-treatment breast cancer tumor biopsy,Reanalyzed by: GSE205568,Public on Jan 01 2013,Nov 02 2012,Jun 06 2022
GSE41998,GSM1030191,Br Ca Pt sample #A7347583-2,pre-treatment breast cancer tumor biopsy,Homo sapiens,GPL571,Gene expression data from pre-treatment breast cancer tumor biopsy,Reanalyzed by: GSE205568,Public on Jan 01 2013,Nov 02 2012,Jun 06 2022
GSE41998,GSM1030192,Br Ca Pt sample #E4555791-1,pre-treatment breast cancer tumor biopsy,Homo sapiens,GPL571,Gene expression data from pre-treatment breast cancer tumor biopsy,Reanalyzed by: GSE205568,Public on Jan 01 2013,Nov 02 2012,Jun 06 2022
GSE41998,GSM1030193,Br Ca Pt sample #E4555791-2,pre-treatment breast cancer tumor biopsy,Homo sapiens,GPL571,Gene expression data from pre-treatment breast cancer tumor biopsy,Reanalyzed by: GSE205568,Public on Jan 01 2013,Nov 02 2012,Jun 06 2022
GSE41998,GSM1030194,Br Ca Pt sample #E4555791-3,pre-treatment breast cancer tumor biopsy,Homo sapiens,GPL571,Gene expression data from pre-treatment breast cancer tumor biopsy,Reanalyzed by: GSE205568,Public on Jan 01 2013,Nov 02 2012,Jun 06 2022
GSE41998,GSM1030195,Br Ca Pt sample #A6997527-1,pre-treatment breast cancer tumor biopsy,Homo sapiens,GPL571,Gene expression data from pre-treatment breast cancer tumor biopsy,Reanalyzed by: GSE205568,Public on Jan 01 2013,Nov 02 2012,Jun 06 2022
GSE41998,GSM1030196,Br Ca Pt sample #E3416702-1,pre-treatment breast cancer tumor biopsy,Homo sapiens,GPL571,Gene expression data from pre-treatment breast cancer tumor biopsy,Reanalyzed by: GSE205568,Public on Jan 01 2013,Nov 02 2012,Jun 06 2022
GSE41998,GSM1030197,Br Ca Pt sample #E3385596-1,pre-treatment breast cancer tumor biopsy,Homo sapiens,GPL571,Gene expression data from pre-treatment breast cancer tumor biopsy,Reanalyzed by: GSE205568,Public on Jan 01 2013,Nov 02 2012,Jun 06 2022
GSE41998,GSM1030198,Br Ca Pt sample #A7342589-1,pre-treatment breast cancer tumor biopsy,Homo sapiens,GPL571,Gene expression data from pre-treatment breast cancer tumor biopsy,Reanalyzed by: GSE205568,Public on Jan 01 2013,Nov 02 2012,Jun 06 2022
GSE41998,GSM1030199,Br Ca Pt sample #E4343543-1,pre-treatment breast cancer tumor biopsy,Homo sapiens,GPL571,Gene expression data from pre-treatment breast cancer tumor biopsy,Reanalyzed by: GSE205568,Public on Jan 01 2013,Nov 02 2012,Jun 06 2022
GSE41998,GSM1030200,Br Ca Pt sample #S1121941-4,pre-treatment breast cancer tumor biopsy,Homo sapiens,GPL571,Gene expression data from pre-treatment breast cancer tumor biopsy,Reanalyzed by: GSE205568,Public on Jan 01 2013,Nov 02 2012,Jun 06 2022
GSE41998,GSM1030201,Br Ca Pt sample #S1038591-1,pre-treatment breast cancer tumor biopsy,Homo sapiens,GPL571,Gene expression data from pre-treatment breast cancer tumor biopsy,Reanalyzed by: GSE205568,Public on Jan 01 2013,Nov 02 2012,Jun 06 2022
GSE41998,GSM1030202,Br Ca Pt sample #A7082075-1,pre-treatment breast cancer tumor biopsy,Homo sapiens,GPL571,Gene expression data from pre-treatment breast cancer tumor biopsy,Reanalyzed by: GSE205568,Public on Jan 01 2013,Nov 02 2012,Jun 06 2022
GSE41998,GSM1030203,Br Ca Pt sample #S1172333-1,pre-treatment breast cancer tumor biopsy,Homo sapiens,GPL571,Gene expression data from pre-treatment breast cancer tumor biopsy,Reanalyzed by: GSE205568,Public on Jan 01 2013,Nov 02 2012,Jun 06 2022
GSE41998,GSM1030204,Br Ca Pt sample #E3837740-1,pre-treatment breast cancer tumor biopsy,Homo sapiens,GPL571,Gene expression data from pre-treatment breast cancer tumor biopsy,Reanalyzed by: GSE205568,Public on Jan 01 2013,Nov 02 2012,Jun 06 2022
GSE41998,GSM1030205,Br Ca Pt sample #E3800099-1,pre-treatment breast cancer tumor biopsy,Homo sapiens,GPL571,Gene expression data from pre-treatment breast cancer tumor biopsy,Reanalyzed by: GSE205568,Public on Jan 01 2013,Nov 02 2012,Jun 06 2022
GSE41998,GSM1030206,Br Ca Pt sample #A7181973-1,pre-treatment breast cancer tumor biopsy,Homo sapiens,GPL571,Gene expression data from pre-treatment breast cancer tumor biopsy,Reanalyzed by: GSE205568,Public on Jan 01 2013,Nov 02 2012,Jun 06 2022
GSE41998,GSM1030207,Br Ca Pt sample #E4791654-1,pre-treatment breast cancer tumor biopsy,Homo sapiens,GPL571,Gene expression data from pre-treatment breast cancer tumor biopsy,Reanalyzed by: GSE205568,Public on Jan 01 2013,Nov 02 2012,Jun 06 2022
GSE41998,GSM1030208,Br Ca Pt sample #A7585250-1,pre-treatment breast cancer tumor biopsy,Homo sapiens,GPL571,Gene expression data from pre-treatment breast cancer tumor biopsy,Reanalyzed by: GSE205568,Public on Jan 01 2013,Nov 02 2012,Jun 06 2022
GSE41998,GSM1030209,Br Ca Pt sample #E4751082-1,pre-treatment breast cancer tumor biopsy,Homo sapiens,GPL571,Gene expression data from pre-treatment breast cancer tumor biopsy,Reanalyzed by: GSE205568,Public on Jan 01 2013,Nov 02 2012,Jun 06 2022
GSE41998,GSM1030210,Br Ca Pt sample #L0638222-4,pre-treatment breast cancer tumor biopsy,Homo sapiens,GPL571,Gene expression data from pre-treatment breast cancer tumor biopsy,Reanalyzed by: GSE205568,Public on Jan 01 2013,Nov 02 2012,Jun 06 2022
GSE41998,GSM1030211,Br Ca Pt sample #L0638218-4,pre-treatment breast cancer tumor biopsy,Homo sapiens,GPL571,Gene expression data from pre-treatment breast cancer tumor biopsy,Reanalyzed by: GSE205568,Public on Jan 01 2013,Nov 02 2012,Jun 06 2022
GSE41998,GSM1030212,Br Ca Pt sample #L0638232-4,pre-treatment breast cancer tumor biopsy,Homo sapiens,GPL571,Gene expression data from pre-treatment breast cancer tumor biopsy,Reanalyzed by: GSE205568,Public on Jan 01 2013,Nov 02 2012,Jun 06 2022
GSE41998,GSM1030213,Br Ca Pt sample #S1037482-1,pre-treatment breast cancer tumor biopsy,Homo sapiens,GPL571,Gene expression data from pre-treatment breast cancer tumor biopsy,Reanalyzed by: GSE205568,Public on Jan 01 2013,Nov 02 2012,Jun 06 2022
GSE41998,GSM1030214,Br Ca Pt sample #S0898799-1,pre-treatment breast cancer tumor biopsy,Homo sapiens,GPL571,Gene expression data from pre-treatment breast cancer tumor biopsy,Reanalyzed by: GSE205568,Public on Jan 01 2013,Nov 02 2012,Jun 06 2022
GSE41998,GSM1030215,Br Ca Pt sample #S1005937-1,pre-treatment breast cancer tumor biopsy,Homo sapiens,GPL571,Gene expression data from pre-treatment breast cancer tumor biopsy,Reanalyzed by: GSE205568,Public on Jan 01 2013,Nov 02 2012,Jun 06 2022
GSE41998,GSM1030216,Br Ca Pt sample #S1005933-1,pre-treatment breast cancer tumor biopsy,Homo sapiens,GPL571,Gene expression data from pre-treatment breast cancer tumor biopsy,Reanalyzed by: GSE205568,Public on Jan 01 2013,Nov 02 2012,Jun 06 2022
GSE41998,GSM1030217,Br Ca Pt sample #S1172331-1,pre-treatment breast cancer tumor biopsy,Homo sapiens,GPL571,Gene expression data from pre-treatment breast cancer tumor biopsy,Reanalyzed by: GSE205568,Public on Jan 01 2013,Nov 02 2012,Jun 06 2022
GSE41998,GSM1030218,Br Ca Pt sample #E4532900-1,pre-treatment breast cancer tumor biopsy,Homo sapiens,GPL571,Gene expression data from pre-treatment breast cancer tumor biopsy,Reanalyzed by: GSE205568,Public on Jan 01 2013,Nov 02 2012,Jun 06 2022
GSE41998,GSM1030219,Br Ca Pt sample #E4639355-1,pre-treatment breast cancer tumor biopsy,Homo sapiens,GPL571,Gene expression data from pre-treatment breast cancer tumor biopsy,Reanalyzed by: GSE205568,Public on Jan 01 2013,Nov 02 2012,Jun 06 2022
GSE41998,GSM1030220,Br Ca Pt sample #E3569373-1,pre-treatment breast cancer tumor biopsy,Homo sapiens,GPL571,Gene expression data from pre-treatment breast cancer tumor biopsy,Reanalyzed by: GSE205568,Public on Jan 01 2013,Nov 02 2012,Jun 06 2022
GSE41998,GSM1030221,Br Ca Pt sample #E3665685-1,pre-treatment breast cancer tumor biopsy,Homo sapiens,GPL571,Gene expression data from pre-treatment breast cancer tumor biopsy,Reanalyzed by: GSE205568,Public on Jan 01 2013,Nov 02 2012,Jun 06 2022
GSE41998,GSM1030222,Br Ca Pt sample #S0922645-1,pre-treatment breast cancer tumor biopsy,Homo sapiens,GPL571,Gene expression data from pre-treatment breast cancer tumor biopsy,Reanalyzed by: GSE205568,Public on Jan 01 2013,Nov 02 2012,Jun 06 2022
GSE41998,GSM1030223,Br Ca Pt sample #S0869886-1,pre-treatment breast cancer tumor biopsy,Homo sapiens,GPL571,Gene expression data from pre-treatment breast cancer tumor biopsy,Reanalyzed by: GSE205568,Public on Jan 01 2013,Nov 02 2012,Jun 06 2022
GSE41998,GSM1030224,Br Ca Pt sample #A6719815-1,pre-treatment breast cancer tumor biopsy,Homo sapiens,GPL571,Gene expression data from pre-treatment breast cancer tumor biopsy,Reanalyzed by: GSE205568,Public on Jan 01 2013,Nov 02 2012,Jun 06 2022
GSE41998,GSM1030225,Br Ca Pt sample #A7347583-3,pre-treatment breast cancer tumor biopsy,Homo sapiens,GPL571,Gene expression data from pre-treatment breast cancer tumor biopsy,Reanalyzed by: GSE205568,Public on Jan 01 2013,Nov 02 2012,Jun 06 2022
GSE41998,GSM1030226,Br Ca Pt sample #E4343539-1,pre-treatment breast cancer tumor biopsy,Homo sapiens,GPL571,Gene expression data from pre-treatment breast cancer tumor biopsy,Reanalyzed by: GSE205568,Public on Jan 01 2013,Nov 02 2012,Jun 06 2022
GSE41998,GSM1030227,Br Ca Pt sample #E4343515-1,pre-treatment breast cancer tumor biopsy,Homo sapiens,GPL571,Gene expression data from pre-treatment breast cancer tumor biopsy,Reanalyzed by: GSE205568,Public on Jan 01 2013,Nov 02 2012,Jun 06 2022
GSE41998,GSM1030228,Br Ca Pt sample #S0953607-1,pre-treatment breast cancer tumor biopsy,Homo sapiens,GPL571,Gene expression data from pre-treatment breast cancer tumor biopsy,Reanalyzed by: GSE205568,Public on Jan 01 2013,Nov 02 2012,Jun 06 2022
GSE41998,GSM1030229,Br Ca Pt sample #S0953605-1,pre-treatment breast cancer tumor biopsy,Homo sapiens,GPL571,Gene expression data from pre-treatment breast cancer tumor biopsy,Reanalyzed by: GSE205568,Public on Jan 01 2013,Nov 02 2012,Jun 06 2022
GSE41998,GSM1030230,Br Ca Pt sample #A6952002-1,pre-treatment breast cancer tumor biopsy,Homo sapiens,GPL571,Gene expression data from pre-treatment breast cancer tumor biopsy,Reanalyzed by: GSE205568,Public on Jan 01 2013,Nov 02 2012,Jun 06 2022
GSE41998,GSM1030231,Br Ca Pt sample #E4606442-1,pre-treatment breast cancer tumor biopsy,Homo sapiens,GPL571,Gene expression data from pre-treatment breast cancer tumor biopsy,Reanalyzed by: GSE205568,Public on Jan 01 2013,Nov 02 2012,Jun 06 2022
GSE41998,GSM1030232,Br Ca Pt sample #S1178754-1,pre-treatment breast cancer tumor biopsy,Homo sapiens,GPL571,Gene expression data from pre-treatment breast cancer tumor biopsy,Reanalyzed by: GSE205568,Public on Jan 01 2013,Nov 02 2012,Jun 06 2022
GSE41998,GSM1030233,Br Ca Pt sample #S1230600-1,pre-treatment breast cancer tumor biopsy,Homo sapiens,GPL571,Gene expression data from pre-treatment breast cancer tumor biopsy,Reanalyzed by: GSE205568,Public on Jan 01 2013,Nov 02 2012,Jun 06 2022
GSE41998,GSM1030234,Br Ca Pt sample #A7013456-1,pre-treatment breast cancer tumor biopsy,Homo sapiens,GPL571,Gene expression data from pre-treatment breast cancer tumor biopsy,Reanalyzed by: GSE205568,Public on Jan 01 2013,Nov 02 2012,Jun 06 2022
GSE41998,GSM1030235,Br Ca Pt sample #A7013465-1,pre-treatment breast cancer tumor biopsy,Homo sapiens,GPL571,Gene expression data from pre-treatment breast cancer tumor biopsy,Reanalyzed by: GSE205568,Public on Jan 01 2013,Nov 02 2012,Jun 06 2022
GSE41998,GSM1030236,Br Ca Pt sample #S1091332-1,pre-treatment breast cancer tumor biopsy,Homo sapiens,GPL571,Gene expression data from pre-treatment breast cancer tumor biopsy,Reanalyzed by: GSE205568,Public on Jan 01 2013,Nov 02 2012,Jun 06 2022
GSE41998,GSM1030237,Br Ca Pt sample #S1005927-1,pre-treatment breast cancer tumor biopsy,Homo sapiens,GPL571,Gene expression data from pre-treatment breast cancer tumor biopsy,Reanalyzed by: GSE205568,Public on Jan 01 2013,Nov 02 2012,Jun 06 2022
GSE41998,GSM1030238,Br Ca Pt sample #S1032219-1,pre-treatment breast cancer tumor biopsy,Homo sapiens,GPL571,Gene expression data from pre-treatment breast cancer tumor biopsy,Reanalyzed by: GSE205568,Public on Jan 01 2013,Nov 02 2012,Jun 06 2022
GSE41998,GSM1030239,Br Ca Pt sample #E4555795-1,pre-treatment breast cancer tumor biopsy,Homo sapiens,GPL571,Gene expression data from pre-treatment breast cancer tumor biopsy,Reanalyzed by: GSE205568,Public on Jan 01 2013,Nov 02 2012,Jun 06 2022
GSE41998,GSM1030240,Br Ca Pt sample #S1089750-1,pre-treatment breast cancer tumor biopsy,Homo sapiens,GPL571,Gene expression data from pre-treatment breast cancer tumor biopsy,Reanalyzed by: GSE205568,Public on Jan 01 2013,Nov 02 2012,Jun 06 2022
GSE41998,GSM1030241,Br Ca Pt sample #E4343391-4,pre-treatment breast cancer tumor biopsy,Homo sapiens,GPL571,Gene expression data from pre-treatment breast cancer tumor biopsy,Reanalyzed by: GSE205568,Public on Jan 01 2013,Nov 02 2012,Jun 06 2022
GSE41998,GSM1030242,Br Ca Pt sample #E4343391-3,pre-treatment breast cancer tumor biopsy,Homo sapiens,GPL571,Gene expression data from pre-treatment breast cancer tumor biopsy,Reanalyzed by: GSE205568,Public on Jan 01 2013,Nov 02 2012,Jun 06 2022
GSE41998,GSM1030243,Br Ca Pt sample #E4343391-2,pre-treatment breast cancer tumor biopsy,Homo sapiens,GPL571,Gene expression data from pre-treatment breast cancer tumor biopsy,Reanalyzed by: GSE205568,Public on Jan 01 2013,Nov 02 2012,Jun 06 2022
GSE41998,GSM1030244,Br Ca Pt sample #S1148763-1,pre-treatment breast cancer tumor biopsy,Homo sapiens,GPL571,Gene expression data from pre-treatment breast cancer tumor biopsy,Reanalyzed by: GSE205568,Public on Jan 01 2013,Nov 02 2012,Jun 06 2022
GSE41998,GSM1030245,Br Ca Pt sample #A7241230-1,pre-treatment breast cancer tumor biopsy,Homo sapiens,GPL571,Gene expression data from pre-treatment breast cancer tumor biopsy,Reanalyzed by: GSE205568,Public on Jan 01 2013,Nov 02 2012,Jun 06 2022
GSE41998,GSM1030246,Br Ca Pt sample #S1148753-1,pre-treatment breast cancer tumor biopsy,Homo sapiens,GPL571,Gene expression data from pre-treatment breast cancer tumor biopsy,Reanalyzed by: GSE205568,Public on Jan 01 2013,Nov 02 2012,Jun 06 2022
GSE41998,GSM1030247,Br Ca Pt sample #S1189561-1,pre-treatment breast cancer tumor biopsy,Homo sapiens,GPL571,Gene expression data from pre-treatment breast cancer tumor biopsy,Reanalyzed by: GSE205568,Public on Jan 01 2013,Nov 02 2012,Jun 06 2022
GSE41998,GSM1030248,Br Ca Pt sample #S1230608-1,pre-treatment breast cancer tumor biopsy,Homo sapiens,GPL571,Gene expression data from pre-treatment breast cancer tumor biopsy,Reanalyzed by: GSE205568,Public on Jan 01 2013,Nov 02 2012,Jun 06 2022
GSE41998,GSM1030249,Br Ca Pt sample #E4597719-1,pre-treatment breast cancer tumor biopsy,Homo sapiens,GPL571,Gene expression data from pre-treatment breast cancer tumor biopsy,Reanalyzed by: GSE205568,Public on Jan 01 2013,Nov 02 2012,Jun 06 2022
GSE41998,GSM1030250,Br Ca Pt sample #E4597721-1,pre-treatment breast cancer tumor biopsy,Homo sapiens,GPL571,Gene expression data from pre-treatment breast cancer tumor biopsy,Reanalyzed by: GSE205568,Public on Jan 01 2013,Nov 02 2012,Jun 06 2022
GSE41998,GSM1030251,Br Ca Pt sample #L0506122-1,pre-treatment breast cancer tumor biopsy,Homo sapiens,GPL571,Gene expression data from pre-treatment breast cancer tumor biopsy,Reanalyzed by: GSE205568,Public on Jan 01 2013,Nov 02 2012,Jun 06 2022
GSE41998,GSM1030252,Br Ca Pt sample #E4597711-1,pre-treatment breast cancer tumor biopsy,Homo sapiens,GPL571,Gene expression data from pre-treatment breast cancer tumor biopsy,Reanalyzed by: GSE205568,Public on Jan 01 2013,Nov 02 2012,Jun 06 2022
GSE41998,GSM1030253,Br Ca Pt sample #E4597717-1,pre-treatment breast cancer tumor biopsy,Homo sapiens,GPL571,Gene expression data from pre-treatment breast cancer tumor biopsy,Reanalyzed by: GSE205568,Public on Jan 01 2013,Nov 02 2012,Jun 06 2022
GSE41998,GSM1030254,Br Ca Pt sample #E3837750-1,pre-treatment breast cancer tumor biopsy,Homo sapiens,GPL571,Gene expression data from pre-treatment breast cancer tumor biopsy,Reanalyzed by: GSE205568,Public on Jan 01 2013,Nov 02 2012,Jun 06 2022
GSE41998,GSM1030255,Br Ca Pt sample #E4534882-1,pre-treatment breast cancer tumor biopsy,Homo sapiens,GPL571,Gene expression data from pre-treatment breast cancer tumor biopsy,Reanalyzed by: GSE205568,Public on Jan 01 2013,Nov 02 2012,Jun 06 2022
GSE41998,GSM1030256,Br Ca Pt sample #A6997529-1,pre-treatment breast cancer tumor biopsy,Homo sapiens,GPL571,Gene expression data from pre-treatment breast cancer tumor biopsy,Reanalyzed by: GSE205568,Public on Jan 01 2013,Nov 02 2012,Jun 06 2022
GSE41998,GSM1030257,Br Ca Pt sample #E4830790-1,pre-treatment breast cancer tumor biopsy,Homo sapiens,GPL571,Gene expression data from pre-treatment breast cancer tumor biopsy,Reanalyzed by: GSE205568,Public on Jan 01 2013,Nov 02 2012,Jun 06 2022
GSE41998,GSM1030258,Br Ca Pt sample #E4751064-1,pre-treatment breast cancer tumor biopsy,Homo sapiens,GPL571,Gene expression data from pre-treatment breast cancer tumor biopsy,Reanalyzed by: GSE205568,Public on Jan 01 2013,Nov 02 2012,Jun 06 2022
GSE41998,GSM1030259,Br Ca Pt sample #S0869900-2,pre-treatment breast cancer tumor biopsy,Homo sapiens,GPL571,Gene expression data from pre-treatment breast cancer tumor biopsy,Reanalyzed by: GSE205568,Public on Jan 01 2013,Nov 02 2012,Jun 06 2022
GSE41998,GSM1030260,Br Ca Pt sample #A6926682-1,pre-treatment breast cancer tumor biopsy,Homo sapiens,GPL571,Gene expression data from pre-treatment breast cancer tumor biopsy,Reanalyzed by: GSE205568,Public on Jan 01 2013,Nov 02 2012,Jun 06 2022
GSE41998,GSM1030261,Br Ca Pt sample #E4242180-1,pre-treatment breast cancer tumor biopsy,Homo sapiens,GPL571,Gene expression data from pre-treatment breast cancer tumor biopsy,Reanalyzed by: GSE205568,Public on Jan 01 2013,Nov 02 2012,Jun 06 2022
GSE41998,GSM1030262,Br Ca Pt sample #S1089752-1,pre-treatment breast cancer tumor biopsy,Homo sapiens,GPL571,Gene expression data from pre-treatment breast cancer tumor biopsy,Reanalyzed by: GSE205568,Public on Jan 01 2013,Nov 02 2012,Jun 06 2022
GSE41998,GSM1030263,Br Ca Pt sample #E3837744-1,pre-treatment breast cancer tumor biopsy,Homo sapiens,GPL571,Gene expression data from pre-treatment breast cancer tumor biopsy,Reanalyzed by: GSE205568,Public on Jan 01 2013,Nov 02 2012,Jun 06 2022
GSE41998,GSM1030264,Br Ca Pt sample #S1184746-1,pre-treatment breast cancer tumor biopsy,Homo sapiens,GPL571,Gene expression data from pre-treatment breast cancer tumor biopsy,Reanalyzed by: GSE205568,Public on Jan 01 2013,Nov 02 2012,Jun 06 2022
GSE41998,GSM1030265,Br Ca Pt sample #S1076358-1,pre-treatment breast cancer tumor biopsy,Homo sapiens,GPL571,Gene expression data from pre-treatment breast cancer tumor biopsy,Reanalyzed by: GSE205568,Public on Jan 01 2013,Nov 02 2012,Jun 06 2022
GSE41998,GSM1030266,Br Ca Pt sample #S1032223-1,pre-treatment breast cancer tumor biopsy,Homo sapiens,GPL571,Gene expression data from pre-treatment breast cancer tumor biopsy,Reanalyzed by: GSE205568,Public on Jan 01 2013,Nov 02 2012,Jun 06 2022
GSE41998,GSM1030267,Br Ca Pt sample #E4597705-1,pre-treatment breast cancer tumor biopsy,Homo sapiens,GPL571,Gene expression data from pre-treatment breast cancer tumor biopsy,Reanalyzed by: GSE205568,Public on Jan 01 2013,Nov 02 2012,Jun 06 2022
GSE41998,GSM1030268,Br Ca Pt sample #E3837736-1,pre-treatment breast cancer tumor biopsy,Homo sapiens,GPL571,Gene expression data from pre-treatment breast cancer tumor biopsy,Reanalyzed by: GSE205568,Public on Jan 01 2013,Nov 02 2012,Jun 06 2022
GSE41998,GSM1030269,Br Ca Pt sample #S1126094-4,pre-treatment breast cancer tumor biopsy,Homo sapiens,GPL571,Gene expression data from pre-treatment breast cancer tumor biopsy,Reanalyzed by: GSE205568,Public on Jan 01 2013,Nov 02 2012,Jun 06 2022
GSE41998,GSM1030270,Br Ca Pt sample #E4597715-1,pre-treatment breast cancer tumor biopsy,Homo sapiens,GPL571,Gene expression data from pre-treatment breast cancer tumor biopsy,Reanalyzed by: GSE205568,Public on Jan 01 2013,Nov 02 2012,Jun 06 2022
GSE41998,GSM1030271,Br Ca Pt sample #S1178760-1,pre-treatment breast cancer tumor biopsy,Homo sapiens,GPL571,Gene expression data from pre-treatment breast cancer tumor biopsy,Reanalyzed by: GSE205568,Public on Jan 01 2013,Nov 02 2012,Jun 06 2022
GSE41998,GSM1030272,Br Ca Pt sample #S1189557-4,pre-treatment breast cancer tumor biopsy,Homo sapiens,GPL571,Gene expression data from pre-treatment breast cancer tumor biopsy,Reanalyzed by: GSE205568,Public on Jan 01 2013,Nov 02 2012,Jun 06 2022
GSE41998,GSM1030273,Br Ca Pt sample #E4343519-1,pre-treatment breast cancer tumor biopsy,Homo sapiens,GPL571,Gene expression data from pre-treatment breast cancer tumor biopsy,Reanalyzed by: GSE205568,Public on Jan 01 2013,Nov 02 2012,Jun 06 2022
GSE41998,GSM1030274,Br Ca Pt sample #E4477302-1,pre-treatment breast cancer tumor biopsy,Homo sapiens,GPL571,Gene expression data from pre-treatment breast cancer tumor biopsy,Reanalyzed by: GSE205568,Public on Jan 01 2013,Nov 02 2012,Jun 06 2022
GSE41998,GSM1030275,Br Ca Pt sample #E4477304-1,pre-treatment breast cancer tumor biopsy,Homo sapiens,GPL571,Gene expression data from pre-treatment breast cancer tumor biopsy,Reanalyzed by: GSE205568,Public on Jan 01 2013,Nov 02 2012,Jun 06 2022
GSE41998,GSM1030276,Br Ca Pt sample #S1121939-4,pre-treatment breast cancer tumor biopsy,Homo sapiens,GPL571,Gene expression data from pre-treatment breast cancer tumor biopsy,Reanalyzed by: GSE205568,Public on Jan 01 2013,Nov 02 2012,Jun 06 2022
GSE41998,GSM1030277,Br Ca Pt sample #S1230610-1,pre-treatment breast cancer tumor biopsy,Homo sapiens,GPL571,Gene expression data from pre-treatment breast cancer tumor biopsy,Reanalyzed by: GSE205568,Public on Jan 01 2013,Nov 02 2012,Jun 06 2022
GSE41998,GSM1030278,Br Ca Pt sample #E3837746-1,pre-treatment breast cancer tumor biopsy,Homo sapiens,GPL571,Gene expression data from pre-treatment breast cancer tumor biopsy,Reanalyzed by: GSE205568,Public on Jan 01 2013,Nov 02 2012,Jun 06 2022
GSE41998,GSM1030279,Br Ca Pt sample #L0638234-4,pre-treatment breast cancer tumor biopsy,Homo sapiens,GPL571,Gene expression data from pre-treatment breast cancer tumor biopsy,Reanalyzed by: GSE205568,Public on Jan 01 2013,Nov 02 2012,Jun 06 2022
GSE41998,GSM1030280,Br Ca Pt sample #A7082104-1,pre-treatment breast cancer tumor biopsy,Homo sapiens,GPL571,Gene expression data from pre-treatment breast cancer tumor biopsy,Reanalyzed by: GSE205568,Public on Jan 01 2013,Nov 02 2012,Jun 06 2022
GSE41998,GSM1030281,Br Ca Pt sample #E4708765-1,pre-treatment breast cancer tumor biopsy,Homo sapiens,GPL571,Gene expression data from pre-treatment breast cancer tumor biopsy,Reanalyzed by: GSE205568,Public on Jan 01 2013,Nov 02 2012,Jun 06 2022
GSE41998,GSM1030282,Br Ca Pt sample #E4751084-1,pre-treatment breast cancer tumor biopsy,Homo sapiens,GPL571,Gene expression data from pre-treatment breast cancer tumor biopsy,Reanalyzed by: GSE205568,Public on Jan 01 2013,Nov 02 2012,Jun 06 2022
GSE41998,GSM1030283,Br Ca Pt sample #L0506126-1,pre-treatment breast cancer tumor biopsy,Homo sapiens,GPL571,Gene expression data from pre-treatment breast cancer tumor biopsy,Reanalyzed by: GSE205568,Public on Jan 01 2013,Nov 02 2012,Jun 06 2022
GSE41998,GSM1030284,Br Ca Pt sample #L0661244-4,pre-treatment breast cancer tumor biopsy,Homo sapiens,GPL571,Gene expression data from pre-treatment breast cancer tumor biopsy,Reanalyzed by: GSE205568,Public on Jan 01 2013,Nov 02 2012,Jun 06 2022
GSE41998,GSM1030285,Br Ca Pt sample #A6779099-4,pre-treatment breast cancer tumor biopsy,Homo sapiens,GPL571,Gene expression data from pre-treatment breast cancer tumor biopsy,Reanalyzed by: GSE205568,Public on Jan 01 2013,Nov 02 2012,Jun 06 2022
GSE41998,GSM1030286,Br Ca Pt sample #S1141081-1,pre-treatment breast cancer tumor biopsy,Homo sapiens,GPL571,Gene expression data from pre-treatment breast cancer tumor biopsy,Reanalyzed by: GSE205568,Public on Jan 01 2013,Nov 02 2012,Jun 06 2022
GSE41998,GSM1030287,Br Ca Pt sample #E4690597-1,pre-treatment breast cancer tumor biopsy,Homo sapiens,GPL571,Gene expression data from pre-treatment breast cancer tumor biopsy,Reanalyzed by: GSE205568,Public on Jan 01 2013,Nov 02 2012,Jun 06 2022
GSE41998,GSM1030288,Br Ca Pt sample #E4682893-1,pre-treatment breast cancer tumor biopsy,Homo sapiens,GPL571,Gene expression data from pre-treatment breast cancer tumor biopsy,Reanalyzed by: GSE205568,Public on Jan 01 2013,Nov 02 2012,Jun 06 2022
GSE41998,GSM1030289,Br Ca Pt sample #E4669578-1,pre-treatment breast cancer tumor biopsy,Homo sapiens,GPL571,Gene expression data from pre-treatment breast cancer tumor biopsy,Reanalyzed by: GSE205568,Public on Jan 01 2013,Nov 02 2012,Jun 06 2022
GSE41998,GSM1030290,Br Ca Pt sample #E4830786-1,pre-treatment breast cancer tumor biopsy,Homo sapiens,GPL571,Gene expression data from pre-treatment breast cancer tumor biopsy,Reanalyzed by: GSE205568,Public on Jan 01 2013,Nov 02 2012,Jun 06 2022
GSE41998,GSM1030291,Br Ca Pt sample #E4669582-1,pre-treatment breast cancer tumor biopsy,Homo sapiens,GPL571,Gene expression data from pre-treatment breast cancer tumor biopsy,Reanalyzed by: GSE205568,Public on Jan 01 2013,Nov 02 2012,Jun 06 2022
GSE41998,GSM1030292,Br Ca Pt sample #E3385594-1,pre-treatment breast cancer tumor biopsy,Homo sapiens,GPL571,Gene expression data from pre-treatment breast cancer tumor biopsy,Reanalyzed by: GSE205568,Public on Jan 01 2013,Nov 02 2012,Jun 06 2022
GSE41998,GSM1030293,Br Ca Pt sample #E3730745-1,pre-treatment breast cancer tumor biopsy,Homo sapiens,GPL571,Gene expression data from pre-treatment breast cancer tumor biopsy,Reanalyzed by: GSE205568,Public on Jan 01 2013,Nov 02 2012,Jun 06 2022
GSE41998,GSM1030294,Br Ca Pt sample #S0898797-1,pre-treatment breast cancer tumor biopsy,Homo sapiens,GPL571,Gene expression data from pre-treatment breast cancer tumor biopsy,Reanalyzed by: GSE205568,Public on Jan 01 2013,Nov 02 2012,Jun 06 2022
GSE41998,GSM1030295,Br Ca Pt sample #S0898016-1,pre-treatment breast cancer tumor biopsy,Homo sapiens,GPL571,Gene expression data from pre-treatment breast cancer tumor biopsy,Reanalyzed by: GSE205568,Public on Jan 01 2013,Nov 02 2012,Jun 06 2022
GSE41998,GSM1030296,Br Ca Pt sample #E3569371-1,pre-treatment breast cancer tumor biopsy,Homo sapiens,GPL571,Gene expression data from pre-treatment breast cancer tumor biopsy,Reanalyzed by: GSE205568,Public on Jan 01 2013,Nov 02 2012,Jun 06 2022
GSE41998,GSM1030297,Br Ca Pt sample #S0900086-1,pre-treatment breast cancer tumor biopsy,Homo sapiens,GPL571,Gene expression data from pre-treatment breast cancer tumor biopsy,Reanalyzed by: GSE205568,Public on Jan 01 2013,Nov 02 2012,Jun 06 2022
GSE41998,GSM1030298,Br Ca Pt sample #E3569369-1,pre-treatment breast cancer tumor biopsy,Homo sapiens,GPL571,Gene expression data from pre-treatment breast cancer tumor biopsy,Reanalyzed by: GSE205568,Public on Jan 01 2013,Nov 02 2012,Jun 06 2022
GSE41998,GSM1030299,Br Ca Pt sample #S0895758-1,pre-treatment breast cancer tumor biopsy,Homo sapiens,GPL571,Gene expression data from pre-treatment breast cancer tumor biopsy,Reanalyzed by: GSE205568,Public on Jan 01 2013,Nov 02 2012,Jun 06 2022
GSE41998,GSM1030300,Br Ca Pt sample #E3569364-1,pre-treatment breast cancer tumor biopsy,Homo sapiens,GPL571,Gene expression data from pre-treatment breast cancer tumor biopsy,Reanalyzed by: GSE205568,Public on Jan 01 2013,Nov 02 2012,Jun 06 2022
GSE41998,GSM1030301,Br Ca Pt sample #S0960943-1,pre-treatment breast cancer tumor biopsy,Homo sapiens,GPL571,Gene expression data from pre-treatment breast cancer tumor biopsy,Reanalyzed by: GSE205568,Public on Jan 01 2013,Nov 02 2012,Jun 06 2022
GSE41998,GSM1030302,Br Ca Pt sample #A6263046-1,pre-treatment breast cancer tumor biopsy,Homo sapiens,GPL571,Gene expression data from pre-treatment breast cancer tumor biopsy,Reanalyzed by: GSE205568,Public on Jan 01 2013,Nov 02 2012,Jun 06 2022
GSE41998,GSM1030303,Br Ca Pt sample #S0922647-1,pre-treatment breast cancer tumor biopsy,Homo sapiens,GPL571,Gene expression data from pre-treatment breast cancer tumor biopsy,Reanalyzed by: GSE205568,Public on Jan 01 2013,Nov 02 2012,Jun 06 2022
GSE41998,GSM1030304,Br Ca Pt sample #S0900095-1,pre-treatment breast cancer tumor biopsy,Homo sapiens,GPL571,Gene expression data from pre-treatment breast cancer tumor biopsy,Reanalyzed by: GSE205568,Public on Jan 01 2013,Nov 02 2012,Jun 06 2022
GSE41998,GSM1030305,Br Ca Pt sample #S0922641-1,pre-treatment breast cancer tumor biopsy,Homo sapiens,GPL571,Gene expression data from pre-treatment breast cancer tumor biopsy,Reanalyzed by: GSE205568,Public on Jan 01 2013,Nov 02 2012,Jun 06 2022
GSE41998,GSM1030306,Br Ca Pt sample #S0952246-1,pre-treatment breast cancer tumor biopsy,Homo sapiens,GPL571,Gene expression data from pre-treatment breast cancer tumor biopsy,Reanalyzed by: GSE205568,Public on Jan 01 2013,Nov 02 2012,Jun 06 2022
GSE41998,GSM1030307,Br Ca Pt sample #A6432766-3,pre-treatment breast cancer tumor biopsy,Homo sapiens,GPL571,Gene expression data from pre-treatment breast cancer tumor biopsy,Reanalyzed by: GSE205568,Public on Jan 01 2013,Nov 02 2012,Jun 06 2022
GSE41998,GSM1030308,Br Ca Pt sample #A6432766-2,pre-treatment breast cancer tumor biopsy,Homo sapiens,GPL571,Gene expression data from pre-treatment breast cancer tumor biopsy,Reanalyzed by: GSE205568,Public on Jan 01 2013,Nov 02 2012,Jun 06 2022
GSE41998,GSM1030309,Br Ca Pt sample #A6432766-4,pre-treatment breast cancer tumor biopsy,Homo sapiens,GPL571,Gene expression data from pre-treatment breast cancer tumor biopsy,Reanalyzed by: GSE205568,Public on Jan 01 2013,Nov 02 2012,Jun 06 2022
GSE41998,GSM1030310,Br Ca Pt sample #E3665687-1,pre-treatment breast cancer tumor biopsy,Homo sapiens,GPL571,Gene expression data from pre-treatment breast cancer tumor biopsy,Reanalyzed by: GSE205568,Public on Jan 01 2013,Nov 02 2012,Jun 06 2022
GSE41998,GSM1030311,Br Ca Pt sample #A6719817-1,pre-treatment breast cancer tumor biopsy,Homo sapiens,GPL571,Gene expression data from pre-treatment breast cancer tumor biopsy,Reanalyzed by: GSE205568,Public on Jan 01 2013,Nov 02 2012,Jun 06 2022
GSE41998,GSM1030312,Br Ca Pt sample #E3665683-2,pre-treatment breast cancer tumor biopsy,Homo sapiens,GPL571,Gene expression data from pre-treatment breast cancer tumor biopsy,Reanalyzed by: GSE205568,Public on Jan 01 2013,Nov 02 2012,Jun 06 2022
GSE41998,GSM1030313,Br Ca Pt sample #E3800107-1,pre-treatment breast cancer tumor biopsy,Homo sapiens,GPL571,Gene expression data from pre-treatment breast cancer tumor biopsy,Reanalyzed by: GSE205568,Public on Jan 01 2013,Nov 02 2012,Jun 06 2022
GSE41998,GSM1030314,Br Ca Pt sample #A6926678-1,pre-treatment breast cancer tumor biopsy,Homo sapiens,GPL571,Gene expression data from pre-treatment breast cancer tumor biopsy,Reanalyzed by: GSE205568,Public on Jan 01 2013,Nov 02 2012,Jun 06 2022
GSE41998,GSM1030315,Br Ca Pt sample #S1123417-1,pre-treatment breast cancer tumor biopsy,Homo sapiens,GPL571,Gene expression data from pre-treatment breast cancer tumor biopsy,Reanalyzed by: GSE205568,Public on Jan 01 2013,Nov 02 2012,Jun 06 2022
GSE41998,GSM1030316,Br Ca Pt sample #S1089748-1,pre-treatment breast cancer tumor biopsy,Homo sapiens,GPL571,Gene expression data from pre-treatment breast cancer tumor biopsy,Reanalyzed by: GSE205568,Public on Jan 01 2013,Nov 02 2012,Jun 06 2022
GSE41998,GSM1030317,Br Ca Pt sample #A6719813-1,pre-treatment breast cancer tumor biopsy,Homo sapiens,GPL571,Gene expression data from pre-treatment breast cancer tumor biopsy,Reanalyzed by: GSE205568,Public on Jan 01 2013,Nov 02 2012,Jun 06 2022
GSE41998,GSM1030318,Br Ca Pt sample #S1121955-1,pre-treatment breast cancer tumor biopsy,Homo sapiens,GPL571,Gene expression data from pre-treatment breast cancer tumor biopsy,Reanalyzed by: GSE205568,Public on Jan 01 2013,Nov 02 2012,Jun 06 2022
GSE41998,GSM1030319,Br Ca Pt sample #E3916682-1,pre-treatment breast cancer tumor biopsy,Homo sapiens,GPL571,Gene expression data from pre-treatment breast cancer tumor biopsy,Reanalyzed by: GSE205568,Public on Jan 01 2013,Nov 02 2012,Jun 06 2022
GSE41998,GSM1030320,Br Ca Pt sample #A6718367-1,pre-treatment breast cancer tumor biopsy,Homo sapiens,GPL571,Gene expression data from pre-treatment breast cancer tumor biopsy,Reanalyzed by: GSE205568,Public on Jan 01 2013,Nov 02 2012,Jun 06 2022
GSE41998,GSM1030321,Br Ca Pt sample #E4376535-1,pre-treatment breast cancer tumor biopsy,Homo sapiens,GPL571,Gene expression data from pre-treatment breast cancer tumor biopsy,Reanalyzed by: GSE205568,Public on Jan 01 2013,Nov 02 2012,Jun 06 2022
GSE41998,GSM1030322,Br Ca Pt sample #A7013452-1,pre-treatment breast cancer tumor biopsy,Homo sapiens,GPL571,Gene expression data from pre-treatment breast cancer tumor biopsy,Reanalyzed by: GSE205568,Public on Jan 01 2013,Nov 02 2012,Jun 06 2022
GSE41998,GSM1030323,Br Ca Pt sample #S1087426-1,pre-treatment breast cancer tumor biopsy,Homo sapiens,GPL571,Gene expression data from pre-treatment breast cancer tumor biopsy,Reanalyzed by: GSE205568,Public on Jan 01 2013,Nov 02 2012,Jun 06 2022
GSE41998,GSM1030324,Br Ca Pt sample #A7014562-1,pre-treatment breast cancer tumor biopsy,Homo sapiens,GPL571,Gene expression data from pre-treatment breast cancer tumor biopsy,Reanalyzed by: GSE205568,Public on Jan 01 2013,Nov 02 2012,Jun 06 2022
GSE41998,GSM1030325,Br Ca Pt sample #A6779101-1,pre-treatment breast cancer tumor biopsy,Homo sapiens,GPL571,Gene expression data from pre-treatment breast cancer tumor biopsy,Reanalyzed by: GSE205568,Public on Jan 01 2013,Nov 02 2012,Jun 06 2022
GSE41998,GSM1030326,Br Ca Pt sample #S1083021-1,pre-treatment breast cancer tumor biopsy,Homo sapiens,GPL571,Gene expression data from pre-treatment breast cancer tumor biopsy,Reanalyzed by: GSE205568,Public on Jan 01 2013,Nov 02 2012,Jun 06 2022
GSE41998,GSM1030327,Br Ca Pt sample #A6914218-1,pre-treatment breast cancer tumor biopsy,Homo sapiens,GPL571,Gene expression data from pre-treatment breast cancer tumor biopsy,Reanalyzed by: GSE205568,Public on Jan 01 2013,Nov 02 2012,Jun 06 2022
GSE41998,GSM1030328,Br Ca Pt sample #E4332198-1,pre-treatment breast cancer tumor biopsy,Homo sapiens,GPL571,Gene expression data from pre-treatment breast cancer tumor biopsy,Reanalyzed by: GSE205568,Public on Jan 01 2013,Nov 02 2012,Jun 06 2022
GSE41998,GSM1030329,Br Ca Pt sample #A7181967-1,pre-treatment breast cancer tumor biopsy,Homo sapiens,GPL571,Gene expression data from pre-treatment breast cancer tumor biopsy,Reanalyzed by: GSE205568,Public on Jan 01 2013,Nov 02 2012,Jun 06 2022
GSE41998,GSM1030330,Br Ca Pt sample #E3837738-1,pre-treatment breast cancer tumor biopsy,Homo sapiens,GPL571,Gene expression data from pre-treatment breast cancer tumor biopsy,Reanalyzed by: GSE205568,Public on Jan 01 2013,Nov 02 2012,Jun 06 2022
GSE41998,GSM1030331,Br Ca Pt sample #A6765383-1,pre-treatment breast cancer tumor biopsy,Homo sapiens,GPL571,Gene expression data from pre-treatment breast cancer tumor biopsy,Reanalyzed by: GSE205568,Public on Jan 01 2013,Nov 02 2012,Jun 06 2022
GSE41998,GSM1030332,Br Ca Pt sample #S1134710-1,pre-treatment breast cancer tumor biopsy,Homo sapiens,GPL571,Gene expression data from pre-treatment breast cancer tumor biopsy,Reanalyzed by: GSE205568,Public on Jan 01 2013,Nov 02 2012,Jun 06 2022
GSE41998,GSM1030333,Br Ca Pt sample #E3800093-1,pre-treatment breast cancer tumor biopsy,Homo sapiens,GPL571,Gene expression data from pre-treatment breast cancer tumor biopsy,Reanalyzed by: GSE205568,Public on Jan 01 2013,Nov 02 2012,Jun 06 2022
GSE41998,GSM1030334,Br Ca Pt sample #A7241234-1,pre-treatment breast cancer tumor biopsy,Homo sapiens,GPL571,Gene expression data from pre-treatment breast cancer tumor biopsy,Reanalyzed by: GSE205568,Public on Jan 01 2013,Nov 02 2012,Jun 06 2022
GSE41998,GSM1030335,Br Ca Pt sample #E4340698-1,pre-treatment breast cancer tumor biopsy,Homo sapiens,GPL571,Gene expression data from pre-treatment breast cancer tumor biopsy,Reanalyzed by: GSE205568,Public on Jan 01 2013,Nov 02 2012,Jun 06 2022
GSE41998,GSM1030336,Br Ca Pt sample #S1172335-1,pre-treatment breast cancer tumor biopsy,Homo sapiens,GPL571,Gene expression data from pre-treatment breast cancer tumor biopsy,Reanalyzed by: GSE205568,Public on Jan 01 2013,Nov 02 2012,Jun 06 2022
GSE41998,GSM1030337,Br Ca Pt sample #A6999201-1,pre-treatment breast cancer tumor biopsy,Homo sapiens,GPL571,Gene expression data from pre-treatment breast cancer tumor biopsy,Reanalyzed by: GSE205568,Public on Jan 01 2013,Nov 02 2012,Jun 06 2022
GSE41998,GSM1030338,Br Ca Pt sample #E3800095-1,pre-treatment breast cancer tumor biopsy,Homo sapiens,GPL571,Gene expression data from pre-treatment breast cancer tumor biopsy,Reanalyzed by: GSE205568,Public on Jan 01 2013,Nov 02 2012,Jun 06 2022
GSE41998,GSM1030339,Br Ca Pt sample #E3837748-1,pre-treatment breast cancer tumor biopsy,Homo sapiens,GPL571,Gene expression data from pre-treatment breast cancer tumor biopsy,Reanalyzed by: GSE205568,Public on Jan 01 2013,Nov 02 2012,Jun 06 2022
GSE41998,GSM1030340,Br Ca Pt sample #S1148759-1,pre-treatment breast cancer tumor biopsy,Homo sapiens,GPL571,Gene expression data from pre-treatment breast cancer tumor biopsy,Reanalyzed by: GSE205568,Public on Jan 01 2013,Nov 02 2012,Jun 06 2022
GSE41998,GSM1030341,Br Ca Pt sample #A7274132-1,pre-treatment breast cancer tumor biopsy,Homo sapiens,GPL571,Gene expression data from pre-treatment breast cancer tumor biopsy,Reanalyzed by: GSE205568,Public on Jan 01 2013,Nov 02 2012,Jun 06 2022
GSE41998,GSM1030342,Br Ca Pt sample #A7341588-1,pre-treatment breast cancer tumor biopsy,Homo sapiens,GPL571,Gene expression data from pre-treatment breast cancer tumor biopsy,Reanalyzed by: GSE205568,Public on Jan 01 2013,Nov 02 2012,Jun 06 2022
GSE41998,GSM1030343,Br Ca Pt sample #E3800097-1,pre-treatment breast cancer tumor biopsy,Homo sapiens,GPL571,Gene expression data from pre-treatment breast cancer tumor biopsy,Reanalyzed by: GSE205568,Public on Jan 01 2013,Nov 02 2012,Jun 06 2022
GSE41998,GSM1030344,Br Ca Pt sample #E4534827-1,pre-treatment breast cancer tumor biopsy,Homo sapiens,GPL571,Gene expression data from pre-treatment breast cancer tumor biopsy,Reanalyzed by: GSE205568,Public on Jan 01 2013,Nov 02 2012,Jun 06 2022
GSE41998,GSM1030345,Br Ca Pt sample #E4785455-1,pre-treatment breast cancer tumor biopsy,Homo sapiens,GPL571,Gene expression data from pre-treatment breast cancer tumor biopsy,Reanalyzed by: GSE205568,Public on Jan 01 2013,Nov 02 2012,Jun 06 2022
GSE41998,GSM1030346,Br Ca Pt sample #A6999299-1,pre-treatment breast cancer tumor biopsy,Homo sapiens,GPL571,Gene expression data from pre-treatment breast cancer tumor biopsy,Reanalyzed by: GSE205568,Public on Jan 01 2013,Nov 02 2012,Jun 06 2022
GSE41998,GSM1030347,Br Ca Pt sample #A7241232-1,pre-treatment breast cancer tumor biopsy,Homo sapiens,GPL571,Gene expression data from pre-treatment breast cancer tumor biopsy,Reanalyzed by: GSE205568,Public on Jan 01 2013,Nov 02 2012,Jun 06 2022
GSE41998,GSM1030348,Br Ca Pt sample #S1121937-4,pre-treatment breast cancer tumor biopsy,Homo sapiens,GPL571,Gene expression data from pre-treatment breast cancer tumor biopsy,Reanalyzed by: GSE205568,Public on Jan 01 2013,Nov 02 2012,Jun 06 2022
GSE41998,GSM1030349,Br Ca Pt sample #E4376533-1,pre-treatment breast cancer tumor biopsy,Homo sapiens,GPL571,Gene expression data from pre-treatment breast cancer tumor biopsy,Reanalyzed by: GSE205568,Public on Jan 01 2013,Nov 02 2012,Jun 06 2022
GSE41998,GSM1030350,Br Ca Pt sample #S1172323-1,pre-treatment breast cancer tumor biopsy,Homo sapiens,GPL571,Gene expression data from pre-treatment breast cancer tumor biopsy,Reanalyzed by: GSE205568,Public on Jan 01 2013,Nov 02 2012,Jun 06 2022
GSE41998,GSM1030351,Br Ca Pt sample #E4534878-1,pre-treatment breast cancer tumor biopsy,Homo sapiens,GPL571,Gene expression data from pre-treatment breast cancer tumor biopsy,Reanalyzed by: GSE205568,Public on Jan 01 2013,Nov 02 2012,Jun 06 2022
GSE41998,GSM1030352,Br Ca Pt sample #S0869902-1,pre-treatment breast cancer tumor biopsy,Homo sapiens,GPL571,Gene expression data from pre-treatment breast cancer tumor biopsy,Reanalyzed by: GSE205568,Public on Jan 01 2013,Nov 02 2012,Jun 06 2022
GSE41998,GSM1030353,Br Ca Pt sample #S1005947-1,pre-treatment breast cancer tumor biopsy,Homo sapiens,GPL571,Gene expression data from pre-treatment breast cancer tumor biopsy,Reanalyzed by: GSE205568,Public on Jan 01 2013,Nov 02 2012,Jun 06 2022
GSE41998,GSM1030354,Br Ca Pt sample #E3416698-4,pre-treatment breast cancer tumor biopsy,Homo sapiens,GPL571,Gene expression data from pre-treatment breast cancer tumor biopsy,Reanalyzed by: GSE205568,Public on Jan 01 2013,Nov 02 2012,Jun 06 2022
GSE41998,GSM1030355,Br Ca Pt sample #S1172329-1,pre-treatment breast cancer tumor biopsy,Homo sapiens,GPL571,Gene expression data from pre-treatment breast cancer tumor biopsy,Reanalyzed by: GSE205568,Public on Jan 01 2013,Nov 02 2012,Jun 06 2022
GSE41998,GSM1030356,Br Ca Pt sample #S1172337-1,pre-treatment breast cancer tumor biopsy,Homo sapiens,GPL571,Gene expression data from pre-treatment breast cancer tumor biopsy,Reanalyzed by: GSE205568,Public on Jan 01 2013,Nov 02 2012,Jun 06 2022
GSE41998,GSM1030357,Br Ca Pt sample #A7585244-1,pre-treatment breast cancer tumor biopsy,Homo sapiens,GPL571,Gene expression data from pre-treatment breast cancer tumor biopsy,Reanalyzed by: GSE205568,Public on Jan 01 2013,Nov 02 2012,Jun 06 2022
GSE42822,GSM1050577,breast cancer US001,"breast cancer FNA biopsy, pre-treatment",Homo sapiens,GPL96,"Gene expression data from breast cancer FNA biopsy, pre-treatment",Reanalyzed by: GSE205568,Public on Dec 11 2012,Dec 10 2012,Jun 06 2022
GSE42822,GSM1050578,breast cancer US005,"breast cancer FNA biopsy, pre-treatment",Homo sapiens,GPL96,"Gene expression data from breast cancer FNA biopsy, pre-treatment",Reanalyzed by: GSE205568,Public on Dec 11 2012,Dec 10 2012,Jun 06 2022
GSE42822,GSM1050579,breast cancer US011,"breast cancer FNA biopsy, pre-treatment",Homo sapiens,GPL96,"Gene expression data from breast cancer FNA biopsy, pre-treatment",Reanalyzed by: GSE205568,Public on Dec 11 2012,Dec 10 2012,Jun 06 2022
GSE42822,GSM1050580,breast cancer US014,"breast cancer FNA biopsy, pre-treatment",Homo sapiens,GPL96,"Gene expression data from breast cancer FNA biopsy, pre-treatment",Reanalyzed by: GSE205568,Public on Dec 11 2012,Dec 10 2012,Jun 06 2022
GSE42822,GSM1050581,breast cancer US016,"breast cancer FNA biopsy, pre-treatment",Homo sapiens,GPL96,"Gene expression data from breast cancer FNA biopsy, pre-treatment",Reanalyzed by: GSE205568,Public on Dec 11 2012,Dec 10 2012,Jun 06 2022
GSE42822,GSM1050582,breast cancer US019,"breast cancer FNA biopsy, pre-treatment",Homo sapiens,GPL96,"Gene expression data from breast cancer FNA biopsy, pre-treatment",Reanalyzed by: GSE205568,Public on Dec 11 2012,Dec 10 2012,Jun 06 2022
GSE42822,GSM1050583,breast cancer US020,"breast cancer FNA biopsy, pre-treatment",Homo sapiens,GPL96,"Gene expression data from breast cancer FNA biopsy, pre-treatment",Reanalyzed by: GSE205568,Public on Dec 11 2012,Dec 10 2012,Jun 06 2022
GSE42822,GSM1050584,breast cancer US022,"breast cancer FNA biopsy, pre-treatment",Homo sapiens,GPL96,"Gene expression data from breast cancer FNA biopsy, pre-treatment",Reanalyzed by: GSE205568,Public on Dec 11 2012,Dec 10 2012,Jun 06 2022
GSE42822,GSM1050585,breast cancer US023,"breast cancer FNA biopsy, pre-treatment",Homo sapiens,GPL96,"Gene expression data from breast cancer FNA biopsy, pre-treatment",Reanalyzed by: GSE205568,Public on Dec 11 2012,Dec 10 2012,Jun 06 2022
GSE42822,GSM1050586,breast cancer US024,"breast cancer FNA biopsy, pre-treatment",Homo sapiens,GPL96,"Gene expression data from breast cancer FNA biopsy, pre-treatment",Reanalyzed by: GSE205568,Public on Dec 11 2012,Dec 10 2012,Jun 06 2022
GSE42822,GSM1050587,breast cancer US026,"breast cancer FNA biopsy, pre-treatment",Homo sapiens,GPL96,"Gene expression data from breast cancer FNA biopsy, pre-treatment",Reanalyzed by: GSE205568,Public on Dec 11 2012,Dec 10 2012,Jun 06 2022
GSE42822,GSM1050588,breast cancer US032,"breast cancer FNA biopsy, pre-treatment",Homo sapiens,GPL96,"Gene expression data from breast cancer FNA biopsy, pre-treatment",Reanalyzed by: GSE205568,Public on Dec 11 2012,Dec 10 2012,Jun 06 2022
GSE42822,GSM1050589,breast cancer US033,"breast cancer FNA biopsy, pre-treatment",Homo sapiens,GPL96,"Gene expression data from breast cancer FNA biopsy, pre-treatment",Reanalyzed by: GSE205568,Public on Dec 11 2012,Dec 10 2012,Jun 06 2022
GSE42822,GSM1050590,breast cancer US034,"breast cancer FNA biopsy, pre-treatment",Homo sapiens,GPL96,"Gene expression data from breast cancer FNA biopsy, pre-treatment",Reanalyzed by: GSE205568,Public on Dec 11 2012,Dec 10 2012,Jun 06 2022
GSE42822,GSM1050591,breast cancer US037,"breast cancer FNA biopsy, pre-treatment",Homo sapiens,GPL96,"Gene expression data from breast cancer FNA biopsy, pre-treatment",Reanalyzed by: GSE205568,Public on Dec 11 2012,Dec 10 2012,Jun 06 2022
GSE42822,GSM1050592,breast cancer US038,"breast cancer FNA biopsy, pre-treatment",Homo sapiens,GPL96,"Gene expression data from breast cancer FNA biopsy, pre-treatment",Reanalyzed by: GSE205568,Public on Dec 11 2012,Dec 10 2012,Jun 06 2022
GSE42822,GSM1050593,breast cancer US047,"breast cancer FNA biopsy, pre-treatment",Homo sapiens,GPL96,"Gene expression data from breast cancer FNA biopsy, pre-treatment",Reanalyzed by: GSE205568,Public on Dec 11 2012,Dec 10 2012,Jun 06 2022
GSE42822,GSM1050594,breast cancer US049,"breast cancer FNA biopsy, pre-treatment",Homo sapiens,GPL96,"Gene expression data from breast cancer FNA biopsy, pre-treatment",Reanalyzed by: GSE205568,Public on Dec 11 2012,Dec 10 2012,Jun 06 2022
GSE42822,GSM1050595,breast cancer US051,"breast cancer FNA biopsy, pre-treatment",Homo sapiens,GPL96,"Gene expression data from breast cancer FNA biopsy, pre-treatment",Reanalyzed by: GSE205568,Public on Dec 11 2012,Dec 10 2012,Jun 06 2022
GSE42822,GSM1050596,breast cancer US054,"breast cancer FNA biopsy, pre-treatment",Homo sapiens,GPL96,"Gene expression data from breast cancer FNA biopsy, pre-treatment",Reanalyzed by: GSE205568,Public on Dec 11 2012,Dec 10 2012,Jun 06 2022
GSE42822,GSM1050597,breast cancer US055,"breast cancer FNA biopsy, pre-treatment",Homo sapiens,GPL96,"Gene expression data from breast cancer FNA biopsy, pre-treatment",Reanalyzed by: GSE205568,Public on Dec 11 2012,Dec 10 2012,Jun 06 2022
GSE42822,GSM1050598,breast cancer US057,"breast cancer FNA biopsy, pre-treatment",Homo sapiens,GPL96,"Gene expression data from breast cancer FNA biopsy, pre-treatment",Reanalyzed by: GSE205568,Public on Dec 11 2012,Dec 10 2012,Jun 06 2022
GSE42822,GSM1050599,breast cancer US059,"breast cancer FNA biopsy, pre-treatment",Homo sapiens,GPL96,"Gene expression data from breast cancer FNA biopsy, pre-treatment",Reanalyzed by: GSE205568,Public on Dec 11 2012,Dec 10 2012,Jun 06 2022
GSE42822,GSM1050600,breast cancer US060,"breast cancer FNA biopsy, pre-treatment",Homo sapiens,GPL96,"Gene expression data from breast cancer FNA biopsy, pre-treatment",Reanalyzed by: GSE205568,Public on Dec 11 2012,Dec 10 2012,Jun 06 2022
GSE42822,GSM1050601,breast cancer US067,"breast cancer FNA biopsy, pre-treatment",Homo sapiens,GPL96,"Gene expression data from breast cancer FNA biopsy, pre-treatment",Reanalyzed by: GSE205568,Public on Dec 11 2012,Dec 10 2012,Jun 06 2022
GSE42822,GSM1050602,breast cancer US071,"breast cancer FNA biopsy, pre-treatment",Homo sapiens,GPL96,"Gene expression data from breast cancer FNA biopsy, pre-treatment",Reanalyzed by: GSE205568,Public on Dec 11 2012,Dec 10 2012,Jun 06 2022
GSE42822,GSM1050603,breast cancer US072,"breast cancer FNA biopsy, pre-treatment",Homo sapiens,GPL96,"Gene expression data from breast cancer FNA biopsy, pre-treatment",Reanalyzed by: GSE205568,Public on Dec 11 2012,Dec 10 2012,Jun 06 2022
GSE42822,GSM1050604,breast cancer US073,"breast cancer FNA biopsy, pre-treatment",Homo sapiens,GPL96,"Gene expression data from breast cancer FNA biopsy, pre-treatment",Reanalyzed by: GSE205568,Public on Dec 11 2012,Dec 10 2012,Jun 06 2022
GSE42822,GSM1050605,breast cancer US074,"breast cancer FNA biopsy, pre-treatment",Homo sapiens,GPL96,"Gene expression data from breast cancer FNA biopsy, pre-treatment",Reanalyzed by: GSE205568,Public on Dec 11 2012,Dec 10 2012,Jun 06 2022
GSE42822,GSM1050606,breast cancer US080,"breast cancer FNA biopsy, pre-treatment",Homo sapiens,GPL96,"Gene expression data from breast cancer FNA biopsy, pre-treatment",Reanalyzed by: GSE205568,Public on Dec 11 2012,Dec 10 2012,Jun 06 2022
GSE42822,GSM1050607,breast cancer US082,"breast cancer FNA biopsy, pre-treatment",Homo sapiens,GPL96,"Gene expression data from breast cancer FNA biopsy, pre-treatment",Reanalyzed by: GSE205568,Public on Dec 11 2012,Dec 10 2012,Jun 06 2022
GSE42822,GSM1050608,breast cancer US084,"breast cancer FNA biopsy, pre-treatment",Homo sapiens,GPL96,"Gene expression data from breast cancer FNA biopsy, pre-treatment",Reanalyzed by: GSE205568,Public on Dec 11 2012,Dec 10 2012,Jun 06 2022
GSE42822,GSM1050609,breast cancer US087,"breast cancer FNA biopsy, pre-treatment",Homo sapiens,GPL96,"Gene expression data from breast cancer FNA biopsy, pre-treatment",Reanalyzed by: GSE205568,Public on Dec 11 2012,Dec 10 2012,Jun 06 2022
GSE42822,GSM1050610,breast cancer US088,"breast cancer FNA biopsy, pre-treatment",Homo sapiens,GPL96,"Gene expression data from breast cancer FNA biopsy, pre-treatment",Reanalyzed by: GSE205568,Public on Dec 11 2012,Dec 10 2012,Jun 06 2022
GSE42822,GSM1050611,breast cancer US089,"breast cancer FNA biopsy, pre-treatment",Homo sapiens,GPL96,"Gene expression data from breast cancer FNA biopsy, pre-treatment",Reanalyzed by: GSE205568,Public on Dec 11 2012,Dec 10 2012,Jun 06 2022
GSE42822,GSM1050612,breast cancer US090,"breast cancer FNA biopsy, pre-treatment",Homo sapiens,GPL96,"Gene expression data from breast cancer FNA biopsy, pre-treatment",Reanalyzed by: GSE205568,Public on Dec 11 2012,Dec 10 2012,Jun 06 2022
GSE42822,GSM1050613,breast cancer US093,"breast cancer FNA biopsy, pre-treatment",Homo sapiens,GPL96,"Gene expression data from breast cancer FNA biopsy, pre-treatment",Reanalyzed by: GSE205568,Public on Dec 11 2012,Dec 10 2012,Jun 06 2022
GSE42822,GSM1050614,breast cancer US095,"breast cancer FNA biopsy, pre-treatment",Homo sapiens,GPL96,"Gene expression data from breast cancer FNA biopsy, pre-treatment",Reanalyzed by: GSE205568,Public on Dec 11 2012,Dec 10 2012,Jun 06 2022
GSE42822,GSM1050615,breast cancer US096,"breast cancer FNA biopsy, pre-treatment",Homo sapiens,GPL96,"Gene expression data from breast cancer FNA biopsy, pre-treatment",Reanalyzed by: GSE205568,Public on Dec 11 2012,Dec 10 2012,Jun 06 2022
GSE42822,GSM1050616,breast cancer US099,"breast cancer FNA biopsy, pre-treatment",Homo sapiens,GPL96,"Gene expression data from breast cancer FNA biopsy, pre-treatment",Reanalyzed by: GSE205568,Public on Dec 11 2012,Dec 10 2012,Jun 06 2022
GSE42822,GSM1050617,breast cancer US100,"breast cancer FNA biopsy, pre-treatment",Homo sapiens,GPL96,"Gene expression data from breast cancer FNA biopsy, pre-treatment",Reanalyzed by: GSE205568,Public on Dec 11 2012,Dec 10 2012,Jun 06 2022
GSE42822,GSM1050618,breast cancer US101,"breast cancer FNA biopsy, pre-treatment",Homo sapiens,GPL96,"Gene expression data from breast cancer FNA biopsy, pre-treatment",Reanalyzed by: GSE205568,Public on Dec 11 2012,Dec 10 2012,Jun 06 2022
GSE42822,GSM1050619,breast cancer US103,"breast cancer FNA biopsy, pre-treatment",Homo sapiens,GPL96,"Gene expression data from breast cancer FNA biopsy, pre-treatment",Reanalyzed by: GSE205568,Public on Dec 11 2012,Dec 10 2012,Jun 06 2022
GSE42822,GSM1050620,breast cancer US104,"breast cancer FNA biopsy, pre-treatment",Homo sapiens,GPL96,"Gene expression data from breast cancer FNA biopsy, pre-treatment",Reanalyzed by: GSE205568,Public on Dec 11 2012,Dec 10 2012,Jun 06 2022
GSE42822,GSM1050621,breast cancer US107,"breast cancer FNA biopsy, pre-treatment",Homo sapiens,GPL96,"Gene expression data from breast cancer FNA biopsy, pre-treatment",Reanalyzed by: GSE205568,Public on Dec 11 2012,Dec 10 2012,Jun 06 2022
GSE42822,GSM1050622,breast cancer US108,"breast cancer FNA biopsy, pre-treatment",Homo sapiens,GPL96,"Gene expression data from breast cancer FNA biopsy, pre-treatment",Reanalyzed by: GSE205568,Public on Dec 11 2012,Dec 10 2012,Jun 06 2022
GSE42822,GSM1050623,breast cancer US110,"breast cancer FNA biopsy, pre-treatment",Homo sapiens,GPL96,"Gene expression data from breast cancer FNA biopsy, pre-treatment",Reanalyzed by: GSE205568,Public on Dec 11 2012,Dec 10 2012,Jun 06 2022
GSE42822,GSM1050624,breast cancer US111,"breast cancer FNA biopsy, pre-treatment",Homo sapiens,GPL96,"Gene expression data from breast cancer FNA biopsy, pre-treatment",Reanalyzed by: GSE205568,Public on Dec 11 2012,Dec 10 2012,Jun 06 2022
GSE42822,GSM1050625,breast cancer US112,"breast cancer FNA biopsy, pre-treatment",Homo sapiens,GPL96,"Gene expression data from breast cancer FNA biopsy, pre-treatment",Reanalyzed by: GSE205568,Public on Dec 11 2012,Dec 10 2012,Jun 06 2022
GSE42822,GSM1050626,breast cancer US115,"breast cancer FNA biopsy, pre-treatment",Homo sapiens,GPL96,"Gene expression data from breast cancer FNA biopsy, pre-treatment",Reanalyzed by: GSE205568,Public on Dec 11 2012,Dec 10 2012,Jun 06 2022
GSE42822,GSM1050627,breast cancer US116,"breast cancer FNA biopsy, pre-treatment",Homo sapiens,GPL96,"Gene expression data from breast cancer FNA biopsy, pre-treatment",Reanalyzed by: GSE205568,Public on Dec 11 2012,Dec 10 2012,Jun 06 2022
GSE42822,GSM1050628,breast cancer US117,"breast cancer FNA biopsy, pre-treatment",Homo sapiens,GPL96,"Gene expression data from breast cancer FNA biopsy, pre-treatment",Reanalyzed by: GSE205568,Public on Dec 11 2012,Dec 10 2012,Jun 06 2022
GSE42822,GSM1050629,breast cancer US118,"breast cancer FNA biopsy, pre-treatment",Homo sapiens,GPL96,"Gene expression data from breast cancer FNA biopsy, pre-treatment",Reanalyzed by: GSE205568,Public on Dec 11 2012,Dec 10 2012,Jun 06 2022
GSE42822,GSM1050630,breast cancer US122,"breast cancer FNA biopsy, pre-treatment",Homo sapiens,GPL96,"Gene expression data from breast cancer FNA biopsy, pre-treatment",Reanalyzed by: GSE205568,Public on Dec 11 2012,Dec 10 2012,Jun 06 2022
GSE42822,GSM1050631,breast cancer US128,"breast cancer FNA biopsy, pre-treatment",Homo sapiens,GPL96,"Gene expression data from breast cancer FNA biopsy, pre-treatment",Reanalyzed by: GSE205568,Public on Dec 11 2012,Dec 10 2012,Jun 06 2022
GSE42822,GSM1050632,breast cancer US132,"breast cancer FNA biopsy, pre-treatment",Homo sapiens,GPL96,"Gene expression data from breast cancer FNA biopsy, pre-treatment",Reanalyzed by: GSE205568,Public on Dec 11 2012,Dec 10 2012,Jun 06 2022
GSE42822,GSM1050633,breast cancer US135,"breast cancer FNA biopsy, pre-treatment",Homo sapiens,GPL96,"Gene expression data from breast cancer FNA biopsy, pre-treatment",Reanalyzed by: GSE205568,Public on Dec 11 2012,Dec 10 2012,Jun 06 2022
GSE42822,GSM1050634,breast cancer US141,"breast cancer FNA biopsy, pre-treatment",Homo sapiens,GPL96,"Gene expression data from breast cancer FNA biopsy, pre-treatment",Reanalyzed by: GSE205568,Public on Dec 11 2012,Dec 10 2012,Jun 06 2022
GSE42822,GSM1050635,breast cancer US143,"breast cancer FNA biopsy, pre-treatment",Homo sapiens,GPL96,"Gene expression data from breast cancer FNA biopsy, pre-treatment",Reanalyzed by: GSE205568,Public on Dec 11 2012,Dec 10 2012,Jun 06 2022
GSE42822,GSM1050636,breast cancer US151,"breast cancer FNA biopsy, pre-treatment",Homo sapiens,GPL96,"Gene expression data from breast cancer FNA biopsy, pre-treatment",Reanalyzed by: GSE205568,Public on Dec 11 2012,Dec 10 2012,Jun 06 2022
GSE42822,GSM1050637,breast cancer US154,"breast cancer FNA biopsy, pre-treatment",Homo sapiens,GPL96,"Gene expression data from breast cancer FNA biopsy, pre-treatment",Reanalyzed by: GSE205568,Public on Dec 11 2012,Dec 10 2012,Jun 06 2022
GSE42822,GSM1050638,breast cancer US158,"breast cancer FNA biopsy, pre-treatment",Homo sapiens,GPL96,"Gene expression data from breast cancer FNA biopsy, pre-treatment",Reanalyzed by: GSE205568,Public on Dec 11 2012,Dec 10 2012,Jun 06 2022
GSE42822,GSM1050639,breast cancer US160,"breast cancer FNA biopsy, pre-treatment",Homo sapiens,GPL96,"Gene expression data from breast cancer FNA biopsy, pre-treatment",Reanalyzed by: GSE205568,Public on Dec 11 2012,Dec 10 2012,Jun 06 2022
GSE42822,GSM1050640,breast cancer US165,"breast cancer FNA biopsy, pre-treatment",Homo sapiens,GPL96,"Gene expression data from breast cancer FNA biopsy, pre-treatment",Reanalyzed by: GSE205568,Public on Dec 11 2012,Dec 10 2012,Jun 06 2022
GSE42822,GSM1050641,breast cancer US166,"breast cancer FNA biopsy, pre-treatment",Homo sapiens,GPL96,"Gene expression data from breast cancer FNA biopsy, pre-treatment",Reanalyzed by: GSE205568,Public on Dec 11 2012,Dec 10 2012,Jun 06 2022
GSE42822,GSM1050642,breast cancer US182,"breast cancer FNA biopsy, pre-treatment",Homo sapiens,GPL96,"Gene expression data from breast cancer FNA biopsy, pre-treatment",Reanalyzed by: GSE205568,Public on Dec 11 2012,Dec 10 2012,Jun 06 2022
GSE42822,GSM1050643,breast cancer US085,"breast cancer FNA biopsy, pre-treatment",Homo sapiens,GPL96,"Gene expression data from breast cancer FNA biopsy, pre-treatment",Reanalyzed by: GSE205568,Public on Dec 11 2012,Dec 10 2012,Jun 06 2022
GSE42822,GSM1050644,breast cancer US102,"breast cancer FNA biopsy, pre-treatment",Homo sapiens,GPL96,"Gene expression data from breast cancer FNA biopsy, pre-treatment",Reanalyzed by: GSE205568,Public on Dec 11 2012,Dec 10 2012,Jun 06 2022
GSE42822,GSM1050645,breast cancer US127,"breast cancer FNA biopsy, pre-treatment",Homo sapiens,GPL96,"Gene expression data from breast cancer FNA biopsy, pre-treatment",Reanalyzed by: GSE205568,Public on Dec 11 2012,Dec 10 2012,Jun 06 2022
GSE42822,GSM1050646,breast cancer US131,"breast cancer FNA biopsy, pre-treatment",Homo sapiens,GPL96,"Gene expression data from breast cancer FNA biopsy, pre-treatment",Reanalyzed by: GSE205568,Public on Dec 11 2012,Dec 10 2012,Jun 06 2022
GSE42822,GSM1050647,breast cancer US134,"breast cancer FNA biopsy, pre-treatment",Homo sapiens,GPL96,"Gene expression data from breast cancer FNA biopsy, pre-treatment",Reanalyzed by: GSE205568,Public on Dec 11 2012,Dec 10 2012,Jun 06 2022
GSE42822,GSM1050648,breast cancer US137,"breast cancer FNA biopsy, pre-treatment",Homo sapiens,GPL96,"Gene expression data from breast cancer FNA biopsy, pre-treatment",Reanalyzed by: GSE205568,Public on Dec 11 2012,Dec 10 2012,Jun 06 2022
GSE42822,GSM1050649,breast cancer US142,"breast cancer FNA biopsy, pre-treatment",Homo sapiens,GPL96,"Gene expression data from breast cancer FNA biopsy, pre-treatment",Reanalyzed by: GSE205568,Public on Dec 11 2012,Dec 10 2012,Jun 06 2022
GSE42822,GSM1050650,breast cancer US144,"breast cancer FNA biopsy, pre-treatment",Homo sapiens,GPL96,"Gene expression data from breast cancer FNA biopsy, pre-treatment",Reanalyzed by: GSE205568,Public on Dec 11 2012,Dec 10 2012,Jun 06 2022
GSE42822,GSM1050651,breast cancer US145,"breast cancer FNA biopsy, pre-treatment",Homo sapiens,GPL96,"Gene expression data from breast cancer FNA biopsy, pre-treatment",Reanalyzed by: GSE205568,Public on Dec 11 2012,Dec 10 2012,Jun 06 2022
GSE42822,GSM1050652,breast cancer US148,"breast cancer FNA biopsy, pre-treatment",Homo sapiens,GPL96,"Gene expression data from breast cancer FNA biopsy, pre-treatment",Reanalyzed by: GSE205568,Public on Dec 11 2012,Dec 10 2012,Jun 06 2022
GSE42822,GSM1050653,breast cancer US149,"breast cancer FNA biopsy, pre-treatment",Homo sapiens,GPL96,"Gene expression data from breast cancer FNA biopsy, pre-treatment",Reanalyzed by: GSE205568,Public on Dec 11 2012,Dec 10 2012,Jun 06 2022
GSE42822,GSM1050654,breast cancer US163,"breast cancer FNA biopsy, pre-treatment",Homo sapiens,GPL96,"Gene expression data from breast cancer FNA biopsy, pre-treatment",Reanalyzed by: GSE205568,Public on Dec 11 2012,Dec 10 2012,Jun 06 2022
GSE42822,GSM1050655,breast cancer US164,"breast cancer FNA biopsy, pre-treatment",Homo sapiens,GPL96,"Gene expression data from breast cancer FNA biopsy, pre-treatment",Reanalyzed by: GSE205568,Public on Dec 11 2012,Dec 10 2012,Jun 06 2022
GSE42822,GSM1050656,breast cancer US168,"breast cancer FNA biopsy, pre-treatment",Homo sapiens,GPL96,"Gene expression data from breast cancer FNA biopsy, pre-treatment",Reanalyzed by: GSE205568,Public on Dec 11 2012,Dec 10 2012,Jun 06 2022
GSE42822,GSM1050657,breast cancer US169,"breast cancer FNA biopsy, pre-treatment",Homo sapiens,GPL96,"Gene expression data from breast cancer FNA biopsy, pre-treatment",Reanalyzed by: GSE205568,Public on Dec 11 2012,Dec 10 2012,Jun 06 2022
GSE42822,GSM1050658,breast cancer US170,"breast cancer FNA biopsy, pre-treatment",Homo sapiens,GPL96,"Gene expression data from breast cancer FNA biopsy, pre-treatment",Reanalyzed by: GSE205568,Public on Dec 11 2012,Dec 10 2012,Jun 06 2022
GSE42822,GSM1050659,breast cancer US172,"breast cancer FNA biopsy, pre-treatment",Homo sapiens,GPL96,"Gene expression data from breast cancer FNA biopsy, pre-treatment",Reanalyzed by: GSE205568,Public on Dec 11 2012,Dec 10 2012,Jun 06 2022
GSE42822,GSM1050660,breast cancer US173,"breast cancer FNA biopsy, pre-treatment",Homo sapiens,GPL96,"Gene expression data from breast cancer FNA biopsy, pre-treatment",Reanalyzed by: GSE205568,Public on Dec 11 2012,Dec 10 2012,Jun 06 2022
GSE42822,GSM1050661,breast cancer US177,"breast cancer FNA biopsy, pre-treatment",Homo sapiens,GPL96,"Gene expression data from breast cancer FNA biopsy, pre-treatment",Reanalyzed by: GSE205568,Public on Dec 11 2012,Dec 10 2012,Jun 06 2022
GSE42822,GSM1050662,breast cancer US179,"breast cancer FNA biopsy, pre-treatment",Homo sapiens,GPL96,"Gene expression data from breast cancer FNA biopsy, pre-treatment",Reanalyzed by: GSE205568,Public on Dec 11 2012,Dec 10 2012,Jun 06 2022
GSE42822,GSM1050663,breast cancer US180,"breast cancer FNA biopsy, pre-treatment",Homo sapiens,GPL96,"Gene expression data from breast cancer FNA biopsy, pre-treatment",Reanalyzed by: GSE205568,Public on Dec 11 2012,Dec 10 2012,Jun 06 2022
GSE42822,GSM1050664,breast cancer US181,"breast cancer FNA biopsy, pre-treatment",Homo sapiens,GPL96,"Gene expression data from breast cancer FNA biopsy, pre-treatment",Reanalyzed by: GSE205568,Public on Dec 11 2012,Dec 10 2012,Jun 06 2022
GSE42822,GSM1050665,breast cancer US184,"breast cancer FNA biopsy, pre-treatment",Homo sapiens,GPL96,"Gene expression data from breast cancer FNA biopsy, pre-treatment",Reanalyzed by: GSE205568,Public on Dec 11 2012,Dec 10 2012,Jun 06 2022
GSE42822,GSM1050666,breast cancer US186,"breast cancer FNA biopsy, pre-treatment",Homo sapiens,GPL96,"Gene expression data from breast cancer FNA biopsy, pre-treatment",Reanalyzed by: GSE205568,Public on Dec 11 2012,Dec 10 2012,Jun 06 2022
GSE42822,GSM1050667,breast cancer US190,"breast cancer FNA biopsy, pre-treatment",Homo sapiens,GPL96,"Gene expression data from breast cancer FNA biopsy, pre-treatment",Reanalyzed by: GSE205568,Public on Dec 11 2012,Dec 10 2012,Jun 06 2022
GSE50948,GSM1232992,BreastCancer_S002,breast cancer,Homo sapiens,GPL570,,Reanalyzed by: GSE205568,Public on Jan 21 2014,Sep 17 2013,Jun 06 2022
GSE50948,GSM1232993,BreastCancer_S003,breast cancer,Homo sapiens,GPL570,,Reanalyzed by: GSE205568,Public on Jan 21 2014,Sep 17 2013,Jun 06 2022
GSE50948,GSM1232994,BreastCancer_S004,breast cancer,Homo sapiens,GPL570,,Reanalyzed by: GSE205568,Public on Jan 21 2014,Sep 17 2013,Jun 06 2022
GSE50948,GSM1232995,BreastCancer_S005,breast cancer,Homo sapiens,GPL570,,Reanalyzed by: GSE205568,Public on Jan 21 2014,Sep 17 2013,Jun 06 2022
GSE50948,GSM1232996,BreastCancer_S006,breast cancer,Homo sapiens,GPL570,,Reanalyzed by: GSE205568,Public on Jan 21 2014,Sep 17 2013,Jun 06 2022
GSE50948,GSM1232997,BreastCancer_S007,breast cancer,Homo sapiens,GPL570,,Reanalyzed by: GSE205568,Public on Jan 21 2014,Sep 17 2013,Jun 06 2022
GSE50948,GSM1232998,BreastCancer_S008,breast cancer,Homo sapiens,GPL570,,Reanalyzed by: GSE205568,Public on Jan 21 2014,Sep 17 2013,Jun 06 2022
GSE50948,GSM1232999,BreastCancer_S009,breast cancer,Homo sapiens,GPL570,,Reanalyzed by: GSE205568,Public on Jan 21 2014,Sep 17 2013,Jun 06 2022
GSE50948,GSM1233000,BreastCancer_S010,breast cancer,Homo sapiens,GPL570,,Reanalyzed by: GSE205568,Public on Jan 21 2014,Sep 17 2013,Jun 06 2022
GSE50948,GSM1233001,BreastCancer_S011,breast cancer,Homo sapiens,GPL570,,Reanalyzed by: GSE205568,Public on Jan 21 2014,Sep 17 2013,Jun 06 2022
GSE50948,GSM1233002,BreastCancer_S012,breast cancer,Homo sapiens,GPL570,,Reanalyzed by: GSE205568,Public on Jan 21 2014,Sep 17 2013,Jun 06 2022
GSE50948,GSM1233003,BreastCancer_S013,breast cancer,Homo sapiens,GPL570,,Reanalyzed by: GSE205568,Public on Jan 21 2014,Sep 17 2013,Jun 06 2022
GSE50948,GSM1233004,BreastCancer_S014,breast cancer,Homo sapiens,GPL570,,Reanalyzed by: GSE205568,Public on Jan 21 2014,Sep 17 2013,Jun 06 2022
GSE50948,GSM1233005,BreastCancer_S015,breast cancer,Homo sapiens,GPL570,,Reanalyzed by: GSE205568,Public on Jan 21 2014,Sep 17 2013,Jun 06 2022
GSE50948,GSM1233006,BreastCancer_S016,breast cancer,Homo sapiens,GPL570,,Reanalyzed by: GSE205568,Public on Jan 21 2014,Sep 17 2013,Jun 06 2022
GSE50948,GSM1233007,BreastCancer_S017,breast cancer,Homo sapiens,GPL570,,Reanalyzed by: GSE205568,Public on Jan 21 2014,Sep 17 2013,Jun 06 2022
GSE50948,GSM1233008,BreastCancer_S018,breast cancer,Homo sapiens,GPL570,,Reanalyzed by: GSE205568,Public on Jan 21 2014,Sep 17 2013,Jun 06 2022
GSE50948,GSM1233009,BreastCancer_S019,breast cancer,Homo sapiens,GPL570,,Reanalyzed by: GSE205568,Public on Jan 21 2014,Sep 17 2013,Jun 06 2022
GSE50948,GSM1233010,BreastCancer_S020,breast cancer,Homo sapiens,GPL570,,Reanalyzed by: GSE205568,Public on Jan 21 2014,Sep 17 2013,Jun 06 2022
GSE50948,GSM1233011,BreastCancer_S021,breast cancer,Homo sapiens,GPL570,,Reanalyzed by: GSE205568,Public on Jan 21 2014,Sep 17 2013,Jun 06 2022
GSE50948,GSM1233012,BreastCancer_S022,breast cancer,Homo sapiens,GPL570,,Reanalyzed by: GSE205568,Public on Jan 21 2014,Sep 17 2013,Jun 06 2022
GSE50948,GSM1233013,BreastCancer_S023,breast cancer,Homo sapiens,GPL570,,Reanalyzed by: GSE205568,Public on Jan 21 2014,Sep 17 2013,Jun 06 2022
GSE50948,GSM1233014,BreastCancer_S024,breast cancer,Homo sapiens,GPL570,,Reanalyzed by: GSE205568,Public on Jan 21 2014,Sep 17 2013,Jun 06 2022
GSE50948,GSM1233015,BreastCancer_S025,breast cancer,Homo sapiens,GPL570,,Reanalyzed by: GSE205568,Public on Jan 21 2014,Sep 17 2013,Jun 06 2022
GSE50948,GSM1233016,BreastCancer_S026,breast cancer,Homo sapiens,GPL570,,Reanalyzed by: GSE205568,Public on Jan 21 2014,Sep 17 2013,Jun 06 2022
GSE50948,GSM1233017,BreastCancer_S027,breast cancer,Homo sapiens,GPL570,,Reanalyzed by: GSE205568,Public on Jan 21 2014,Sep 17 2013,Jun 06 2022
GSE50948,GSM1233018,BreastCancer_S030,breast cancer,Homo sapiens,GPL570,,Reanalyzed by: GSE205568,Public on Jan 21 2014,Sep 17 2013,Jun 06 2022
GSE50948,GSM1233019,BreastCancer_S031,breast cancer,Homo sapiens,GPL570,,Reanalyzed by: GSE205568,Public on Jan 21 2014,Sep 17 2013,Jun 06 2022
GSE50948,GSM1233020,BreastCancer_S032,breast cancer,Homo sapiens,GPL570,,Reanalyzed by: GSE205568,Public on Jan 21 2014,Sep 17 2013,Jun 06 2022
GSE50948,GSM1233021,BreastCancer_S033,breast cancer,Homo sapiens,GPL570,,Reanalyzed by: GSE205568,Public on Jan 21 2014,Sep 17 2013,Jun 06 2022
GSE50948,GSM1233022,BreastCancer_S035,breast cancer,Homo sapiens,GPL570,,Reanalyzed by: GSE205568,Public on Jan 21 2014,Sep 17 2013,Jun 06 2022
GSE50948,GSM1233023,BreastCancer_S036,breast cancer,Homo sapiens,GPL570,,Reanalyzed by: GSE205568,Public on Jan 21 2014,Sep 17 2013,Jun 06 2022
GSE50948,GSM1233024,BreastCancer_S037,breast cancer,Homo sapiens,GPL570,,Reanalyzed by: GSE205568,Public on Jan 21 2014,Sep 17 2013,Jun 06 2022
GSE50948,GSM1233025,BreastCancer_S038,breast cancer,Homo sapiens,GPL570,,Reanalyzed by: GSE205568,Public on Jan 21 2014,Sep 17 2013,Jun 06 2022
GSE50948,GSM1233026,BreastCancer_S039,breast cancer,Homo sapiens,GPL570,,Reanalyzed by: GSE205568,Public on Jan 21 2014,Sep 17 2013,Jun 06 2022
GSE50948,GSM1233027,BreastCancer_S040,breast cancer,Homo sapiens,GPL570,,Reanalyzed by: GSE205568,Public on Jan 21 2014,Sep 17 2013,Jun 06 2022
GSE50948,GSM1233028,BreastCancer_S042,breast cancer,Homo sapiens,GPL570,,Reanalyzed by: GSE205568,Public on Jan 21 2014,Sep 17 2013,Jun 06 2022
GSE50948,GSM1233029,BreastCancer_S043,breast cancer,Homo sapiens,GPL570,,Reanalyzed by: GSE205568,Public on Jan 21 2014,Sep 17 2013,Jun 06 2022
GSE50948,GSM1233030,BreastCancer_S045,breast cancer,Homo sapiens,GPL570,,Reanalyzed by: GSE205568,Public on Jan 21 2014,Sep 17 2013,Jun 06 2022
GSE50948,GSM1233031,BreastCancer_S046,breast cancer,Homo sapiens,GPL570,,Reanalyzed by: GSE205568,Public on Jan 21 2014,Sep 17 2013,Jun 06 2022
GSE50948,GSM1233032,BreastCancer_S047,breast cancer,Homo sapiens,GPL570,,Reanalyzed by: GSE205568,Public on Jan 21 2014,Sep 17 2013,Jun 06 2022
GSE50948,GSM1233033,BreastCancer_S048,breast cancer,Homo sapiens,GPL570,,Reanalyzed by: GSE205568,Public on Jan 21 2014,Sep 17 2013,Jun 06 2022
GSE50948,GSM1233034,BreastCancer_S049,breast cancer,Homo sapiens,GPL570,,Reanalyzed by: GSE205568,Public on Jan 21 2014,Sep 17 2013,Jun 06 2022
GSE50948,GSM1233035,BreastCancer_S050,breast cancer,Homo sapiens,GPL570,,Reanalyzed by: GSE205568,Public on Jan 21 2014,Sep 17 2013,Jun 06 2022
GSE50948,GSM1233036,BreastCancer_S053,breast cancer,Homo sapiens,GPL570,,Reanalyzed by: GSE205568,Public on Jan 21 2014,Sep 17 2013,Jun 06 2022
GSE50948,GSM1233037,BreastCancer_S054,breast cancer,Homo sapiens,GPL570,,Reanalyzed by: GSE205568,Public on Jan 21 2014,Sep 17 2013,Jun 06 2022
GSE50948,GSM1233038,BreastCancer_S055,breast cancer,Homo sapiens,GPL570,,Reanalyzed by: GSE205568,Public on Jan 21 2014,Sep 17 2013,Jun 06 2022
GSE50948,GSM1233039,BreastCancer_S057,breast cancer,Homo sapiens,GPL570,,Reanalyzed by: GSE205568,Public on Jan 21 2014,Sep 17 2013,Jun 06 2022
GSE50948,GSM1233040,BreastCancer_S058,breast cancer,Homo sapiens,GPL570,,Reanalyzed by: GSE205568,Public on Jan 21 2014,Sep 17 2013,Jun 06 2022
GSE50948,GSM1233041,BreastCancer_S060,breast cancer,Homo sapiens,GPL570,,Reanalyzed by: GSE205568,Public on Jan 21 2014,Sep 17 2013,Jun 06 2022
GSE50948,GSM1233042,BreastCancer_S062,breast cancer,Homo sapiens,GPL570,,Reanalyzed by: GSE205568,Public on Jan 21 2014,Sep 17 2013,Jun 06 2022
GSE50948,GSM1233043,BreastCancer_S063,breast cancer,Homo sapiens,GPL570,,Reanalyzed by: GSE205568,Public on Jan 21 2014,Sep 17 2013,Jun 06 2022
GSE50948,GSM1233044,BreastCancer_S066,breast cancer,Homo sapiens,GPL570,,Reanalyzed by: GSE205568,Public on Jan 21 2014,Sep 17 2013,Jun 06 2022
GSE50948,GSM1233045,BreastCancer_S067,breast cancer,Homo sapiens,GPL570,,Reanalyzed by: GSE205568,Public on Jan 21 2014,Sep 17 2013,Jun 06 2022
GSE50948,GSM1233046,BreastCancer_S069,breast cancer,Homo sapiens,GPL570,,Reanalyzed by: GSE205568,Public on Jan 21 2014,Sep 17 2013,Jun 06 2022
GSE50948,GSM1233047,BreastCancer_S070,breast cancer,Homo sapiens,GPL570,,Reanalyzed by: GSE205568,Public on Jan 21 2014,Sep 17 2013,Jun 06 2022
GSE50948,GSM1233048,BreastCancer_S075,breast cancer,Homo sapiens,GPL570,,Reanalyzed by: GSE205568,Public on Jan 21 2014,Sep 17 2013,Jun 06 2022
GSE50948,GSM1233049,BreastCancer_S076,breast cancer,Homo sapiens,GPL570,,Reanalyzed by: GSE205568,Public on Jan 21 2014,Sep 17 2013,Jun 06 2022
GSE50948,GSM1233050,BreastCancer_S078,breast cancer,Homo sapiens,GPL570,,Reanalyzed by: GSE205568,Public on Jan 21 2014,Sep 17 2013,Jun 06 2022
GSE50948,GSM1233051,BreastCancer_S080,breast cancer,Homo sapiens,GPL570,,Reanalyzed by: GSE205568,Public on Jan 21 2014,Sep 17 2013,Jun 06 2022
GSE50948,GSM1233052,BreastCancer_S082,breast cancer,Homo sapiens,GPL570,,Reanalyzed by: GSE205568,Public on Jan 21 2014,Sep 17 2013,Jun 06 2022
GSE50948,GSM1233053,BreastCancer_S086,breast cancer,Homo sapiens,GPL570,,Reanalyzed by: GSE205568,Public on Jan 21 2014,Sep 17 2013,Jun 06 2022
GSE50948,GSM1233054,BreastCancer_S087,breast cancer,Homo sapiens,GPL570,,Reanalyzed by: GSE205568,Public on Jan 21 2014,Sep 17 2013,Jun 06 2022
GSE50948,GSM1233055,BreastCancer_S088,breast cancer,Homo sapiens,GPL570,,Reanalyzed by: GSE205568,Public on Jan 21 2014,Sep 17 2013,Jun 06 2022
GSE50948,GSM1233056,BreastCancer_S090,breast cancer,Homo sapiens,GPL570,,Reanalyzed by: GSE205568,Public on Jan 21 2014,Sep 17 2013,Jun 06 2022
GSE50948,GSM1233057,BreastCancer_S094,breast cancer,Homo sapiens,GPL570,,Reanalyzed by: GSE205568,Public on Jan 21 2014,Sep 17 2013,Jun 06 2022
GSE50948,GSM1233058,BreastCancer_S095,breast cancer,Homo sapiens,GPL570,,Reanalyzed by: GSE205568,Public on Jan 21 2014,Sep 17 2013,Jun 06 2022
GSE50948,GSM1233059,BreastCancer_S097,breast cancer,Homo sapiens,GPL570,,Reanalyzed by: GSE205568,Public on Jan 21 2014,Sep 17 2013,Jun 06 2022
GSE50948,GSM1233060,BreastCancer_S099,breast cancer,Homo sapiens,GPL570,,Reanalyzed by: GSE205568,Public on Jan 21 2014,Sep 17 2013,Jun 06 2022
GSE50948,GSM1233061,BreastCancer_S101,breast cancer,Homo sapiens,GPL570,,Reanalyzed by: GSE205568,Public on Jan 21 2014,Sep 17 2013,Jun 06 2022
GSE50948,GSM1233062,BreastCancer_S106,breast cancer,Homo sapiens,GPL570,,Reanalyzed by: GSE205568,Public on Jan 21 2014,Sep 17 2013,Jun 06 2022
GSE50948,GSM1233063,BreastCancer_S107,breast cancer,Homo sapiens,GPL570,,Reanalyzed by: GSE205568,Public on Jan 21 2014,Sep 17 2013,Jun 06 2022
GSE50948,GSM1233064,BreastCancer_S108,breast cancer,Homo sapiens,GPL570,,Reanalyzed by: GSE205568,Public on Jan 21 2014,Sep 17 2013,Jun 06 2022
GSE50948,GSM1233065,BreastCancer_S109,breast cancer,Homo sapiens,GPL570,,Reanalyzed by: GSE205568,Public on Jan 21 2014,Sep 17 2013,Jun 06 2022
GSE50948,GSM1233066,BreastCancer_S112,breast cancer,Homo sapiens,GPL570,,Reanalyzed by: GSE205568,Public on Jan 21 2014,Sep 17 2013,Jun 06 2022
GSE50948,GSM1233067,BreastCancer_S113,breast cancer,Homo sapiens,GPL570,,Reanalyzed by: GSE205568,Public on Jan 21 2014,Sep 17 2013,Jun 06 2022
GSE50948,GSM1233068,BreastCancer_S114,breast cancer,Homo sapiens,GPL570,,Reanalyzed by: GSE205568,Public on Jan 21 2014,Sep 17 2013,Jun 06 2022
GSE50948,GSM1233069,BreastCancer_S115,breast cancer,Homo sapiens,GPL570,,Reanalyzed by: GSE205568,Public on Jan 21 2014,Sep 17 2013,Jun 06 2022
GSE50948,GSM1233070,BreastCancer_S116,breast cancer,Homo sapiens,GPL570,,Reanalyzed by: GSE205568,Public on Jan 21 2014,Sep 17 2013,Jun 06 2022
GSE50948,GSM1233071,BreastCancer_S117,breast cancer,Homo sapiens,GPL570,,Reanalyzed by: GSE205568,Public on Jan 21 2014,Sep 17 2013,Jun 06 2022
GSE50948,GSM1233072,BreastCancer_S118,breast cancer,Homo sapiens,GPL570,,Reanalyzed by: GSE205568,Public on Jan 21 2014,Sep 17 2013,Jun 06 2022
GSE50948,GSM1233073,BreastCancer_S120,breast cancer,Homo sapiens,GPL570,,Reanalyzed by: GSE205568,Public on Jan 21 2014,Sep 17 2013,Jun 06 2022
GSE50948,GSM1233074,BreastCancer_S121,breast cancer,Homo sapiens,GPL570,,Reanalyzed by: GSE205568,Public on Jan 21 2014,Sep 17 2013,Jun 06 2022
GSE50948,GSM1233075,BreastCancer_S126,breast cancer,Homo sapiens,GPL570,,Reanalyzed by: GSE205568,Public on Jan 21 2014,Sep 17 2013,Jun 06 2022
GSE50948,GSM1233076,BreastCancer_S127,breast cancer,Homo sapiens,GPL570,,Reanalyzed by: GSE205568,Public on Jan 21 2014,Sep 17 2013,Jun 06 2022
GSE50948,GSM1233077,BreastCancer_S129,breast cancer,Homo sapiens,GPL570,,Reanalyzed by: GSE205568,Public on Jan 21 2014,Sep 17 2013,Jun 06 2022
GSE50948,GSM1233078,BreastCancer_S130,breast cancer,Homo sapiens,GPL570,,Reanalyzed by: GSE205568,Public on Jan 21 2014,Sep 17 2013,Jun 06 2022
GSE50948,GSM1233079,BreastCancer_S133,breast cancer,Homo sapiens,GPL570,,Reanalyzed by: GSE205568,Public on Jan 21 2014,Sep 17 2013,Jun 06 2022
GSE50948,GSM1233080,BreastCancer_S135,breast cancer,Homo sapiens,GPL570,,Reanalyzed by: GSE205568,Public on Jan 21 2014,Sep 17 2013,Jun 06 2022
GSE50948,GSM1233081,BreastCancer_S138,breast cancer,Homo sapiens,GPL570,,Reanalyzed by: GSE205568,Public on Jan 21 2014,Sep 17 2013,Jun 06 2022
GSE50948,GSM1233082,BreastCancer_S139,breast cancer,Homo sapiens,GPL570,,Reanalyzed by: GSE205568,Public on Jan 21 2014,Sep 17 2013,Jun 06 2022
GSE50948,GSM1233083,BreastCancer_S146,breast cancer,Homo sapiens,GPL570,,Reanalyzed by: GSE205568,Public on Jan 21 2014,Sep 17 2013,Jun 06 2022
GSE50948,GSM1233084,BreastCancer_S149,breast cancer,Homo sapiens,GPL570,,Reanalyzed by: GSE205568,Public on Jan 21 2014,Sep 17 2013,Jun 06 2022
GSE50948,GSM1233085,BreastCancer_S151,breast cancer,Homo sapiens,GPL570,,Reanalyzed by: GSE205568,Public on Jan 21 2014,Sep 17 2013,Jun 06 2022
GSE50948,GSM1233086,BreastCancer_S152,breast cancer,Homo sapiens,GPL570,,Reanalyzed by: GSE205568,Public on Jan 21 2014,Sep 17 2013,Jun 06 2022
GSE50948,GSM1233087,BreastCancer_S153,breast cancer,Homo sapiens,GPL570,,Reanalyzed by: GSE205568,Public on Jan 21 2014,Sep 17 2013,Jun 06 2022
GSE50948,GSM1233088,BreastCancer_S156,breast cancer,Homo sapiens,GPL570,,Reanalyzed by: GSE205568,Public on Jan 21 2014,Sep 17 2013,Jun 06 2022
GSE50948,GSM1233089,BreastCancer_S161,breast cancer,Homo sapiens,GPL570,,Reanalyzed by: GSE205568,Public on Jan 21 2014,Sep 17 2013,Jun 06 2022
GSE50948,GSM1233090,BreastCancer_S166,breast cancer,Homo sapiens,GPL570,,Reanalyzed by: GSE205568,Public on Jan 21 2014,Sep 17 2013,Jun 06 2022
GSE50948,GSM1233091,BreastCancer_S167,breast cancer,Homo sapiens,GPL570,,Reanalyzed by: GSE205568,Public on Jan 21 2014,Sep 17 2013,Jun 06 2022
GSE50948,GSM1233092,BreastCancer_S170,breast cancer,Homo sapiens,GPL570,,Reanalyzed by: GSE205568,Public on Jan 21 2014,Sep 17 2013,Jun 06 2022
GSE50948,GSM1233093,BreastCancer_S173,breast cancer,Homo sapiens,GPL570,,Reanalyzed by: GSE205568,Public on Jan 21 2014,Sep 17 2013,Jun 06 2022
GSE50948,GSM1233094,BreastCancer_S174,breast cancer,Homo sapiens,GPL570,,Reanalyzed by: GSE205568,Public on Jan 21 2014,Sep 17 2013,Jun 06 2022
GSE50948,GSM1233095,BreastCancer_S175,breast cancer,Homo sapiens,GPL570,,Reanalyzed by: GSE205568,Public on Jan 21 2014,Sep 17 2013,Jun 06 2022
GSE50948,GSM1233096,BreastCancer_S178,breast cancer,Homo sapiens,GPL570,,Reanalyzed by: GSE205568,Public on Jan 21 2014,Sep 17 2013,Jun 06 2022
GSE50948,GSM1233097,BreastCancer_S179,breast cancer,Homo sapiens,GPL570,,Reanalyzed by: GSE205568,Public on Jan 21 2014,Sep 17 2013,Jun 06 2022
GSE50948,GSM1233098,BreastCancer_S180,breast cancer,Homo sapiens,GPL570,,Reanalyzed by: GSE205568,Public on Jan 21 2014,Sep 17 2013,Jun 06 2022
GSE50948,GSM1233099,BreastCancer_S182,breast cancer,Homo sapiens,GPL570,,Reanalyzed by: GSE205568,Public on Jan 21 2014,Sep 17 2013,Jun 06 2022
GSE50948,GSM1233100,BreastCancer_S183,breast cancer,Homo sapiens,GPL570,,Reanalyzed by: GSE205568,Public on Jan 21 2014,Sep 17 2013,Jun 06 2022
GSE50948,GSM1233101,BreastCancer_S184,breast cancer,Homo sapiens,GPL570,,Reanalyzed by: GSE205568,Public on Jan 21 2014,Sep 17 2013,Jun 06 2022
GSE50948,GSM1233102,BreastCancer_S185,breast cancer,Homo sapiens,GPL570,,Reanalyzed by: GSE205568,Public on Jan 21 2014,Sep 17 2013,Jun 06 2022
GSE50948,GSM1233103,BreastCancer_S192,breast cancer,Homo sapiens,GPL570,,Reanalyzed by: GSE205568,Public on Jan 21 2014,Sep 17 2013,Jun 06 2022
GSE50948,GSM1233104,BreastCancer_S193,breast cancer,Homo sapiens,GPL570,,Reanalyzed by: GSE205568,Public on Jan 21 2014,Sep 17 2013,Jun 06 2022
GSE50948,GSM1233105,BreastCancer_S203,breast cancer,Homo sapiens,GPL570,,Reanalyzed by: GSE205568,Public on Jan 21 2014,Sep 17 2013,Jun 06 2022
GSE50948,GSM1233106,BreastCancer_S205,breast cancer,Homo sapiens,GPL570,,Reanalyzed by: GSE205568,Public on Jan 21 2014,Sep 17 2013,Jun 06 2022
GSE50948,GSM1233107,BreastCancer_S207,breast cancer,Homo sapiens,GPL570,,Reanalyzed by: GSE205568,Public on Jan 21 2014,Sep 17 2013,Jun 06 2022
GSE50948,GSM1233108,BreastCancer_S208,breast cancer,Homo sapiens,GPL570,,Reanalyzed by: GSE205568,Public on Jan 21 2014,Sep 17 2013,Jun 06 2022
GSE50948,GSM1233109,BreastCancer_S210,breast cancer,Homo sapiens,GPL570,,Reanalyzed by: GSE205568,Public on Jan 21 2014,Sep 17 2013,Jun 06 2022
GSE50948,GSM1233110,BreastCancer_S211,breast cancer,Homo sapiens,GPL570,,Reanalyzed by: GSE205568,Public on Jan 21 2014,Sep 17 2013,Jun 06 2022
GSE50948,GSM1233111,BreastCancer_S212,breast cancer,Homo sapiens,GPL570,,Reanalyzed by: GSE205568,Public on Jan 21 2014,Sep 17 2013,Jun 06 2022
GSE50948,GSM1233112,BreastCancer_S215,breast cancer,Homo sapiens,GPL570,,Reanalyzed by: GSE205568,Public on Jan 21 2014,Sep 17 2013,Jun 06 2022
GSE50948,GSM1233113,BreastCancer_S218,breast cancer,Homo sapiens,GPL570,,Reanalyzed by: GSE205568,Public on Jan 21 2014,Sep 17 2013,Jun 06 2022
GSE50948,GSM1233114,BreastCancer_S219,breast cancer,Homo sapiens,GPL570,,Reanalyzed by: GSE205568,Public on Jan 21 2014,Sep 17 2013,Jun 06 2022
GSE50948,GSM1233115,BreastCancer_S221,breast cancer,Homo sapiens,GPL570,,Reanalyzed by: GSE205568,Public on Jan 21 2014,Sep 17 2013,Jun 06 2022
GSE50948,GSM1233116,BreastCancer_S226,breast cancer,Homo sapiens,GPL570,,Reanalyzed by: GSE205568,Public on Jan 21 2014,Sep 17 2013,Jun 06 2022
GSE50948,GSM1233117,BreastCancer_S230,breast cancer,Homo sapiens,GPL570,,Reanalyzed by: GSE205568,Public on Jan 21 2014,Sep 17 2013,Jun 06 2022
GSE50948,GSM1233118,BreastCancer_S231,breast cancer,Homo sapiens,GPL570,,Reanalyzed by: GSE205568,Public on Jan 21 2014,Sep 17 2013,Jun 06 2022
GSE50948,GSM1233119,BreastCancer_S232,breast cancer,Homo sapiens,GPL570,,Reanalyzed by: GSE205568,Public on Jan 21 2014,Sep 17 2013,Jun 06 2022
GSE50948,GSM1233120,BreastCancer_S233,breast cancer,Homo sapiens,GPL570,,Reanalyzed by: GSE205568,Public on Jan 21 2014,Sep 17 2013,Jun 06 2022
GSE50948,GSM1233121,BreastCancer_S234,breast cancer,Homo sapiens,GPL570,,Reanalyzed by: GSE205568,Public on Jan 21 2014,Sep 17 2013,Jun 06 2022
GSE50948,GSM1233122,BreastCancer_S235,breast cancer,Homo sapiens,GPL570,,Reanalyzed by: GSE205568,Public on Jan 21 2014,Sep 17 2013,Jun 06 2022
GSE50948,GSM1233123,BreastCancer_S237,breast cancer,Homo sapiens,GPL570,,Reanalyzed by: GSE205568,Public on Jan 21 2014,Sep 17 2013,Jun 06 2022
GSE50948,GSM1233124,BreastCancer_S241,breast cancer,Homo sapiens,GPL570,,Reanalyzed by: GSE205568,Public on Jan 21 2014,Sep 17 2013,Jun 06 2022
GSE50948,GSM1233125,BreastCancer_S244,breast cancer,Homo sapiens,GPL570,,Reanalyzed by: GSE205568,Public on Jan 21 2014,Sep 17 2013,Jun 06 2022
GSE50948,GSM1233126,BreastCancer_S245,breast cancer,Homo sapiens,GPL570,,Reanalyzed by: GSE205568,Public on Jan 21 2014,Sep 17 2013,Jun 06 2022
GSE50948,GSM1233127,BreastCancer_S246,breast cancer,Homo sapiens,GPL570,,Reanalyzed by: GSE205568,Public on Jan 21 2014,Sep 17 2013,Jun 06 2022
GSE50948,GSM1233128,BreastCancer_S247,breast cancer,Homo sapiens,GPL570,,Reanalyzed by: GSE205568,Public on Jan 21 2014,Sep 17 2013,Jun 06 2022
GSE50948,GSM1233129,BreastCancer_S248,breast cancer,Homo sapiens,GPL570,,Reanalyzed by: GSE205568,Public on Jan 21 2014,Sep 17 2013,Jun 06 2022
GSE50948,GSM1233130,BreastCancer_S250,breast cancer,Homo sapiens,GPL570,,Reanalyzed by: GSE205568,Public on Jan 21 2014,Sep 17 2013,Jun 06 2022
GSE50948,GSM1233131,BreastCancer_S251,breast cancer,Homo sapiens,GPL570,,Reanalyzed by: GSE205568,Public on Jan 21 2014,Sep 17 2013,Jun 06 2022
GSE50948,GSM1233132,BreastCancer_S252,breast cancer,Homo sapiens,GPL570,,Reanalyzed by: GSE205568,Public on Jan 21 2014,Sep 17 2013,Jun 06 2022
GSE50948,GSM1233133,BreastCancer_S253,breast cancer,Homo sapiens,GPL570,,Reanalyzed by: GSE205568,Public on Jan 21 2014,Sep 17 2013,Jun 06 2022
GSE50948,GSM1233134,BreastCancer_S254,breast cancer,Homo sapiens,GPL570,,Reanalyzed by: GSE205568,Public on Jan 21 2014,Sep 17 2013,Jun 06 2022
GSE50948,GSM1233135,BreastCancer_S256,breast cancer,Homo sapiens,GPL570,,Reanalyzed by: GSE205568,Public on Jan 21 2014,Sep 17 2013,Jun 06 2022
GSE50948,GSM1233136,BreastCancer_S257,breast cancer,Homo sapiens,GPL570,,Reanalyzed by: GSE205568,Public on Jan 21 2014,Sep 17 2013,Jun 06 2022
GSE50948,GSM1233137,BreastCancer_S258,breast cancer,Homo sapiens,GPL570,,Reanalyzed by: GSE205568,Public on Jan 21 2014,Sep 17 2013,Jun 06 2022
GSE50948,GSM1233138,BreastCancer_S259,breast cancer,Homo sapiens,GPL570,,Reanalyzed by: GSE205568,Public on Jan 21 2014,Sep 17 2013,Jun 06 2022
GSE50948,GSM1233139,BreastCancer_S260,breast cancer,Homo sapiens,GPL570,,Reanalyzed by: GSE205568,Public on Jan 21 2014,Sep 17 2013,Jun 06 2022
GSE50948,GSM1233140,BreastCancer_S261,breast cancer,Homo sapiens,GPL570,,Reanalyzed by: GSE205568,Public on Jan 21 2014,Sep 17 2013,Jun 06 2022
GSE50948,GSM1233141,BreastCancer_S262,breast cancer,Homo sapiens,GPL570,,Reanalyzed by: GSE205568,Public on Jan 21 2014,Sep 17 2013,Jun 06 2022
GSE50948,GSM1233142,BreastCancer_S263,breast cancer,Homo sapiens,GPL570,,Reanalyzed by: GSE205568,Public on Jan 21 2014,Sep 17 2013,Jun 06 2022
GSE50948,GSM1233143,BreastCancer_S264,breast cancer,Homo sapiens,GPL570,,Reanalyzed by: GSE205568,Public on Jan 21 2014,Sep 17 2013,Jun 06 2022
GSE50948,GSM1233144,BreastCancer_S265,breast cancer,Homo sapiens,GPL570,,Reanalyzed by: GSE205568,Public on Jan 21 2014,Sep 17 2013,Jun 06 2022
GSE50948,GSM1233145,BreastCancer_S266,breast cancer,Homo sapiens,GPL570,,Reanalyzed by: GSE205568,Public on Jan 21 2014,Sep 17 2013,Jun 06 2022
GSE50948,GSM1233146,BreastCancer_S268,breast cancer,Homo sapiens,GPL570,,Reanalyzed by: GSE205568,Public on Jan 21 2014,Sep 17 2013,Jun 06 2022
GSE50948,GSM1233147,BreastCancer_S269,breast cancer,Homo sapiens,GPL570,,Reanalyzed by: GSE205568,Public on Jan 21 2014,Sep 17 2013,Jun 06 2022
