candidate_edge_index,series_pair,sample_a,sample_b_control,control_number,spearman_rho,rank_a_to_b,rank_b_to_a,reciprocal_top1,pair_null_p99,margin_above_null_p99,expression_rule_result
0,GSE23988--GSE42822,GSM1050577,GSM590892,1,0.7465342233076331,13,73,False,0.8027728348829276,-0.05623861157529453,not_corroborated
0,GSE23988--GSE42822,GSM1050577,GSM590893,2,0.7431084939611837,16,68,False,0.8027728348829276,-0.059664340921743886,not_corroborated
0,GSE23988--GSE42822,GSM1050577,GSM590894,3,0.7342707933609588,25,81,False,0.8027728348829276,-0.06850204152196882,not_corroborated
0,GSE23988--GSE42822,GSM1050577,GSM590895,4,0.7590702230315441,6,72,False,0.8027728348829276,-0.043702611851383466,not_corroborated
0,GSE23988--GSE42822,GSM1050577,GSM590896,5,0.734520737582174,23,80,False,0.8027728348829276,-0.06825209730075366,not_corroborated
1,GSE23988--GSE42822,GSM1050578,GSM590850,1,0.7483227360720005,36,35,False,0.8027728348829276,-0.054450098810927106,not_corroborated
1,GSE23988--GSE42822,GSM1050578,GSM590851,2,0.7473575429278713,37,24,False,0.8027728348829276,-0.055415291955056345,not_corroborated
1,GSE23988--GSE42822,GSM1050578,GSM590852,3,0.7599477330656905,18,17,False,0.8027728348829276,-0.04282510181723709,not_corroborated
1,GSE23988--GSE42822,GSM1050578,GSM590853,4,0.7629345048323581,15,20,False,0.8027728348829276,-0.03983833005056947,not_corroborated
1,GSE23988--GSE42822,GSM1050578,GSM590854,5,0.7411012693512486,41,57,False,0.8027728348829276,-0.06167156553167896,not_corroborated
2,GSE23988--GSE42822,GSM1050579,GSM590850,1,0.748883453397233,40,33,False,0.8027728348829276,-0.053889381485694665,not_corroborated
2,GSE23988--GSE42822,GSM1050579,GSM590851,2,0.7359545728232436,44,44,False,0.8027728348829276,-0.066818262059684,not_corroborated
2,GSE23988--GSE42822,GSM1050579,GSM590852,3,0.7467922881979736,41,46,False,0.8027728348829276,-0.055980546684954,not_corroborated
2,GSE23988--GSE42822,GSM1050579,GSM590853,4,0.7566630711832514,34,30,False,0.8027728348829276,-0.04610976369967623,not_corroborated
2,GSE23988--GSE42822,GSM1050579,GSM590854,5,0.7847162488730248,12,11,False,0.8027728348829276,-0.018056586009902786,not_corroborated
3,GSE23988--GSE42822,GSM1050580,GSM590871,1,0.6980373791396328,59,50,False,0.8027728348829276,-0.10473545574329479,not_corroborated
3,GSE23988--GSE42822,GSM1050580,GSM590872,2,0.7776686019107344,20,10,False,0.8027728348829276,-0.02510423297219322,not_corroborated
3,GSE23988--GSE42822,GSM1050580,GSM590873,3,0.7472008152710355,45,25,False,0.8027728348829276,-0.055572019611892065,not_corroborated
3,GSE23988--GSE42822,GSM1050580,GSM590874,4,0.7629504639798017,33,34,False,0.8027728348829276,-0.0398223709031259,not_corroborated
3,GSE23988--GSE42822,GSM1050580,GSM590875,5,0.7967757875794559,6,20,False,0.8027728348829276,-0.005997047303471725,not_corroborated
4,GSE23988--GSE42822,GSM1050582,GSM590894,1,0.6883478548536551,19,90,False,0.8027728348829276,-0.11442498002927248,not_corroborated
4,GSE23988--GSE42822,GSM1050582,GSM590895,2,0.697614252184749,7,87,False,0.8027728348829276,-0.10515858269817857,not_corroborated
4,GSE23988--GSE42822,GSM1050582,GSM590896,3,0.6887291491168199,17,90,False,0.8027728348829276,-0.11404368576610768,not_corroborated
4,GSE23988--GSE42822,GSM1050582,GSM590897,4,0.6604541554825974,43,86,False,0.8027728348829276,-0.14231867940033016,not_corroborated
4,GSE23988--GSE42822,GSM1050582,GSM590898,5,0.7036525347596487,4,88,False,0.8027728348829276,-0.09912030012327888,not_corroborated
5,GSE23988--GSE42822,GSM1050584,GSM590840,1,0.47410743857874,61,55,False,0.8027728348829276,-0.3286653963041876,not_corroborated
5,GSE23988--GSE42822,GSM1050584,GSM590841,2,0.7871742537399836,18,5,False,0.8027728348829276,-0.01559858114294399,not_corroborated
5,GSE23988--GSE42822,GSM1050584,GSM590842,3,0.7719463772310621,32,14,False,0.8027728348829276,-0.030826457651865535,not_corroborated
5,GSE23988--GSE42822,GSM1050584,GSM590843,4,0.8027286864803579,7,9,False,0.8027728348829276,-4.414840256972141e-05,not_corroborated
5,GSE23988--GSE42822,GSM1050584,GSM590844,5,0.8071435267373385,6,5,False,0.8027728348829276,0.0043706918544108575,not_corroborated
6,GSE23988--GSE42822,GSM1050585,GSM590877,1,0.7151876791269013,52,35,False,0.8027728348829276,-0.08758515575602632,not_corroborated
6,GSE23988--GSE42822,GSM1050585,GSM590878,2,0.7752343038655646,19,33,False,0.8027728348829276,-0.027538531017363033,not_corroborated
6,GSE23988--GSE42822,GSM1050585,GSM590879,3,0.7310611802634429,44,46,False,0.8027728348829276,-0.0717116546194847,not_corroborated
6,GSE23988--GSE42822,GSM1050585,GSM590880,4,0.6954107876170069,56,52,False,0.8027728348829276,-0.10736204726592069,not_corroborated
6,GSE23988--GSE42822,GSM1050585,GSM590881,5,0.7908812700450467,5,13,False,0.8027728348829276,-0.011891564837880897,not_corroborated
7,GSE23988--GSE42822,GSM1050586,GSM590866,1,0.7085338825217204,57,38,False,0.8027728348829276,-0.09423895236120716,not_corroborated
7,GSE23988--GSE42822,GSM1050586,GSM590867,2,0.7077637349139119,59,49,False,0.8027728348829276,-0.09500909996901574,not_corroborated
7,GSE23988--GSE42822,GSM1050586,GSM590868,3,0.7564585471091679,20,46,False,0.8027728348829276,-0.04631428777375968,not_corroborated
7,GSE23988--GSE42822,GSM1050586,GSM590869,4,0.7382917790698778,44,62,False,0.8027728348829276,-0.06448105581304986,not_corroborated
7,GSE23988--GSE42822,GSM1050586,GSM590870,5,0.7421080730666096,38,31,False,0.8027728348829276,-0.06066476181631797,not_corroborated
8,GSE23988--GSE42822,GSM1050587,GSM590893,1,0.6970692509317103,33,86,False,0.8027728348829276,-0.10570358395121726,not_corroborated
8,GSE23988--GSE42822,GSM1050587,GSM590894,2,0.7184934717922737,7,85,False,0.8027728348829276,-0.08427936309065387,not_corroborated
8,GSE23988--GSE42822,GSM1050587,GSM590895,3,0.705126205005039,22,85,False,0.8027728348829276,-0.09764662987788864,not_corroborated
8,GSE23988--GSE42822,GSM1050587,GSM590896,4,0.7168749189190373,10,85,False,0.8027728348829276,-0.08589791596389029,not_corroborated
8,GSE23988--GSE42822,GSM1050587,GSM590897,5,0.6688933481804067,58,85,False,0.8027728348829276,-0.13387948670252092,not_corroborated
9,GSE23988--GSE42822,GSM1050588,GSM590885,1,0.7832169216159097,14,9,False,0.8027728348829276,-0.019555913267017888,not_corroborated
9,GSE23988--GSE42822,GSM1050588,GSM590886,2,0.8009935510850967,2,4,False,0.8027728348829276,-0.0017792837978308773,not_corroborated
9,GSE23988--GSE42822,GSM1050588,GSM590887,3,0.7661090228929276,34,36,False,0.8027728348829276,-0.03666381199000002,not_corroborated
9,GSE23988--GSE42822,GSM1050588,GSM590888,4,0.7620145907399574,41,33,False,0.8027728348829276,-0.040758244142970246,not_corroborated
9,GSE23988--GSE42822,GSM1050588,GSM590889,5,0.7843073697599457,13,8,False,0.8027728348829276,-0.01846546512298186,not_corroborated
10,GSE23988--GSE42822,GSM1050589,GSM590855,1,0.7553689609043801,13,5,False,0.8027728348829276,-0.047403873978547506,not_corroborated
10,GSE23988--GSE42822,GSM1050589,GSM590856,2,0.7330906211130311,47,64,False,0.8027728348829276,-0.06968221376989647,not_corroborated
10,GSE23988--GSE42822,GSM1050589,GSM590857,3,0.7427331089411636,36,58,False,0.8027728348829276,-0.06003972594176399,not_corroborated
10,GSE23988--GSE42822,GSM1050589,GSM590858,4,0.7475054514234843,25,12,False,0.8027728348829276,-0.055267383459443264,not_corroborated
10,GSE23988--GSE42822,GSM1050589,GSM590859,5,0.749460616020409,20,51,False,0.8027728348829276,-0.05331221886251858,not_corroborated
11,GSE23988--GSE42822,GSM1050590,GSM590890,1,0.7536205527622823,9,68,False,0.8027728348829276,-0.04915228212064526,not_corroborated
11,GSE23988--GSE42822,GSM1050590,GSM590891,2,0.7240126573920624,34,76,False,0.8027728348829276,-0.07876017749086517,not_corroborated
11,GSE23988--GSE42822,GSM1050590,GSM590892,3,0.7423124867789416,19,76,False,0.8027728348829276,-0.06046034810398604,not_corroborated
11,GSE23988--GSE42822,GSM1050590,GSM590893,4,0.7343233632732004,26,76,False,0.8027728348829276,-0.06844947160972725,not_corroborated
11,GSE23988--GSE42822,GSM1050590,GSM590894,5,0.7560315896236216,8,64,False,0.8027728348829276,-0.04674124525930601,not_corroborated
12,GSE23988--GSE42822,GSM1050591,GSM590840,1,0.5092976925710302,61,9,False,0.8027728348829276,-0.2934751423118974,not_corroborated
12,GSE23988--GSE42822,GSM1050591,GSM590841,2,0.7612374274775212,4,37,False,0.8027728348829276,-0.0415354074054064,not_corroborated
12,GSE23988--GSE42822,GSM1050591,GSM590842,3,0.7454059923290594,12,54,False,0.8027728348829276,-0.05736684255386826,not_corroborated
12,GSE23988--GSE42822,GSM1050591,GSM590843,4,0.7379163968438258,17,74,False,0.8027728348829276,-0.0648564380391018,not_corroborated
12,GSE23988--GSE42822,GSM1050591,GSM590844,5,0.7344150836675069,19,73,False,0.8027728348829276,-0.06835775121542076,not_corroborated
13,GSE23988--GSE42822,GSM1050592,GSM590875,1,0.8025565417059461,13,12,False,0.8027728348829276,-0.00021629317698146355,not_corroborated
13,GSE23988--GSE42822,GSM1050592,GSM590876,2,0.7846566325725037,28,2,False,0.8027728348829276,-0.01811620231042388,not_corroborated
13,GSE23988--GSE42822,GSM1050592,GSM590877,3,0.7440571873249856,52,6,False,0.8027728348829276,-0.05871564755794201,not_corroborated
13,GSE23988--GSE42822,GSM1050592,GSM590878,4,0.7911134348484122,21,15,False,0.8027728348829276,-0.011659400034515377,not_corroborated
13,GSE23988--GSE42822,GSM1050592,GSM590879,5,0.7562898933982594,46,12,False,0.8027728348829276,-0.04648294148466825,not_corroborated
14,GSE23988--GSE42822,GSM1050593,GSM590891,1,0.7332777667037289,38,72,False,0.8027728348829276,-0.0694950681791987,not_corroborated
14,GSE23988--GSE42822,GSM1050593,GSM590892,2,0.7515266117554275,10,72,False,0.8027728348829276,-0.05124622312750016,not_corroborated
14,GSE23988--GSE42822,GSM1050593,GSM590893,3,0.7307444322580235,40,79,False,0.8027728348829276,-0.07202840262490406,not_corroborated
14,GSE23988--GSE42822,GSM1050593,GSM590894,4,0.7580587044945248,5,59,False,0.8027728348829276,-0.04471413038840277,not_corroborated
14,GSE23988--GSE42822,GSM1050593,GSM590895,5,0.7556199919792991,8,73,False,0.8027728348829276,-0.047152842903628533,not_corroborated
15,GSE23988--GSE42822,GSM1050594,GSM590895,1,0.8226319505775154,4,8,False,0.8027728348829276,0.01985911569458776,not_corroborated
15,GSE23988--GSE42822,GSM1050594,GSM590896,2,0.7855355675305289,22,24,False,0.8027728348829276,-0.017237267352398722,not_corroborated
15,GSE23988--GSE42822,GSM1050594,GSM590897,3,0.7891821223596327,21,7,False,0.8027728348829276,-0.013590712523294912,not_corroborated
15,GSE23988--GSE42822,GSM1050594,GSM590898,4,0.800983395009999,11,5,False,0.8027728348829276,-0.0017894398729285665,not_corroborated
15,GSE23988--GSE42822,GSM1050594,GSM590899,5,0.802340463175586,10,7,False,0.8027728348829276,-0.00043237170734156116,not_corroborated
16,GSE23988--GSE42822,GSM1050595,GSM590870,1,0.7467960488794264,42,24,False,0.8027728348829276,-0.0559767860035012,not_corroborated
16,GSE23988--GSE42822,GSM1050595,GSM590871,2,0.7001625832557876,59,43,False,0.8027728348829276,-0.10261025162713999,not_corroborated
16,GSE23988--GSE42822,GSM1050595,GSM590872,3,0.7755055101862273,17,13,False,0.8027728348829276,-0.027267324696700346,not_corroborated
16,GSE23988--GSE42822,GSM1050595,GSM590873,4,0.7409599965305617,44,36,False,0.8027728348829276,-0.06181283835236595,not_corroborated
16,GSE23988--GSE42822,GSM1050595,GSM590874,5,0.7561823451730241,36,46,False,0.8027728348829276,-0.04659048970990354,not_corroborated
17,GSE23988--GSE42822,GSM1050596,GSM590869,1,0.7307620775653905,48,75,False,0.8027728348829276,-0.07201075731753714,not_corroborated
17,GSE23988--GSE42822,GSM1050596,GSM590870,2,0.7297805047815751,49,61,False,0.8027728348829276,-0.07299233010135253,not_corroborated
17,GSE23988--GSE42822,GSM1050596,GSM590871,3,0.7038489563254012,59,34,False,0.8027728348829276,-0.09892387855752638,not_corroborated
17,GSE23988--GSE42822,GSM1050596,GSM590872,4,0.7273448041642736,51,68,False,0.8027728348829276,-0.075428030718654,not_corroborated
17,GSE23988--GSE42822,GSM1050596,GSM590873,5,0.7573478239411887,20,17,False,0.8027728348829276,-0.0454250109417389,not_corroborated
18,GSE23988--GSE42822,GSM1050597,GSM590872,1,0.7690338649532471,20,23,False,0.8027728348829276,-0.03373896992968051,not_corroborated
18,GSE23988--GSE42822,GSM1050597,GSM590873,2,0.7284261313985005,47,47,False,0.8027728348829276,-0.07434670348442707,not_corroborated
18,GSE23988--GSE42822,GSM1050597,GSM590874,3,0.7432520745997608,38,64,False,0.8027728348829276,-0.059520760283166774,not_corroborated
18,GSE23988--GSE42822,GSM1050597,GSM590875,4,0.7760446636634265,13,40,False,0.8027728348829276,-0.026728171219501107,not_corroborated
18,GSE23988--GSE42822,GSM1050597,GSM590876,5,0.7638912783527443,25,32,False,0.8027728348829276,-0.038881556530183325,not_corroborated
19,GSE23988--GSE42822,GSM1050598,GSM590847,1,0.6931223081790943,15,90,False,0.8027728348829276,-0.10965052670383335,not_corroborated
19,GSE23988--GSE42822,GSM1050598,GSM590848,2,0.6822517133843512,28,88,False,0.8027728348829276,-0.12052112149857641,not_corroborated
19,GSE23988--GSE42822,GSM1050598,GSM590849,3,0.6846304310163391,23,85,False,0.8027728348829276,-0.11814240386658847,not_corroborated
19,GSE23988--GSE42822,GSM1050598,GSM590850,4,0.675090330953826,36,87,False,0.8027728348829276,-0.12768250392910163,not_corroborated
19,GSE23988--GSE42822,GSM1050598,GSM590851,5,0.6842367007998704,24,87,False,0.8027728348829276,-0.11853613408305719,not_corroborated
20,GSE23988--GSE42822,GSM1050601,GSM590887,1,0.6831367266206089,34,90,False,0.8027728348829276,-0.11963610826231874,not_corroborated
20,GSE23988--GSE42822,GSM1050601,GSM590888,2,0.6811017201859878,37,87,False,0.8027728348829276,-0.12167111469693981,not_corroborated
20,GSE23988--GSE42822,GSM1050601,GSM590889,3,0.6891830921460609,29,88,False,0.8027728348829276,-0.11358974273686673,not_corroborated
20,GSE23988--GSE42822,GSM1050601,GSM590890,4,0.6916946615780082,26,90,False,0.8027728348829276,-0.11107817330491943,not_corroborated
20,GSE23988--GSE42822,GSM1050601,GSM590891,5,0.6844839572234945,33,87,False,0.8027728348829276,-0.11828887765943308,not_corroborated
21,GSE23988--GSE42822,GSM1050602,GSM590886,1,0.7542869449569449,10,52,False,0.8027728348829276,-0.048485889925982684,not_corroborated
21,GSE23988--GSE42822,GSM1050602,GSM590887,2,0.7480967179990929,18,67,False,0.8027728348829276,-0.05467611688383467,not_corroborated
21,GSE23988--GSE42822,GSM1050602,GSM590888,3,0.7390813713006964,26,68,False,0.8027728348829276,-0.06369146358223121,not_corroborated
21,GSE23988--GSE42822,GSM1050602,GSM590889,4,0.7506869320532815,14,53,False,0.8027728348829276,-0.05208590282964609,not_corroborated
21,GSE23988--GSE42822,GSM1050602,GSM590890,5,0.7693215081899485,3,48,False,0.8027728348829276,-0.03345132669297912,not_corroborated
22,GSE23988--GSE42822,GSM1050603,GSM590868,1,0.7548400990097459,5,49,False,0.8027728348829276,-0.0479327358731817,not_corroborated
22,GSE23988--GSE42822,GSM1050603,GSM590869,2,0.7296883038247057,34,76,False,0.8027728348829276,-0.07308453105822188,not_corroborated
22,GSE23988--GSE42822,GSM1050603,GSM590870,3,0.7076728121975809,45,86,False,0.8027728348829276,-0.09510002268534667,not_corroborated
22,GSE23988--GSE42822,GSM1050603,GSM590871,4,0.6783947671475451,58,84,False,0.8027728348829276,-0.12437806773538251,not_corroborated
22,GSE23988--GSE42822,GSM1050603,GSM590872,5,0.7256213573357718,36,73,False,0.8027728348829276,-0.07715147754715579,not_corroborated
23,GSE23988--GSE42822,GSM1050605,GSM590877,1,0.7352834951435909,48,18,False,0.8027728348829276,-0.06748933973933668,not_corroborated
23,GSE23988--GSE42822,GSM1050605,GSM590878,2,0.7660213509588185,8,45,False,0.8027728348829276,-0.036751483924109096,not_corroborated
23,GSE23988--GSE42822,GSM1050605,GSM590879,3,0.7414639711517621,44,29,False,0.8027728348829276,-0.06130886373116551,not_corroborated
23,GSE23988--GSE42822,GSM1050605,GSM590880,4,0.6852029486670669,60,68,False,0.8027728348829276,-0.11756988621586073,not_corroborated
23,GSE23988--GSE42822,GSM1050605,GSM590881,5,0.7602848295428941,18,43,False,0.8027728348829276,-0.0424880053400335,not_corroborated
24,GSE23988--GSE42822,GSM1050606,GSM590885,1,0.739856003227771,33,75,False,0.8027728348829276,-0.0629168316551566,not_corroborated
24,GSE23988--GSE42822,GSM1050606,GSM590886,2,0.7461625361047771,24,71,False,0.8027728348829276,-0.05661029877815049,not_corroborated
24,GSE23988--GSE42822,GSM1050606,GSM590887,3,0.7507126086227854,17,62,False,0.8027728348829276,-0.05206022626014217,not_corroborated
24,GSE23988--GSE42822,GSM1050606,GSM590888,4,0.7474413186730609,22,56,False,0.8027728348829276,-0.05533151620986676,not_corroborated
24,GSE23988--GSE42822,GSM1050606,GSM590889,5,0.7473774303948713,23,58,False,0.8027728348829276,-0.055395404488056355,not_corroborated
25,GSE23988--GSE42822,GSM1050607,GSM590851,1,0.6818551109683777,44,88,False,0.8027728348829276,-0.12091772391454991,not_corroborated
25,GSE23988--GSE42822,GSM1050607,GSM590852,2,0.6831072795907625,41,90,False,0.8027728348829276,-0.11966555529216516,not_corroborated
25,GSE23988--GSE42822,GSM1050607,GSM590853,3,0.6890406472556345,34,89,False,0.8027728348829276,-0.11373218762729309,not_corroborated
25,GSE23988--GSE42822,GSM1050607,GSM590854,4,0.7004723365613429,23,80,False,0.8027728348829276,-0.10230049832158472,not_corroborated
25,GSE23988--GSE42822,GSM1050607,GSM590855,5,0.6729131296889496,48,86,False,0.8027728348829276,-0.12985970519397805,not_corroborated
26,GSE23988--GSE42822,GSM1050608,GSM590887,1,0.72983348540717,12,76,False,0.8027728348829276,-0.07293934947575764,not_corroborated
26,GSE23988--GSE42822,GSM1050608,GSM590888,2,0.7130717300310384,30,82,False,0.8027728348829276,-0.0897011048518892,not_corroborated
26,GSE23988--GSE42822,GSM1050608,GSM590889,3,0.7117609216000846,33,83,False,0.8027728348829276,-0.09101191328284297,not_corroborated
26,GSE23988--GSE42822,GSM1050608,GSM590890,4,0.7245416408243216,17,83,False,0.8027728348829276,-0.07823119405860601,not_corroborated
26,GSE23988--GSE42822,GSM1050608,GSM590891,5,0.7101074580918152,35,82,False,0.8027728348829276,-0.09266537679111242,not_corroborated
27,GSE23988--GSE42822,GSM1050609,GSM590857,1,0.7892831229199463,25,6,False,0.8027728348829276,-0.013489711962981321,not_corroborated
27,GSE23988--GSE42822,GSM1050609,GSM590858,2,0.7443438638486239,48,16,False,0.8027728348829276,-0.05842897103430367,not_corroborated
27,GSE23988--GSE42822,GSM1050609,GSM590859,3,0.7975241701735066,16,5,False,0.8027728348829276,-0.00524866470942098,not_corroborated
27,GSE23988--GSE42822,GSM1050609,GSM590860,4,0.6982854206683743,60,37,False,0.8027728348829276,-0.10448741421455332,not_corroborated
27,GSE23988--GSE42822,GSM1050609,GSM590861,5,0.7121686509951712,57,28,False,0.8027728348829276,-0.09060418388775637,not_corroborated
28,GSE23988--GSE42822,GSM1050610,GSM590892,1,0.7356900315141751,22,78,False,0.8027728348829276,-0.0670828033687525,not_corroborated
28,GSE23988--GSE42822,GSM1050610,GSM590893,2,0.7427330209311594,11,69,False,0.8027728348829276,-0.06003981395176816,not_corroborated
28,GSE23988--GSE42822,GSM1050610,GSM590894,3,0.7426853586243949,12,75,False,0.8027728348829276,-0.060087476258532724,not_corroborated
28,GSE23988--GSE42822,GSM1050610,GSM590895,4,0.7434486051302802,10,77,False,0.8027728348829276,-0.059324229752647395,not_corroborated
28,GSE23988--GSE42822,GSM1050610,GSM590896,5,0.740554394742404,14,77,False,0.8027728348829276,-0.06221844014052358,not_corroborated
29,GSE23988--GSE42822,GSM1050611,GSM590867,1,0.7009857212680807,49,66,False,0.8027728348829276,-0.10178711361484694,not_corroborated
29,GSE23988--GSE42822,GSM1050611,GSM590868,2,0.7173136767300787,35,79,False,0.8027728348829276,-0.08545915815284888,not_corroborated
29,GSE23988--GSE42822,GSM1050611,GSM590869,3,0.7422007503950894,9,55,False,0.8027728348829276,-0.06057208448783824,not_corroborated
29,GSE23988--GSE42822,GSM1050611,GSM590871,4,0.6996714469193391,50,44,False,0.8027728348829276,-0.10310138796358848,not_corroborated
29,GSE23988--GSE42822,GSM1050611,GSM590872,5,0.7294613721241348,22,65,False,0.8027728348829276,-0.07331146275879286,not_corroborated
30,GSE23988--GSE42822,GSM1050612,GSM590855,1,0.6903144635451051,39,79,False,0.8027728348829276,-0.11245837133782255,not_corroborated
30,GSE23988--GSE42822,GSM1050612,GSM590856,2,0.6781399432605371,50,86,False,0.8027728348829276,-0.12463289162239055,not_corroborated
30,GSE23988--GSE42822,GSM1050612,GSM590857,3,0.6885494075423553,40,87,False,0.8027728348829276,-0.11422342734057234,not_corroborated
30,GSE23988--GSE42822,GSM1050612,GSM590858,4,0.6696150385974441,56,85,False,0.8027728348829276,-0.13315779628548352,not_corroborated
30,GSE23988--GSE42822,GSM1050612,GSM590859,5,0.6853825086335859,42,87,False,0.8027728348829276,-0.11739032624934176,not_corroborated
31,GSE23988--GSE42822,GSM1050615,GSM590845,1,0.7651969374999552,40,1,False,0.8027728348829276,-0.0375758973829724,not_corroborated
31,GSE23988--GSE42822,GSM1050615,GSM590846,2,0.7909378646687543,20,15,False,0.8027728348829276,-0.011834970214173346,not_corroborated
31,GSE23988--GSE42822,GSM1050615,GSM590847,3,0.8118216635904703,4,13,False,0.8027728348829276,0.009048828707542644,not_corroborated
31,GSE23988--GSE42822,GSM1050615,GSM590848,4,0.7427876346312785,47,33,False,0.8027728348829276,-0.05998520025164911,not_corroborated
31,GSE23988--GSE42822,GSM1050615,GSM590849,5,0.7177656486146209,58,28,False,0.8027728348829276,-0.08500718626830672,not_corroborated
32,GSE23988--GSE42822,GSM1050616,GSM590847,1,0.7720480259920419,16,55,False,0.8027728348829276,-0.03072480889088569,not_corroborated
32,GSE23988--GSE42822,GSM1050616,GSM590848,2,0.7690095839709541,19,5,False,0.8027728348829276,-0.03376325091197352,not_corroborated
32,GSE23988--GSE42822,GSM1050616,GSM590849,3,0.7257748775168961,53,13,False,0.8027728348829276,-0.07699795736603154,not_corroborated
32,GSE23988--GSE42822,GSM1050616,GSM590850,4,0.7651984993282851,22,11,False,0.8027728348829276,-0.03757433555464251,not_corroborated
32,GSE23988--GSE42822,GSM1050616,GSM590851,5,0.7601818340891501,29,7,False,0.8027728348829276,-0.042591000793777534,not_corroborated
33,GSE23988--GSE42822,GSM1050617,GSM590843,1,0.7823448584231395,14,25,False,0.8027728348829276,-0.02042797645978811,not_corroborated
33,GSE23988--GSE42822,GSM1050617,GSM590844,2,0.7716683368637172,25,34,False,0.8027728348829276,-0.031104498019210447,not_corroborated
33,GSE23988--GSE42822,GSM1050617,GSM590845,3,0.740571050984961,51,26,False,0.8027728348829276,-0.0622017838979666,not_corroborated
33,GSE23988--GSE42822,GSM1050617,GSM590846,4,0.7721240540628861,23,33,False,0.8027728348829276,-0.03064878082004152,not_corroborated
33,GSE23988--GSE42822,GSM1050617,GSM590847,5,0.7958585040082942,7,31,False,0.8027728348829276,-0.006914330874633445,not_corroborated
34,GSE23988--GSE42822,GSM1050619,GSM590861,1,0.7194279564298288,49,15,False,0.8027728348829276,-0.08334487845309879,not_corroborated
34,GSE23988--GSE42822,GSM1050619,GSM590862,2,0.7622652376442223,30,47,False,0.8027728348829276,-0.04050759723870534,not_corroborated
34,GSE23988--GSE42822,GSM1050619,GSM590863,3,0.7696271250253023,21,36,False,0.8027728348829276,-0.03314570985762533,not_corroborated
34,GSE23988--GSE42822,GSM1050619,GSM590864,4,0.7268432351498567,46,54,False,0.8027728348829276,-0.0759295997330709,not_corroborated
34,GSE23988--GSE42822,GSM1050619,GSM590865,5,0.7326553529685085,43,47,False,0.8027728348829276,-0.07011748191441913,not_corroborated
35,GSE23988--GSE42822,GSM1050620,GSM590858,1,0.7172267899010872,48,54,False,0.8027728348829276,-0.08554604498184037,not_corroborated
35,GSE23988--GSE42822,GSM1050620,GSM590859,2,0.7581918231184658,14,36,False,0.8027728348829276,-0.04458101176446183,not_corroborated
35,GSE23988--GSE42822,GSM1050620,GSM590860,3,0.6856116531571217,57,71,False,0.8027728348829276,-0.11716118172580592,not_corroborated
35,GSE23988--GSE42822,GSM1050620,GSM590861,4,0.6917956635353061,56,68,False,0.8027728348829276,-0.11097717134762153,not_corroborated
35,GSE23988--GSE42822,GSM1050620,GSM590862,5,0.7499263216565721,28,69,False,0.8027728348829276,-0.052846513226355474,not_corroborated
36,GSE23988--GSE42822,GSM1050621,GSM590843,1,0.770994124351531,14,36,False,0.8027728348829276,-0.03177871053139658,not_corroborated
36,GSE23988--GSE42822,GSM1050621,GSM590844,2,0.7615701066907001,21,40,False,0.8027728348829276,-0.04120272819222748,not_corroborated
36,GSE23988--GSE42822,GSM1050621,GSM590845,3,0.715898169921647,51,82,False,0.8027728348829276,-0.0868746649612806,not_corroborated
36,GSE23988--GSE42822,GSM1050621,GSM590846,4,0.7620886839876911,20,41,False,0.8027728348829276,-0.04068415089523647,not_corroborated
36,GSE23988--GSE42822,GSM1050621,GSM590847,5,0.7778302818765418,9,49,False,0.8027728348829276,-0.024942553006385815,not_corroborated
37,GSE23988--GSE42822,GSM1050622,GSM590887,1,0.7707013835195025,19,29,False,0.8027728348829276,-0.03207145136342515,not_corroborated
37,GSE23988--GSE42822,GSM1050622,GSM590888,2,0.7672718250393746,23,22,False,0.8027728348829276,-0.03550100984355298,not_corroborated
37,GSE23988--GSE42822,GSM1050622,GSM590889,3,0.7641004068867342,26,32,False,0.8027728348829276,-0.038672427996193415,not_corroborated
37,GSE23988--GSE42822,GSM1050622,GSM590890,4,0.7735880348258994,14,37,False,0.8027728348829276,-0.02918480005702817,not_corroborated
37,GSE23988--GSE42822,GSM1050622,GSM590891,5,0.7709787393645916,18,27,False,0.8027728348829276,-0.03179409551833601,not_corroborated
38,GSE23988--GSE42822,GSM1050623,GSM590845,1,0.7302520442237361,51,57,False,0.8027728348829276,-0.07252079065919148,not_corroborated
38,GSE23988--GSE42822,GSM1050623,GSM590846,2,0.7507155017770532,31,58,False,0.8027728348829276,-0.05205733310587446,not_corroborated
38,GSE23988--GSE42822,GSM1050623,GSM590847,3,0.7694925786835142,11,60,False,0.8027728348829276,-0.03328025619941344,not_corroborated
38,GSE23988--GSE42822,GSM1050623,GSM590848,4,0.7471987365585533,34,28,False,0.8027728348829276,-0.05557409832437432,not_corroborated
38,GSE23988--GSE42822,GSM1050623,GSM590849,5,0.7317497523761696,50,7,False,0.8027728348829276,-0.07102308250675804,not_corroborated
39,GSE23988--GSE42822,GSM1050624,GSM590842,1,0.7382846628323882,15,65,False,0.8027728348829276,-0.06448817205053936,not_corroborated
39,GSE23988--GSE42822,GSM1050624,GSM590843,2,0.7280762622948019,24,78,False,0.8027728348829276,-0.07469657258812568,not_corroborated
39,GSE23988--GSE42822,GSM1050624,GSM590844,3,0.727881651220566,25,77,False,0.8027728348829276,-0.07489118366236158,not_corroborated
39,GSE23988--GSE42822,GSM1050624,GSM590845,4,0.720737099655622,30,73,False,0.8027728348829276,-0.08203573522730556,not_corroborated
39,GSE23988--GSE42822,GSM1050624,GSM590846,5,0.7257488139827701,27,78,False,0.8027728348829276,-0.07702402090015747,not_corroborated
40,GSE23988--GSE42822,GSM1050625,GSM590886,1,0.7811976242685612,16,22,False,0.8027728348829276,-0.021575210614366402,not_corroborated
40,GSE23988--GSE42822,GSM1050625,GSM590887,2,0.7707675558668508,26,28,False,0.8027728348829276,-0.03200527901607686,not_corroborated
40,GSE23988--GSE42822,GSM1050625,GSM590888,3,0.7626200548659396,35,32,False,0.8027728348829276,-0.040152780016987966,not_corroborated
40,GSE23988--GSE42822,GSM1050625,GSM590889,4,0.774379973990166,22,17,False,0.8027728348829276,-0.028392860892761607,not_corroborated
40,GSE23988--GSE42822,GSM1050625,GSM590890,5,0.7739307499735356,23,36,False,0.8027728348829276,-0.028842084909391996,not_corroborated
41,GSE23988--GSE42822,GSM1050627,GSM590883,1,0.6962777979179436,42,83,False,0.8027728348829276,-0.10649503696498397,not_corroborated
41,GSE23988--GSE42822,GSM1050627,GSM590884,2,0.6666006540411779,59,82,False,0.8027728348829276,-0.13617218084174976,not_corroborated
41,GSE23988--GSE42822,GSM1050627,GSM590885,3,0.734312884494754,5,81,False,0.8027728348829276,-0.06845995038817365,not_corroborated
41,GSE23988--GSE42822,GSM1050627,GSM590886,4,0.7154765293579469,22,83,False,0.8027728348829276,-0.08729630552498069,not_corroborated
41,GSE23988--GSE42822,GSM1050627,GSM590887,5,0.7231351864734737,13,80,False,0.8027728348829276,-0.07963764840945387,not_corroborated
42,GSE23988--GSE42822,GSM1050628,GSM590841,1,0.7719013552244257,21,19,False,0.8027728348829276,-0.0308714796585019,not_corroborated
42,GSE23988--GSE42822,GSM1050628,GSM590842,2,0.7534763155411338,39,44,False,0.8027728348829276,-0.0492965193417938,not_corroborated
42,GSE23988--GSE42822,GSM1050628,GSM590843,3,0.7729244114539114,20,35,False,0.8027728348829276,-0.02984842342901617,not_corroborated
42,GSE23988--GSE42822,GSM1050628,GSM590844,4,0.7756925747518422,15,30,False,0.8027728348829276,-0.027080260131085443,not_corroborated
42,GSE23988--GSE42822,GSM1050628,GSM590845,5,0.7428615560499563,46,22,False,0.8027728348829276,-0.059911278832971315,not_corroborated
43,GSE23988--GSE42822,GSM1050629,GSM590850,1,0.7239838739297089,23,67,False,0.8027728348829276,-0.07878896095321875,not_corroborated
43,GSE23988--GSE42822,GSM1050629,GSM590851,2,0.7086759153018092,38,79,False,0.8027728348829276,-0.09409691958111843,not_corroborated
43,GSE23988--GSE42822,GSM1050629,GSM590852,3,0.7339355758274977,12,67,False,0.8027728348829276,-0.06883725905542992,not_corroborated
43,GSE23988--GSE42822,GSM1050629,GSM590853,4,0.7316805625429601,15,71,False,0.8027728348829276,-0.07109227233996751,not_corroborated
43,GSE23988--GSE42822,GSM1050629,GSM590854,5,0.6993306987254496,46,82,False,0.8027728348829276,-0.10344213615747799,not_corroborated
44,GSE23988--GSE42822,GSM1050630,GSM590891,1,0.7468175652299976,28,59,False,0.8027728348829276,-0.05595526965292996,not_corroborated
44,GSE23988--GSE42822,GSM1050630,GSM590892,2,0.7631190199018166,15,53,False,0.8027728348829276,-0.03965381498111098,not_corroborated
44,GSE23988--GSE42822,GSM1050630,GSM590893,3,0.7581427484606797,17,51,False,0.8027728348829276,-0.04463008642224786,not_corroborated
44,GSE23988--GSE42822,GSM1050630,GSM590894,4,0.7842380989016529,3,17,False,0.8027728348829276,-0.018534735981274753,not_corroborated
44,GSE23988--GSE42822,GSM1050630,GSM590895,5,0.767975397968387,8,67,False,0.8027728348829276,-0.034797436914540625,not_corroborated
45,GSE23988--GSE42822,GSM1050631,GSM590876,1,0.7733267373141317,31,19,False,0.8027728348829276,-0.029446097568795904,not_corroborated
45,GSE23988--GSE42822,GSM1050631,GSM590877,2,0.7438157619133918,51,7,False,0.8027728348829276,-0.058957072969535784,not_corroborated
45,GSE23988--GSE42822,GSM1050631,GSM590878,3,0.7888066185959559,16,18,False,0.8027728348829276,-0.0139662162869717,not_corroborated
45,GSE23988--GSE42822,GSM1050631,GSM590879,4,0.7661744967481784,35,5,False,0.8027728348829276,-0.03659833813474922,not_corroborated
45,GSE23988--GSE42822,GSM1050631,GSM590880,5,0.741204268995945,52,3,False,0.8027728348829276,-0.06156856588698256,not_corroborated
46,GSE23988--GSE42822,GSM1050632,GSM590858,1,0.7152690478683228,50,57,False,0.8027728348829276,-0.08750378701460482,not_corroborated
46,GSE23988--GSE42822,GSM1050632,GSM590859,2,0.757381081943919,17,37,False,0.8027728348829276,-0.045391752939008656,not_corroborated
46,GSE23988--GSE42822,GSM1050632,GSM590860,3,0.6871475772091931,59,66,False,0.8027728348829276,-0.11562525767373455,not_corroborated
46,GSE23988--GSE42822,GSM1050632,GSM590861,4,0.6897212146489237,57,73,False,0.8027728348829276,-0.11305162023400395,not_corroborated
46,GSE23988--GSE42822,GSM1050632,GSM590862,5,0.7566240073142066,18,59,False,0.8027728348829276,-0.04614882756872096,not_corroborated
47,GSE23988--GSE42822,GSM1050633,GSM590878,1,0.775535840110085,13,32,False,0.8027728348829276,-0.027236994772842582,not_corroborated
47,GSE23988--GSE42822,GSM1050633,GSM590879,2,0.7646203266855361,24,7,False,0.8027728348829276,-0.038152508197391466,not_corroborated
47,GSE23988--GSE42822,GSM1050633,GSM590880,3,0.7062807048744153,59,30,False,0.8027728348829276,-0.09649213000851231,not_corroborated
47,GSE23988--GSE42822,GSM1050633,GSM590881,4,0.7747273522710447,14,30,False,0.8027728348829276,-0.028045482611882888,not_corroborated
47,GSE23988--GSE42822,GSM1050633,GSM590882,5,0.7248581639152858,52,21,False,0.8027728348829276,-0.07791467096764182,not_corroborated
48,GSE23988--GSE42822,GSM1050634,GSM590850,1,0.7411859447542595,30,44,False,0.8027728348829276,-0.06158689012866814,not_corroborated
48,GSE23988--GSE42822,GSM1050634,GSM590851,2,0.738631725394839,32,37,False,0.8027728348829276,-0.0641411094880886,not_corroborated
48,GSE23988--GSE42822,GSM1050634,GSM590852,3,0.738097719804399,33,60,False,0.8027728348829276,-0.06467511507852863,not_corroborated
48,GSE23988--GSE42822,GSM1050634,GSM590853,4,0.7245275215050628,46,79,False,0.8027728348829276,-0.07824531337786478,not_corroborated
48,GSE23988--GSE42822,GSM1050634,GSM590854,5,0.7387865391833278,31,60,False,0.8027728348829276,-0.0639862956995998,not_corroborated
49,GSE23988--GSE42822,GSM1050635,GSM590874,1,0.7497951853532041,35,52,False,0.8027728348829276,-0.0529776495297235,not_corroborated
49,GSE23988--GSE42822,GSM1050635,GSM590875,2,0.7873084242930233,7,28,False,0.8027728348829276,-0.015464410589904332,not_corroborated
49,GSE23988--GSE42822,GSM1050635,GSM590876,3,0.7578942221784227,28,41,False,0.8027728348829276,-0.04487861270450488,not_corroborated
49,GSE23988--GSE42822,GSM1050635,GSM590877,4,0.715889328408677,52,34,False,0.8027728348829276,-0.08688350647425058,not_corroborated
49,GSE23988--GSE42822,GSM1050635,GSM590878,5,0.7804318184876309,11,23,False,0.8027728348829276,-0.02234101639529673,not_corroborated
50,GSE23988--GSE42822,GSM1050636,GSM590879,1,0.7272400904199696,45,50,False,0.8027728348829276,-0.07553274446295799,not_corroborated
50,GSE23988--GSE42822,GSM1050636,GSM590880,2,0.7005875737875873,58,44,False,0.8027728348829276,-0.10218526109534032,not_corroborated
50,GSE23988--GSE42822,GSM1050636,GSM590881,3,0.7705074737313325,19,36,False,0.8027728348829276,-0.03226536115159506,not_corroborated
50,GSE23988--GSE42822,GSM1050636,GSM590882,4,0.7268080534998901,47,17,False,0.8027728348829276,-0.07596478138303753,not_corroborated
50,GSE23988--GSE42822,GSM1050636,GSM590883,5,0.7594547834437567,33,28,False,0.8027728348829276,-0.04331805143917089,not_corroborated
51,GSE23988--GSE42822,GSM1050637,GSM590895,1,0.7785965081497151,4,51,False,0.8027728348829276,-0.02417632673321246,not_corroborated
51,GSE23988--GSE42822,GSM1050637,GSM590896,2,0.7946569732690091,3,15,False,0.8027728348829276,-0.008115861613918529,not_corroborated
51,GSE23988--GSE42822,GSM1050637,GSM590897,3,0.7359343933865472,39,57,False,0.8027728348829276,-0.06683844149638041,not_corroborated
51,GSE23988--GSE42822,GSM1050637,GSM590898,4,0.7553315021701758,18,61,False,0.8027728348829276,-0.04744133271275186,not_corroborated
51,GSE23988--GSE42822,GSM1050637,GSM590899,5,0.766574861242589,12,44,False,0.8027728348829276,-0.03619797364033861,not_corroborated
52,GSE23988--GSE42822,GSM1050638,GSM590861,1,0.6976467921376032,57,58,False,0.8027728348829276,-0.10512604274532444,not_corroborated
52,GSE23988--GSE42822,GSM1050638,GSM590862,2,0.7720170408825969,31,30,False,0.8027728348829276,-0.030755794000330683,not_corroborated
52,GSE23988--GSE42822,GSM1050638,GSM590863,3,0.794838223586404,13,3,False,0.8027728348829276,-0.00793461129652362,not_corroborated
52,GSE23988--GSE42822,GSM1050638,GSM590864,4,0.7409733572874027,45,27,False,0.8027728348829276,-0.061799477595524954,not_corroborated
52,GSE23988--GSE42822,GSM1050638,GSM590865,5,0.7545822464610032,38,12,False,0.8027728348829276,-0.04819058842192436,not_corroborated
53,GSE23988--GSE42822,GSM1050639,GSM590862,1,0.7884625204339669,10,8,False,0.8027728348829276,-0.014310314448960693,not_corroborated
53,GSE23988--GSE42822,GSM1050639,GSM590863,2,0.7734219431840046,18,26,False,0.8027728348829276,-0.02935089169892302,not_corroborated
53,GSE23988--GSE42822,GSM1050639,GSM590864,3,0.7405711110552814,47,28,False,0.8027728348829276,-0.062201723827646216,not_corroborated
53,GSE23988--GSE42822,GSM1050639,GSM590865,4,0.7352917275714521,51,41,False,0.8027728348829276,-0.0674811073114755,not_corroborated
53,GSE23988--GSE42822,GSM1050639,GSM590866,5,0.6899591336301883,60,68,False,0.8027728348829276,-0.11281370125273926,not_corroborated
54,GSE23988--GSE42822,GSM1050640,GSM590867,1,0.6905431330940146,55,77,False,0.8027728348829276,-0.112229701788913,not_corroborated
54,GSE23988--GSE42822,GSM1050640,GSM590868,2,0.7921300970812373,8,14,False,0.8027728348829276,-0.010642737801690338,not_corroborated
54,GSE23988--GSE42822,GSM1050640,GSM590869,3,0.7318968129023762,46,74,False,0.8027728348829276,-0.07087602198055143,not_corroborated
54,GSE23988--GSE42822,GSM1050640,GSM590870,4,0.7238388907190003,50,68,False,0.8027728348829276,-0.0789339441639273,not_corroborated
54,GSE23988--GSE42822,GSM1050640,GSM590871,5,0.6714041925775568,59,86,False,0.8027728348829276,-0.13136864230537082,not_corroborated
55,GSE23988--GSE42822,GSM1050641,GSM590845,1,0.7396254938506766,33,29,False,0.8027728348829276,-0.06314734103225106,not_corroborated
55,GSE23988--GSE42822,GSM1050641,GSM590846,2,0.7452415491285141,28,67,False,0.8027728348829276,-0.057531285754413464,not_corroborated
55,GSE23988--GSE42822,GSM1050641,GSM590847,3,0.7838894018676938,2,42,False,0.8027728348829276,-0.018883433015233764,not_corroborated
55,GSE23988--GSE42822,GSM1050641,GSM590848,4,0.7043590665011863,48,79,False,0.8027728348829276,-0.09841376838174132,not_corroborated
55,GSE23988--GSE42822,GSM1050641,GSM590849,5,0.6933796368587639,51,76,False,0.8027728348829276,-0.1093931980241637,not_corroborated
56,GSE23988--GSE42822,GSM1050646,GSM590864,1,0.7215592318392948,45,58,False,0.8027728348829276,-0.08121360304363279,not_corroborated
56,GSE23988--GSE42822,GSM1050646,GSM590865,2,0.7239097261995913,44,55,False,0.8027728348829276,-0.07886310868333635,not_corroborated
56,GSE23988--GSE42822,GSM1050646,GSM590866,3,0.7018365447131502,53,49,False,0.8027728348829276,-0.10093629016977745,not_corroborated
56,GSE23988--GSE42822,GSM1050646,GSM590867,4,0.7143301892732533,49,32,False,0.8027728348829276,-0.0884426456096743,not_corroborated
56,GSE23988--GSE42822,GSM1050646,GSM590868,5,0.757992641111944,15,45,False,0.8027728348829276,-0.044780193770983634,not_corroborated
57,GSE20194--GSE42822,GSM1050647,GSM505556,1,0.7237624225981348,244,16,False,0.8014243363073377,-0.07766191370920283,not_corroborated
57,GSE20194--GSE42822,GSM1050647,GSM505557,2,0.7934562625594467,106,6,False,0.8014243363073377,-0.007968073747890991,not_corroborated
57,GSE20194--GSE42822,GSM1050647,GSM505558,3,0.6531833333102365,262,75,False,0.8014243363073377,-0.1482410029971012,not_corroborated
57,GSE20194--GSE42822,GSM1050647,GSM505559,4,0.7731174467299751,177,13,False,0.8014243363073377,-0.028306889577362604,not_corroborated
57,GSE20194--GSE42822,GSM1050647,GSM505560,5,0.8017563393801664,70,1,False,0.8014243363073377,0.0003320030728287682,not_corroborated
58,GSE23988--GSE42822,GSM1050650,GSM590887,1,0.7908721784719057,20,3,False,0.8027728348829276,-0.011900656411021893,not_corroborated
58,GSE23988--GSE42822,GSM1050650,GSM590888,2,0.7813968565665139,31,5,False,0.8027728348829276,-0.02137597831641369,not_corroborated
58,GSE23988--GSE42822,GSM1050650,GSM590889,3,0.7835082053934227,29,9,False,0.8027728348829276,-0.019264629489504914,not_corroborated
58,GSE23988--GSE42822,GSM1050650,GSM590890,4,0.7940887862692858,14,13,False,0.8027728348829276,-0.008684048613641804,not_corroborated
58,GSE23988--GSE42822,GSM1050650,GSM590891,5,0.7940222423241419,15,7,False,0.8027728348829276,-0.008750592558785741,not_corroborated
59,GSE23988--GSE42822,GSM1050656,GSM590891,1,0.7589354196446643,37,39,False,0.8027728348829276,-0.043837415238263344,not_corroborated
59,GSE23988--GSE42822,GSM1050656,GSM590892,2,0.7836134849163259,13,33,False,0.8027728348829276,-0.019159349966601735,not_corroborated
59,GSE23988--GSE42822,GSM1050656,GSM590893,3,0.7912379047432015,8,10,False,0.8027728348829276,-0.011534930139726063,not_corroborated
59,GSE23988--GSE42822,GSM1050656,GSM590894,4,0.7840212967334799,12,18,False,0.8027728348829276,-0.018751538149447744,not_corroborated
59,GSE23988--GSE42822,GSM1050656,GSM590895,5,0.7970579490501757,4,34,False,0.8027728348829276,-0.005714885832751926,not_corroborated
60,GSE23988--GSE42822,GSM1050666,GSM590846,1,0.7831823113324788,6,24,False,0.8027728348829276,-0.01959052355044877,not_corroborated
60,GSE23988--GSE42822,GSM1050666,GSM590847,2,0.7942229861589933,4,32,False,0.8027728348829276,-0.008549848723934272,not_corroborated
60,GSE23988--GSE42822,GSM1050666,GSM590848,3,0.7552155594669123,36,20,False,0.8027728348829276,-0.04755727541601529,not_corroborated
60,GSE23988--GSE42822,GSM1050666,GSM590849,4,0.7181930685019358,53,25,False,0.8027728348829276,-0.08457976638099185,not_corroborated
60,GSE23988--GSE42822,GSM1050666,GSM590850,5,0.7528300776374525,39,29,False,0.8027728348829276,-0.049942757245475145,not_corroborated
61,GSE20194--GSE25055,GSM505327,GSM615183,1,0.8687358125079123,90,35,False,0.9042695564152732,-0.03553374390736086,not_corroborated
61,GSE20194--GSE25055,GSM505327,GSM615184,2,0.7964962650118803,286,119,False,0.9042695564152732,-0.10777329140339287,not_corroborated
61,GSE20194--GSE25055,GSM505327,GSM615185,3,0.758784219854288,301,192,False,0.9042695564152732,-0.14548533656098517,not_corroborated
61,GSE20194--GSE25055,GSM505327,GSM615186,4,0.9182934021419946,3,3,False,0.9042695564152732,0.01402384572672144,supported
61,GSE20194--GSE25055,GSM505327,GSM615187,5,0.8865461526027089,34,26,False,0.9042695564152732,-0.01772340381256432,not_corroborated
62,GSE20194--GSE25055,GSM505328,GSM615152,1,0.8376263072084026,170,116,False,0.9042695564152732,-0.06664324920687059,not_corroborated
62,GSE20194--GSE25055,GSM505328,GSM615153,2,0.8737229427071969,55,45,False,0.9042695564152732,-0.03054661370807632,not_corroborated
62,GSE20194--GSE25055,GSM505328,GSM615154,3,0.8128502393045103,248,175,False,0.9042695564152732,-0.0914193171107629,not_corroborated
62,GSE20194--GSE25055,GSM505328,GSM615155,4,0.8552648112622943,110,77,False,0.9042695564152732,-0.049004745152978924,not_corroborated
62,GSE20194--GSE25055,GSM505328,GSM615156,5,0.8212094378933461,230,143,False,0.9042695564152732,-0.08306011852192707,not_corroborated
63,GSE20194--GSE25055,GSM505330,GSM615165,1,0.8511025317779258,63,93,False,0.9042695564152732,-0.05316702463734735,not_corroborated
63,GSE20194--GSE25055,GSM505330,GSM615166,2,0.8501904855005109,66,113,False,0.9042695564152732,-0.05407907091476227,not_corroborated
63,GSE20194--GSE25055,GSM505330,GSM615167,3,0.8077907439269407,203,142,False,0.9042695564152732,-0.09647881248833245,not_corroborated
63,GSE20194--GSE25055,GSM505330,GSM615168,4,0.8029824235136624,222,127,False,0.9042695564152732,-0.10128713290161073,not_corroborated
63,GSE20194--GSE25055,GSM505330,GSM615169,5,0.7997412874677865,234,194,False,0.9042695564152732,-0.10452826894748668,not_corroborated
64,GSE20194--GSE25055,GSM505331,GSM615383,1,0.8352992779916292,135,123,False,0.9042695564152732,-0.068970278423644,not_corroborated
64,GSE20194--GSE25055,GSM505331,GSM615384,2,0.7820350785748849,286,190,False,0.9042695564152732,-0.12223447784038832,not_corroborated
64,GSE20194--GSE25055,GSM505331,GSM615385,3,0.780376303732706,288,194,False,0.9042695564152732,-0.12389325268256723,not_corroborated
64,GSE20194--GSE25055,GSM505331,GSM615386,4,0.7418126765676264,303,200,False,0.9042695564152732,-0.16245687984764678,not_corroborated
64,GSE20194--GSE25055,GSM505331,GSM615387,5,0.8040826393711897,245,164,False,0.9042695564152732,-0.10018691704408345,not_corroborated
65,GSE20194--GSE25055,GSM505333,GSM615213,1,0.8927595192067667,9,9,False,0.9042695564152732,-0.011510037208506518,not_corroborated
65,GSE20194--GSE25055,GSM505333,GSM615214,2,0.8128971751794934,258,162,False,0.9042695564152732,-0.09137238123577973,not_corroborated
65,GSE20194--GSE25055,GSM505333,GSM615215,3,0.8281978387559268,224,131,False,0.9042695564152732,-0.0760717176593464,not_corroborated
65,GSE20194--GSE25055,GSM505333,GSM615216,4,0.8344926858601415,194,168,False,0.9042695564152732,-0.06977687055513171,not_corroborated
65,GSE20194--GSE25055,GSM505333,GSM615217,5,0.8564467590771339,100,165,False,0.9042695564152732,-0.04782279733813932,not_corroborated
66,GSE20194--GSE25055,GSM505334,GSM615130,1,0.7815829614039864,264,200,False,0.9042695564152732,-0.12268659501128676,not_corroborated
66,GSE20194--GSE25055,GSM505334,GSM615131,2,0.7968065519653981,239,203,False,0.9042695564152732,-0.10746300444987511,not_corroborated
66,GSE20194--GSE25055,GSM505334,GSM615132,3,0.8636793402041412,43,108,False,0.9042695564152732,-0.04059021621113201,not_corroborated
66,GSE20194--GSE25055,GSM505334,GSM615133,4,0.7983561133771808,236,179,False,0.9042695564152732,-0.10591344303809236,not_corroborated
66,GSE20194--GSE25055,GSM505334,GSM615134,5,0.7937573880906135,246,184,False,0.9042695564152732,-0.11051216832465971,not_corroborated
67,GSE20194--GSE25055,GSM505336,GSM615174,1,0.7805258844184003,241,228,False,0.9042695564152732,-0.12374367199687286,not_corroborated
67,GSE20194--GSE25055,GSM505336,GSM615175,2,0.7890840750239075,226,216,False,0.9042695564152732,-0.11518548139136564,not_corroborated
67,GSE20194--GSE25055,GSM505336,GSM615176,3,0.741592175185305,291,235,False,0.9042695564152732,-0.16267738122996822,not_corroborated
67,GSE20194--GSE25055,GSM505336,GSM615177,4,0.7663557219198578,268,249,False,0.9042695564152732,-0.1379138344954154,not_corroborated
67,GSE20194--GSE25055,GSM505336,GSM615178,5,0.8376077552582931,75,158,False,0.9042695564152732,-0.06666180115698006,not_corroborated
68,GSE20194--GSE25055,GSM505337,GSM615402,1,0.7882301446859883,263,213,False,0.9042695564152732,-0.11603941172928489,not_corroborated
68,GSE20194--GSE25055,GSM505337,GSM615403,2,0.7533214430793089,305,121,False,0.9042695564152732,-0.15094811333596425,not_corroborated
68,GSE20194--GSE25055,GSM505337,GSM615404,3,0.7742333395441388,293,196,False,0.9042695564152732,-0.13003621687113442,not_corroborated
68,GSE20194--GSE25055,GSM505337,GSM615405,4,0.8124144486878987,172,192,False,0.9042695564152732,-0.09185510772737449,not_corroborated
68,GSE20194--GSE25055,GSM505337,GSM615096,5,0.8301530257045985,81,163,False,0.9042695564152732,-0.0741165307106747,not_corroborated
69,GSE20194--GSE25055,GSM505338,GSM615116,1,0.8078282585405132,91,213,False,0.9042695564152732,-0.09644129787475997,not_corroborated
69,GSE20194--GSE25055,GSM505338,GSM615117,2,0.7909252429165523,130,250,False,0.9042695564152732,-0.11334431349872087,not_corroborated
69,GSE20194--GSE25055,GSM505338,GSM615118,3,0.7475190636374802,278,255,False,0.9042695564152732,-0.15675049277779296,not_corroborated
69,GSE20194--GSE25055,GSM505338,GSM615119,4,0.7909995247571526,129,139,False,0.9042695564152732,-0.11327003165812055,not_corroborated
69,GSE20194--GSE25055,GSM505338,GSM615120,5,0.7860320766681912,157,241,False,0.9042695564152732,-0.11823747974708199,not_corroborated
70,GSE20194--GSE25055,GSM505339,GSM615212,1,0.8560613059920207,78,96,False,0.9042695564152732,-0.0482082504232525,not_corroborated
70,GSE20194--GSE25055,GSM505339,GSM615213,2,0.8572023193759785,67,121,False,0.9042695564152732,-0.04706723703929472,not_corroborated
70,GSE20194--GSE25055,GSM505339,GSM615214,3,0.8581860770430748,65,43,False,0.9042695564152732,-0.046083479372198366,not_corroborated
70,GSE20194--GSE25055,GSM505339,GSM615215,4,0.8446709492576893,134,73,False,0.9042695564152732,-0.059598607157583916,not_corroborated
70,GSE20194--GSE25055,GSM505339,GSM615216,5,0.8923741904532468,4,25,False,0.9042695564152732,-0.011895365962026339,not_corroborated
71,GSE20194--GSE25055,GSM505343,GSM615283,1,0.7960447373683123,237,196,False,0.9042695564152732,-0.10822481904696091,not_corroborated
71,GSE20194--GSE25055,GSM505343,GSM615284,2,0.7616753373191565,302,199,False,0.9042695564152732,-0.1425942190961167,not_corroborated
71,GSE20194--GSE25055,GSM505343,GSM615285,3,0.8039231065700904,205,226,False,0.9042695564152732,-0.10034644984518282,not_corroborated
71,GSE20194--GSE25055,GSM505343,GSM615286,4,0.7565823939490064,305,212,False,0.9042695564152732,-0.14768716246626679,not_corroborated
71,GSE20194--GSE25055,GSM505343,GSM615287,5,0.7691671246725914,297,135,False,0.9042695564152732,-0.13510243174268177,not_corroborated
72,GSE20194--GSE25055,GSM505344,GSM615343,1,0.8403437124825924,222,116,False,0.9042695564152732,-0.06392584393268075,not_corroborated
72,GSE20194--GSE25055,GSM505344,GSM615344,2,0.7670533800177883,304,164,False,0.9042695564152732,-0.13721617639748485,not_corroborated
72,GSE20194--GSE25055,GSM505344,GSM615345,3,0.8784440591760716,77,48,False,0.9042695564152732,-0.025825497239201578,not_corroborated
72,GSE20194--GSE25055,GSM505344,GSM615346,4,0.886092296186488,43,14,False,0.9042695564152732,-0.018177260228785186,not_corroborated
72,GSE20194--GSE25055,GSM505344,GSM615347,5,0.874791159244754,93,14,False,0.9042695564152732,-0.029478397170519144,not_corroborated
73,GSE20194--GSE25055,GSM505345,GSM615117,1,0.8141490448472606,88,224,False,0.9042695564152732,-0.0901205115680126,not_corroborated
73,GSE20194--GSE25055,GSM505345,GSM615118,2,0.793878390670631,177,208,False,0.9042695564152732,-0.11039116574464214,not_corroborated
73,GSE20194--GSE25055,GSM505345,GSM615119,3,0.8164665508227769,82,64,False,0.9042695564152732,-0.08780300559249632,not_corroborated
73,GSE20194--GSE25055,GSM505345,GSM615120,4,0.7915808755389451,183,235,False,0.9042695564152732,-0.1126886808763281,not_corroborated
73,GSE20194--GSE25055,GSM505345,GSM615121,5,0.7412882291430483,267,253,False,0.9042695564152732,-0.16298132727222492,not_corroborated
74,GSE20194--GSE25055,GSM505346,GSM615192,1,0.8738354977237874,30,85,False,0.9042695564152732,-0.030434058691485744,not_corroborated
74,GSE20194--GSE25055,GSM505346,GSM615193,2,0.7840777334979734,286,204,False,0.9042695564152732,-0.1201918229172998,not_corroborated
74,GSE20194--GSE25055,GSM505346,GSM615194,3,0.8470391462017048,120,33,False,0.9042695564152732,-0.05723041021356834,not_corroborated
74,GSE20194--GSE25055,GSM505346,GSM615195,4,0.8413371861747647,152,124,False,0.9042695564152732,-0.06293237024050846,not_corroborated
74,GSE20194--GSE25055,GSM505346,GSM615197,5,0.8454178664153198,132,86,False,0.9042695564152732,-0.05885168999995338,not_corroborated
75,GSE20194--GSE25055,GSM505347,GSM615279,1,0.8461202099982403,127,39,False,0.9042695564152732,-0.05814934641703284,not_corroborated
75,GSE20194--GSE25055,GSM505347,GSM615280,2,0.8389704309184384,162,84,False,0.9042695564152732,-0.06529912549683481,not_corroborated
75,GSE20194--GSE25055,GSM505347,GSM615281,3,0.8377390647877013,169,31,False,0.9042695564152732,-0.06653049162757185,not_corroborated
75,GSE20194--GSE25055,GSM505347,GSM615282,4,0.8061324943508195,265,96,False,0.9042695564152732,-0.09813706206445372,not_corroborated
75,GSE20194--GSE25055,GSM505347,GSM615283,5,0.8422476706238498,145,87,False,0.9042695564152732,-0.062021885791423426,not_corroborated
76,GSE20194--GSE25055,GSM505348,GSM615132,1,0.8521424049031505,64,150,False,0.9042695564152732,-0.05212715151212266,not_corroborated
76,GSE20194--GSE25055,GSM505348,GSM615133,2,0.8022351668888728,245,168,False,0.9042695564152732,-0.10203438952640043,not_corroborated
76,GSE20194--GSE25055,GSM505348,GSM615134,3,0.7960291833462853,265,176,False,0.9042695564152732,-0.10824037306898793,not_corroborated
76,GSE20194--GSE25055,GSM505348,GSM615135,4,0.807984125655085,233,171,False,0.9042695564152732,-0.09628543076018814,not_corroborated
76,GSE20194--GSE25055,GSM505348,GSM615136,5,0.8035597733327206,243,188,False,0.9042695564152732,-0.10070978308255263,not_corroborated
77,GSE20194--GSE25055,GSM505350,GSM615270,1,0.8203605045678924,179,199,False,0.9042695564152732,-0.08390905184738073,not_corroborated
77,GSE20194--GSE25055,GSM505350,GSM615271,2,0.8811947126741021,3,17,False,0.9042695564152732,-0.02307484374117108,not_corroborated
77,GSE20194--GSE25055,GSM505350,GSM615272,3,0.757006170501541,302,164,False,0.9042695564152732,-0.14726338591373223,not_corroborated
77,GSE20194--GSE25055,GSM505350,GSM615273,4,0.8280797027874773,146,128,False,0.9042695564152732,-0.07618985362779584,not_corroborated
77,GSE20194--GSE25055,GSM505350,GSM615274,5,0.8738173481051258,7,53,False,0.9042695564152732,-0.03045220831014739,not_corroborated
78,GSE20194--GSE25055,GSM505351,GSM615132,1,0.8351230442444786,143,197,False,0.9042695564152732,-0.0691465121707946,not_corroborated
78,GSE20194--GSE25055,GSM505351,GSM615133,2,0.7904104500497459,290,198,False,0.9042695564152732,-0.11385910636552732,not_corroborated
78,GSE20194--GSE25055,GSM505351,GSM615134,3,0.7921086226401919,286,188,False,0.9042695564152732,-0.1121609337750813,not_corroborated
78,GSE20194--GSE25055,GSM505351,GSM615135,4,0.80093888150561,269,189,False,0.9042695564152732,-0.10333067490966319,not_corroborated
78,GSE20194--GSE25055,GSM505351,GSM615136,5,0.8457870683832928,100,40,False,0.9042695564152732,-0.05848248803198042,not_corroborated
79,GSE20194--GSE25055,GSM505352,GSM615252,1,0.8606079209741463,77,69,False,0.9042695564152732,-0.04366163544112689,not_corroborated
79,GSE20194--GSE25055,GSM505352,GSM615253,2,0.8690760424206654,59,21,False,0.9042695564152732,-0.035193513994607795,not_corroborated
79,GSE20194--GSE25055,GSM505352,GSM615254,3,0.8580168212319783,86,53,False,0.9042695564152732,-0.04625273518329487,not_corroborated
79,GSE20194--GSE25055,GSM505352,GSM615255,4,0.8391686001114188,143,156,False,0.9042695564152732,-0.06510095630385437,not_corroborated
79,GSE20194--GSE25055,GSM505352,GSM615256,5,0.8428534658350862,129,73,False,0.9042695564152732,-0.06141609058018693,not_corroborated
80,GSE20194--GSE25055,GSM505353,GSM615117,1,0.855505898603713,102,120,False,0.9042695564152732,-0.048763657811560224,not_corroborated
80,GSE20194--GSE25055,GSM505353,GSM615118,2,0.8194041040422865,220,145,False,0.9042695564152732,-0.0848654523729867,not_corroborated
80,GSE20194--GSE25055,GSM505353,GSM615119,3,0.7598948488320049,297,203,False,0.9042695564152732,-0.1443747075832683,not_corroborated
80,GSE20194--GSE25055,GSM505353,GSM615120,4,0.8382565007486047,172,135,False,0.9042695564152732,-0.06601305566666849,not_corroborated
80,GSE20194--GSE25055,GSM505353,GSM615121,5,0.8721530230447404,54,25,False,0.9042695564152732,-0.032116533370532774,not_corroborated
81,GSE20194--GSE25055,GSM505354,GSM615370,1,0.9004005715274684,20,24,False,0.9042695564152732,-0.0038689848878047384,not_corroborated
81,GSE20194--GSE25055,GSM505354,GSM615371,2,0.8759888957749651,82,69,False,0.9042695564152732,-0.028280660640308097,not_corroborated
81,GSE20194--GSE25055,GSM505354,GSM615372,3,0.8589534236975725,156,35,False,0.9042695564152732,-0.04531613271770063,not_corroborated
81,GSE20194--GSE25055,GSM505354,GSM615373,4,0.8339247028201109,241,82,False,0.9042695564152732,-0.0703448535951623,not_corroborated
81,GSE20194--GSE25055,GSM505354,GSM615374,5,0.8665474311785234,125,24,False,0.9042695564152732,-0.03772212523674978,not_corroborated
82,GSE20194--GSE25055,GSM505355,GSM615161,1,0.8509917215945951,52,127,False,0.9042695564152732,-0.05327783482067805,not_corroborated
82,GSE20194--GSE25055,GSM505355,GSM615162,2,0.8526496205276834,47,84,False,0.9042695564152732,-0.05161993588758973,not_corroborated
82,GSE20194--GSE25055,GSM505355,GSM615163,3,0.8282048027221387,193,135,False,0.9042695564152732,-0.07606475369313448,not_corroborated
82,GSE20194--GSE25055,GSM505355,GSM615164,4,0.8305094955586183,181,164,False,0.9042695564152732,-0.07376006085665487,not_corroborated
82,GSE20194--GSE25055,GSM505355,GSM615165,5,0.8608841620258475,19,57,False,0.9042695564152732,-0.04338539438942568,not_corroborated
83,GSE20194--GSE25055,GSM505356,GSM615359,1,0.8427966323270816,85,79,False,0.9042695564152732,-0.061472924088191605,not_corroborated
83,GSE20194--GSE25055,GSM505356,GSM615360,2,0.8545226494388638,48,50,False,0.9042695564152732,-0.04974690697640938,not_corroborated
83,GSE20194--GSE25055,GSM505356,GSM615361,3,0.8480300578248636,66,108,False,0.9042695564152732,-0.05623949859040955,not_corroborated
83,GSE20194--GSE25055,GSM505356,GSM615362,4,0.8185537066773966,156,217,False,0.9042695564152732,-0.0857158497378766,not_corroborated
83,GSE20194--GSE25055,GSM505356,GSM615363,5,0.8768712156256949,11,14,False,0.9042695564152732,-0.027398340789578257,not_corroborated
84,GSE20194--GSE25055,GSM505357,GSM615110,1,0.7776465924247425,286,133,False,0.9042695564152732,-0.12662296399053063,not_corroborated
84,GSE20194--GSE25055,GSM505357,GSM615111,2,0.8242172203023065,157,90,False,0.9042695564152732,-0.0800523361129667,not_corroborated
84,GSE20194--GSE25055,GSM505357,GSM615112,3,0.8261011973786228,145,167,False,0.9042695564152732,-0.07816835903665043,not_corroborated
84,GSE20194--GSE25055,GSM505357,GSM615113,4,0.8059297933411106,224,64,False,0.9042695564152732,-0.09833976307416259,not_corroborated
84,GSE20194--GSE25055,GSM505357,GSM615114,5,0.8246090939267797,153,154,False,0.9042695564152732,-0.07966046248849346,not_corroborated
85,GSE20194--GSE25055,GSM505358,GSM615215,1,0.8098651523007815,246,180,False,0.9042695564152732,-0.09440440411449169,not_corroborated
85,GSE20194--GSE25055,GSM505358,GSM615216,2,0.8452153567924455,134,137,False,0.9042695564152732,-0.05905419962282765,not_corroborated
85,GSE20194--GSE25055,GSM505358,GSM615217,3,0.8679631056250586,62,126,False,0.9042695564152732,-0.03630645079021455,not_corroborated
85,GSE20194--GSE25055,GSM505358,GSM615218,4,0.8037681628620715,265,77,False,0.9042695564152732,-0.10050139355320165,not_corroborated
85,GSE20194--GSE25055,GSM505358,GSM615219,5,0.8081250324659126,253,185,False,0.9042695564152732,-0.09614452394936057,not_corroborated
86,GSE20194--GSE25055,GSM505359,GSM615221,1,0.8546984165932934,104,80,False,0.9042695564152732,-0.049571139821979804,not_corroborated
86,GSE20194--GSE25055,GSM505359,GSM615222,2,0.8161014448124633,253,65,False,0.9042695564152732,-0.0881681116028099,not_corroborated
86,GSE20194--GSE25055,GSM505359,GSM615223,3,0.8629013680878562,72,30,False,0.9042695564152732,-0.041368188327416955,not_corroborated
86,GSE20194--GSE25055,GSM505359,GSM615224,4,0.7691750595428192,307,148,False,0.9042695564152732,-0.135094496872454,not_corroborated
86,GSE20194--GSE25055,GSM505359,GSM615225,5,0.853308639439765,113,17,False,0.9042695564152732,-0.0509609169755082,not_corroborated
87,GSE20194--GSE25055,GSM505360,GSM615251,1,0.8787199998761711,50,13,False,0.9042695564152732,-0.02554955653910207,not_corroborated
87,GSE20194--GSE25055,GSM505360,GSM615252,2,0.842275793312679,200,135,False,0.9042695564152732,-0.06199376310259419,not_corroborated
87,GSE20194--GSE25055,GSM505360,GSM615253,3,0.833737483189251,224,113,False,0.9042695564152732,-0.07053207322602217,not_corroborated
87,GSE20194--GSE25055,GSM505360,GSM615254,4,0.8511081937548683,161,77,False,0.9042695564152732,-0.05316136266040483,not_corroborated
87,GSE20194--GSE25055,GSM505360,GSM615255,5,0.9042653296998929,4,3,False,0.9042695564152732,-4.2267153802511e-06,not_corroborated
88,GSE20194--GSE25055,GSM505361,GSM615370,1,0.910568954055805,21,6,False,0.9042695564152732,0.006299397640531779,not_corroborated
88,GSE20194--GSE25055,GSM505361,GSM615371,2,0.8788900687320693,96,58,False,0.9042695564152732,-0.02537948768320386,not_corroborated
88,GSE20194--GSE25055,GSM505361,GSM615372,3,0.84695715021438,213,65,False,0.9042695564152732,-0.05731240620089317,not_corroborated
88,GSE20194--GSE25055,GSM505361,GSM615373,4,0.8163424315710204,271,145,False,0.9042695564152732,-0.0879271248442528,not_corroborated
88,GSE20194--GSE25055,GSM505361,GSM615374,5,0.8577808007522345,178,44,False,0.9042695564152732,-0.04648875566303867,not_corroborated
89,GSE20194--GSE25055,GSM505363,GSM615148,1,0.7796501555391028,282,181,False,0.9042695564152732,-0.1246194008761704,not_corroborated
89,GSE20194--GSE25055,GSM505363,GSM615149,2,0.8547175259400965,103,70,False,0.9042695564152732,-0.049552030475176645,not_corroborated
89,GSE20194--GSE25055,GSM505363,GSM615150,3,0.8222495471088997,207,122,False,0.9042695564152732,-0.08202000930637343,not_corroborated
89,GSE20194--GSE25055,GSM505363,GSM615151,4,0.8215096945003437,209,100,False,0.9042695564152732,-0.08275986191492946,not_corroborated
89,GSE20194--GSE25055,GSM505363,GSM615152,5,0.8558282988071855,99,40,False,0.9042695564152732,-0.04844125760808771,not_corroborated
90,GSE20194--GSE25055,GSM505364,GSM615312,1,0.8295570359254267,246,84,False,0.9042695564152732,-0.07471252048984645,not_corroborated
90,GSE20194--GSE25055,GSM505364,GSM615313,2,0.8746548387330384,83,51,False,0.9042695564152732,-0.02961471768223478,not_corroborated
90,GSE20194--GSE25055,GSM505364,GSM615314,3,0.8958941086650748,26,15,False,0.9042695564152732,-0.008375447750198384,not_corroborated
90,GSE20194--GSE25055,GSM505364,GSM615315,4,0.8610960426187017,136,85,False,0.9042695564152732,-0.04317351379657153,not_corroborated
90,GSE20194--GSE25055,GSM505364,GSM615316,5,0.8044317694702492,288,109,False,0.9042695564152732,-0.09983778694502399,not_corroborated
91,GSE20194--GSE25055,GSM505365,GSM615116,1,0.882125021725898,14,18,False,0.9042695564152732,-0.02214453468937516,not_corroborated
91,GSE20194--GSE25055,GSM505365,GSM615117,2,0.877178796620827,29,48,False,0.9042695564152732,-0.027090759794446195,not_corroborated
91,GSE20194--GSE25055,GSM505365,GSM615118,3,0.8378182863644149,197,75,False,0.9042695564152732,-0.06645127005085827,not_corroborated
91,GSE20194--GSE25055,GSM505365,GSM615119,4,0.8514370689800843,138,9,False,0.9042695564152732,-0.05283248743518887,not_corroborated
91,GSE20194--GSE25055,GSM505365,GSM615120,5,0.88040418027292,16,25,False,0.9042695564152732,-0.02386537614235318,not_corroborated
92,GSE20194--GSE25055,GSM505366,GSM615299,1,0.8709487639953228,39,67,False,0.9042695564152732,-0.03332079241995034,not_corroborated
92,GSE20194--GSE25055,GSM505366,GSM615300,2,0.7553894029741055,292,232,False,0.9042695564152732,-0.14888015344116767,not_corroborated
92,GSE20194--GSE25055,GSM505366,GSM615301,3,0.8267021115270822,152,189,False,0.9042695564152732,-0.077567444888191,not_corroborated
92,GSE20194--GSE25055,GSM505366,GSM615302,4,0.8581236583922583,69,145,False,0.9042695564152732,-0.04614589802301483,not_corroborated
92,GSE20194--GSE25055,GSM505366,GSM615303,5,0.8022961312791421,217,227,False,0.9042695564152732,-0.10197342513613106,not_corroborated
93,GSE20194--GSE25055,GSM505368,GSM615115,1,0.8390549414773147,205,51,False,0.9042695564152732,-0.06521461493795844,not_corroborated
93,GSE20194--GSE25055,GSM505368,GSM615116,2,0.8633070341372867,120,73,False,0.9042695564152732,-0.04096252227798647,not_corroborated
93,GSE20194--GSE25055,GSM505368,GSM615117,3,0.8816891305264246,61,35,False,0.9042695564152732,-0.022580425888848565,not_corroborated
93,GSE20194--GSE25055,GSM505368,GSM615118,4,0.849593190938101,179,31,False,0.9042695564152732,-0.05467636547717214,not_corroborated
93,GSE20194--GSE25055,GSM505368,GSM615119,5,0.8014737127137095,282,110,False,0.9042695564152732,-0.1027958437015637,not_corroborated
94,GSE20194--GSE25055,GSM505370,GSM615392,1,0.8675272730989212,85,18,False,0.9042695564152732,-0.03674228331635199,not_corroborated
94,GSE20194--GSE25055,GSM505370,GSM615393,2,0.878393604297901,54,15,False,0.9042695564152732,-0.025875952117372147,not_corroborated
94,GSE20194--GSE25055,GSM505370,GSM615394,3,0.8574746488719341,111,26,False,0.9042695564152732,-0.04679490754333904,not_corroborated
94,GSE20194--GSE25055,GSM505370,GSM615395,4,0.884463983981665,37,49,False,0.9042695564152732,-0.019805572433608143,not_corroborated
94,GSE20194--GSE25055,GSM505370,GSM615396,5,0.8848475455501782,36,26,False,0.9042695564152732,-0.019422010865094985,not_corroborated
95,GSE20194--GSE25055,GSM505371,GSM615336,1,0.8208525084315258,230,148,False,0.9042695564152732,-0.08341704798374738,not_corroborated
95,GSE20194--GSE25055,GSM505371,GSM615337,2,0.8744529759138465,16,27,False,0.9042695564152732,-0.02981658050142666,not_corroborated
95,GSE20194--GSE25055,GSM505371,GSM615338,3,0.8480017144125317,101,88,False,0.9042695564152732,-0.056267842002741486,not_corroborated
95,GSE20194--GSE25055,GSM505371,GSM615339,4,0.8680614644882593,30,34,False,0.9042695564152732,-0.03620809192701391,not_corroborated
95,GSE20194--GSE25055,GSM505371,GSM615340,5,0.855455575042057,72,40,False,0.9042695564152732,-0.04881398137321613,not_corroborated
96,GSE20194--GSE25055,GSM505372,GSM615172,1,0.8097335549926289,266,147,False,0.9042695564152732,-0.09453600142264429,not_corroborated
96,GSE20194--GSE25055,GSM505372,GSM615173,2,0.8368961147455547,157,140,False,0.9042695564152732,-0.06737344166971848,not_corroborated
96,GSE20194--GSE25055,GSM505372,GSM615174,3,0.8249410439142093,216,108,False,0.9042695564152732,-0.07932851250106387,not_corroborated
96,GSE20194--GSE25055,GSM505372,GSM615175,4,0.8601575081239657,65,11,False,0.9042695564152732,-0.04411204829130744,not_corroborated
96,GSE20194--GSE25055,GSM505372,GSM615176,5,0.8036165328005631,279,106,False,0.9042695564152732,-0.10065302361471007,not_corroborated
97,GSE20194--GSE25055,GSM505374,GSM615182,1,0.8375201014849784,156,123,False,0.9042695564152732,-0.06674945493029483,not_corroborated
97,GSE20194--GSE25055,GSM505374,GSM615183,2,0.8439673735347086,117,129,False,0.9042695564152732,-0.06030218288056455,not_corroborated
97,GSE20194--GSE25055,GSM505374,GSM615184,3,0.7764876291908631,295,170,False,0.9042695564152732,-0.12778192722441006,not_corroborated
97,GSE20194--GSE25055,GSM505374,GSM615185,4,0.7668911817708447,301,173,False,0.9042695564152732,-0.13737837464442848,not_corroborated
97,GSE20194--GSE25055,GSM505374,GSM615186,5,0.8804183191499577,16,72,False,0.9042695564152732,-0.02385123726531546,not_corroborated
98,GSE20194--GSE25055,GSM505375,GSM615147,1,0.814472904899217,222,65,False,0.9042695564152732,-0.0897966515160562,not_corroborated
98,GSE20194--GSE25055,GSM505375,GSM615148,2,0.7809869478760832,296,178,False,0.9042695564152732,-0.12328260853918993,not_corroborated
98,GSE20194--GSE25055,GSM505375,GSM615149,3,0.8173209673111955,203,199,False,0.9042695564152732,-0.08694858910407766,not_corroborated
98,GSE20194--GSE25055,GSM505375,GSM615150,4,0.8228530233263728,171,117,False,0.9042695564152732,-0.0814165330889004,not_corroborated
98,GSE20194--GSE25055,GSM505375,GSM615151,5,0.79536175458935,285,193,False,0.9042695564152732,-0.10890780182592319,not_corroborated
99,GSE20194--GSE25055,GSM505378,GSM615327,1,0.8385200292441318,172,152,False,0.9042695564152732,-0.06574952717114135,not_corroborated
99,GSE20194--GSE25055,GSM505378,GSM615328,2,0.7943640620049086,270,170,False,0.9042695564152732,-0.10990549441036457,not_corroborated
99,GSE20194--GSE25055,GSM505378,GSM615329,3,0.8808002280861683,31,63,False,0.9042695564152732,-0.023469328329104866,not_corroborated
99,GSE20194--GSE25055,GSM505378,GSM615330,4,0.6907137579496223,309,219,False,0.9042695564152732,-0.21355579846565087,not_corroborated
99,GSE20194--GSE25055,GSM505378,GSM615331,5,0.8351155717760196,182,170,False,0.9042695564152732,-0.0691539846392536,not_corroborated
100,GSE20194--GSE25055,GSM505382,GSM615257,1,0.7706184557437193,297,179,False,0.9042695564152732,-0.13365110067155384,not_corroborated
100,GSE20194--GSE25055,GSM505382,GSM615258,2,0.8434635092752598,138,61,False,0.9042695564152732,-0.060806047140013364,not_corroborated
100,GSE20194--GSE25055,GSM505382,GSM615259,3,0.842784190785841,141,56,False,0.9042695564152732,-0.06148536562943219,not_corroborated
100,GSE20194--GSE25055,GSM505382,GSM615260,4,0.8342454643611226,176,146,False,0.9042695564152732,-0.07002409205415061,not_corroborated
100,GSE20194--GSE25055,GSM505382,GSM615261,5,0.8719304010404112,38,88,False,0.9042695564152732,-0.03233915537486198,not_corroborated
101,GSE20194--GSE25055,GSM505392,GSM615338,1,0.7937737579514103,206,243,False,0.9042695564152732,-0.11049579846386293,not_corroborated
101,GSE20194--GSE25055,GSM505392,GSM615339,2,0.8118022664649228,122,194,False,0.9042695564152732,-0.09246728995035036,not_corroborated
101,GSE20194--GSE25055,GSM505392,GSM615340,3,0.7769002172969802,252,221,False,0.9042695564152732,-0.12736933911829296,not_corroborated
101,GSE20194--GSE25055,GSM505392,GSM615341,4,0.8362334846293292,35,166,False,0.9042695564152732,-0.06803607178594395,not_corroborated
101,GSE20194--GSE25055,GSM505392,GSM615342,5,0.8095213614753153,132,206,False,0.9042695564152732,-0.0947481949399579,not_corroborated
102,GSE20194--GSE25055,GSM505398,GSM615397,1,0.8086422407183923,160,222,False,0.9042695564152732,-0.09562731569688088,not_corroborated
102,GSE20194--GSE25055,GSM505398,GSM615398,2,0.8230595995702386,77,202,False,0.9042695564152732,-0.08120995684503463,not_corroborated
102,GSE20194--GSE25055,GSM505398,GSM615399,3,0.7161180398671126,307,222,False,0.9042695564152732,-0.18815151654816054,not_corroborated
102,GSE20194--GSE25055,GSM505398,GSM615400,4,0.7932274728698963,219,189,False,0.9042695564152732,-0.11104208354537692,not_corroborated
102,GSE20194--GSE25055,GSM505398,GSM615401,5,0.8010136103811526,194,154,False,0.9042695564152732,-0.10325594603412058,not_corroborated
103,GSE20194--GSE25055,GSM505402,GSM615360,1,0.7859869624605983,81,204,False,0.9042695564152732,-0.11828259395467489,not_corroborated
103,GSE20194--GSE25055,GSM505402,GSM615361,2,0.7833898221587711,96,242,False,0.9042695564152732,-0.12087973425650211,not_corroborated
103,GSE20194--GSE25055,GSM505402,GSM615362,3,0.7910994203029681,54,250,False,0.9042695564152732,-0.11317013611230509,not_corroborated
103,GSE20194--GSE25055,GSM505402,GSM615363,4,0.768948327610988,172,256,False,0.9042695564152732,-0.1353212288042852,not_corroborated
103,GSE20194--GSE25055,GSM505402,GSM615364,5,0.7787817091384134,118,251,False,0.9042695564152732,-0.1254878472768598,not_corroborated
104,GSE20194--GSE25055,GSM505408,GSM615192,1,0.8634851160945273,27,114,False,0.9042695564152732,-0.04078444032074591,not_corroborated
104,GSE20194--GSE25055,GSM505408,GSM615193,2,0.7705139473560922,242,220,False,0.9042695564152732,-0.13375560905918094,not_corroborated
104,GSE20194--GSE25055,GSM505408,GSM615194,3,0.842193867174564,62,48,False,0.9042695564152732,-0.062075689240709164,not_corroborated
104,GSE20194--GSE25055,GSM505408,GSM615195,4,0.7922635398055111,201,241,False,0.9042695564152732,-0.11200601660976206,not_corroborated
104,GSE20194--GSE25055,GSM505408,GSM615196,5,0.8666911123999624,18,64,False,0.9042695564152732,-0.03757844401531074,not_corroborated
105,GSE20194--GSE25055,GSM505410,GSM615344,1,0.7750412294739435,290,149,False,0.9042695564152732,-0.12922832694132969,not_corroborated
105,GSE20194--GSE25055,GSM505410,GSM615345,2,0.8341843267448131,121,182,False,0.9042695564152732,-0.07008522967046005,not_corroborated
105,GSE20194--GSE25055,GSM505410,GSM615346,3,0.8197737851758385,180,194,False,0.9042695564152732,-0.08449577123943464,not_corroborated
105,GSE20194--GSE25055,GSM505410,GSM615347,4,0.8314944280894228,135,165,False,0.9042695564152732,-0.07277512832585042,not_corroborated
105,GSE20194--GSE25055,GSM505410,GSM615348,5,0.8400473408886411,80,168,False,0.9042695564152732,-0.0642222155266321,not_corroborated
106,GSE20194--GSE25055,GSM505411,GSM615364,1,0.8603894997012911,53,62,False,0.9042695564152732,-0.043880056713982096,not_corroborated
106,GSE20194--GSE25055,GSM505411,GSM615365,2,0.8337266034763403,153,185,False,0.9042695564152732,-0.07054295293893287,not_corroborated
106,GSE20194--GSE25055,GSM505411,GSM615366,3,0.848515769671683,90,150,False,0.9042695564152732,-0.05575378674359022,not_corroborated
106,GSE20194--GSE25055,GSM505411,GSM615367,4,0.8363861931626361,135,153,False,0.9042695564152732,-0.06788336325263711,not_corroborated
106,GSE20194--GSE25055,GSM505411,GSM615368,5,0.8865118650226269,4,24,False,0.9042695564152732,-0.01775769139264627,not_corroborated
107,GSE20194--GSE25055,GSM505412,GSM615342,1,0.8050816409298219,141,214,False,0.9042695564152732,-0.09918791548545125,not_corroborated
107,GSE20194--GSE25055,GSM505412,GSM615343,2,0.8068815307334736,131,214,False,0.9042695564152732,-0.0973880256817996,not_corroborated
107,GSE20194--GSE25055,GSM505412,GSM615344,3,0.7757957993109941,263,144,False,0.9042695564152732,-0.1284737571042791,not_corroborated
107,GSE20194--GSE25055,GSM505412,GSM615345,4,0.8018458581273812,163,238,False,0.9042695564152732,-0.102423698287892,not_corroborated
107,GSE20194--GSE25055,GSM505412,GSM615346,5,0.8364891802344752,24,152,False,0.9042695564152732,-0.06778037618079802,not_corroborated
108,GSE20194--GSE25055,GSM505413,GSM615316,1,0.828217793278168,74,68,False,0.9042695564152732,-0.07605176313710516,not_corroborated
108,GSE20194--GSE25055,GSM505413,GSM615317,2,0.7717273133454772,267,239,False,0.9042695564152732,-0.132542243069796,not_corroborated
108,GSE20194--GSE25055,GSM505413,GSM615318,3,0.7983137023340053,215,45,False,0.9042695564152732,-0.10595585408126784,not_corroborated
108,GSE20194--GSE25055,GSM505413,GSM615319,4,0.8439901639348657,20,64,False,0.9042695564152732,-0.06027939248040748,not_corroborated
108,GSE20194--GSE25055,GSM505413,GSM615320,5,0.8201689207584071,105,187,False,0.9042695564152732,-0.0841006356568661,not_corroborated
109,GSE20194--GSE25055,GSM505415,GSM615139,1,0.8221347303748978,196,187,False,0.9042695564152732,-0.08213482604037536,not_corroborated
109,GSE20194--GSE25055,GSM505415,GSM615140,2,0.7994106003540695,281,174,False,0.9042695564152732,-0.10485895606120366,not_corroborated
109,GSE20194--GSE25055,GSM505415,GSM615141,3,0.8211210758490444,205,182,False,0.9042695564152732,-0.08314848056622881,not_corroborated
109,GSE20194--GSE25055,GSM505415,GSM615142,4,0.8124393066246643,245,145,False,0.9042695564152732,-0.09183024979060883,not_corroborated
109,GSE20194--GSE25055,GSM505415,GSM615143,5,0.7958372572756723,286,165,False,0.9042695564152732,-0.10843229913960084,not_corroborated
110,GSE20194--GSE25055,GSM505416,GSM615282,1,0.8238418520460967,159,29,False,0.9042695564152732,-0.08042770436917646,not_corroborated
110,GSE20194--GSE25055,GSM505416,GSM615283,2,0.7895677416858652,279,208,False,0.9042695564152732,-0.11470181472940799,not_corroborated
110,GSE20194--GSE25055,GSM505416,GSM615284,3,0.743734440669433,309,222,False,0.9042695564152732,-0.16053511574584023,not_corroborated
110,GSE20194--GSE25055,GSM505416,GSM615285,4,0.8320624949485051,114,172,False,0.9042695564152732,-0.07220706146676803,not_corroborated
110,GSE20194--GSE25055,GSM505416,GSM615286,5,0.7587948774467115,302,208,False,0.9042695564152732,-0.1454746789685617,not_corroborated
111,GSE20194--GSE25055,GSM505420,GSM615124,1,0.8155403544924508,224,161,False,0.9042695564152732,-0.08872920192282241,not_corroborated
111,GSE20194--GSE25055,GSM505420,GSM615125,2,0.8326640461217573,178,168,False,0.9042695564152732,-0.07160551029351592,not_corroborated
111,GSE20194--GSE25055,GSM505420,GSM615126,3,0.8602453057866527,77,62,False,0.9042695564152732,-0.044024250628620476,not_corroborated
111,GSE20194--GSE25055,GSM505420,GSM615127,4,0.7997442239285645,256,138,False,0.9042695564152732,-0.1045253324867087,not_corroborated
111,GSE20194--GSE25055,GSM505420,GSM615128,5,0.7591524816518979,292,206,False,0.9042695564152732,-0.14511707476337532,not_corroborated
112,GSE20194--GSE25055,GSM505421,GSM615316,1,0.7754054609721508,288,176,False,0.9042695564152732,-0.12886409544312238,not_corroborated
112,GSE20194--GSE25055,GSM505421,GSM615317,2,0.8417353643889105,66,71,False,0.9042695564152732,-0.06253419202636268,not_corroborated
112,GSE20194--GSE25055,GSM505421,GSM615318,3,0.7197573317753867,310,171,False,0.9042695564152732,-0.18451222463988648,not_corroborated
112,GSE20194--GSE25055,GSM505421,GSM615319,4,0.7964900093166551,250,187,False,0.9042695564152732,-0.10777954709861803,not_corroborated
112,GSE20194--GSE25055,GSM505421,GSM615320,5,0.8302241894764756,113,162,False,0.9042695564152732,-0.0740453669387976,not_corroborated
113,GSE20194--GSE25055,GSM505422,GSM615404,1,0.8369476578744133,82,66,False,0.9042695564152732,-0.0673218985408599,not_corroborated
113,GSE20194--GSE25055,GSM505422,GSM615405,2,0.8135752517499629,148,185,False,0.9042695564152732,-0.09069430466531025,not_corroborated
113,GSE20194--GSE25055,GSM505422,GSM615096,3,0.8387854059497488,78,139,False,0.9042695564152732,-0.06548415046552436,not_corroborated
113,GSE20194--GSE25055,GSM505422,GSM615097,4,0.7886832648915385,219,205,False,0.9042695564152732,-0.11558629152373467,not_corroborated
113,GSE20194--GSE25055,GSM505422,GSM615098,5,0.8134664029324418,149,215,False,0.9042695564152732,-0.09080315348283141,not_corroborated
114,GSE20194--GSE25055,GSM505423,GSM615190,1,0.8199572036127039,66,193,False,0.9042695564152732,-0.08431235280256932,not_corroborated
114,GSE20194--GSE25055,GSM505423,GSM615191,2,0.8258358500096736,50,174,False,0.9042695564152732,-0.07843370640559955,not_corroborated
114,GSE20194--GSE25055,GSM505423,GSM615192,3,0.8026058412781872,133,245,False,0.9042695564152732,-0.10166371513708594,not_corroborated
114,GSE20194--GSE25055,GSM505423,GSM615193,4,0.7434691324160415,297,246,False,0.9042695564152732,-0.16080042399923167,not_corroborated
114,GSE20194--GSE25055,GSM505423,GSM615194,5,0.803283374421805,126,169,False,0.9042695564152732,-0.1009861819934682,not_corroborated
115,GSE20194--GSE25055,GSM505424,GSM615401,1,0.7425137586738191,301,239,False,0.9042695564152732,-0.1617557977414541,not_corroborated
115,GSE20194--GSE25055,GSM505424,GSM615402,2,0.761997745904534,280,235,False,0.9042695564152732,-0.14227181051073923,not_corroborated
115,GSE20194--GSE25055,GSM505424,GSM615403,3,0.7336564779431173,304,223,False,0.9042695564152732,-0.1706130784721559,not_corroborated
115,GSE20194--GSE25055,GSM505424,GSM615404,4,0.7444823133642526,300,230,False,0.9042695564152732,-0.15978724305102054,not_corroborated
115,GSE20194--GSE25055,GSM505424,GSM615405,5,0.7636992530962533,278,243,False,0.9042695564152732,-0.14057030331901987,not_corroborated
116,GSE20194--GSE25055,GSM505426,GSM615097,1,0.834782595005207,173,87,False,0.9042695564152732,-0.06948696141006616,not_corroborated
116,GSE20194--GSE25055,GSM505426,GSM615098,2,0.8400714262931469,151,150,False,0.9042695564152732,-0.06419813012212627,not_corroborated
116,GSE20194--GSE25055,GSM505426,GSM615099,3,0.8469926294219801,119,145,False,0.9042695564152732,-0.05727692699329312,not_corroborated
116,GSE20194--GSE25055,GSM505426,GSM615100,4,0.8561230191658183,88,72,False,0.9042695564152732,-0.048146537249454835,not_corroborated
116,GSE20194--GSE25055,GSM505426,GSM615101,5,0.8202580162194112,235,158,False,0.9042695564152732,-0.08401154019586199,not_corroborated
117,GSE20194--GSE25055,GSM505427,GSM615353,1,0.8623340318515078,52,71,False,0.9042695564152732,-0.04193552456376537,not_corroborated
117,GSE20194--GSE25055,GSM505427,GSM615354,2,0.8537300075915474,97,116,False,0.9042695564152732,-0.0505395488237258,not_corroborated
117,GSE20194--GSE25055,GSM505427,GSM615355,3,0.869138905312456,28,105,False,0.9042695564152732,-0.03513065110281721,not_corroborated
117,GSE20194--GSE25055,GSM505427,GSM615356,4,0.9041604315536753,2,6,False,0.9042695564152732,-0.00010912486159786461,not_corroborated
117,GSE20194--GSE25055,GSM505427,GSM615357,5,0.8718378843651138,23,78,False,0.9042695564152732,-0.0324316720501594,not_corroborated
118,GSE20194--GSE25055,GSM505428,GSM615361,1,0.8501824193137691,128,97,False,0.9042695564152732,-0.054087137101504035,not_corroborated
118,GSE20194--GSE25055,GSM505428,GSM615362,2,0.8590277907542085,98,125,False,0.9042695564152732,-0.04524176566106464,not_corroborated
118,GSE20194--GSE25055,GSM505428,GSM615363,3,0.8780575918804325,45,11,False,0.9042695564152732,-0.026211964534840648,not_corroborated
118,GSE20194--GSE25055,GSM505428,GSM615364,4,0.8854615019430818,29,12,False,0.9042695564152732,-0.01880805447219136,not_corroborated
118,GSE20194--GSE25055,GSM505428,GSM615365,5,0.8444970219314447,151,158,False,0.9042695564152732,-0.059772534483828466,not_corroborated
119,GSE20194--GSE25055,GSM505430,GSM615375,1,0.8263260014722645,207,148,False,0.9042695564152732,-0.07794355494300864,not_corroborated
119,GSE20194--GSE25055,GSM505430,GSM615376,2,0.8471890649575744,113,111,False,0.9042695564152732,-0.05708049145769878,not_corroborated
119,GSE20194--GSE25055,GSM505430,GSM615377,3,0.8037365044062446,260,132,False,0.9042695564152732,-0.10053305200902862,not_corroborated
119,GSE20194--GSE25055,GSM505430,GSM615378,4,0.8341548336144886,176,164,False,0.9042695564152732,-0.07011472280078457,not_corroborated
119,GSE20194--GSE25055,GSM505430,GSM615379,5,0.7930555865375604,279,172,False,0.9042695564152732,-0.11121396987771281,not_corroborated
120,GSE20194--GSE25055,GSM505432,GSM615148,1,0.8063632970945948,288,119,False,0.9042695564152732,-0.09790625932067842,not_corroborated
120,GSE20194--GSE25055,GSM505432,GSM615149,2,0.8638829813842132,107,35,False,0.9042695564152732,-0.040386575031060024,not_corroborated
120,GSE20194--GSE25055,GSM505432,GSM615150,3,0.8460834735048648,189,54,False,0.9042695564152732,-0.05818608291040839,not_corroborated
120,GSE20194--GSE25055,GSM505432,GSM615151,4,0.826962580627222,254,81,False,0.9042695564152732,-0.07730697578805112,not_corroborated
120,GSE20194--GSE25055,GSM505432,GSM615152,5,0.8478452647555503,185,70,False,0.9042695564152732,-0.05642429165972285,not_corroborated
121,GSE20194--GSE20271,GSM505435,GSM508021,1,0.6459705739919718,112,228,False,0.7862978983691539,-0.1403273243771821,not_corroborated
121,GSE20194--GSE20271,GSM505435,GSM508022,2,0.5948493734760578,150,137,False,0.7862978983691539,-0.19144852489309605,not_corroborated
121,GSE20194--GSE20271,GSM505435,GSM508023,3,0.6882132624113887,43,236,False,0.7862978983691539,-0.09808463595776518,not_corroborated
121,GSE20194--GSE20271,GSM505435,GSM508024,4,0.7013897290972719,27,234,False,0.7862978983691539,-0.08490816927188194,not_corroborated
121,GSE20194--GSE20271,GSM505435,GSM508025,5,0.44564844675921117,175,107,False,0.7862978983691539,-0.3406494516099427,not_corroborated
122,GSE20194--GSE20271,GSM505448,GSM508027,1,0.7040839109062043,61,159,False,0.7862978983691539,-0.08221398746294961,not_corroborated
122,GSE20194--GSE20271,GSM505448,GSM508028,2,0.6699744826308148,100,178,False,0.7862978983691539,-0.11632341573833904,not_corroborated
122,GSE20194--GSE20271,GSM505448,GSM508029,3,0.5838794000196517,143,222,False,0.7862978983691539,-0.2024184983495022,not_corroborated
122,GSE20194--GSE20271,GSM505448,GSM508030,4,0.7181294232989962,47,95,False,0.7862978983691539,-0.06816847507015766,not_corroborated
122,GSE20194--GSE20271,GSM505448,GSM508031,5,0.6485616430004877,120,204,False,0.7862978983691539,-0.13773625536866618,not_corroborated
123,GSE20194--GSE25055,GSM505448,GSM615277,1,0.8695888278211835,17,116,False,0.9042695564152732,-0.03468072859408966,not_corroborated
123,GSE20194--GSE25055,GSM505448,GSM615278,2,0.8251118531717307,141,172,False,0.9042695564152732,-0.07915770324354243,not_corroborated
123,GSE20194--GSE25055,GSM505448,GSM615279,3,0.8683421381708115,20,6,False,0.9042695564152732,-0.03592741824446166,not_corroborated
123,GSE20194--GSE25055,GSM505448,GSM615280,4,0.8594471737914497,37,22,False,0.9042695564152732,-0.04482238262382343,not_corroborated
123,GSE20194--GSE25055,GSM505448,GSM615281,5,0.8428695311533285,66,19,False,0.9042695564152732,-0.06140002526194466,not_corroborated
124,GSE20194--GSE25055,GSM505449,GSM615295,1,0.7988066170313338,179,223,False,0.9042695564152732,-0.10546293938393936,not_corroborated
124,GSE20194--GSE25055,GSM505449,GSM615296,2,0.8649592026412074,8,33,False,0.9042695564152732,-0.039310353774065776,not_corroborated
124,GSE20194--GSE25055,GSM505449,GSM615297,3,0.8057646893670413,151,233,False,0.9042695564152732,-0.09850486704823191,not_corroborated
124,GSE20194--GSE25055,GSM505449,GSM615298,4,0.7061752423465829,296,260,False,0.9042695564152732,-0.19809431406869027,not_corroborated
124,GSE20194--GSE25055,GSM505449,GSM615299,5,0.8092958463167181,141,228,False,0.9042695564152732,-0.09497371009855504,not_corroborated
125,GSE20194--GSE20271,GSM505450,GSM508189,1,0.5561744695349261,151,236,False,0.7862978983691539,-0.23012342883422776,not_corroborated
125,GSE20194--GSE20271,GSM505450,GSM508012,2,0.7157601450892138,41,164,False,0.7862978983691539,-0.07053775327994005,not_corroborated
125,GSE20194--GSE20271,GSM505450,GSM508013,3,0.6541481045651386,105,220,False,0.7862978983691539,-0.13214979380401526,not_corroborated
125,GSE20194--GSE20271,GSM505450,GSM508014,4,0.6321896168780903,121,228,False,0.7862978983691539,-0.1541082814910636,not_corroborated
125,GSE20194--GSE20271,GSM505450,GSM508015,5,0.5655043346519671,148,248,False,0.7862978983691539,-0.22079356371718672,not_corroborated
126,GSE20194--GSE25055,GSM505450,GSM615237,1,0.8442906272955246,56,182,False,0.9042695564152732,-0.05997892911974856,not_corroborated
126,GSE20194--GSE25055,GSM505450,GSM615238,2,0.7637103828693349,275,227,False,0.9042695564152732,-0.14055917354593828,not_corroborated
126,GSE20194--GSE25055,GSM505450,GSM615239,3,0.7348830412421918,297,221,False,0.9042695564152732,-0.16938651517308134,not_corroborated
126,GSE20194--GSE25055,GSM505450,GSM615240,4,0.7880216713375856,241,180,False,0.9042695564152732,-0.11624788507768757,not_corroborated
126,GSE20194--GSE25055,GSM505450,GSM615241,5,0.8135953347947502,175,160,False,0.9042695564152732,-0.09067422162052297,not_corroborated
127,GSE20194--GSE25055,GSM505451,GSM615240,1,0.7757774345567666,259,202,False,0.9042695564152732,-0.12849212185850656,not_corroborated
127,GSE20194--GSE25055,GSM505451,GSM615241,2,0.8402291178690774,118,86,False,0.9042695564152732,-0.06404043854619579,not_corroborated
127,GSE20194--GSE25055,GSM505451,GSM615242,3,0.8304976267808976,143,158,False,0.9042695564152732,-0.07377192963437562,not_corroborated
127,GSE20194--GSE25055,GSM505451,GSM615243,4,0.8829825590770086,14,28,False,0.9042695564152732,-0.021286997338264557,not_corroborated
127,GSE20194--GSE25055,GSM505451,GSM615244,5,0.7380312163717965,289,239,False,0.9042695564152732,-0.1662383400434767,not_corroborated
128,GSE20194--GSE20271,GSM505452,GSM508180,1,0.6703478043051788,89,200,False,0.7862978983691539,-0.11595009406397505,not_corroborated
128,GSE20194--GSE20271,GSM505452,GSM508181,2,0.6816497724525087,75,215,False,0.7862978983691539,-0.10464812591664518,not_corroborated
128,GSE20194--GSE20271,GSM505452,GSM508182,3,0.6336008712666323,126,192,False,0.7862978983691539,-0.15269702710252153,not_corroborated
128,GSE20194--GSE20271,GSM505452,GSM508183,4,0.6524207140502546,113,234,False,0.7862978983691539,-0.13387718431889928,not_corroborated
128,GSE20194--GSE20271,GSM505452,GSM508184,5,0.697949086944541,58,130,False,0.7862978983691539,-0.08834881142461282,not_corroborated
129,GSE20194--GSE25055,GSM505452,GSM615284,1,0.8126647659038939,125,83,False,0.9042695564152732,-0.09160479051137926,not_corroborated
129,GSE20194--GSE25055,GSM505452,GSM615285,2,0.8383868924593966,41,149,False,0.9042695564152732,-0.06588266395587661,not_corroborated
129,GSE20194--GSE25055,GSM505452,GSM615286,3,0.8415949535074718,32,27,False,0.9042695564152732,-0.06267460290780136,not_corroborated
129,GSE20194--GSE25055,GSM505452,GSM615287,4,0.716615429104818,307,217,False,0.9042695564152732,-0.18765412731045517,not_corroborated
129,GSE20194--GSE25055,GSM505452,GSM615288,5,0.8661364090916892,7,23,False,0.9042695564152732,-0.03813314732358397,not_corroborated
130,GSE20194--GSE20271,GSM505453,GSM508164,1,0.6880688771099156,40,235,False,0.7862978983691539,-0.09822902125923827,not_corroborated
130,GSE20194--GSE20271,GSM505453,GSM508165,2,0.685946490710882,43,230,False,0.7862978983691539,-0.10035140765827189,not_corroborated
130,GSE20194--GSE20271,GSM505453,GSM508166,3,0.7068449831123609,19,241,False,0.7862978983691539,-0.07945291525679299,not_corroborated
130,GSE20194--GSE20271,GSM505453,GSM508167,4,0.606787468155466,124,247,False,0.7862978983691539,-0.17951043021368784,not_corroborated
130,GSE20194--GSE20271,GSM505453,GSM508168,5,0.6595613568534211,73,228,False,0.7862978983691539,-0.12673654151573277,not_corroborated
131,GSE20194--GSE25055,GSM505453,GSM615359,1,0.7297049642582153,272,263,False,0.9042695564152732,-0.17456459215705789,not_corroborated
131,GSE20194--GSE25055,GSM505453,GSM615360,2,0.7389003417068045,256,253,False,0.9042695564152732,-0.16536921470846866,not_corroborated
131,GSE20194--GSE25055,GSM505453,GSM615361,3,0.7572798634540707,228,259,False,0.9042695564152732,-0.14698969296120246,not_corroborated
131,GSE20194--GSE25055,GSM505453,GSM615362,4,0.7958464438437386,104,246,False,0.9042695564152732,-0.10842311257153459,not_corroborated
131,GSE20194--GSE25055,GSM505453,GSM615363,5,0.7867840229689234,143,238,False,0.9042695564152732,-0.11748553344634982,not_corroborated
132,GSE20194--GSE25055,GSM505454,GSM615137,1,0.8104935199826407,107,224,False,0.9042695564152732,-0.09377603643263244,not_corroborated
132,GSE20194--GSE25055,GSM505454,GSM615138,2,0.7781249295919964,197,249,False,0.9042695564152732,-0.12614462682327676,not_corroborated
132,GSE20194--GSE25055,GSM505454,GSM615139,3,0.8056945076750534,125,219,False,0.9042695564152732,-0.09857504874021983,not_corroborated
132,GSE20194--GSE25055,GSM505454,GSM615140,4,0.774889132819714,206,226,False,0.9042695564152732,-0.12938042359555912,not_corroborated
132,GSE20194--GSE25055,GSM505454,GSM615141,5,0.8154822581107339,91,195,False,0.9042695564152732,-0.08878729830453924,not_corroborated
133,GSE20194--GSE25055,GSM505455,GSM615183,1,0.7827800497335313,224,247,False,0.9042695564152732,-0.12148950668174185,not_corroborated
133,GSE20194--GSE25055,GSM505455,GSM615184,2,0.8348509173112315,65,28,False,0.9042695564152732,-0.06941863910404167,not_corroborated
133,GSE20194--GSE25055,GSM505455,GSM615185,3,0.690022780230112,304,255,False,0.9042695564152732,-0.2142467761851612,not_corroborated
133,GSE20194--GSE25055,GSM505455,GSM615186,4,0.8504141119364765,32,161,False,0.9042695564152732,-0.053855444478796644,not_corroborated
133,GSE20194--GSE25055,GSM505455,GSM615187,5,0.8405189753257275,49,164,False,0.9042695564152732,-0.06375058108954568,not_corroborated
134,GSE20194--GSE25055,GSM505456,GSM615231,1,0.8195726222457282,109,196,False,0.9042695564152732,-0.08469693416954494,not_corroborated
134,GSE20194--GSE25055,GSM505456,GSM615232,2,0.8437613085870584,50,140,False,0.9042695564152732,-0.060508247828214734,not_corroborated
134,GSE20194--GSE25055,GSM505456,GSM615233,3,0.6821863736395831,302,256,False,0.9042695564152732,-0.22208318277569006,not_corroborated
134,GSE20194--GSE25055,GSM505456,GSM615234,4,0.8131734190251634,129,151,False,0.9042695564152732,-0.0910961373901098,not_corroborated
134,GSE20194--GSE25055,GSM505456,GSM615235,5,0.8356009930501265,66,93,False,0.9042695564152732,-0.0686685633651467,not_corroborated
135,GSE20194--GSE20271,GSM505457,GSM508084,1,0.6988854868474275,44,121,False,0.7862978983691539,-0.08741241152172641,not_corroborated
135,GSE20194--GSE20271,GSM505457,GSM508085,2,0.6800328177291911,70,227,False,0.7862978983691539,-0.10626508063996276,not_corroborated
135,GSE20194--GSE20271,GSM505457,GSM508086,3,0.6816568090618988,69,203,False,0.7862978983691539,-0.10464108930725502,not_corroborated
135,GSE20194--GSE20271,GSM505457,GSM508087,4,0.5735530311517193,146,240,False,0.7862978983691539,-0.21274486721743457,not_corroborated
135,GSE20194--GSE20271,GSM505457,GSM508088,5,0.6127796670157414,133,231,False,0.7862978983691539,-0.1735182313534125,not_corroborated
136,GSE20194--GSE25055,GSM505457,GSM615161,1,0.8144257063912048,76,222,False,0.9042695564152732,-0.08984385002406836,not_corroborated
136,GSE20194--GSE25055,GSM505457,GSM615162,2,0.7878692631558806,174,241,False,0.9042695564152732,-0.1164002932593926,not_corroborated
136,GSE20194--GSE25055,GSM505457,GSM615163,3,0.7833413998926044,189,226,False,0.9042695564152732,-0.12092815652266875,not_corroborated
136,GSE20194--GSE25055,GSM505457,GSM615164,4,0.7904747699960515,164,238,False,0.9042695564152732,-0.1137947864192217,not_corroborated
136,GSE20194--GSE25055,GSM505457,GSM615165,5,0.7883279922529737,172,243,False,0.9042695564152732,-0.1159415641622995,not_corroborated
137,GSE20194--GSE25055,GSM505458,GSM615363,1,0.8285213048583397,116,151,False,0.9042695564152732,-0.07574825155693343,not_corroborated
137,GSE20194--GSE25055,GSM505458,GSM615364,2,0.8262460213331332,123,172,False,0.9042695564152732,-0.07802353508214,not_corroborated
137,GSE20194--GSE25055,GSM505458,GSM615365,3,0.8400202715258948,67,170,False,0.9042695564152732,-0.06424928488937842,not_corroborated
137,GSE20194--GSE25055,GSM505458,GSM615366,4,0.8177631169998625,154,219,False,0.9042695564152732,-0.0865064394154107,not_corroborated
137,GSE20194--GSE25055,GSM505458,GSM615367,5,0.8054726973185413,205,224,False,0.9042695564152732,-0.09879685909673186,not_corroborated
138,GSE20194--GSE25055,GSM505459,GSM615385,1,0.7458048075679975,279,232,False,0.9042695564152732,-0.15846474884727568,not_corroborated
138,GSE20194--GSE25055,GSM505459,GSM615386,2,0.6878672503810526,306,255,False,0.9042695564152732,-0.21640230603422062,not_corroborated
138,GSE20194--GSE25055,GSM505459,GSM615387,3,0.7298508499207137,291,247,False,0.9042695564152732,-0.17441870649455948,not_corroborated
138,GSE20194--GSE25055,GSM505459,GSM615388,4,0.7946705645282423,200,239,False,0.9042695564152732,-0.10959899188703093,not_corroborated
138,GSE20194--GSE25055,GSM505459,GSM615389,5,0.779516148433214,235,228,False,0.9042695564152732,-0.12475340798205914,not_corroborated
139,GSE20194--GSE25055,GSM505460,GSM615116,1,0.7999503671073298,113,225,False,0.9042695564152732,-0.10431918930794337,not_corroborated
139,GSE20194--GSE25055,GSM505460,GSM615117,2,0.8346972141251776,30,180,False,0.9042695564152732,-0.06957234229009557,not_corroborated
139,GSE20194--GSE25055,GSM505460,GSM615118,3,0.7751526417574622,180,236,False,0.9042695564152732,-0.12911691465781094,not_corroborated
139,GSE20194--GSE25055,GSM505460,GSM615119,4,0.7173953556019916,283,252,False,0.9042695564152732,-0.18687420081328154,not_corroborated
139,GSE20194--GSE25055,GSM505460,GSM615120,5,0.7578625916622796,226,258,False,0.9042695564152732,-0.14640696475299353,not_corroborated
140,GSE20194--GSE25055,GSM505462,GSM615207,1,0.7369936831950983,233,261,False,0.9042695564152732,-0.1672758732201749,not_corroborated
140,GSE20194--GSE25055,GSM505462,GSM615208,2,0.7402821029650218,212,258,False,0.9042695564152732,-0.16398745345025134,not_corroborated
140,GSE20194--GSE25055,GSM505462,GSM615209,3,0.7827499754577816,33,238,False,0.9042695564152732,-0.1215195809574916,not_corroborated
140,GSE20194--GSE25055,GSM505462,GSM615210,4,0.7498203520234769,158,257,False,0.9042695564152732,-0.15444920439179632,not_corroborated
140,GSE20194--GSE25055,GSM505462,GSM615211,5,0.7903615332511744,14,253,False,0.9042695564152732,-0.11390802316409876,not_corroborated
141,GSE20194--GSE20271,GSM505464,GSM508130,1,0.7404027199774015,15,72,False,0.7862978983691539,-0.04589517839175239,not_corroborated
141,GSE20194--GSE20271,GSM505464,GSM508131,2,0.5396719790585586,154,251,False,0.7862978983691539,-0.2466259193105953,not_corroborated
141,GSE20194--GSE20271,GSM505464,GSM508132,3,0.4458322591456196,173,251,False,0.7862978983691539,-0.3404656392235343,not_corroborated
141,GSE20194--GSE20271,GSM505464,GSM508133,4,0.684966602690006,66,106,False,0.7862978983691539,-0.10133129567914789,not_corroborated
141,GSE20194--GSE20271,GSM505464,GSM508134,5,0.32576977265725077,177,263,False,0.7862978983691539,-0.4605281257119031,not_corroborated
142,GSE20194--GSE25055,GSM505464,GSM615268,1,0.7665607293504726,264,230,False,0.9042695564152732,-0.1377088270648006,not_corroborated
142,GSE20194--GSE25055,GSM505464,GSM615269,2,0.8282554950876223,96,32,False,0.9042695564152732,-0.07601406132765087,not_corroborated
142,GSE20194--GSE25055,GSM505464,GSM615270,3,0.812799242396472,145,220,False,0.9042695564152732,-0.09147031401880112,not_corroborated
142,GSE20194--GSE25055,GSM505464,GSM615271,4,0.8265889991137978,102,202,False,0.9042695564152732,-0.07768055730147538,not_corroborated
142,GSE20194--GSE25055,GSM505464,GSM615272,5,0.7010455904227411,303,238,False,0.9042695564152732,-0.20322396599253212,not_corroborated
143,GSE20194--GSE20271,GSM505465,GSM508059,1,0.7104132481532092,45,157,False,0.7862978983691539,-0.0758846502159447,not_corroborated
143,GSE20194--GSE20271,GSM505465,GSM508060,2,0.5477497803270293,146,258,False,0.7862978983691539,-0.2385481180421246,not_corroborated
143,GSE20194--GSE20271,GSM505465,GSM508061,3,0.710689957194616,43,155,False,0.7862978983691539,-0.07560794117453784,not_corroborated
143,GSE20194--GSE20271,GSM505465,GSM508062,4,0.6087856598655963,130,233,False,0.7862978983691539,-0.17751223850355757,not_corroborated
143,GSE20194--GSE20271,GSM505465,GSM508063,5,0.4909848251306593,164,255,False,0.7862978983691539,-0.2953130732384946,not_corroborated
144,GSE20194--GSE25055,GSM505465,GSM615112,1,0.8288104247073349,128,159,False,0.9042695564152732,-0.07545913170793828,not_corroborated
144,GSE20194--GSE25055,GSM505465,GSM615113,2,0.7296121681860788,295,232,False,0.9042695564152732,-0.1746573882291944,not_corroborated
144,GSE20194--GSE25055,GSM505465,GSM615114,3,0.8244241863047626,142,156,False,0.9042695564152732,-0.07984537011051063,not_corroborated
144,GSE20194--GSE25055,GSM505465,GSM615115,4,0.7886012549343716,235,211,False,0.9042695564152732,-0.11566830148090157,not_corroborated
144,GSE20194--GSE25055,GSM505465,GSM615116,5,0.813178540369222,174,210,False,0.9042695564152732,-0.09109101604605119,not_corroborated
145,GSE20194--GSE20271,GSM505466,GSM508160,1,0.7188423057306839,16,117,False,0.7862978983691539,-0.06745559263847001,not_corroborated
145,GSE20194--GSE20271,GSM505466,GSM508161,2,0.4351008235344764,172,271,False,0.7862978983691539,-0.3511970748346775,not_corroborated
145,GSE20194--GSE20271,GSM505466,GSM508162,3,0.649835350325191,73,226,False,0.7862978983691539,-0.13646254804396285,not_corroborated
145,GSE20194--GSE20271,GSM505466,GSM508163,4,0.7575162555316102,3,133,False,0.7862978983691539,-0.028781642837543697,not_corroborated
145,GSE20194--GSE20271,GSM505466,GSM508164,5,0.6765547992643235,53,247,False,0.7862978983691539,-0.10974309910483038,not_corroborated
146,GSE20194--GSE25055,GSM505466,GSM615354,1,0.8096124741814967,91,228,False,0.9042695564152732,-0.09465708223377645,not_corroborated
146,GSE20194--GSE25055,GSM505466,GSM615355,2,0.7677566721529774,199,261,False,0.9042695564152732,-0.1365128842622958,not_corroborated
146,GSE20194--GSE25055,GSM505466,GSM615356,3,0.7874022164148905,156,258,False,0.9042695564152732,-0.11686734000038268,not_corroborated
146,GSE20194--GSE25055,GSM505466,GSM615357,4,0.8494531404785848,13,151,False,0.9042695564152732,-0.0548164159366884,not_corroborated
146,GSE20194--GSE25055,GSM505466,GSM615358,5,0.7947568925635558,133,230,False,0.9042695564152732,-0.10951266385171743,not_corroborated
147,GSE20194--GSE25055,GSM505467,GSM615219,1,0.7920931496432482,217,217,False,0.9042695564152732,-0.112176406772025,not_corroborated
147,GSE20194--GSE25055,GSM505467,GSM615220,2,0.7964791966589859,204,230,False,0.9042695564152732,-0.10779035975628726,not_corroborated
147,GSE20194--GSE25055,GSM505467,GSM615221,3,0.8014900476499016,185,229,False,0.9042695564152732,-0.10277950876537156,not_corroborated
147,GSE20194--GSE25055,GSM505467,GSM615222,4,0.7683823506402612,270,184,False,0.9042695564152732,-0.135887205775012,not_corroborated
147,GSE20194--GSE25055,GSM505467,GSM615223,5,0.8240207386662336,106,126,False,0.9042695564152732,-0.08024881774903958,not_corroborated
148,GSE20194--GSE25055,GSM505468,GSM615220,1,0.8154624921813585,69,191,False,0.9042695564152732,-0.08880706423391471,not_corroborated
148,GSE20194--GSE25055,GSM505468,GSM615221,2,0.7985527710332623,182,234,False,0.9042695564152732,-0.1057167853820109,not_corroborated
148,GSE20194--GSE25055,GSM505468,GSM615222,3,0.7820789508635283,262,147,False,0.9042695564152732,-0.12219060555174488,not_corroborated
148,GSE20194--GSE25055,GSM505468,GSM615223,4,0.8081128158391275,103,175,False,0.9042695564152732,-0.09615674057614565,not_corroborated
148,GSE20194--GSE25055,GSM505468,GSM615224,5,0.7572348931358498,297,186,False,0.9042695564152732,-0.14703466327942338,not_corroborated
149,GSE20194--GSE25055,GSM505469,GSM615113,1,0.7012768290255853,300,256,False,0.9042695564152732,-0.20299272738968788,not_corroborated
149,GSE20194--GSE25055,GSM505469,GSM615114,2,0.8033652153438843,145,203,False,0.9042695564152732,-0.1009043410713889,not_corroborated
149,GSE20194--GSE25055,GSM505469,GSM615115,3,0.7753577819015757,225,238,False,0.9042695564152732,-0.1289117745136975,not_corroborated
149,GSE20194--GSE25055,GSM505469,GSM615116,4,0.7927912771278685,174,242,False,0.9042695564152732,-0.11147827928740472,not_corroborated
149,GSE20194--GSE25055,GSM505469,GSM615117,5,0.8067598017216746,135,238,False,0.9042695564152732,-0.09750975469359857,not_corroborated
150,GSE20194--GSE20271,GSM505470,GSM508111,1,0.3886635657380082,29,274,False,0.7862978983691539,-0.39763433263114567,not_corroborated
150,GSE20194--GSE20271,GSM505470,GSM508112,2,0.37856569039897686,76,274,False,0.7862978983691539,-0.407732207970177,not_corroborated
150,GSE20194--GSE20271,GSM505470,GSM508113,3,0.37711254464537963,81,273,False,0.7862978983691539,-0.40918535372377424,not_corroborated
150,GSE20194--GSE20271,GSM505470,GSM508114,4,0.36266331779007743,139,274,False,0.7862978983691539,-0.42363458057907644,not_corroborated
150,GSE20194--GSE20271,GSM505470,GSM508115,5,0.35028024313202333,167,274,False,0.7862978983691539,-0.43601765523713054,not_corroborated
151,GSE20194--GSE20271,GSM505471,GSM508123,1,0.6387241920581024,104,242,False,0.7862978983691539,-0.1475737063110515,not_corroborated
151,GSE20194--GSE20271,GSM505471,GSM508124,2,0.7979393175546688,2,64,False,0.7862978983691539,0.011641419185514978,not_corroborated
151,GSE20194--GSE20271,GSM505471,GSM508125,3,0.6529518977326207,94,246,False,0.7862978983691539,-0.13334600063653312,not_corroborated
151,GSE20194--GSE20271,GSM505471,GSM508126,4,0.5816492712145795,139,234,False,0.7862978983691539,-0.20464862715457433,not_corroborated
151,GSE20194--GSE20271,GSM505471,GSM508128,5,0.7539873533144242,11,69,False,0.7862978983691539,-0.032310545054729634,not_corroborated
152,GSE20194--GSE25055,GSM505471,GSM615198,1,0.8425799111839916,34,168,False,0.9042695564152732,-0.06168964523128162,not_corroborated
152,GSE20194--GSE25055,GSM505471,GSM615199,2,0.8286154615930823,61,209,False,0.9042695564152732,-0.07565409482219088,not_corroborated
152,GSE20194--GSE25055,GSM505471,GSM615200,3,0.8566536356726014,8,68,False,0.9042695564152732,-0.047615920742671736,not_corroborated
152,GSE20194--GSE25055,GSM505471,GSM615201,4,0.8353912791797588,48,170,False,0.9042695564152732,-0.06887827723551443,not_corroborated
152,GSE20194--GSE25055,GSM505471,GSM615202,5,0.8442920158978142,30,181,False,0.9042695564152732,-0.05997754051745896,not_corroborated
153,GSE20194--GSE20271,GSM505472,GSM508134,1,0.3488603428082985,177,243,False,0.7862978983691539,-0.4374375555608554,not_corroborated
153,GSE20194--GSE20271,GSM505472,GSM508135,2,0.7234288018176082,17,155,False,0.7862978983691539,-0.06286909655154571,not_corroborated
153,GSE20194--GSE20271,GSM505472,GSM508136,3,0.6514994518681057,101,223,False,0.7862978983691539,-0.13479844650104822,not_corroborated
153,GSE20194--GSE20271,GSM505472,GSM508137,4,0.6597680392680859,87,241,False,0.7862978983691539,-0.12652985910106795,not_corroborated
153,GSE20194--GSE20271,GSM505472,GSM508138,5,0.6710003733412322,73,236,False,0.7862978983691539,-0.11529752502792168,not_corroborated
154,GSE20194--GSE25055,GSM505472,GSM615108,1,0.7734174923923592,230,243,False,0.9042695564152732,-0.13085206402291394,not_corroborated
154,GSE20194--GSE25055,GSM505472,GSM615109,2,0.7616516877737195,259,254,False,0.9042695564152732,-0.14261786864155368,not_corroborated
154,GSE20194--GSE25055,GSM505472,GSM615110,3,0.7206343039706179,306,237,False,0.9042695564152732,-0.18363525244465528,not_corroborated
154,GSE20194--GSE25055,GSM505472,GSM615111,4,0.7433212742118596,292,249,False,0.9042695564152732,-0.16094828220341362,not_corroborated
154,GSE20194--GSE25055,GSM505472,GSM615112,5,0.7830953406844354,185,246,False,0.9042695564152732,-0.12117421573083775,not_corroborated
155,GSE20194--GSE25055,GSM505473,GSM615230,1,0.7537540122503666,226,253,False,0.9042695564152732,-0.15051554416490653,not_corroborated
155,GSE20194--GSE25055,GSM505473,GSM615231,2,0.7675941372328429,196,255,False,0.9042695564152732,-0.1366754191824303,not_corroborated
155,GSE20194--GSE25055,GSM505473,GSM615232,3,0.7793978294598349,169,249,False,0.9042695564152732,-0.12487172695543824,not_corroborated
155,GSE20194--GSE25055,GSM505473,GSM615233,4,0.6654258112879543,306,263,False,0.9042695564152732,-0.23884374512731887,not_corroborated
155,GSE20194--GSE25055,GSM505473,GSM615234,5,0.7994035986692841,117,195,False,0.9042695564152732,-0.10486595774598906,not_corroborated
156,GSE20194--GSE20271,GSM505474,GSM508062,1,0.606636300495726,118,238,False,0.7862978983691539,-0.17966159787342784,not_corroborated
156,GSE20194--GSE20271,GSM505474,GSM508063,2,0.4802767135676358,164,262,False,0.7862978983691539,-0.3060211848015181,not_corroborated
156,GSE20194--GSE20271,GSM505474,GSM508064,3,0.6147560979030664,113,250,False,0.7862978983691539,-0.17154180046608747,not_corroborated
156,GSE20194--GSE20271,GSM505474,GSM508065,4,0.5169040507892491,160,254,False,0.7862978983691539,-0.2693938475799048,not_corroborated
156,GSE20194--GSE20271,GSM505474,GSM508066,5,0.44051336196383534,172,267,False,0.7862978983691539,-0.34578453640531853,not_corroborated
157,GSE20194--GSE25055,GSM505474,GSM615231,1,0.8040801513423385,128,229,False,0.9042695564152732,-0.10018940507293472,not_corroborated
157,GSE20194--GSE25055,GSM505474,GSM615232,2,0.823106788299361,63,203,False,0.9042695564152732,-0.08116276811591217,not_corroborated
157,GSE20194--GSE25055,GSM505474,GSM615233,3,0.6806900247527716,307,257,False,0.9042695564152732,-0.22357953166250155,not_corroborated
157,GSE20194--GSE25055,GSM505474,GSM615234,4,0.8010040675821166,135,192,False,0.9042695564152732,-0.10326548883315656,not_corroborated
157,GSE20194--GSE25055,GSM505474,GSM615235,5,0.8313713370180337,44,111,False,0.9042695564152732,-0.0728982193972395,not_corroborated
158,GSE20194--GSE25055,GSM505475,GSM615334,1,0.840713112822321,81,124,False,0.9042695564152732,-0.0635564435929522,not_corroborated
158,GSE20194--GSE25055,GSM505475,GSM615335,2,0.8382068840609511,88,170,False,0.9042695564152732,-0.06606267235432206,not_corroborated
158,GSE20194--GSE25055,GSM505475,GSM615336,3,0.787918987411317,236,210,False,0.9042695564152732,-0.11635056900395613,not_corroborated
158,GSE20194--GSE25055,GSM505475,GSM615337,4,0.8107054983643884,175,228,False,0.9042695564152732,-0.09356405805088475,not_corroborated
158,GSE20194--GSE25055,GSM505475,GSM615338,5,0.8433079494972108,75,107,False,0.9042695564152732,-0.060961606918062405,not_corroborated
159,GSE20194--GSE25055,GSM505476,GSM615307,1,0.7903850654499387,221,198,False,0.9042695564152732,-0.11388449096533448,not_corroborated
159,GSE20194--GSE25055,GSM505476,GSM615308,2,0.8134230852465236,130,175,False,0.9042695564152732,-0.09084647116874955,not_corroborated
159,GSE20194--GSE25055,GSM505476,GSM615309,3,0.8473824732284183,15,178,False,0.9042695564152732,-0.05688708318685487,not_corroborated
159,GSE20194--GSE25055,GSM505476,GSM615310,4,0.8129302683380886,134,194,False,0.9042695564152732,-0.09133928807718461,not_corroborated
159,GSE20194--GSE25055,GSM505476,GSM615311,5,0.8243443277032559,74,198,False,0.9042695564152732,-0.07992522871201724,not_corroborated
160,GSE20194--GSE25055,GSM505477,GSM615265,1,0.8514481722104662,50,159,False,0.9042695564152732,-0.052821384204806976,not_corroborated
160,GSE20194--GSE25055,GSM505477,GSM615266,2,0.7964159537874944,206,125,False,0.9042695564152732,-0.10785360262777877,not_corroborated
160,GSE20194--GSE25055,GSM505477,GSM615267,3,0.8496804800985407,56,100,False,0.9042695564152732,-0.05458907631673249,not_corroborated
160,GSE20194--GSE25055,GSM505477,GSM615268,4,0.752744646465992,272,244,False,0.9042695564152732,-0.15152490994928114,not_corroborated
160,GSE20194--GSE25055,GSM505477,GSM615269,5,0.8274293326045471,119,35,False,0.9042695564152732,-0.07684022381072608,not_corroborated
161,GSE20194--GSE25055,GSM505478,GSM615205,1,0.8169725887896332,132,215,False,0.9042695564152732,-0.08729696762563999,not_corroborated
161,GSE20194--GSE25055,GSM505478,GSM615206,2,0.7976914869705406,188,235,False,0.9042695564152732,-0.10657806944473258,not_corroborated
161,GSE20194--GSE25055,GSM505478,GSM615207,3,0.7981171843763434,183,234,False,0.9042695564152732,-0.1061523720389298,not_corroborated
161,GSE20194--GSE25055,GSM505478,GSM615208,4,0.8194879552246225,124,219,False,0.9042695564152732,-0.0847816011906507,not_corroborated
161,GSE20194--GSE25055,GSM505478,GSM615209,5,0.8114173135001511,142,170,False,0.9042695564152732,-0.09285224291512206,not_corroborated
162,GSE20194--GSE25055,GSM505479,GSM615122,1,0.7754698088581402,173,248,False,0.9042695564152732,-0.12879974755713297,not_corroborated
162,GSE20194--GSE25055,GSM505479,GSM615123,2,0.7953623888201746,118,236,False,0.9042695564152732,-0.10890716759509855,not_corroborated
162,GSE20194--GSE25055,GSM505479,GSM615124,3,0.7503138939667091,221,252,False,0.9042695564152732,-0.15395566244856407,not_corroborated
162,GSE20194--GSE25055,GSM505479,GSM615125,4,0.7683710462441554,185,260,False,0.9042695564152732,-0.13589851017111776,not_corroborated
162,GSE20194--GSE25055,GSM505479,GSM615126,5,0.7992999117083636,111,236,False,0.9042695564152732,-0.10496964470690962,not_corroborated
163,GSE20194--GSE20271,GSM505480,GSM508098,1,0.70183900899327,52,175,False,0.7862978983691539,-0.08445888937588386,not_corroborated
163,GSE20194--GSE20271,GSM505480,GSM508099,2,0.7127147013833406,44,187,False,0.7862978983691539,-0.07358319698581328,not_corroborated
163,GSE20194--GSE20271,GSM505480,GSM508100,3,0.4590250006973744,171,261,False,0.7862978983691539,-0.3272728976717795,not_corroborated
163,GSE20194--GSE20271,GSM505480,GSM508101,4,0.6241507621319917,121,227,False,0.7862978983691539,-0.16214713623716215,not_corroborated
163,GSE20194--GSE20271,GSM505480,GSM508102,5,0.6508443193660544,102,226,False,0.7862978983691539,-0.1354535790030995,not_corroborated
164,GSE20194--GSE25055,GSM505480,GSM615194,1,0.8265334564191894,129,107,False,0.9042695564152732,-0.07773609999608377,not_corroborated
164,GSE20194--GSE25055,GSM505480,GSM615195,2,0.7993675103765749,203,231,False,0.9042695564152732,-0.10490204603869824,not_corroborated
164,GSE20194--GSE25055,GSM505480,GSM615196,3,0.8517448846685611,60,110,False,0.9042695564152732,-0.05252467174671205,not_corroborated
164,GSE20194--GSE25055,GSM505480,GSM615197,4,0.8303419496561767,119,131,False,0.9042695564152732,-0.07392760675909649,not_corroborated
164,GSE20194--GSE25055,GSM505480,GSM615198,5,0.869324313054815,23,87,False,0.9042695564152732,-0.034945243360458234,not_corroborated
165,GSE20194--GSE25055,GSM505481,GSM615265,1,0.8519726755144119,23,158,False,0.9042695564152732,-0.052296880900861265,not_corroborated
165,GSE20194--GSE25055,GSM505481,GSM615266,2,0.8183958167297103,118,50,False,0.9042695564152732,-0.08587373968556289,not_corroborated
165,GSE20194--GSE25055,GSM505481,GSM615267,3,0.8431628447488771,34,129,False,0.9042695564152732,-0.06110671166639603,not_corroborated
165,GSE20194--GSE25055,GSM505481,GSM615268,4,0.7575436182610376,275,238,False,0.9042695564152732,-0.14672593815423562,not_corroborated
165,GSE20194--GSE25055,GSM505481,GSM615269,5,0.8116232694830344,150,77,False,0.9042695564152732,-0.09264628693223875,not_corroborated
166,GSE20194--GSE25055,GSM505483,GSM615304,1,0.8118261451157676,141,214,False,0.9042695564152732,-0.09244341129950562,not_corroborated
166,GSE20194--GSE25055,GSM505483,GSM615305,2,0.8432325528632231,49,185,False,0.9042695564152732,-0.061037003552050106,not_corroborated
166,GSE20194--GSE25055,GSM505483,GSM615306,3,0.7531932236789403,265,247,False,0.9042695564152732,-0.15107633273633292,not_corroborated
166,GSE20194--GSE25055,GSM505483,GSM615307,4,0.7887061027891582,213,202,False,0.9042695564152732,-0.11556345362611498,not_corroborated
166,GSE20194--GSE25055,GSM505483,GSM615308,5,0.7993524844145736,190,216,False,0.9042695564152732,-0.10491707200069955,not_corroborated
167,GSE20194--GSE25055,GSM505485,GSM615287,1,0.6827654263823753,308,249,False,0.9042695564152732,-0.22150413003289793,not_corroborated
167,GSE20194--GSE25055,GSM505485,GSM615288,2,0.8479122892632575,55,66,False,0.9042695564152732,-0.05635726715201572,not_corroborated
167,GSE20194--GSE25055,GSM505485,GSM615289,3,0.8446448424170534,63,30,False,0.9042695564152732,-0.05962471399821978,not_corroborated
167,GSE20194--GSE25055,GSM505485,GSM615290,4,0.7547110847253703,276,235,False,0.9042695564152732,-0.14955847168990288,not_corroborated
167,GSE20194--GSE25055,GSM505485,GSM615291,5,0.7839389375302641,233,241,False,0.9042695564152732,-0.12033061888500907,not_corroborated
168,GSE20194--GSE25055,GSM505486,GSM615313,1,0.8047624202623771,166,230,False,0.9042695564152732,-0.09950713615289608,not_corroborated
168,GSE20194--GSE25055,GSM505486,GSM615314,2,0.8110512659224905,137,214,False,0.9042695564152732,-0.09321829049278263,not_corroborated
168,GSE20194--GSE25055,GSM505486,GSM615315,3,0.8061107139702353,158,230,False,0.9042695564152732,-0.09815884244503792,not_corroborated
168,GSE20194--GSE25055,GSM505486,GSM615316,4,0.713696782669403,300,246,False,0.9042695564152732,-0.19057277374587023,not_corroborated
168,GSE20194--GSE25055,GSM505486,GSM615317,5,0.7859899045093129,220,217,False,0.9042695564152732,-0.11827965190596024,not_corroborated
169,GSE20194--GSE25055,GSM505487,GSM615295,1,0.7943269595016741,129,228,False,0.9042695564152732,-0.10994259691359909,not_corroborated
169,GSE20194--GSE25055,GSM505487,GSM615296,2,0.8088932829691846,65,158,False,0.9042695564152732,-0.09537627344608857,not_corroborated
169,GSE20194--GSE25055,GSM505487,GSM615297,3,0.8030951838869294,90,238,False,0.9042695564152732,-0.10117437252834383,not_corroborated
169,GSE20194--GSE25055,GSM505487,GSM615298,4,0.7205586335277281,293,248,False,0.9042695564152732,-0.1837109228875451,not_corroborated
169,GSE20194--GSE25055,GSM505487,GSM615299,5,0.7906067891934307,153,252,False,0.9042695564152732,-0.11366276722184243,not_corroborated
170,GSE20194--GSE20271,GSM505488,GSM508186,1,0.7304538525605446,21,148,False,0.7862978983691539,-0.055844045808609244,not_corroborated
170,GSE20194--GSE20271,GSM505488,GSM508187,2,0.5926447703661968,137,223,False,0.7862978983691539,-0.1936531280029571,not_corroborated
170,GSE20194--GSE20271,GSM505488,GSM508188,3,0.5083472180523795,164,245,False,0.7862978983691539,-0.2779506803167744,not_corroborated
170,GSE20194--GSE20271,GSM505488,GSM508189,4,0.54873338292888,153,247,False,0.7862978983691539,-0.2375645154402739,not_corroborated
170,GSE20194--GSE20271,GSM505488,GSM508012,5,0.6914293086211224,52,231,False,0.7862978983691539,-0.09486858974803147,not_corroborated
171,GSE20194--GSE25055,GSM505488,GSM615386,1,0.7149830013845565,299,227,False,0.9042695564152732,-0.18928655503071667,not_corroborated
171,GSE20194--GSE25055,GSM505488,GSM615387,2,0.7338551109348502,289,241,False,0.9042695564152732,-0.17041444548042295,not_corroborated
171,GSE20194--GSE25055,GSM505488,GSM615388,3,0.7942587894669267,183,241,False,0.9042695564152732,-0.11001076694834644,not_corroborated
171,GSE20194--GSE25055,GSM505488,GSM615389,4,0.776352380166025,230,231,False,0.9042695564152732,-0.12791717624924814,not_corroborated
171,GSE20194--GSE25055,GSM505488,GSM615390,5,0.802789248539179,158,235,False,0.9042695564152732,-0.10148030787609419,not_corroborated
172,GSE20194--GSE20271,GSM505489,GSM508178,1,0.5401432418978492,79,265,False,0.7862978983691539,-0.24615465647130463,not_corroborated
172,GSE20194--GSE20271,GSM505489,GSM508179,2,0.5494591008513512,39,266,False,0.7862978983691539,-0.23683879751780268,not_corroborated
172,GSE20194--GSE20271,GSM505489,GSM508180,3,0.5244815710627307,125,266,False,0.7862978983691539,-0.2618163273064231,not_corroborated
172,GSE20194--GSE20271,GSM505489,GSM508181,4,0.529570625228882,99,266,False,0.7862978983691539,-0.2567272731402719,not_corroborated
172,GSE20194--GSE20271,GSM505489,GSM508182,5,0.5427406210839738,65,266,False,0.7862978983691539,-0.24355727728518006,not_corroborated
173,GSE20194--GSE22093,GSM505489,GSM549245,1,0.6574769879822703,72,265,False,0.6768752330169636,-0.01939824503469334,not_corroborated
173,GSE20194--GSE22093,GSM505489,GSM549246,2,0.6772876599669837,46,266,False,0.6768752330169636,0.0004124269500200839,not_corroborated
173,GSE20194--GSE22093,GSM505489,GSM549247,3,0.6409242340145668,94,266,False,0.6768752330169636,-0.035950999002396844,not_corroborated
173,GSE20194--GSE22093,GSM505489,GSM549248,4,0.666976986216482,55,265,False,0.6768752330169636,-0.00989824680048157,not_corroborated
173,GSE20194--GSE22093,GSM505489,GSM549249,5,0.6559132611507501,74,264,False,0.6768752330169636,-0.020961971866213513,not_corroborated
174,GSE20194--GSE25065,GSM505489,GSM615810,1,0.6358666022139137,182,265,False,0.7209507359782126,-0.08508413376429891,not_corroborated
174,GSE20194--GSE25065,GSM505489,GSM615811,2,0.7061602876307755,76,264,False,0.7209507359782126,-0.014790448347437035,not_corroborated
174,GSE20194--GSE25065,GSM505489,GSM615812,3,0.7215670046593557,49,263,False,0.7209507359782126,0.0006162686811431728,not_corroborated
174,GSE20194--GSE25065,GSM505489,GSM615813,4,0.6695128519975488,127,264,False,0.7209507359782126,-0.051437883980663734,not_corroborated
174,GSE20194--GSE25065,GSM505489,GSM615814,5,0.6323964557549849,186,266,False,0.7209507359782126,-0.08855428022322764,not_corroborated
175,GSE20194--GSE20271,GSM505490,GSM508144,1,0.554904874931693,158,202,False,0.7862978983691539,-0.23139302343746082,not_corroborated
175,GSE20194--GSE20271,GSM505490,GSM508145,2,0.5842580875103085,90,264,False,0.7862978983691539,-0.20203981085884537,not_corroborated
175,GSE20194--GSE20271,GSM505490,GSM508146,3,0.6198303552126241,9,264,False,0.7862978983691539,-0.16646754315652978,not_corroborated
175,GSE20194--GSE20271,GSM505490,GSM508147,4,0.5822212049259138,98,264,False,0.7862978983691539,-0.2040766934432401,not_corroborated
175,GSE20194--GSE20271,GSM505490,GSM508148,5,0.5687680976508493,124,264,False,0.7862978983691539,-0.21752980071830452,not_corroborated
176,GSE20194--GSE20271,GSM505491,GSM508169,1,0.5361363182318372,61,267,False,0.7862978983691539,-0.2501615801373167,not_corroborated
176,GSE20194--GSE20271,GSM505491,GSM508170,2,0.5267375412814417,88,95,False,0.7862978983691539,-0.2595603570877122,not_corroborated
176,GSE20194--GSE20271,GSM505491,GSM508171,3,0.5174455889184687,114,267,False,0.7862978983691539,-0.26885230945068517,not_corroborated
176,GSE20194--GSE20271,GSM505491,GSM508172,4,0.4593139976117605,172,267,False,0.7862978983691539,-0.32698390075739336,not_corroborated
176,GSE20194--GSE20271,GSM505491,GSM508173,5,0.5441770672885041,37,267,False,0.7862978983691539,-0.24212083108064975,not_corroborated
177,GSE20194--GSE25055,GSM505506,GSM615236,1,0.8272806250339745,236,95,False,0.9042695564152732,-0.0769889313812987,not_corroborated
177,GSE20194--GSE25055,GSM505506,GSM615237,2,0.9377983958240498,2,3,False,0.9042695564152732,0.0335288394087766,supported
177,GSE20194--GSE25055,GSM505506,GSM615238,3,0.8055685192584441,281,112,False,0.9042695564152732,-0.0987010371568291,not_corroborated
177,GSE20194--GSE25055,GSM505506,GSM615239,4,0.7859110419575371,296,124,False,0.9042695564152732,-0.11835851445773604,not_corroborated
177,GSE20194--GSE25055,GSM505506,GSM615240,5,0.8015964279963499,285,135,False,0.9042695564152732,-0.10267312841892329,not_corroborated
178,GSE20194--GSE25055,GSM505508,GSM615140,1,0.7690987856027569,169,237,False,0.9042695564152732,-0.13517077081251627,not_corroborated
178,GSE20194--GSE25055,GSM505508,GSM615141,2,0.7789281899161791,144,249,False,0.9042695564152732,-0.1253413664990941,not_corroborated
178,GSE20194--GSE25055,GSM505508,GSM615142,3,0.7706722969115785,166,241,False,0.9042695564152732,-0.13359725950369472,not_corroborated
178,GSE20194--GSE25055,GSM505508,GSM615143,4,0.7620010651389814,199,226,False,0.9042695564152732,-0.14226849127629182,not_corroborated
178,GSE20194--GSE25055,GSM505508,GSM615144,5,0.7903875478908533,110,219,False,0.9042695564152732,-0.11388200852441988,not_corroborated
179,GSE20194--GSE25055,GSM505509,GSM615110,1,0.7969595161468124,298,53,False,0.9042695564152732,-0.1073100402684608,not_corroborated
179,GSE20194--GSE25055,GSM505509,GSM615111,2,0.836382509315314,243,46,False,0.9042695564152732,-0.06788704709995919,not_corroborated
179,GSE20194--GSE25055,GSM505509,GSM615112,3,0.8537388854261063,179,64,False,0.9042695564152732,-0.05053067098916686,not_corroborated
179,GSE20194--GSE25055,GSM505509,GSM615113,4,0.8118404181032879,287,46,False,0.9042695564152732,-0.09242913831198529,not_corroborated
179,GSE20194--GSE25055,GSM505509,GSM615114,5,0.892152440167055,55,7,False,0.9042695564152732,-0.012117116248218207,not_corroborated
180,GSE20194--GSE25055,GSM505510,GSM615242,1,0.7718427852650667,203,252,False,0.9042695564152732,-0.1324267711502065,not_corroborated
180,GSE20194--GSE25055,GSM505510,GSM615243,2,0.7318634668896417,284,255,False,0.9042695564152732,-0.17240608952563152,not_corroborated
180,GSE20194--GSE25055,GSM505510,GSM615244,3,0.8054644201871859,84,129,False,0.9042695564152732,-0.09880513622808729,not_corroborated
180,GSE20194--GSE25055,GSM505510,GSM615245,4,0.7849088371141463,157,222,False,0.9042695564152732,-0.1193607193011269,not_corroborated
180,GSE20194--GSE25055,GSM505510,GSM615246,5,0.7947333799225701,122,244,False,0.9042695564152732,-0.10953617649270309,not_corroborated
181,GSE20194--GSE20271,GSM505512,GSM508108,1,0.4683654787033446,175,140,False,0.7862978983691539,-0.31793241966580926,not_corroborated
181,GSE20194--GSE20271,GSM505512,GSM508109,2,0.6954089827134268,94,40,False,0.7862978983691539,-0.0908889156557271,not_corroborated
181,GSE20194--GSE20271,GSM505512,GSM508110,3,0.7383631160677949,39,69,False,0.7862978983691539,-0.04793478230135895,not_corroborated
181,GSE20194--GSE20271,GSM505512,GSM508111,4,0.7353457014528098,43,96,False,0.7862978983691539,-0.05095219691634412,not_corroborated
181,GSE20194--GSE20271,GSM505512,GSM508112,5,0.7616363069777325,15,51,False,0.7862978983691539,-0.024661591391421323,not_corroborated
182,GSE20194--GSE25055,GSM505512,GSM615252,1,0.8689884263659241,82,41,False,0.9042695564152732,-0.035281130049349074,not_corroborated
182,GSE20194--GSE25055,GSM505512,GSM615253,2,0.8537166831562957,145,53,False,0.9042695564152732,-0.050552873258977504,not_corroborated
182,GSE20194--GSE25055,GSM505512,GSM615254,3,0.8538186867512608,144,67,False,0.9042695564152732,-0.050450869664012354,not_corroborated
182,GSE20194--GSE25055,GSM505512,GSM615255,4,0.854603945537107,141,111,False,0.9042695564152732,-0.04966561087816623,not_corroborated
182,GSE20194--GSE25055,GSM505512,GSM615256,5,0.8096126990959522,272,164,False,0.9042695564152732,-0.09465685731932094,not_corroborated
183,GSE20194--GSE20271,GSM505513,GSM508078,1,0.6936383834773918,110,80,False,0.7862978983691539,-0.09265951489176205,not_corroborated
183,GSE20194--GSE20271,GSM505513,GSM508079,2,0.6090024257121804,156,9,False,0.7862978983691539,-0.17729547265697343,not_corroborated
183,GSE20194--GSE20271,GSM505513,GSM508080,3,0.7453028865135637,34,3,False,0.7862978983691539,-0.04099501185559018,not_corroborated
183,GSE20194--GSE20271,GSM505513,GSM508081,4,0.6645146185678823,130,77,False,0.7862978983691539,-0.12178327980127157,not_corroborated
183,GSE20194--GSE20271,GSM505513,GSM508082,5,0.6736713889612589,126,115,False,0.7862978983691539,-0.11262650940789498,not_corroborated
184,GSE20194--GSE25055,GSM505513,GSM615101,1,0.8661819843040667,55,21,False,0.9042695564152732,-0.0380875721112065,not_corroborated
184,GSE20194--GSE25055,GSM505513,GSM615102,2,0.8171279557838632,221,57,False,0.9042695564152732,-0.08714160063140997,not_corroborated
184,GSE20194--GSE25055,GSM505513,GSM615103,3,0.8142249653503216,232,203,False,0.9042695564152732,-0.09004459106495155,not_corroborated
184,GSE20194--GSE25055,GSM505513,GSM615104,4,0.804196855401988,268,93,False,0.9042695564152732,-0.10007270101328514,not_corroborated
184,GSE20194--GSE25055,GSM505513,GSM615105,5,0.8106088144852375,245,208,False,0.9042695564152732,-0.0936607419300357,not_corroborated
185,GSE20194--GSE25055,GSM505514,GSM615233,1,0.7666088903805948,302,124,False,0.9042695564152732,-0.13766066603467841,not_corroborated
185,GSE20194--GSE25055,GSM505514,GSM615234,2,0.817500073257851,211,136,False,0.9042695564152732,-0.08676948315742217,not_corroborated
185,GSE20194--GSE25055,GSM505514,GSM615235,3,0.7969113900412953,273,189,False,0.9042695564152732,-0.10735816637397788,not_corroborated
185,GSE20194--GSE25055,GSM505514,GSM615236,4,0.8086990085681398,241,168,False,0.9042695564152732,-0.09557054784713337,not_corroborated
185,GSE20194--GSE25055,GSM505514,GSM615237,5,0.8425246576651113,115,188,False,0.9042695564152732,-0.06174489875016187,not_corroborated
186,GSE20194--GSE20271,GSM505515,GSM508030,1,0.7107694344194372,48,131,False,0.7862978983691539,-0.07552846394971668,not_corroborated
186,GSE20194--GSE20271,GSM505515,GSM508031,2,0.6751376482054944,102,116,False,0.7862978983691539,-0.11116025016365949,not_corroborated
186,GSE20194--GSE20271,GSM505515,GSM508032,3,0.6918928056252731,82,107,False,0.7862978983691539,-0.09440509274388076,not_corroborated
186,GSE20194--GSE20271,GSM505515,GSM508033,4,0.7222459571389156,29,139,False,0.7862978983691539,-0.06405194123023827,not_corroborated
186,GSE20194--GSE20271,GSM505515,GSM508034,5,0.7233621712594441,26,152,False,0.7862978983691539,-0.06293572710970974,not_corroborated
187,GSE20194--GSE25055,GSM505515,GSM615156,1,0.812000749979347,272,174,False,0.9042695564152732,-0.09226880643592617,not_corroborated
187,GSE20194--GSE25055,GSM505515,GSM615157,2,0.8365302739215552,175,88,False,0.9042695564152732,-0.06773928249371797,not_corroborated
187,GSE20194--GSE25055,GSM505515,GSM615158,3,0.8541914677927417,89,73,False,0.9042695564152732,-0.05007808862253149,not_corroborated
187,GSE20194--GSE25055,GSM505515,GSM615159,4,0.820170552435947,249,98,False,0.9042695564152732,-0.08409900397932613,not_corroborated
187,GSE20194--GSE25055,GSM505515,GSM615160,5,0.8424858145195697,144,130,False,0.9042695564152732,-0.06178374189570346,not_corroborated
188,GSE20194--GSE25055,GSM505516,GSM615146,1,0.9114053885636658,4,1,False,0.9042695564152732,0.00713583214839264,not_corroborated
188,GSE20194--GSE25055,GSM505516,GSM615147,2,0.7876749133176894,291,161,False,0.9042695564152732,-0.11659464309758383,not_corroborated
188,GSE20194--GSE25055,GSM505516,GSM615148,3,0.8197038940565631,242,85,False,0.9042695564152732,-0.0845656623587101,not_corroborated
188,GSE20194--GSE25055,GSM505516,GSM615149,4,0.8809674931947871,39,9,False,0.9042695564152732,-0.023302063220486113,not_corroborated
188,GSE20194--GSE25055,GSM505516,GSM615150,5,0.8098857843603571,261,162,False,0.9042695564152732,-0.0943837720549161,not_corroborated
189,GSE20194--GSE25055,GSM505517,GSM615287,1,0.8704277741066276,5,4,False,0.9042695564152732,-0.03384178230864554,not_corroborated
189,GSE20194--GSE25055,GSM505517,GSM615288,2,0.7388972194471287,279,249,False,0.9042695564152732,-0.16537233696814446,not_corroborated
189,GSE20194--GSE25055,GSM505517,GSM615289,3,0.6445712330846447,310,254,False,0.9042695564152732,-0.2596983233306285,not_corroborated
189,GSE20194--GSE25055,GSM505517,GSM615290,4,0.7602111232597821,257,221,False,0.9042695564152732,-0.14405843315549105,not_corroborated
189,GSE20194--GSE25055,GSM505517,GSM615291,5,0.830862876680583,71,139,False,0.9042695564152732,-0.07340667973469017,not_corroborated
190,GSE20194--GSE25055,GSM505518,GSM615351,1,0.8514930084182042,92,131,False,0.9042695564152732,-0.05277654799706899,not_corroborated
190,GSE20194--GSE25055,GSM505518,GSM615352,2,0.8390275675720136,145,174,False,0.9042695564152732,-0.0652419888432596,not_corroborated
190,GSE20194--GSE25055,GSM505518,GSM615353,3,0.8479585755405904,106,124,False,0.9042695564152732,-0.05631098087468278,not_corroborated
190,GSE20194--GSE25055,GSM505518,GSM615354,4,0.8599132915379504,64,88,False,0.9042695564152732,-0.044356264877322804,not_corroborated
190,GSE20194--GSE25055,GSM505518,GSM615355,5,0.8579685219004206,70,134,False,0.9042695564152732,-0.04630103451485257,not_corroborated
191,GSE20194--GSE25055,GSM505519,GSM615250,1,0.8183508603813315,265,68,False,0.9042695564152732,-0.08591869603394164,not_corroborated
191,GSE20194--GSE25055,GSM505519,GSM615251,2,0.8488794926676436,168,93,False,0.9042695564152732,-0.05539006374762956,not_corroborated
191,GSE20194--GSE25055,GSM505519,GSM615252,3,0.8690869277215129,87,40,False,0.9042695564152732,-0.03518262869376032,not_corroborated
191,GSE20194--GSE25055,GSM505519,GSM615253,4,0.8463879448131787,179,77,False,0.9042695564152732,-0.057881611602094485,not_corroborated
191,GSE20194--GSE25055,GSM505519,GSM615254,5,0.848129752204955,170,82,False,0.9042695564152732,-0.05613980421031817,not_corroborated
192,GSE20194--GSE20271,GSM505520,GSM508018,1,0.7510687166578985,15,17,False,0.7862978983691539,-0.03522918171125533,not_corroborated
192,GSE20194--GSE20271,GSM505520,GSM508019,2,0.743586561510488,20,4,False,0.7862978983691539,-0.042711336858665905,not_corroborated
192,GSE20194--GSE20271,GSM505520,GSM508020,3,0.7359956902590546,29,7,False,0.7862978983691539,-0.05030220811009922,not_corroborated
192,GSE20194--GSE20271,GSM505520,GSM508021,4,0.675687526330358,105,133,False,0.7862978983691539,-0.11061037203879587,not_corroborated
192,GSE20194--GSE20271,GSM505520,GSM508022,5,0.5986989003298043,151,118,False,0.7862978983691539,-0.18759899803934954,not_corroborated
193,GSE20194--GSE25055,GSM505520,GSM615400,1,0.8161606923091576,230,120,False,0.9042695564152732,-0.08810886410611563,not_corroborated
193,GSE20194--GSE25055,GSM505520,GSM615401,2,0.7825703987274526,295,191,False,0.9042695564152732,-0.12169915768782058,not_corroborated
193,GSE20194--GSE25055,GSM505520,GSM615402,3,0.8101350496472537,254,175,False,0.9042695564152732,-0.09413450676801949,not_corroborated
193,GSE20194--GSE25055,GSM505520,GSM615403,4,0.730057335360607,310,229,False,0.9042695564152732,-0.17421222105466616,not_corroborated
193,GSE20194--GSE25055,GSM505520,GSM615404,5,0.7675230963955751,305,207,False,0.9042695564152732,-0.13674646001969804,not_corroborated
194,GSE20194--GSE20271,GSM505521,GSM508029,1,0.6266343052670192,140,91,False,0.7862978983691539,-0.15966359310213463,not_corroborated
194,GSE20194--GSE20271,GSM505521,GSM508030,2,0.7153208396603679,67,108,False,0.7862978983691539,-0.07097705870878601,not_corroborated
194,GSE20194--GSE20271,GSM505521,GSM508031,3,0.6873654131456702,104,52,False,0.7862978983691539,-0.09893248522348363,not_corroborated
194,GSE20194--GSE20271,GSM505521,GSM508032,4,0.6907244672304611,99,113,False,0.7862978983691539,-0.09557343113869277,not_corroborated
194,GSE20194--GSE20271,GSM505521,GSM508033,5,0.7442808808161927,23,47,False,0.7862978983691539,-0.04201701755296117,not_corroborated
195,GSE20194--GSE20271,GSM505522,GSM508082,1,0.6509274916140715,109,199,False,0.7862978983691539,-0.13537040675508238,not_corroborated
195,GSE20194--GSE20271,GSM505522,GSM508083,2,0.6008952360871996,146,86,False,0.7862978983691539,-0.18540266228195423,not_corroborated
195,GSE20194--GSE20271,GSM505522,GSM508084,3,0.6608359470721357,88,228,False,0.7862978983691539,-0.1254619512970182,not_corroborated
195,GSE20194--GSE20271,GSM505522,GSM508085,4,0.677673319805758,49,231,False,0.7862978983691539,-0.10862457856339591,not_corroborated
195,GSE20194--GSE20271,GSM505522,GSM508086,5,0.6642187037877627,80,229,False,0.7862978983691539,-0.12207919458139116,not_corroborated
196,GSE20194--GSE25055,GSM505523,GSM615380,1,0.8576155961953035,92,86,False,0.9042695564152732,-0.0466539602199697,not_corroborated
196,GSE20194--GSE25055,GSM505523,GSM615381,2,0.8966815355703913,9,4,False,0.9042695564152732,-0.00758802084488186,not_corroborated
196,GSE20194--GSE25055,GSM505523,GSM615382,3,0.8577603125820309,90,8,False,0.9042695564152732,-0.046509243833242286,not_corroborated
196,GSE20194--GSE25055,GSM505523,GSM615383,4,0.8653100650006689,69,47,False,0.9042695564152732,-0.03895949141460431,not_corroborated
196,GSE20194--GSE25055,GSM505523,GSM615384,5,0.8464108902785813,126,15,False,0.9042695564152732,-0.05785866613669188,not_corroborated
197,GSE20194--GSE25055,GSM505524,GSM615320,1,0.8411042725878709,177,119,False,0.9042695564152732,-0.06316528382740227,not_corroborated
197,GSE20194--GSE25055,GSM505524,GSM615321,2,0.8422170836549003,173,86,False,0.9042695564152732,-0.062052472760372845,not_corroborated
197,GSE20194--GSE25055,GSM505524,GSM615322,3,0.8533099134893507,123,102,False,0.9042695564152732,-0.05095964292592248,not_corroborated
197,GSE20194--GSE25055,GSM505524,GSM615323,4,0.8185290946098492,253,148,False,0.9042695564152732,-0.08574046180542394,not_corroborated
197,GSE20194--GSE25055,GSM505524,GSM615324,5,0.8486239297759961,148,45,False,0.9042695564152732,-0.05564562663927708,not_corroborated
198,GSE20194--GSE25055,GSM505525,GSM615260,1,0.7950603259126127,103,236,False,0.9042695564152732,-0.10920923050266051,not_corroborated
198,GSE20194--GSE25055,GSM505525,GSM615261,2,0.7933388697865889,108,247,False,0.9042695564152732,-0.11093068662868433,not_corroborated
198,GSE20194--GSE25055,GSM505525,GSM615262,3,0.7777359449308385,160,248,False,0.9042695564152732,-0.12653361148443465,not_corroborated
198,GSE20194--GSE25055,GSM505525,GSM615263,4,0.7808298597973249,151,205,False,0.9042695564152732,-0.12343969661794829,not_corroborated
198,GSE20194--GSE25055,GSM505525,GSM615264,5,0.6979418016719643,289,258,False,0.9042695564152732,-0.2063277547433089,not_corroborated
199,GSE20194--GSE20271,GSM505526,GSM508123,1,0.6817989480127865,101,135,False,0.7862978983691539,-0.10449895035636736,not_corroborated
199,GSE20194--GSE20271,GSM505526,GSM508124,2,0.7858454507556141,2,95,False,0.7862978983691539,-0.000452447613539797,not_corroborated
199,GSE20194--GSE20271,GSM505526,GSM508125,3,0.6854399358598733,93,184,False,0.7862978983691539,-0.10085796250928059,not_corroborated
199,GSE20194--GSE20271,GSM505526,GSM508126,4,0.6119537029044217,140,174,False,0.7862978983691539,-0.17434419546473212,not_corroborated
199,GSE20194--GSE20271,GSM505526,GSM508127,5,0.7309385376239805,40,144,False,0.7862978983691539,-0.055359360745173336,not_corroborated
200,GSE20194--GSE25055,GSM505526,GSM615103,1,0.8506826905298687,149,103,False,0.9042695564152732,-0.05358686588540451,not_corroborated
200,GSE20194--GSE25055,GSM505526,GSM615104,2,0.8178867473071506,265,35,False,0.9042695564152732,-0.08638280910812257,not_corroborated
200,GSE20194--GSE25055,GSM505526,GSM615105,3,0.8417246020226721,187,118,False,0.9042695564152732,-0.0625449543926011,not_corroborated
200,GSE20194--GSE25055,GSM505526,GSM615106,4,0.8287579036895404,231,70,False,0.9042695564152732,-0.07551165272573279,not_corroborated
200,GSE20194--GSE25055,GSM505526,GSM615107,5,0.8594308206944634,110,27,False,0.9042695564152732,-0.044838735720809764,not_corroborated
201,GSE20194--GSE25055,GSM505527,GSM615318,1,0.7643041905591942,310,86,False,0.9042695564152732,-0.139965365856079,not_corroborated
201,GSE20194--GSE25055,GSM505527,GSM615319,2,0.8474560761346996,214,56,False,0.9042695564152732,-0.056813480280573536,not_corroborated
201,GSE20194--GSE25055,GSM505527,GSM615320,3,0.8738798072684838,96,30,False,0.9042695564152732,-0.03038974914678938,not_corroborated
201,GSE20194--GSE25055,GSM505527,GSM615321,4,0.8609727126630156,156,38,False,0.9042695564152732,-0.04329684375225762,not_corroborated
201,GSE20194--GSE25055,GSM505527,GSM615322,5,0.8799228801021883,59,23,False,0.9042695564152732,-0.024346676313084847,not_corroborated
202,GSE20194--GSE25055,GSM505528,GSM615165,1,0.8329847461954643,135,152,False,0.9042695564152732,-0.07128481021980893,not_corroborated
202,GSE20194--GSE25055,GSM505528,GSM615166,2,0.8290135015057924,166,175,False,0.9042695564152732,-0.07525605490948073,not_corroborated
202,GSE20194--GSE25055,GSM505528,GSM615167,3,0.8274362867918698,175,64,False,0.9042695564152732,-0.07683326962340342,not_corroborated
202,GSE20194--GSE25055,GSM505528,GSM615168,4,0.8047290016064647,259,118,False,0.9042695564152732,-0.09954055480880852,not_corroborated
202,GSE20194--GSE25055,GSM505528,GSM615169,5,0.8463944687293693,84,67,False,0.9042695564152732,-0.05787508768590388,not_corroborated
203,GSE20194--GSE25055,GSM505529,GSM615125,1,0.8813385028603081,73,8,False,0.9042695564152732,-0.022931053554965053,not_corroborated
203,GSE20194--GSE25055,GSM505529,GSM615126,2,0.8781868953405368,83,21,False,0.9042695564152732,-0.026082661074736335,not_corroborated
203,GSE20194--GSE25055,GSM505529,GSM615127,3,0.8339369934870584,256,29,False,0.9042695564152732,-0.07033256292821477,not_corroborated
203,GSE20194--GSE25055,GSM505529,GSM615128,4,0.8332582812887803,259,31,False,0.9042695564152732,-0.07101127512649286,not_corroborated
203,GSE20194--GSE25055,GSM505529,GSM615129,5,0.8556344882048935,188,22,False,0.9042695564152732,-0.04863506821037966,not_corroborated
204,GSE20194--GSE25055,GSM505530,GSM615156,1,0.8190684995442029,243,150,False,0.9042695564152732,-0.08520105687107027,not_corroborated
204,GSE20194--GSE25055,GSM505530,GSM615157,2,0.8456343668349068,124,51,False,0.9042695564152732,-0.0586351895803664,not_corroborated
204,GSE20194--GSE25055,GSM505530,GSM615158,3,0.8788093635581404,28,25,False,0.9042695564152732,-0.025460192857132746,not_corroborated
204,GSE20194--GSE25055,GSM505530,GSM615159,4,0.8236577462930071,226,81,False,0.9042695564152732,-0.08061181012226604,not_corroborated
204,GSE20194--GSE25055,GSM505530,GSM615160,5,0.8352527095234892,172,153,False,0.9042695564152732,-0.069016846891784,not_corroborated
205,GSE20194--GSE20271,GSM505531,GSM508069,1,0.6067904744654535,93,261,False,0.7862978983691539,-0.17950742390370034,not_corroborated
205,GSE20194--GSE20271,GSM505531,GSM508070,2,0.5811964751093626,140,263,False,0.7862978983691539,-0.2051014232597913,not_corroborated
205,GSE20194--GSE20271,GSM505531,GSM508071,3,0.6287546199384917,35,255,False,0.7862978983691539,-0.15754327843066218,not_corroborated
205,GSE20194--GSE20271,GSM505531,GSM508072,4,0.6361247523202902,19,260,False,0.7862978983691539,-0.15017314604886367,not_corroborated
205,GSE20194--GSE20271,GSM505531,GSM508073,5,0.6398059858850506,14,245,False,0.7862978983691539,-0.14649191248410331,not_corroborated
206,GSE20194--GSE25055,GSM505532,GSM615383,1,0.8879936419673005,18,10,False,0.9042695564152732,-0.016275914447972717,not_corroborated
206,GSE20194--GSE25055,GSM505532,GSM615384,2,0.8249990061854435,217,62,False,0.9042695564152732,-0.07927055022982965,not_corroborated
206,GSE20194--GSE25055,GSM505532,GSM615385,3,0.8414181078812439,157,44,False,0.9042695564152732,-0.06285144853402924,not_corroborated
206,GSE20194--GSE25055,GSM505532,GSM615386,4,0.8350557892343791,185,33,False,0.9042695564152732,-0.06921376718089411,not_corroborated
206,GSE20194--GSE25055,GSM505532,GSM615387,5,0.8489786981032664,128,27,False,0.9042695564152732,-0.05529085831200675,not_corroborated
207,GSE20194--GSE20271,GSM505533,GSM508016,1,0.6743528909369746,14,254,False,0.7862978983691539,-0.11194500743217928,not_corroborated
207,GSE20194--GSE20271,GSM505533,GSM508017,2,0.6578399719735912,31,257,False,0.7862978983691539,-0.12845792639556264,not_corroborated
207,GSE20194--GSE20271,GSM505533,GSM508018,3,0.678218565531031,9,240,False,0.7862978983691539,-0.10807933283812288,not_corroborated
207,GSE20194--GSE20271,GSM505533,GSM508019,4,0.666939178236229,19,185,False,0.7862978983691539,-0.11935872013292492,not_corroborated
207,GSE20194--GSE20271,GSM505533,GSM508020,5,0.6750025318941548,13,210,False,0.7862978983691539,-0.11129536647499905,not_corroborated
208,GSE20194--GSE25055,GSM505533,GSM615261,1,0.7842283060424461,176,255,False,0.9042695564152732,-0.12004125037282709,not_corroborated
208,GSE20194--GSE25055,GSM505533,GSM615262,2,0.8094129205771795,113,203,False,0.9042695564152732,-0.09485663583809367,not_corroborated
208,GSE20194--GSE25055,GSM505533,GSM615263,3,0.7860843797564518,171,193,False,0.9042695564152732,-0.11818517665882133,not_corroborated
208,GSE20194--GSE25055,GSM505533,GSM615264,4,0.7199023010162533,274,255,False,0.9042695564152732,-0.18436725539901988,not_corroborated
208,GSE20194--GSE25055,GSM505533,GSM615265,5,0.7731411549487481,205,256,False,0.9042695564152732,-0.13112840146652505,not_corroborated
209,GSE20194--GSE25055,GSM505534,GSM615382,1,0.7617141078215199,275,171,False,0.9042695564152732,-0.14255544859375324,not_corroborated
209,GSE20194--GSE25055,GSM505534,GSM615383,2,0.8079922742638942,176,184,False,0.9042695564152732,-0.09627728215137898,not_corroborated
209,GSE20194--GSE25055,GSM505534,GSM615384,3,0.8369738876496584,36,33,False,0.9042695564152732,-0.06729566876561477,not_corroborated
209,GSE20194--GSE25055,GSM505534,GSM615385,4,0.7939744263491154,225,167,False,0.9042695564152732,-0.11029513006615776,not_corroborated
209,GSE20194--GSE25055,GSM505534,GSM615386,5,0.7625348709606815,274,163,False,0.9042695564152732,-0.14173468545459167,not_corroborated
210,GSE20194--GSE20271,GSM505535,GSM508159,1,0.718215365766672,30,112,False,0.7862978983691539,-0.06808253260248187,not_corroborated
210,GSE20194--GSE20271,GSM505535,GSM508160,2,0.7114061183482094,37,146,False,0.7862978983691539,-0.07489178002094443,not_corroborated
210,GSE20194--GSE20271,GSM505535,GSM508161,3,0.5357130110659923,171,69,False,0.7862978983691539,-0.25058488730316153,not_corroborated
210,GSE20194--GSE20271,GSM505535,GSM508162,4,0.6731731852817678,96,155,False,0.7862978983691539,-0.11312471308738603,not_corroborated
210,GSE20194--GSE20271,GSM505535,GSM508163,5,0.7204942004257022,29,221,False,0.7862978983691539,-0.06580369794345164,not_corroborated
211,GSE20194--GSE25055,GSM505535,GSM615279,1,0.7913437947481974,282,193,False,0.9042695564152732,-0.1129257616670758,not_corroborated
211,GSE20194--GSE25055,GSM505535,GSM615280,2,0.7899099287734754,288,189,False,0.9042695564152732,-0.11435962764179775,not_corroborated
211,GSE20194--GSE25055,GSM505535,GSM615281,3,0.7700729795160541,304,220,False,0.9042695564152732,-0.13419657689921904,not_corroborated
211,GSE20194--GSE25055,GSM505535,GSM615282,4,0.8164623989857495,246,62,False,0.9042695564152732,-0.08780715742952372,not_corroborated
211,GSE20194--GSE25055,GSM505535,GSM615283,5,0.8035319062919989,271,179,False,0.9042695564152732,-0.10073765012327429,not_corroborated
212,GSE20194--GSE25055,GSM505536,GSM615329,1,0.8780259446004792,32,73,False,0.9042695564152732,-0.026243611814793955,not_corroborated
212,GSE20194--GSE25055,GSM505536,GSM615330,2,0.7045504477479632,310,202,False,0.9042695564152732,-0.19971910866731002,not_corroborated
212,GSE20194--GSE25055,GSM505536,GSM615331,3,0.8397026685661478,143,164,False,0.9042695564152732,-0.06456688784912534,not_corroborated
212,GSE20194--GSE25055,GSM505536,GSM615332,4,0.8612676090416572,66,153,False,0.9042695564152732,-0.043001947373615956,not_corroborated
212,GSE20194--GSE25055,GSM505536,GSM615333,5,0.8850914310509397,21,16,False,0.9042695564152732,-0.019178125364333498,not_corroborated
213,GSE20194--GSE20271,GSM505537,GSM508152,1,0.6978706770156446,71,29,False,0.7862978983691539,-0.08842722135350922,not_corroborated
213,GSE20194--GSE20271,GSM505537,GSM508153,2,0.7066205743652462,55,182,False,0.7862978983691539,-0.0796773240039077,not_corroborated
213,GSE20194--GSE20271,GSM505537,GSM508154,3,0.7190450682076971,35,166,False,0.7862978983691539,-0.06725283016145678,not_corroborated
213,GSE20194--GSE20271,GSM505537,GSM508155,4,0.5609529182351631,167,119,False,0.7862978983691539,-0.22534498013399074,not_corroborated
213,GSE20194--GSE20271,GSM505537,GSM508156,5,0.7188947736630795,36,91,False,0.7862978983691539,-0.06740312470607435,not_corroborated
214,GSE20194--GSE25055,GSM505537,GSM615384,1,0.8268405875854102,252,55,False,0.9042695564152732,-0.07742896882986294,not_corroborated
214,GSE20194--GSE25055,GSM505537,GSM615385,2,0.8549956808601451,142,25,False,0.9042695564152732,-0.04927387555512808,not_corroborated
214,GSE20194--GSE25055,GSM505537,GSM615386,3,0.8210518524882143,263,54,False,0.9042695564152732,-0.08321770392705885,not_corroborated
214,GSE20194--GSE25055,GSM505537,GSM615387,4,0.8472394974839978,177,30,False,0.9042695564152732,-0.05703005893127533,not_corroborated
214,GSE20194--GSE25055,GSM505537,GSM615388,5,0.8909753803999136,9,7,False,0.9042695564152732,-0.013294176015359538,not_corroborated
215,GSE20194--GSE25055,GSM505538,GSM615266,1,0.7965191783466467,195,124,False,0.9042695564152732,-0.10775037806862653,not_corroborated
215,GSE20194--GSE25055,GSM505538,GSM615267,2,0.7747475708232986,253,246,False,0.9042695564152732,-0.1295219855919746,not_corroborated
215,GSE20194--GSE25055,GSM505538,GSM615268,3,0.9102518498194158,2,2,False,0.9042695564152732,0.00598229340414258,supported
215,GSE20194--GSE25055,GSM505538,GSM615269,4,0.7120122306748583,300,250,False,0.9042695564152732,-0.19225732574041487,not_corroborated
215,GSE20194--GSE25055,GSM505538,GSM615270,5,0.8192971006408871,128,204,False,0.9042695564152732,-0.08497245577438606,not_corroborated
216,GSE20194--GSE25055,GSM505539,GSM615387,1,0.8205487635549932,259,108,False,0.9042695564152732,-0.08372079286028,not_corroborated
216,GSE20194--GSE25055,GSM505539,GSM615388,2,0.8708975212180664,95,39,False,0.9042695564152732,-0.03337203519720677,not_corroborated
216,GSE20194--GSE25055,GSM505539,GSM615389,3,0.8584142129440219,135,40,False,0.9042695564152732,-0.04585534347125131,not_corroborated
216,GSE20194--GSE25055,GSM505539,GSM615390,4,0.8591802045238505,131,86,False,0.9042695564152732,-0.04508935189142271,not_corroborated
216,GSE20194--GSE25055,GSM505539,GSM615391,5,0.8481541631067784,183,124,False,0.9042695564152732,-0.0561153933084948,not_corroborated
217,GSE20194--GSE25055,GSM505540,GSM615196,1,0.7947839172228078,223,236,False,0.9042695564152732,-0.10948563919246534,not_corroborated
217,GSE20194--GSE25055,GSM505540,GSM615197,2,0.8014796540874908,199,216,False,0.9042695564152732,-0.1027899023277824,not_corroborated
217,GSE20194--GSE25055,GSM505540,GSM615198,3,0.7911455263693393,234,242,False,0.9042695564152732,-0.11312403004593385,not_corroborated
217,GSE20194--GSE25055,GSM505540,GSM615199,4,0.825838747354894,118,218,False,0.9042695564152732,-0.07843080906037914,not_corroborated
217,GSE20194--GSE25055,GSM505540,GSM615200,5,0.7632890831697781,277,243,False,0.9042695564152732,-0.14098047324549512,not_corroborated
218,GSE20194--GSE25055,GSM505541,GSM615317,1,0.8564584672016721,168,25,False,0.9042695564152732,-0.04781108921360111,not_corroborated
218,GSE20194--GSE25055,GSM505541,GSM615318,2,0.751683666306565,310,104,False,0.9042695564152732,-0.15258589010870816,not_corroborated
218,GSE20194--GSE25055,GSM505541,GSM615319,3,0.8413499504193543,213,72,False,0.9042695564152732,-0.06291960599591884,not_corroborated
218,GSE20194--GSE25055,GSM505541,GSM615320,4,0.8688733651596878,124,40,False,0.9042695564152732,-0.03539619125558535,not_corroborated
218,GSE20194--GSE25055,GSM505541,GSM615321,5,0.8578485796314069,165,46,False,0.9042695564152732,-0.04642097678386625,not_corroborated
219,GSE20194--GSE25055,GSM505542,GSM615172,1,0.8378493105894171,229,55,False,0.9042695564152732,-0.06642024582585604,not_corroborated
219,GSE20194--GSE25055,GSM505542,GSM615173,2,0.8616564093009017,128,59,False,0.9042695564152732,-0.042613147114371475,not_corroborated
219,GSE20194--GSE25055,GSM505542,GSM615174,3,0.8449729506979468,205,38,False,0.9042695564152732,-0.05929660571732642,not_corroborated
219,GSE20194--GSE25055,GSM505542,GSM615175,4,0.841179677603764,218,48,False,0.9042695564152732,-0.06308987881150918,not_corroborated
219,GSE20194--GSE25055,GSM505542,GSM615176,5,0.810615624783188,292,91,False,0.9042695564152732,-0.09365393163208513,not_corroborated
220,GSE20194--GSE25055,GSM505543,GSM615179,1,0.8023111865778114,275,197,False,0.9042695564152732,-0.10195836983746176,not_corroborated
220,GSE20194--GSE25055,GSM505543,GSM615180,2,0.798224525847918,286,192,False,0.9042695564152732,-0.10604503056735515,not_corroborated
220,GSE20194--GSE25055,GSM505543,GSM615181,3,0.8662459172857505,66,35,False,0.9042695564152732,-0.03802363912952267,not_corroborated
220,GSE20194--GSE25055,GSM505543,GSM615182,4,0.8333122300244225,174,139,False,0.9042695564152732,-0.07095732639085073,not_corroborated
220,GSE20194--GSE25055,GSM505543,GSM615183,5,0.8370579791132758,152,151,False,0.9042695564152732,-0.06721157730199734,not_corroborated
221,GSE20194--GSE25055,GSM505544,GSM615288,1,0.8411989503977181,243,94,False,0.9042695564152732,-0.0630706060175551,not_corroborated
221,GSE20194--GSE25055,GSM505544,GSM615289,2,0.7889586356220866,307,152,False,0.9042695564152732,-0.11531092079318661,not_corroborated
221,GSE20194--GSE25055,GSM505544,GSM615290,3,0.8243817571007923,283,50,False,0.9042695564152732,-0.07988779931448087,not_corroborated
221,GSE20194--GSE25055,GSM505544,GSM615291,4,0.8790054666114965,113,12,False,0.9042695564152732,-0.0252640898037767,not_corroborated
221,GSE20194--GSE25055,GSM505544,GSM615292,5,0.8563198961484184,207,82,False,0.9042695564152732,-0.047949660266854766,not_corroborated
222,GSE20194--GSE25055,GSM505545,GSM615283,1,0.7887148227645034,257,209,False,0.9042695564152732,-0.11555473365076974,not_corroborated
222,GSE20194--GSE25055,GSM505545,GSM615284,2,0.7880957212788096,262,153,False,0.9042695564152732,-0.11617383513646362,not_corroborated
222,GSE20194--GSE25055,GSM505545,GSM615285,3,0.8133800497514129,170,206,False,0.9042695564152732,-0.09088950666386031,not_corroborated
222,GSE20194--GSE25055,GSM505545,GSM615286,4,0.8109457489122747,185,110,False,0.9042695564152732,-0.09332380750299851,not_corroborated
222,GSE20194--GSE25055,GSM505545,GSM615287,5,0.7851823065492051,269,103,False,0.9042695564152732,-0.11908724986606811,not_corroborated
223,GSE20194--GSE25055,GSM505547,GSM615315,1,0.8775482011515084,82,34,False,0.9042695564152732,-0.026721355263764734,not_corroborated
223,GSE20194--GSE25055,GSM505547,GSM615316,2,0.8058059311344458,287,106,False,0.9042695564152732,-0.09846362528082742,not_corroborated
223,GSE20194--GSE25055,GSM505547,GSM615317,3,0.8484565165870527,194,46,False,0.9042695564152732,-0.0558130398282205,not_corroborated
223,GSE20194--GSE25055,GSM505547,GSM615318,4,0.7234934668190101,310,160,False,0.9042695564152732,-0.18077608959626312,not_corroborated
223,GSE20194--GSE25055,GSM505547,GSM615319,5,0.8261940088175854,255,116,False,0.9042695564152732,-0.07807554759768776,not_corroborated
224,GSE20194--GSE25055,GSM505548,GSM615226,1,0.7780441042774269,272,209,False,0.9042695564152732,-0.1262254521378463,not_corroborated
224,GSE20194--GSE25055,GSM505548,GSM615227,2,0.7995380863377357,250,228,False,0.9042695564152732,-0.10473147007753747,not_corroborated
224,GSE20194--GSE25055,GSM505548,GSM615228,3,0.8031760315532462,242,228,False,0.9042695564152732,-0.10109352486202694,not_corroborated
224,GSE20194--GSE25055,GSM505548,GSM615229,4,0.8224939341269873,192,151,False,0.9042695564152732,-0.08177562228828583,not_corroborated
224,GSE20194--GSE25055,GSM505548,GSM615230,5,0.82275436411157,189,153,False,0.9042695564152732,-0.08151519230370319,not_corroborated
225,GSE20194--GSE25055,GSM505549,GSM615401,1,0.7868444201836096,300,187,False,0.9042695564152732,-0.11742513623166362,not_corroborated
225,GSE20194--GSE25055,GSM505549,GSM615402,2,0.8069126946568954,286,184,False,0.9042695564152732,-0.09735686175837777,not_corroborated
225,GSE20194--GSE25055,GSM505549,GSM615403,3,0.7601214061408116,310,101,False,0.9042695564152732,-0.1441481502744616,not_corroborated
225,GSE20194--GSE25055,GSM505549,GSM615404,4,0.7719069990405734,307,198,False,0.9042695564152732,-0.13236255737469982,not_corroborated
225,GSE20194--GSE25055,GSM505549,GSM615405,5,0.8123470609643011,281,193,False,0.9042695564152732,-0.09192249545097209,not_corroborated
226,GSE20194--GSE25055,GSM505550,GSM615184,1,0.6668290721329324,309,257,False,0.9042695564152732,-0.23744048428234077,not_corroborated
226,GSE20194--GSE25055,GSM505550,GSM615185,2,0.8397782831296702,56,13,False,0.9042695564152732,-0.064491273285603,not_corroborated
226,GSE20194--GSE25055,GSM505550,GSM615186,3,0.7988904388770016,175,240,False,0.9042695564152732,-0.10537911753827156,not_corroborated
226,GSE20194--GSE25055,GSM505550,GSM615187,4,0.8252472377040355,96,206,False,0.9042695564152732,-0.07902231871123766,not_corroborated
226,GSE20194--GSE25055,GSM505550,GSM615188,5,0.7244832119603661,287,253,False,0.9042695564152732,-0.17978634445490704,not_corroborated
227,GSE20194--GSE25055,GSM505551,GSM615400,1,0.6585571920412044,291,263,False,0.9042695564152732,-0.24571236437406874,not_corroborated
227,GSE20194--GSE25055,GSM505551,GSM615401,2,0.6500156814269857,298,260,False,0.9042695564152732,-0.25425387498828744,not_corroborated
227,GSE20194--GSE25055,GSM505551,GSM615402,3,0.6513694359460617,297,262,False,0.9042695564152732,-0.2529001204692115,not_corroborated
227,GSE20194--GSE25055,GSM505551,GSM615403,4,0.6850514513190569,275,260,False,0.9042695564152732,-0.2192181050962163,not_corroborated
227,GSE20194--GSE25055,GSM505551,GSM615404,5,0.63966021617224,302,259,False,0.9042695564152732,-0.2646093402430332,not_corroborated
228,GSE20194--GSE25055,GSM505552,GSM615386,1,0.7913257121847778,284,97,False,0.9042695564152732,-0.11294384423049542,not_corroborated
228,GSE20194--GSE25055,GSM505552,GSM615387,2,0.8371407699846077,176,57,False,0.9042695564152732,-0.06712878643066544,not_corroborated
228,GSE20194--GSE25055,GSM505552,GSM615388,3,0.8510933955012905,112,116,False,0.9042695564152732,-0.053176160913982695,not_corroborated
228,GSE20194--GSE25055,GSM505552,GSM615389,4,0.9042722587415,8,4,False,0.9042695564152732,2.702326226788898e-06,not_corroborated
228,GSE20194--GSE25055,GSM505552,GSM615390,5,0.8795988635880023,26,28,False,0.9042695564152732,-0.024670692827270857,not_corroborated
229,GSE20194--GSE25055,GSM505553,GSM615110,1,0.8029722632476122,268,33,False,0.9042695564152732,-0.101297293167661,not_corroborated
229,GSE20194--GSE25055,GSM505553,GSM615111,2,0.8437188165187994,118,24,False,0.9042695564152732,-0.06055073989647375,not_corroborated
229,GSE20194--GSE25055,GSM505553,GSM615112,3,0.8499865090442321,94,82,False,0.9042695564152732,-0.05428304737104106,not_corroborated
229,GSE20194--GSE25055,GSM505553,GSM615113,4,0.8296340293123491,209,13,False,0.9042695564152732,-0.07463552710292409,not_corroborated
229,GSE20194--GSE25055,GSM505553,GSM615114,5,0.8364545643631077,163,123,False,0.9042695564152732,-0.06781499205216546,not_corroborated
230,GSE20194--GSE25055,GSM505554,GSM615233,1,0.8089134009385767,286,45,False,0.9042695564152732,-0.09535615547669651,not_corroborated
230,GSE20194--GSE25055,GSM505554,GSM615234,2,0.8164258301304769,266,140,False,0.9042695564152732,-0.08784372628479631,not_corroborated
230,GSE20194--GSE25055,GSM505554,GSM615235,3,0.7970466725937537,297,188,False,0.9042695564152732,-0.10722288382151945,not_corroborated
230,GSE20194--GSE25055,GSM505554,GSM615236,4,0.8179590538120993,259,136,False,0.9042695564152732,-0.08631050260317386,not_corroborated
230,GSE20194--GSE25055,GSM505554,GSM615237,5,0.8613699367369558,86,141,False,0.9042695564152732,-0.04289961967831735,not_corroborated
231,GSE20194--GSE25055,GSM505556,GSM615318,1,0.793455404811151,244,52,False,0.9042695564152732,-0.11081415160412222,not_corroborated
231,GSE20194--GSE25055,GSM505556,GSM615319,2,0.8201229990939494,155,130,False,0.9042695564152732,-0.08414655732132381,not_corroborated
231,GSE20194--GSE25055,GSM505556,GSM615320,3,0.8288124698921965,109,167,False,0.9042695564152732,-0.0754570865230767,not_corroborated
231,GSE20194--GSE25055,GSM505556,GSM615321,4,0.8260977216819456,124,152,False,0.9042695564152732,-0.07817183473332756,not_corroborated
231,GSE20194--GSE25055,GSM505556,GSM615322,5,0.8249778795934627,128,202,False,0.9042695564152732,-0.07929167682181049,not_corroborated
232,GSE20194--GSE25055,GSM505557,GSM615305,1,0.9008716373919871,20,17,False,0.9042695564152732,-0.0033979190232861223,not_corroborated
232,GSE20194--GSE25055,GSM505557,GSM615306,2,0.8564557752131282,178,12,False,0.9042695564152732,-0.04781378120214497,not_corroborated
232,GSE20194--GSE25055,GSM505557,GSM615307,3,0.8513692914978961,196,23,False,0.9042695564152732,-0.05290026491737709,not_corroborated
232,GSE20194--GSE25055,GSM505557,GSM615308,4,0.8502936318285481,201,37,False,0.9042695564152732,-0.053975924586725066,not_corroborated
232,GSE20194--GSE25055,GSM505557,GSM615309,5,0.9015342255986869,17,21,False,0.9042695564152732,-0.002735330816586279,not_corroborated
233,GSE20194--GSE20271,GSM505558,GSM508156,1,0.6148310223563963,62,261,False,0.7862978983691539,-0.17146687601275756,not_corroborated
233,GSE20194--GSE20271,GSM505558,GSM508157,2,0.6121164026686912,75,262,False,0.7862978983691539,-0.1741814957004627,not_corroborated
233,GSE20194--GSE20271,GSM505558,GSM508158,3,0.586818010756197,141,167,False,0.7862978983691539,-0.19947988761295687,not_corroborated
233,GSE20194--GSE20271,GSM505558,GSM508159,4,0.6129803926897985,71,261,False,0.7862978983691539,-0.17331750567935533,not_corroborated
233,GSE20194--GSE20271,GSM505558,GSM508160,5,0.6080163853729095,88,260,False,0.7862978983691539,-0.1782815129962444,not_corroborated
234,GSE20194--GSE25055,GSM505558,GSM615144,1,0.7857994424781364,56,226,False,0.9042695564152732,-0.1184701139371368,not_corroborated
234,GSE20194--GSE25055,GSM505558,GSM615145,2,0.7522580237854777,156,258,False,0.9042695564152732,-0.1520115326297955,not_corroborated
234,GSE20194--GSE25055,GSM505558,GSM615146,3,0.7187165142888459,248,260,False,0.9042695564152732,-0.18555304212642731,not_corroborated
234,GSE20194--GSE25055,GSM505558,GSM615147,4,0.7769515257324935,82,188,False,0.9042695564152732,-0.1273180306827797,not_corroborated
234,GSE20194--GSE25055,GSM505558,GSM615148,5,0.7770139541621992,81,189,False,0.9042695564152732,-0.12725560225307397,not_corroborated
235,GSE20194--GSE25055,GSM505559,GSM615370,1,0.8642586430071038,87,109,False,0.9042695564152732,-0.040010913408169424,not_corroborated
235,GSE20194--GSE25055,GSM505559,GSM615371,2,0.8718797422025482,43,84,False,0.9042695564152732,-0.03238981421272502,not_corroborated
235,GSE20194--GSE25055,GSM505559,GSM615372,3,0.8397887996266897,219,87,False,0.9042695564152732,-0.06448075678858345,not_corroborated
235,GSE20194--GSE25055,GSM505559,GSM615373,4,0.8448974660539545,196,51,False,0.9042695564152732,-0.05937209036131863,not_corroborated
235,GSE20194--GSE25055,GSM505559,GSM615374,5,0.8754419652867531,34,11,False,0.9042695564152732,-0.02882759112852007,not_corroborated
236,GSE20194--GSE25055,GSM505560,GSM615396,1,0.8936576235819157,35,9,False,0.9042695564152732,-0.010611932833357485,not_corroborated
236,GSE20194--GSE25055,GSM505560,GSM615397,2,0.9012443429963214,14,3,False,0.9042695564152732,-0.0030252134189517887,not_corroborated
236,GSE20194--GSE25055,GSM505560,GSM615398,3,0.9185081884619745,2,3,False,0.9042695564152732,0.014238632046701283,supported
236,GSE20194--GSE25055,GSM505560,GSM615399,4,0.8286038149358487,274,40,False,0.9042695564152732,-0.07566574147942451,not_corroborated
236,GSE20194--GSE25055,GSM505560,GSM615400,5,0.8245282853760206,283,90,False,0.9042695564152732,-0.07974127103925255,not_corroborated
237,GSE20194--GSE20271,GSM505561,GSM508067,1,0.726967702250678,38,3,False,0.7862978983691539,-0.0593301961184759,not_corroborated
237,GSE20194--GSE20271,GSM505561,GSM508068,2,0.6939844220504277,88,55,False,0.7862978983691539,-0.09231347631872622,not_corroborated
237,GSE20194--GSE20271,GSM505561,GSM508069,3,0.7133085062792317,59,53,False,0.7862978983691539,-0.07298939208992217,not_corroborated
237,GSE20194--GSE20271,GSM505561,GSM508070,4,0.6724334835475047,116,227,False,0.7862978983691539,-0.11386441482164922,not_corroborated
237,GSE20194--GSE20271,GSM505561,GSM508071,5,0.7234070116581349,40,7,False,0.7862978983691539,-0.06289088671101895,not_corroborated
238,GSE20194--GSE25055,GSM505561,GSM615159,1,0.8778835891170416,81,1,False,0.9042695564152732,-0.026385967298231616,not_corroborated
238,GSE20194--GSE25055,GSM505561,GSM615160,2,0.9003641311947419,13,1,False,0.9042695564152732,-0.003905425220531278,not_corroborated
238,GSE20194--GSE25055,GSM505561,GSM615161,3,0.8703507360162105,125,69,False,0.9042695564152732,-0.03391882039906269,not_corroborated
238,GSE20194--GSE25055,GSM505561,GSM615162,4,0.8876598856793071,43,8,False,0.9042695564152732,-0.016609670735966087,not_corroborated
238,GSE20194--GSE25055,GSM505561,GSM615163,5,0.8590545611623376,167,26,False,0.9042695564152732,-0.0452149952529356,not_corroborated
239,GSE20194--GSE25055,GSM505562,GSM615225,1,0.8498552330424447,100,30,False,0.9042695564152732,-0.05441432337282848,not_corroborated
239,GSE20194--GSE25055,GSM505562,GSM615226,2,0.7834308292328307,291,198,False,0.9042695564152732,-0.12083872718244248,not_corroborated
239,GSE20194--GSE25055,GSM505562,GSM615227,3,0.8477589856146837,108,141,False,0.9042695564152732,-0.05651057080058952,not_corroborated
239,GSE20194--GSE25055,GSM505562,GSM615228,4,0.8276392671984174,178,191,False,0.9042695564152732,-0.07663028921685577,not_corroborated
239,GSE20194--GSE25055,GSM505562,GSM615229,5,0.8014483504656492,264,209,False,0.9042695564152732,-0.10282120594962396,not_corroborated
240,GSE20194--GSE25055,GSM505563,GSM615192,1,0.8653258243793726,118,107,False,0.9042695564152732,-0.038943732035900624,not_corroborated
240,GSE20194--GSE25055,GSM505563,GSM615193,2,0.8397076306540083,220,40,False,0.9042695564152732,-0.06456192576126485,not_corroborated
240,GSE20194--GSE25055,GSM505563,GSM615194,3,0.8339804606502854,243,72,False,0.9042695564152732,-0.07028909576498776,not_corroborated
240,GSE20194--GSE25055,GSM505563,GSM615195,4,0.8906558523959462,29,5,False,0.9042695564152732,-0.013613704019326933,not_corroborated
240,GSE20194--GSE25055,GSM505563,GSM615196,5,0.8398457798180353,219,153,False,0.9042695564152732,-0.06442377659723786,not_corroborated
241,GSE20194--GSE25055,GSM505564,GSM615397,1,0.8657124565191463,9,64,False,0.9042695564152732,-0.03855709989612688,not_corroborated
241,GSE20194--GSE25055,GSM505564,GSM615398,2,0.8388141754422604,81,182,False,0.9042695564152732,-0.06545538097301273,not_corroborated
241,GSE20194--GSE25055,GSM505564,GSM615399,3,0.7566952716689458,299,173,False,0.9042695564152732,-0.1475742847463274,not_corroborated
241,GSE20194--GSE25055,GSM505564,GSM615400,4,0.7747111276966041,281,214,False,0.9042695564152732,-0.12955842871866907,not_corroborated
241,GSE20194--GSE25055,GSM505564,GSM615401,5,0.7878403036735185,259,186,False,0.9042695564152732,-0.11642925274175464,not_corroborated
242,GSE20194--GSE25055,GSM505565,GSM615209,1,0.8549094478197569,72,41,False,0.9042695564152732,-0.04936010859551632,not_corroborated
242,GSE20194--GSE25055,GSM505565,GSM615210,2,0.8903549908947921,8,20,False,0.9042695564152732,-0.013914565520481093,not_corroborated
242,GSE20194--GSE25055,GSM505565,GSM615211,3,0.852066822470265,84,117,False,0.9042695564152732,-0.052202733945008184,not_corroborated
242,GSE20194--GSE25055,GSM505565,GSM615212,4,0.8483054215704908,98,124,False,0.9042695564152732,-0.055964134844782354,not_corroborated
242,GSE20194--GSE25055,GSM505565,GSM615213,5,0.8473176336039921,105,157,False,0.9042695564152732,-0.05695192281128103,not_corroborated
243,GSE20194--GSE25055,GSM505566,GSM615345,1,0.8339493246665477,151,183,False,0.9042695564152732,-0.07032023174872548,not_corroborated
243,GSE20194--GSE25055,GSM505566,GSM615346,2,0.855241353103692,83,88,False,0.9042695564152732,-0.0490282033115812,not_corroborated
243,GSE20194--GSE25055,GSM505566,GSM615347,3,0.8481623242884453,106,118,False,0.9042695564152732,-0.05610723212682789,not_corroborated
243,GSE20194--GSE25055,GSM505566,GSM615348,4,0.8843155544109473,12,18,False,0.9042695564152732,-0.019954002004325844,not_corroborated
243,GSE20194--GSE25055,GSM505566,GSM615349,5,0.8246172509174943,194,184,False,0.9042695564152732,-0.07965230549777891,not_corroborated
244,GSE20194--GSE25055,GSM505567,GSM615360,1,0.8929405837252636,5,5,False,0.9042695564152732,-0.011328972690009542,not_corroborated
244,GSE20194--GSE25055,GSM505567,GSM615361,2,0.874174864300308,24,24,False,0.9042695564152732,-0.030094692114965182,not_corroborated
244,GSE20194--GSE25055,GSM505567,GSM615362,3,0.8774876153439558,21,64,False,0.9042695564152732,-0.026781941071317372,not_corroborated
244,GSE20194--GSE25055,GSM505567,GSM615363,4,0.8479654766425134,100,86,False,0.9042695564152732,-0.05630407977275975,not_corroborated
244,GSE20194--GSE25055,GSM505567,GSM615364,5,0.8551105856041517,72,82,False,0.9042695564152732,-0.04915897081112153,not_corroborated
245,GSE20194--GSE25055,GSM505568,GSM615361,1,0.8600156737156327,41,62,False,0.9042695564152732,-0.04425388269964048,not_corroborated
245,GSE20194--GSE25055,GSM505568,GSM615362,2,0.8382944568091825,81,180,False,0.9042695564152732,-0.06597509960609071,not_corroborated
245,GSE20194--GSE25055,GSM505568,GSM615363,3,0.8671936593033155,29,35,False,0.9042695564152732,-0.03707589711195769,not_corroborated
245,GSE20194--GSE25055,GSM505568,GSM615364,4,0.8634667639131578,33,56,False,0.9042695564152732,-0.04080279250211538,not_corroborated
245,GSE20194--GSE25055,GSM505568,GSM615365,5,0.8076393820863979,194,232,False,0.9042695564152732,-0.09663017432887533,not_corroborated
246,GSE20194--GSE25055,GSM505569,GSM615346,1,0.8453842940911457,156,123,False,0.9042695564152732,-0.058885262324127496,not_corroborated
246,GSE20194--GSE25055,GSM505569,GSM615347,2,0.8481956828740377,145,117,False,0.9042695564152732,-0.0560738735412355,not_corroborated
246,GSE20194--GSE25055,GSM505569,GSM615348,3,0.8593023749826548,99,109,False,0.9042695564152732,-0.04496718143261835,not_corroborated
246,GSE20194--GSE25055,GSM505569,GSM615349,4,0.8915704621393589,20,27,False,0.9042695564152732,-0.012699094275914313,not_corroborated
246,GSE20194--GSE25055,GSM505569,GSM615350,5,0.8608657637439998,94,36,False,0.9042695564152732,-0.04340379267127337,not_corroborated
247,GSE20194--GSE25055,GSM505570,GSM615334,1,0.8422003282264658,161,118,False,0.9042695564152732,-0.062069228188807335,not_corroborated
247,GSE20194--GSE25055,GSM505570,GSM615335,2,0.864819766854737,32,80,False,0.9042695564152732,-0.03944978956053613,not_corroborated
247,GSE20194--GSE25055,GSM505570,GSM615336,3,0.83583270103966,199,79,False,0.9042695564152732,-0.06843685537561317,not_corroborated
247,GSE20194--GSE25055,GSM505570,GSM615337,4,0.8388564230382856,180,149,False,0.9042695564152732,-0.06541313337698762,not_corroborated
247,GSE20194--GSE25055,GSM505570,GSM615338,5,0.8411456526567106,168,113,False,0.9042695564152732,-0.06312390375856258,not_corroborated
248,GSE20194--GSE25055,GSM505571,GSM615125,1,0.8418951444562124,113,131,False,0.9042695564152732,-0.062374411959060794,not_corroborated
248,GSE20194--GSE25055,GSM505571,GSM615126,2,0.8254126979090743,185,179,False,0.9042695564152732,-0.07885685850619883,not_corroborated
248,GSE20194--GSE25055,GSM505571,GSM615127,3,0.7918609233725782,288,159,False,0.9042695564152732,-0.112408633042695,not_corroborated
248,GSE20194--GSE25055,GSM505571,GSM615128,4,0.8089151485658046,252,91,False,0.9042695564152732,-0.09535440784946858,not_corroborated
248,GSE20194--GSE25055,GSM505571,GSM615129,5,0.8421708169353466,111,59,False,0.9042695564152732,-0.06209873947992661,not_corroborated
249,GSE20194--GSE20271,GSM505572,GSM508059,1,0.6432071702191936,99,253,False,0.7862978983691539,-0.14309072814996027,not_corroborated
249,GSE20194--GSE20271,GSM505572,GSM508060,2,0.6091696475142891,154,119,False,0.7862978983691539,-0.17712825085486472,not_corroborated
249,GSE20194--GSE20271,GSM505572,GSM508061,3,0.6706370876013249,32,249,False,0.7862978983691539,-0.11566081076782897,not_corroborated
249,GSE20194--GSE20271,GSM505572,GSM508062,4,0.6161089234276529,146,218,False,0.7862978983691539,-0.17018897494150098,not_corroborated
249,GSE20194--GSE20271,GSM505572,GSM508063,5,0.5995929129382461,163,9,False,0.7862978983691539,-0.18670498543090774,not_corroborated
250,GSE20194--GSE25055,GSM505572,GSM615149,1,0.7680079365242568,230,251,False,0.9042695564152732,-0.13626161989101637,not_corroborated
250,GSE20194--GSE25055,GSM505572,GSM615150,2,0.8116523700608002,90,155,False,0.9042695564152732,-0.09261718635447302,not_corroborated
250,GSE20194--GSE25055,GSM505572,GSM615151,3,0.7877765201691437,151,207,False,0.9042695564152732,-0.1164930362461295,not_corroborated
250,GSE20194--GSE25055,GSM505572,GSM615152,4,0.7695665559815599,226,248,False,0.9042695564152732,-0.1347030004337133,not_corroborated
250,GSE20194--GSE25055,GSM505572,GSM615153,5,0.7537288707258094,252,256,False,0.9042695564152732,-0.15054068568946377,not_corroborated
251,GSE20194--GSE25055,GSM505573,GSM615173,1,0.8532136179718061,117,85,False,0.9042695564152732,-0.05105593844346712,not_corroborated
251,GSE20194--GSE25055,GSM505573,GSM615174,2,0.8533008009614468,116,20,False,0.9042695564152732,-0.0509687554538264,not_corroborated
251,GSE20194--GSE25055,GSM505573,GSM615175,3,0.8122227531196778,256,147,False,0.9042695564152732,-0.09204680329559534,not_corroborated
251,GSE20194--GSE25055,GSM505573,GSM615176,4,0.7966764871489077,281,129,False,0.9042695564152732,-0.10759306926636547,not_corroborated
251,GSE20194--GSE25055,GSM505573,GSM615177,5,0.8435139627564459,160,65,False,0.9042695564152732,-0.06075559365882732,not_corroborated
252,GSE20194--GSE25055,GSM505574,GSM615166,1,0.8370704863127734,167,161,False,0.9042695564152732,-0.06719907010249981,not_corroborated
252,GSE20194--GSE25055,GSM505574,GSM615167,2,0.814868001366228,248,109,False,0.9042695564152732,-0.08940155504904523,not_corroborated
252,GSE20194--GSE25055,GSM505574,GSM615168,3,0.7881757070058779,291,173,False,0.9042695564152732,-0.11609384940939527,not_corroborated
252,GSE20194--GSE25055,GSM505574,GSM615169,4,0.825711477903778,209,131,False,0.9042695564152732,-0.07855807851149521,not_corroborated
252,GSE20194--GSE25055,GSM505574,GSM615170,5,0.8427504047230848,141,143,False,0.9042695564152732,-0.061519151692188356,not_corroborated
253,GSE20194--GSE25055,GSM505575,GSM615259,1,0.8184619429765803,267,118,False,0.9042695564152732,-0.08580761343869292,not_corroborated
253,GSE20194--GSE25055,GSM505575,GSM615260,2,0.8799489925307612,53,9,False,0.9042695564152732,-0.02432056388451198,not_corroborated
253,GSE20194--GSE25055,GSM505575,GSM615261,3,0.8741668623748391,71,82,False,0.9042695564152732,-0.030102694040434086,not_corroborated
253,GSE20194--GSE25055,GSM505575,GSM615262,4,0.8304422377545504,236,126,False,0.9042695564152732,-0.07382731866072278,not_corroborated
253,GSE20194--GSE25055,GSM505575,GSM615263,5,0.8026652592069528,288,150,False,0.9042695564152732,-0.10160429720832043,not_corroborated
254,GSE20194--GSE25055,GSM505576,GSM615100,1,0.867728719616823,80,42,False,0.9042695564152732,-0.036540836798450216,not_corroborated
254,GSE20194--GSE25055,GSM505576,GSM615101,2,0.8419412672863942,175,89,False,0.9042695564152732,-0.062328289128879,not_corroborated
254,GSE20194--GSE25055,GSM505576,GSM615102,3,0.8078152693814682,254,97,False,0.9042695564152732,-0.09645428703380499,not_corroborated
254,GSE20194--GSE25055,GSM505576,GSM615103,4,0.8893330606345679,37,9,False,0.9042695564152732,-0.014936495780705328,not_corroborated
254,GSE20194--GSE25055,GSM505576,GSM615104,5,0.8000959412423528,270,115,False,0.9042695564152732,-0.10417361517292034,not_corroborated
255,GSE20194--GSE25055,GSM505577,GSM615240,1,0.8147964967302076,209,75,False,0.9042695564152732,-0.08947305968506558,not_corroborated
255,GSE20194--GSE25055,GSM505577,GSM615241,2,0.8409530434608262,106,81,False,0.9042695564152732,-0.06331651295444696,not_corroborated
255,GSE20194--GSE25055,GSM505577,GSM615242,3,0.8268987272736376,162,170,False,0.9042695564152732,-0.07737082914163562,not_corroborated
255,GSE20194--GSE25055,GSM505577,GSM615243,4,0.8654480912300864,20,84,False,0.9042695564152732,-0.03882146518518681,not_corroborated
255,GSE20194--GSE25055,GSM505577,GSM615244,5,0.7742827285233684,286,204,False,0.9042695564152732,-0.12998682789190474,not_corroborated
256,GSE20194--GSE20271,GSM505578,GSM508129,1,0.7208597171493689,41,84,False,0.7862978983691539,-0.06543818121978495,not_corroborated
256,GSE20194--GSE20271,GSM505578,GSM508130,2,0.7162318451845573,47,171,False,0.7862978983691539,-0.07006605318459658,not_corroborated
256,GSE20194--GSE20271,GSM505578,GSM508131,3,0.576043439067081,152,210,False,0.7862978983691539,-0.21025445930207287,not_corroborated
256,GSE20194--GSE20271,GSM505578,GSM508132,4,0.47381049422126864,174,219,False,0.7862978983691539,-0.31248740414788523,not_corroborated
256,GSE20194--GSE20271,GSM505578,GSM508133,5,0.682291801242811,93,119,False,0.7862978983691539,-0.1040060971263429,not_corroborated
257,GSE20194--GSE25055,GSM505578,GSM615097,1,0.8434615367335764,158,64,False,0.9042695564152732,-0.0608080196816968,not_corroborated
257,GSE20194--GSE25055,GSM505578,GSM615098,2,0.8452098848053538,151,138,False,0.9042695564152732,-0.05905967160991943,not_corroborated
257,GSE20194--GSE25055,GSM505578,GSM615099,3,0.8540301831734617,126,119,False,0.9042695564152732,-0.05023937324181149,not_corroborated
257,GSE20194--GSE25055,GSM505578,GSM615100,4,0.8643742364643182,92,50,False,0.9042695564152732,-0.039895319950954966,not_corroborated
257,GSE20194--GSE25055,GSM505578,GSM615101,5,0.8222192088031373,226,150,False,0.9042695564152732,-0.08205034761213592,not_corroborated
258,GSE20194--GSE20271,GSM505579,GSM508157,1,0.6886572030337937,105,117,False,0.7862978983691539,-0.09764069533536013,not_corroborated
258,GSE20194--GSE20271,GSM505579,GSM508158,2,0.6018052120340375,156,112,False,0.7862978983691539,-0.1844926863351164,not_corroborated
258,GSE20194--GSE20271,GSM505579,GSM508159,3,0.7267377251245618,49,76,False,0.7862978983691539,-0.05956017324459206,not_corroborated
258,GSE20194--GSE20271,GSM505579,GSM508160,4,0.7125624915733915,65,143,False,0.7862978983691539,-0.0737354067957624,not_corroborated
258,GSE20194--GSE20271,GSM505579,GSM508161,5,0.5209241675739986,172,160,False,0.7862978983691539,-0.26537373079515525,not_corroborated
259,GSE20194--GSE25055,GSM505579,GSM615250,1,0.7996328759063184,296,137,False,0.9042695564152732,-0.1046366805089548,not_corroborated
259,GSE20194--GSE25055,GSM505579,GSM615251,2,0.8426521240909989,194,108,False,0.9042695564152732,-0.0616174323242743,not_corroborated
259,GSE20194--GSE25055,GSM505579,GSM615252,3,0.8825049525324886,24,8,False,0.9042695564152732,-0.02176460388278456,not_corroborated
259,GSE20194--GSE25055,GSM505579,GSM615253,4,0.845498180433674,182,79,False,0.9042695564152732,-0.058771375981599205,not_corroborated
259,GSE20194--GSE25055,GSM505579,GSM615254,5,0.8465772752871573,177,91,False,0.9042695564152732,-0.05769228112811586,not_corroborated
260,GSE20194--GSE25055,GSM505580,GSM615108,1,0.8398503186196848,195,124,False,0.9042695564152732,-0.06441923779558834,not_corroborated
260,GSE20194--GSE25055,GSM505580,GSM615109,2,0.8640319543817829,77,19,False,0.9042695564152732,-0.04023760203349025,not_corroborated
260,GSE20194--GSE25055,GSM505580,GSM615110,3,0.7890186067565933,297,86,False,0.9042695564152732,-0.11525094965867988,not_corroborated
260,GSE20194--GSE25055,GSM505580,GSM615111,4,0.8439729307378365,185,23,False,0.9042695564152732,-0.060296625677436655,not_corroborated
260,GSE20194--GSE25055,GSM505580,GSM615112,5,0.8656455311973168,71,33,False,0.9042695564152732,-0.03862402521795638,not_corroborated
261,GSE20194--GSE25055,GSM505581,GSM615275,1,0.8771519703333306,51,58,False,0.9042695564152732,-0.02711758608194259,not_corroborated
261,GSE20194--GSE25055,GSM505581,GSM615276,2,0.8730087652711606,79,5,False,0.9042695564152732,-0.03126079114411262,not_corroborated
261,GSE20194--GSE25055,GSM505581,GSM615277,3,0.9180791341031513,2,4,False,0.9042695564152732,0.01380957768787816,not_corroborated
261,GSE20194--GSE25055,GSM505581,GSM615278,4,0.8785908724360756,41,26,False,0.9042695564152732,-0.025678683979197592,not_corroborated
261,GSE20194--GSE25055,GSM505581,GSM615279,5,0.8128460078393835,287,155,False,0.9042695564152732,-0.09142354857588963,not_corroborated
262,GSE20194--GSE25055,GSM505582,GSM615345,1,0.8709530429579121,106,64,False,0.9042695564152732,-0.033316513457361085,not_corroborated
262,GSE20194--GSE25055,GSM505582,GSM615346,2,0.8861504288897941,36,13,False,0.9042695564152732,-0.018119127525479062,not_corroborated
262,GSE20194--GSE25055,GSM505582,GSM615347,3,0.8549366568809226,180,80,False,0.9042695564152732,-0.049332899534350605,not_corroborated
262,GSE20194--GSE25055,GSM505582,GSM615348,4,0.8699134059230162,110,65,False,0.9042695564152732,-0.03435615049225693,not_corroborated
262,GSE20194--GSE25055,GSM505582,GSM615349,5,0.8708262331145958,108,67,False,0.9042695564152732,-0.03344332330067734,not_corroborated
263,GSE20194--GSE25055,GSM505583,GSM615395,1,0.8836099390910421,56,54,False,0.9042695564152732,-0.02065961732423105,not_corroborated
263,GSE20194--GSE25055,GSM505583,GSM615396,2,0.8992750730499797,16,3,False,0.9042695564152732,-0.004994483365293512,not_corroborated
263,GSE20194--GSE25055,GSM505583,GSM615397,3,0.9085125136926802,6,1,False,0.9042695564152732,0.004242957277406978,not_corroborated
263,GSE20194--GSE25055,GSM505583,GSM615398,4,0.8797937792047927,70,41,False,0.9042695564152732,-0.024475777210480443,not_corroborated
263,GSE20194--GSE25055,GSM505583,GSM615399,5,0.765734565470413,305,151,False,0.9042695564152732,-0.13853499094486021,not_corroborated
264,GSE20194--GSE25055,GSM505584,GSM615342,1,0.8512854235517497,83,81,False,0.9042695564152732,-0.05298413286352344,not_corroborated
264,GSE20194--GSE25055,GSM505584,GSM615343,2,0.8442075444544956,118,107,False,0.9042695564152732,-0.06006201196077754,not_corroborated
264,GSE20194--GSE25055,GSM505584,GSM615344,3,0.8284416222768418,186,47,False,0.9042695564152732,-0.07582793413843136,not_corroborated
264,GSE20194--GSE25055,GSM505584,GSM615345,4,0.821987553899003,210,212,False,0.9042695564152732,-0.08228200251627016,not_corroborated
264,GSE20194--GSE25055,GSM505584,GSM615346,5,0.8535412470871203,76,94,False,0.9042695564152732,-0.050728309328152865,not_corroborated
265,GSE20194--GSE20271,GSM505585,GSM508051,1,0.6416914116339771,137,209,False,0.7862978983691539,-0.14460648673517673,not_corroborated
265,GSE20194--GSE20271,GSM505585,GSM508052,2,0.6190411443584904,155,49,False,0.7862978983691539,-0.16725675401066342,not_corroborated
265,GSE20194--GSE20271,GSM505585,GSM508053,3,0.7121318851651274,3,231,False,0.7862978983691539,-0.07416601320402649,not_corroborated
265,GSE20194--GSE20271,GSM505585,GSM508054,4,0.6134320823835331,157,44,False,0.7862978983691539,-0.17286581598562079,not_corroborated
265,GSE20194--GSE20271,GSM505585,GSM508055,5,0.6792193454505431,64,236,False,0.7862978983691539,-0.10707855291861079,not_corroborated
266,GSE20194--GSE25055,GSM505585,GSM615288,1,0.7610044873479277,287,241,False,0.9042695564152732,-0.14326506906734549,not_corroborated
266,GSE20194--GSE25055,GSM505585,GSM615289,2,0.711877889689747,309,238,False,0.9042695564152732,-0.1923916667255262,not_corroborated
266,GSE20194--GSE25055,GSM505585,GSM615290,3,0.7991483263503494,245,149,False,0.9042695564152732,-0.1051212300649238,not_corroborated
266,GSE20194--GSE25055,GSM505585,GSM615291,4,0.8455881238640841,74,93,False,0.9042695564152732,-0.05868143255118907,not_corroborated
266,GSE20194--GSE25055,GSM505585,GSM615292,5,0.7513426261429789,292,243,False,0.9042695564152732,-0.15292693027229431,not_corroborated
267,GSE20194--GSE25055,GSM505586,GSM615109,1,0.8409890507284523,186,92,False,0.9042695564152732,-0.06328050568682086,not_corroborated
267,GSE20194--GSE25055,GSM505586,GSM615110,2,0.8279709713166287,234,5,False,0.9042695564152732,-0.07629858509864451,not_corroborated
267,GSE20194--GSE25055,GSM505586,GSM615111,3,0.846291055577351,165,20,False,0.9042695564152732,-0.05797850083792222,not_corroborated
267,GSE20194--GSE25055,GSM505586,GSM615112,4,0.840435533459761,190,124,False,0.9042695564152732,-0.06383402295551222,not_corroborated
267,GSE20194--GSE25055,GSM505586,GSM615113,5,0.8271929894214545,236,15,False,0.9042695564152732,-0.07707656699381871,not_corroborated
268,GSE20194--GSE25055,GSM505587,GSM615359,1,0.8594452347773873,134,29,False,0.9042695564152732,-0.044824321637885856,not_corroborated
268,GSE20194--GSE25055,GSM505587,GSM615360,2,0.8472567530327744,183,61,False,0.9042695564152732,-0.05701280338249881,not_corroborated
268,GSE20194--GSE25055,GSM505587,GSM615361,3,0.8611684217668286,120,56,False,0.9042695564152732,-0.04310113464844456,not_corroborated
268,GSE20194--GSE25055,GSM505587,GSM615363,4,0.8411391175646465,207,115,False,0.9042695564152732,-0.06313043885062664,not_corroborated
268,GSE20194--GSE25055,GSM505587,GSM615364,5,0.8478911850230241,181,108,False,0.9042695564152732,-0.056378371392249105,not_corroborated
269,GSE20194--GSE20271,GSM505588,GSM508082,1,0.6369272191574499,130,228,False,0.7862978983691539,-0.149370679211704,not_corroborated
269,GSE20194--GSE20271,GSM505588,GSM508083,2,0.6069972239353594,148,66,False,0.7862978983691539,-0.1793006744337945,not_corroborated
269,GSE20194--GSE20271,GSM505588,GSM508084,3,0.638186481665577,129,246,False,0.7862978983691539,-0.14811141670357686,not_corroborated
269,GSE20194--GSE20271,GSM505588,GSM508085,4,0.7255741253001393,17,55,False,0.7862978983691539,-0.06072377306901455,not_corroborated
269,GSE20194--GSE20271,GSM505588,GSM508086,5,0.6708723592975401,99,221,False,0.7862978983691539,-0.11542553907161379,not_corroborated
270,GSE20194--GSE25055,GSM505588,GSM615383,1,0.8239988088083406,228,155,False,0.9042695564152732,-0.08027074760693254,not_corroborated
270,GSE20194--GSE25055,GSM505588,GSM615384,2,0.8455923162136533,134,17,False,0.9042695564152732,-0.05867724020161991,not_corroborated
270,GSE20194--GSE25055,GSM505588,GSM615385,3,0.8661603855314277,60,12,False,0.9042695564152732,-0.03810917088384547,not_corroborated
270,GSE20194--GSE25055,GSM505588,GSM615386,4,0.8318239752640365,202,36,False,0.9042695564152732,-0.07244558115123667,not_corroborated
270,GSE20194--GSE25055,GSM505588,GSM615387,5,0.849726784536668,118,25,False,0.9042695564152732,-0.054542771878605234,not_corroborated
271,GSE20194--GSE25055,GSM505589,GSM615368,1,0.8585426390980515,146,121,False,0.9042695564152732,-0.04572691731722167,not_corroborated
271,GSE20194--GSE25055,GSM505589,GSM615369,2,0.8491993657267071,169,83,False,0.9042695564152732,-0.05507019068856611,not_corroborated
271,GSE20194--GSE25055,GSM505589,GSM615370,3,0.9094975691580938,5,9,False,0.9042695564152732,0.005228012742820587,not_corroborated
271,GSE20194--GSE25055,GSM505589,GSM615371,4,0.8631800818015827,123,123,False,0.9042695564152732,-0.0410894746136905,not_corroborated
271,GSE20194--GSE25055,GSM505589,GSM615372,5,0.8490669763285158,170,57,False,0.9042695564152732,-0.05520258008675738,not_corroborated
272,GSE20194--GSE20271,GSM505590,GSM508074,1,0.6377501518130664,141,56,False,0.7862978983691539,-0.1485477465560875,not_corroborated
272,GSE20194--GSE20271,GSM505590,GSM508075,2,0.6755605977433855,119,29,False,0.7862978983691539,-0.11073730062576836,not_corroborated
272,GSE20194--GSE20271,GSM505590,GSM508076,3,0.7670350432032449,22,22,False,0.7862978983691539,-0.019262855165908976,not_corroborated
272,GSE20194--GSE20271,GSM505590,GSM508077,4,0.7933862443146096,4,3,False,0.7862978983691539,0.00708834594545571,not_corroborated
272,GSE20194--GSE20271,GSM505590,GSM508078,5,0.7078591684922083,91,24,False,0.7862978983691539,-0.07843872987694556,not_corroborated
273,GSE20194--GSE25055,GSM505590,GSM615296,1,0.8543069355213785,146,51,False,0.9042695564152732,-0.049962620893894694,not_corroborated
273,GSE20194--GSE25055,GSM505590,GSM615297,2,0.8568101845154605,134,120,False,0.9042695564152732,-0.04745937189981264,not_corroborated
273,GSE20194--GSE25055,GSM505590,GSM615298,3,0.7927445033030518,289,145,False,0.9042695564152732,-0.11152505311222138,not_corroborated
273,GSE20194--GSE25055,GSM505590,GSM615299,4,0.9011930652944599,18,15,False,0.9042695564152732,-0.0030764911208133183,not_corroborated
273,GSE20194--GSE25055,GSM505590,GSM615300,5,0.7934233943153067,288,173,False,0.9042695564152732,-0.11084616209996645,not_corroborated
274,GSE20194--GSE25055,GSM505591,GSM615098,1,0.851918233643349,112,118,False,0.9042695564152732,-0.052351322771924225,not_corroborated
274,GSE20194--GSE25055,GSM505591,GSM615099,2,0.8586165758835556,76,104,False,0.9042695564152732,-0.045652980531717624,not_corroborated
274,GSE20194--GSE25055,GSM505591,GSM615100,3,0.8556436845518491,94,74,False,0.9042695564152732,-0.04862587186342404,not_corroborated
274,GSE20194--GSE25055,GSM505591,GSM615101,4,0.848033927471084,130,70,False,0.9042695564152732,-0.05623562894418921,not_corroborated
274,GSE20194--GSE25055,GSM505591,GSM615102,5,0.8100392989535447,251,87,False,0.9042695564152732,-0.09423025746172853,not_corroborated
275,GSE20194--GSE25055,GSM505592,GSM615165,1,0.8518829639833781,120,88,False,0.9042695564152732,-0.05238659243189503,not_corroborated
275,GSE20194--GSE25055,GSM505592,GSM615166,2,0.8543832597528718,105,97,False,0.9042695564152732,-0.04988629666240141,not_corroborated
275,GSE20194--GSE25055,GSM505592,GSM615167,3,0.8310424743656752,197,54,False,0.9042695564152732,-0.07322708204959794,not_corroborated
275,GSE20194--GSE25055,GSM505592,GSM615168,4,0.807509637179288,255,111,False,0.9042695564152732,-0.09675991923598515,not_corroborated
275,GSE20194--GSE25055,GSM505592,GSM615169,5,0.8491307793906697,133,57,False,0.9042695564152732,-0.05513877702460346,not_corroborated
276,GSE20194--GSE25055,GSM505593,GSM615387,1,0.8299282425657195,245,77,False,0.9042695564152732,-0.07434131384955367,not_corroborated
276,GSE20194--GSE25055,GSM505593,GSM615388,2,0.8694913141334208,98,43,False,0.9042695564152732,-0.034778242281852334,not_corroborated
276,GSE20194--GSE25055,GSM505593,GSM615389,3,0.8538350426422161,159,58,False,0.9042695564152732,-0.05043451377305708,not_corroborated
276,GSE20194--GSE25055,GSM505593,GSM615390,4,0.8619038012319925,134,71,False,0.9042695564152732,-0.04236575518328067,not_corroborated
276,GSE20194--GSE25055,GSM505593,GSM615391,5,0.8571275583697993,147,80,False,0.9042695564152732,-0.04714199804547392,not_corroborated
277,GSE20194--GSE25055,GSM505594,GSM615329,1,0.8701670591372689,14,103,False,0.9042695564152732,-0.034102497278004296,not_corroborated
277,GSE20194--GSE25055,GSM505594,GSM615330,2,0.7870470764898244,261,49,False,0.9042695564152732,-0.11722247992544876,not_corroborated
277,GSE20194--GSE25055,GSM505594,GSM615331,3,0.8449056034868904,61,147,False,0.9042695564152732,-0.05936395292838281,not_corroborated
277,GSE20194--GSE25055,GSM505594,GSM615332,4,0.886454075977433,11,53,False,0.9042695564152732,-0.017815480437840203,not_corroborated
277,GSE20194--GSE25055,GSM505594,GSM615333,5,0.8418878675655405,73,139,False,0.9042695564152732,-0.06238168884973272,not_corroborated
278,GSE20194--GSE20271,GSM505595,GSM508066,1,0.5293578882847161,171,94,False,0.7862978983691539,-0.2569400100844378,not_corroborated
278,GSE20194--GSE20271,GSM505595,GSM508067,2,0.6841716055273368,80,135,False,0.7862978983691539,-0.10212629284181707,not_corroborated
278,GSE20194--GSE20271,GSM505595,GSM508068,3,0.6588554621366768,121,196,False,0.7862978983691539,-0.12744243623247709,not_corroborated
278,GSE20194--GSE20271,GSM505595,GSM508069,4,0.6803049251046598,84,195,False,0.7862978983691539,-0.10599297326449408,not_corroborated
278,GSE20194--GSE20271,GSM505595,GSM508070,5,0.668870960111698,105,231,False,0.7862978983691539,-0.11742693825745587,not_corroborated
279,GSE20194--GSE25055,GSM505595,GSM615362,1,0.8968701200548099,2,28,False,0.9042695564152732,-0.007399436360463252,not_corroborated
279,GSE20194--GSE25055,GSM505595,GSM615363,2,0.8292940075502411,177,149,False,0.9042695564152732,-0.0749755488650321,not_corroborated
279,GSE20194--GSE25055,GSM505595,GSM615364,3,0.839638324871111,134,133,False,0.9042695564152732,-0.06463123154416217,not_corroborated
279,GSE20194--GSE25055,GSM505595,GSM615365,4,0.8714100383976193,18,86,False,0.9042695564152732,-0.032859518017653855,not_corroborated
279,GSE20194--GSE25055,GSM505595,GSM615366,5,0.855648543262879,68,126,False,0.9042695564152732,-0.0486210131523942,not_corroborated
280,GSE20194--GSE20271,GSM505596,GSM508028,1,0.6671215643017743,35,185,False,0.7862978983691539,-0.1191763340673796,not_corroborated
280,GSE20194--GSE20271,GSM505596,GSM508029,2,0.5941001750432372,147,204,False,0.7862978983691539,-0.19219772332591667,not_corroborated
280,GSE20194--GSE20271,GSM505596,GSM508030,3,0.6674857385236295,34,238,False,0.7862978983691539,-0.1188121598455244,not_corroborated
280,GSE20194--GSE20271,GSM505596,GSM508031,4,0.6527566733823237,72,195,False,0.7862978983691539,-0.1335412249868302,not_corroborated
280,GSE20194--GSE20271,GSM505596,GSM508032,5,0.6513539350094342,75,241,False,0.7862978983691539,-0.1349439633597197,not_corroborated
281,GSE20194--GSE25055,GSM505596,GSM615398,1,0.8578713015793387,9,122,False,0.9042695564152732,-0.046398254835934516,not_corroborated
281,GSE20194--GSE25055,GSM505596,GSM615399,2,0.8502058788693555,19,10,False,0.9042695564152732,-0.05406367754591768,not_corroborated
281,GSE20194--GSE25055,GSM505596,GSM615400,3,0.7194222609252657,300,250,False,0.9042695564152732,-0.18484729549000745,not_corroborated
281,GSE20194--GSE25055,GSM505596,GSM615401,4,0.7406514125007778,282,241,False,0.9042695564152732,-0.16361814391449536,not_corroborated
281,GSE20194--GSE25055,GSM505596,GSM615402,5,0.7615649937285467,272,238,False,0.9042695564152732,-0.1427045626867265,not_corroborated
282,GSE20194--GSE25055,GSM505597,GSM615309,1,0.8379234457466771,120,198,False,0.9042695564152732,-0.06634611066859608,not_corroborated
282,GSE20194--GSE25055,GSM505597,GSM615310,2,0.8046174873430996,235,210,False,0.9042695564152732,-0.09965206907217361,not_corroborated
282,GSE20194--GSE25055,GSM505597,GSM615311,3,0.8197371869838979,193,208,False,0.9042695564152732,-0.08453236943137532,not_corroborated
282,GSE20194--GSE25055,GSM505597,GSM615312,4,0.847177282792874,91,26,False,0.9042695564152732,-0.057092273622399214,not_corroborated
282,GSE20194--GSE25055,GSM505597,GSM615313,5,0.8710422292228887,25,62,False,0.9042695564152732,-0.033227327192384526,not_corroborated
283,GSE20194--GSE25055,GSM505598,GSM615294,1,0.7839434553771507,289,221,False,0.9042695564152732,-0.12032610103812247,not_corroborated
283,GSE20194--GSE25055,GSM505598,GSM615295,2,0.8530867690129325,104,63,False,0.9042695564152732,-0.051182787402340724,not_corroborated
283,GSE20194--GSE25055,GSM505598,GSM615296,3,0.8033526159434297,262,169,False,0.9042695564152732,-0.10091694047184352,not_corroborated
283,GSE20194--GSE25055,GSM505598,GSM615297,4,0.861539682889505,83,97,False,0.9042695564152732,-0.04272987352576818,not_corroborated
283,GSE20194--GSE25055,GSM505598,GSM615298,5,0.8376533123098759,162,61,False,0.9042695564152732,-0.06661624410539724,not_corroborated
284,GSE20194--GSE25055,GSM505599,GSM615174,1,0.7901167718413225,151,212,False,0.9042695564152732,-0.11415278457395073,not_corroborated
284,GSE20194--GSE25055,GSM505599,GSM615175,2,0.789013208809664,154,217,False,0.9042695564152732,-0.11525634760560921,not_corroborated
284,GSE20194--GSE25055,GSM505599,GSM615176,3,0.8266209942428159,57,54,False,0.9042695564152732,-0.0776485621724573,not_corroborated
284,GSE20194--GSE25055,GSM505599,GSM615177,4,0.8175918467375569,85,154,False,0.9042695564152732,-0.08667770967771626,not_corroborated
284,GSE20194--GSE25055,GSM505599,GSM615178,5,0.7931918260241927,141,240,False,0.9042695564152732,-0.11107773039108049,not_corroborated
285,GSE20194--GSE25055,GSM505600,GSM615139,1,0.8479938661553242,144,109,False,0.9042695564152732,-0.05627569025994894,not_corroborated
285,GSE20194--GSE25055,GSM505600,GSM615140,2,0.8235676729430671,243,93,False,0.9042695564152732,-0.08070188347220608,not_corroborated
285,GSE20194--GSE25055,GSM505600,GSM615141,3,0.8470126272507312,148,93,False,0.9042695564152732,-0.05725692916454195,not_corroborated
285,GSE20194--GSE25055,GSM505600,GSM615142,4,0.8302863217455317,227,76,False,0.9042695564152732,-0.07398323466974144,not_corroborated
285,GSE20194--GSE25055,GSM505600,GSM615143,5,0.8084152335806745,275,119,False,0.9042695564152732,-0.09585432283459872,not_corroborated
286,GSE20194--GSE25055,GSM505601,GSM615268,1,0.8923499206468272,7,13,False,0.9042695564152732,-0.011919635768446013,not_corroborated
286,GSE20194--GSE25055,GSM505601,GSM615269,2,0.7999788264693503,261,114,False,0.9042695564152732,-0.10429072994592292,not_corroborated
286,GSE20194--GSE25055,GSM505601,GSM615270,3,0.8749280245803056,15,39,False,0.9042695564152732,-0.02934153183496757,not_corroborated
286,GSE20194--GSE25055,GSM505601,GSM615271,4,0.8213674857002462,207,211,False,0.9042695564152732,-0.08290207071502698,not_corroborated
286,GSE20194--GSE25055,GSM505601,GSM615272,5,0.8862180163821318,9,3,False,0.9042695564152732,-0.018051540033141356,not_corroborated
287,GSE20194--GSE25055,GSM505602,GSM615280,1,0.7754346132383317,304,216,False,0.9042695564152732,-0.12883494317694144,not_corroborated
287,GSE20194--GSE25055,GSM505602,GSM615281,2,0.7996661814065115,281,167,False,0.9042695564152732,-0.10460337500876171,not_corroborated
287,GSE20194--GSE25055,GSM505602,GSM615282,3,0.8187253359646405,245,52,False,0.9042695564152732,-0.0855442204506327,not_corroborated
287,GSE20194--GSE25055,GSM505602,GSM615283,4,0.7933020634440034,288,204,False,0.9042695564152732,-0.11096749297126973,not_corroborated
287,GSE20194--GSE25055,GSM505602,GSM615284,5,0.7499774778208081,309,214,False,0.9042695564152732,-0.15429207859446503,not_corroborated
288,GSE20194--GSE25055,GSM505603,GSM615151,1,0.8378782924235268,242,39,False,0.9042695564152732,-0.06639126399174633,not_corroborated
288,GSE20194--GSE25055,GSM505603,GSM615152,2,0.851563832722922,195,58,False,0.9042695564152732,-0.05270572369235116,not_corroborated
288,GSE20194--GSE25055,GSM505603,GSM615153,3,0.8629838767683808,150,70,False,0.9042695564152732,-0.04128567964689234,not_corroborated
288,GSE20194--GSE25055,GSM505603,GSM615154,4,0.8568239238550184,176,21,False,0.9042695564152732,-0.0474456325602548,not_corroborated
288,GSE20194--GSE25055,GSM505603,GSM615155,5,0.865435028030879,140,44,False,0.9042695564152732,-0.03883452838439416,not_corroborated
289,GSE20194--GSE25055,GSM505605,GSM615390,1,0.8808368751725554,44,26,False,0.9042695564152732,-0.0234326812427178,not_corroborated
289,GSE20194--GSE25055,GSM505605,GSM615391,2,0.8955700977388256,15,2,False,0.9042695564152732,-0.008699458676447613,not_corroborated
289,GSE20194--GSE25055,GSM505605,GSM615392,3,0.8437949242177425,220,86,False,0.9042695564152732,-0.06047463219753069,not_corroborated
289,GSE20194--GSE25055,GSM505605,GSM615393,4,0.8765271258456112,63,21,False,0.9042695564152732,-0.02774243056966197,not_corroborated
289,GSE20194--GSE25055,GSM505605,GSM615394,5,0.8554808269283656,171,33,False,0.9042695564152732,-0.0487887294869076,not_corroborated
290,GSE20271--GSE25065,GSM508015,GSM615801,1,0.6112994071959035,94,154,False,0.7877163736851808,-0.1764169664892773,not_corroborated
290,GSE20271--GSE25065,GSM508015,GSM615802,2,0.6115832268868628,92,140,False,0.7877163736851808,-0.17613314679831793,not_corroborated
290,GSE20271--GSE25065,GSM508015,GSM615803,3,0.5999383368382364,140,145,False,0.7877163736851808,-0.18777803684694439,not_corroborated
290,GSE20271--GSE25065,GSM508015,GSM615804,4,0.5806211439324662,188,152,False,0.7877163736851808,-0.20709522975271455,not_corroborated
290,GSE20271--GSE25065,GSM508015,GSM615805,5,0.6369991610495236,11,142,False,0.7877163736851808,-0.15071721263565718,not_corroborated
291,GSE20271--GSE25065,GSM508020,GSM615738,1,0.6898153979263656,130,77,False,0.7877163736851808,-0.09790097575881518,not_corroborated
291,GSE20271--GSE25065,GSM508020,GSM615739,2,0.6525393361692037,189,43,False,0.7877163736851808,-0.1351770375159771,not_corroborated
291,GSE20271--GSE25065,GSM508020,GSM615740,3,0.6818284746707318,152,21,False,0.7877163736851808,-0.10588789901444895,not_corroborated
291,GSE20271--GSE25065,GSM508020,GSM615741,4,0.6988627690904483,96,73,False,0.7877163736851808,-0.08885360459473246,not_corroborated
291,GSE20271--GSE25065,GSM508020,GSM615742,5,0.6210734127040896,198,22,False,0.7877163736851808,-0.16664296098109121,not_corroborated
292,GSE20271--GSE25065,GSM508021,GSM615663,1,0.7088449545803558,8,93,False,0.7877163736851808,-0.07887141910482498,not_corroborated
292,GSE20271--GSE25065,GSM508021,GSM615664,2,0.6737777008554817,99,101,False,0.7877163736851808,-0.11393867282969905,not_corroborated
292,GSE20271--GSE25065,GSM508021,GSM615665,3,0.684607746786981,59,91,False,0.7877163736851808,-0.10310862689819977,not_corroborated
292,GSE20271--GSE25065,GSM508021,GSM615666,4,0.6526264926161449,147,110,False,0.7877163736851808,-0.13508988106903586,not_corroborated
292,GSE20271--GSE25065,GSM508021,GSM615667,5,0.6075488510844352,195,131,False,0.7877163736851808,-0.18016752260074553,not_corroborated
293,GSE20271--GSE25065,GSM508024,GSM615763,1,0.7533570019150082,42,30,False,0.7877163736851808,-0.034359371770172564,not_corroborated
293,GSE20271--GSE25065,GSM508024,GSM615764,2,0.7622413589933774,21,30,False,0.7877163736851808,-0.025475014691803355,not_corroborated
293,GSE20271--GSE25065,GSM508024,GSM615765,3,0.7570653439580721,32,27,False,0.7877163736851808,-0.030651029727108647,not_corroborated
293,GSE20271--GSE25065,GSM508024,GSM615766,4,0.747830768529956,53,29,False,0.7877163736851808,-0.03988560515522477,not_corroborated
293,GSE20271--GSE25065,GSM508024,GSM615767,5,0.7439131889881345,63,28,False,0.7877163736851808,-0.04380318469704625,not_corroborated
294,GSE20271--GSE25055,GSM508027,GSM615163,1,0.6900275690919325,213,36,False,0.783108547493618,-0.0930809784016855,not_corroborated
294,GSE20271--GSE25055,GSM508027,GSM615164,2,0.7229276574863867,71,50,False,0.783108547493618,-0.06018089000723137,not_corroborated
294,GSE20271--GSE25055,GSM508027,GSM615165,3,0.7004287213177909,165,56,False,0.783108547493618,-0.08267982617582714,not_corroborated
294,GSE20271--GSE25055,GSM508027,GSM615166,4,0.7125391060579671,109,53,False,0.783108547493618,-0.07056944143565091,not_corroborated
294,GSE20271--GSE25055,GSM508027,GSM615167,5,0.683312003433586,236,64,False,0.783108547493618,-0.09979654406003202,not_corroborated
295,GSE20271--GSE22093,GSM508034,GSM549286,1,0.7172218306071951,57,16,False,0.7312222378308818,-0.014000407223686673,not_corroborated
295,GSE20271--GSE22093,GSM508034,GSM549287,2,0.6861502185039743,93,40,False,0.7312222378308818,-0.04507201932690752,not_corroborated
295,GSE20271--GSE22093,GSM508034,GSM549288,3,0.69401269561355,87,39,False,0.7312222378308818,-0.03720954221733186,not_corroborated
295,GSE20271--GSE22093,GSM508034,GSM549289,4,0.7133798404831803,66,55,False,0.7312222378308818,-0.017842397347701544,not_corroborated
295,GSE20271--GSE22093,GSM508034,GSM549290,5,0.6886905211068441,92,56,False,0.7312222378308818,-0.04253171672403766,not_corroborated
296,GSE20271--GSE25065,GSM508035,GSM615755,1,0.6816557389720055,145,71,False,0.7877163736851808,-0.10606063471317528,not_corroborated
296,GSE20271--GSE25065,GSM508035,GSM615756,2,0.7044573722789876,90,72,False,0.7877163736851808,-0.08325900140619313,not_corroborated
296,GSE20271--GSE25065,GSM508035,GSM615757,3,0.7051293579983671,87,16,False,0.7877163736851808,-0.0825870156868137,not_corroborated
296,GSE20271--GSE25065,GSM508035,GSM615758,4,0.6850741509152415,135,33,False,0.7877163736851808,-0.10264222276993928,not_corroborated
296,GSE20271--GSE25065,GSM508035,GSM615759,5,0.6817407370783655,144,61,False,0.7877163736851808,-0.1059756366068153,not_corroborated
297,GSE20271--GSE22093,GSM508036,GSM549233,1,0.6053482209976244,17,158,False,0.7312222378308818,-0.12587401683325738,not_corroborated
297,GSE20271--GSE22093,GSM508036,GSM549234,2,0.5871883959697832,52,153,False,0.7312222378308818,-0.14403384186109858,not_corroborated
297,GSE20271--GSE22093,GSM508036,GSM549235,3,0.555251873232871,102,157,False,0.7312222378308818,-0.17597036459801085,not_corroborated
297,GSE20271--GSE22093,GSM508036,GSM549236,4,0.5853267217461399,60,156,False,0.7312222378308818,-0.14589551608474194,not_corroborated
297,GSE20271--GSE22093,GSM508036,GSM549237,5,0.5858108941163764,58,149,False,0.7312222378308818,-0.14541134371450537,not_corroborated
298,GSE20271--GSE25065,GSM508037,GSM615666,1,0.6944540057147157,134,52,False,0.7877163736851808,-0.09326236797046505,not_corroborated
298,GSE20271--GSE25065,GSM508037,GSM615667,2,0.6623169556755019,175,53,False,0.7877163736851808,-0.1253994180096789,not_corroborated
298,GSE20271--GSE25065,GSM508037,GSM615668,3,0.6579499565392628,180,55,False,0.7877163736851808,-0.12976641714591797,not_corroborated
298,GSE20271--GSE25065,GSM508037,GSM615669,4,0.7526908388257536,10,28,False,0.7877163736851808,-0.035025534859427165,not_corroborated
298,GSE20271--GSE25065,GSM508037,GSM615670,5,0.7092818935179754,98,43,False,0.7877163736851808,-0.07843448016720533,not_corroborated
299,GSE20271--GSE22093,GSM508038,GSM549235,1,0.5329863745202421,79,168,False,0.7312222378308818,-0.1982358633106397,not_corroborated
299,GSE20271--GSE22093,GSM508038,GSM549236,2,0.5604521329288797,26,167,False,0.7312222378308818,-0.17077010490200206,not_corroborated
299,GSE20271--GSE22093,GSM508038,GSM549237,3,0.5403237783563203,67,167,False,0.7312222378308818,-0.19089845947456152,not_corroborated
299,GSE20271--GSE22093,GSM508038,GSM549238,4,0.5476323191019462,55,169,False,0.7312222378308818,-0.1835899187289356,not_corroborated
299,GSE20271--GSE22093,GSM508038,GSM549239,5,0.5387790253641368,72,168,False,0.7312222378308818,-0.192443212466745,not_corroborated
300,GSE20271--GSE25065,GSM508042,GSM615812,1,0.7652207463015904,45,1,False,0.7877163736851808,-0.022495627383590344,not_corroborated
300,GSE20271--GSE25065,GSM508042,GSM615813,2,0.7904400465569011,6,6,False,0.7877163736851808,0.002723672871720373,not_corroborated
300,GSE20271--GSE25065,GSM508042,GSM615814,3,0.7820421277571327,16,16,False,0.7877163736851808,-0.005674245928048105,not_corroborated
300,GSE20271--GSE25065,GSM508042,GSM615815,4,0.6317504329868693,198,25,False,0.7877163736851808,-0.1559659406983115,not_corroborated
300,GSE20271--GSE25065,GSM508042,GSM615816,5,0.7272698140526864,123,21,False,0.7877163736851808,-0.060446559632494345,not_corroborated
301,GSE20271--GSE22093,GSM508044,GSM549289,1,0.6322857852700736,64,135,False,0.7312222378308818,-0.09893645256080819,not_corroborated
301,GSE20271--GSE22093,GSM508044,GSM549290,2,0.6170935025214559,92,135,False,0.7312222378308818,-0.11412873530942591,not_corroborated
301,GSE20271--GSE22093,GSM508044,GSM549291,3,0.64302781840332,35,135,False,0.7312222378308818,-0.08819441942756179,not_corroborated
301,GSE20271--GSE22093,GSM508044,GSM549292,4,0.6209345929876489,89,129,False,0.7312222378308818,-0.11028764484323295,not_corroborated
301,GSE20271--GSE22093,GSM508044,GSM549293,5,0.6793407880805821,2,119,False,0.7312222378308818,-0.051881449750299735,not_corroborated
302,GSE20271--GSE25065,GSM508044,GSM615777,1,0.6424517566036894,88,135,False,0.7877163736851808,-0.1452646170814914,not_corroborated
302,GSE20271--GSE25065,GSM508044,GSM615778,2,0.639399203645248,101,134,False,0.7877163736851808,-0.14831717003993272,not_corroborated
302,GSE20271--GSE25065,GSM508044,GSM615779,3,0.6543821091966889,33,136,False,0.7877163736851808,-0.13333426448849184,not_corroborated
302,GSE20271--GSE25065,GSM508044,GSM615780,4,0.628207028676755,151,139,False,0.7877163736851808,-0.15950934500842573,not_corroborated
302,GSE20271--GSE25065,GSM508044,GSM615781,5,0.6005481637458595,191,127,False,0.7877163736851808,-0.18716820993932126,not_corroborated
303,GSE20271--GSE25065,GSM508045,GSM615786,1,0.6910743475100332,35,103,False,0.7877163736851808,-0.09664202617514761,not_corroborated
303,GSE20271--GSE25065,GSM508045,GSM615787,2,0.6868423976298922,50,97,False,0.7877163736851808,-0.10087397605528858,not_corroborated
303,GSE20271--GSE25065,GSM508045,GSM615788,3,0.6942012437763794,26,71,False,0.7877163736851808,-0.0935151299088014,not_corroborated
303,GSE20271--GSE25065,GSM508045,GSM615789,4,0.6441708196957874,171,93,False,0.7877163736851808,-0.1435455539893934,not_corroborated
303,GSE20271--GSE25065,GSM508045,GSM615790,5,0.7105756238171455,8,86,False,0.7877163736851808,-0.07714074986803532,not_corroborated
304,GSE20271--GSE25065,GSM508046,GSM615769,1,0.7604701618481067,47,25,False,0.7877163736851808,-0.027246211837074097,not_corroborated
304,GSE20271--GSE25065,GSM508046,GSM615770,2,0.764096115351287,39,14,False,0.7877163736851808,-0.023620258333893807,not_corroborated
304,GSE20271--GSE25065,GSM508046,GSM615771,3,0.7590460761597339,50,19,False,0.7877163736851808,-0.02867029752544692,not_corroborated
304,GSE20271--GSE25065,GSM508046,GSM615772,4,0.6630653843700312,188,34,False,0.7877163736851808,-0.12465098931514962,not_corroborated
304,GSE20271--GSE25065,GSM508046,GSM615773,5,0.7328565214865556,104,30,False,0.7877163736851808,-0.054859852198625214,not_corroborated
305,GSE20271--GSE22093,GSM508047,GSM549271,1,0.5684108915861585,15,167,False,0.7312222378308818,-0.16281134624472327,not_corroborated
305,GSE20271--GSE22093,GSM508047,GSM549272,2,0.5148540253775478,92,169,False,0.7312222378308818,-0.21636821245333404,not_corroborated
305,GSE20271--GSE22093,GSM508047,GSM549273,3,0.46150642321039387,103,93,False,0.7312222378308818,-0.26971581462048794,not_corroborated
305,GSE20271--GSE22093,GSM508047,GSM549274,4,0.53176390159089,78,169,False,0.7312222378308818,-0.19945833623999176,not_corroborated
305,GSE20271--GSE22093,GSM508047,GSM549275,5,0.49980943878294554,100,168,False,0.7312222378308818,-0.23141279904793627,not_corroborated
306,GSE20271--GSE25065,GSM508047,GSM615725,1,0.5474949033546218,102,169,False,0.7877163736851808,-0.24022147033055896,not_corroborated
306,GSE20271--GSE25065,GSM508047,GSM615726,2,0.5344999552070989,146,169,False,0.7877163736851808,-0.25321641847808185,not_corroborated
306,GSE20271--GSE25065,GSM508047,GSM615727,3,0.570412423485499,22,158,False,0.7877163736851808,-0.21730395019968174,not_corroborated
306,GSE20271--GSE25065,GSM508047,GSM615728,4,0.5384519941580579,135,167,False,0.7877163736851808,-0.24926437952712288,not_corroborated
306,GSE20271--GSE25065,GSM508047,GSM615729,5,0.5488034989626107,97,170,False,0.7877163736851808,-0.23891287472257006,not_corroborated
307,GSE20271--GSE25065,GSM508048,GSM615737,1,0.7442303491038915,103,6,False,0.7877163736851808,-0.04348602458128925,not_corroborated
307,GSE20271--GSE25065,GSM508048,GSM615738,2,0.7755015916455604,27,5,False,0.7877163736851808,-0.012214782039620342,not_corroborated
307,GSE20271--GSE25065,GSM508048,GSM615739,3,0.6855496424256902,183,1,False,0.7877163736851808,-0.1021667312594906,not_corroborated
307,GSE20271--GSE25065,GSM508048,GSM615740,4,0.7048422414247075,170,3,False,0.7877163736851808,-0.08287413226047324,not_corroborated
307,GSE20271--GSE25065,GSM508048,GSM615741,5,0.7559094596773589,85,6,False,0.7877163736851808,-0.031806914007821874,not_corroborated
308,GSE20271--GSE25065,GSM508050,GSM615639,1,0.6509642057556999,160,113,False,0.7877163736851808,-0.13675216792948086,not_corroborated
308,GSE20271--GSE25065,GSM508050,GSM615640,2,0.6708521798608432,115,111,False,0.7877163736851808,-0.11686419382433755,not_corroborated
308,GSE20271--GSE25065,GSM508050,GSM615641,3,0.6602255976924235,138,98,False,0.7877163736851808,-0.12749077599275727,not_corroborated
308,GSE20271--GSE25065,GSM508050,GSM615642,4,0.6943516430948122,45,79,False,0.7877163736851808,-0.09336473059036854,not_corroborated
308,GSE20271--GSE25065,GSM508050,GSM615643,5,0.6716490950828122,113,118,False,0.7877163736851808,-0.11606727860236854,not_corroborated
309,GSE20271--GSE22093,GSM508051,GSM549266,1,0.6902204590816401,7,100,False,0.7312222378308818,-0.04100177874924171,not_corroborated
309,GSE20271--GSE22093,GSM508051,GSM549267,2,0.6517367226487034,70,129,False,0.7312222378308818,-0.07948551518217839,not_corroborated
309,GSE20271--GSE22093,GSM508051,GSM549268,3,0.6740065911278942,20,115,False,0.7312222378308818,-0.05721564670298762,not_corroborated
309,GSE20271--GSE22093,GSM508051,GSM549269,4,0.6908882845820867,6,73,False,0.7312222378308818,-0.040333953248795074,not_corroborated
309,GSE20271--GSE22093,GSM508051,GSM549270,5,0.665835247797727,37,80,False,0.7312222378308818,-0.06538699003315485,not_corroborated
310,GSE20271--GSE25065,GSM508053,GSM615742,1,0.6131634451168048,198,41,False,0.7877163736851808,-0.174552928568376,not_corroborated
310,GSE20271--GSE25065,GSM508053,GSM615743,2,0.6988925276477701,156,6,False,0.7877163736851808,-0.08882384603741067,not_corroborated
310,GSE20271--GSE25065,GSM508053,GSM615744,3,0.6855000494867679,173,71,False,0.7877163736851808,-0.10221632419841287,not_corroborated
310,GSE20271--GSE25065,GSM508053,GSM615745,4,0.71831814608485,130,10,False,0.7877163736851808,-0.06939822760033076,not_corroborated
310,GSE20271--GSE25065,GSM508053,GSM615746,5,0.6202342387102219,196,100,False,0.7877163736851808,-0.1674821349749589,not_corroborated
311,GSE20271--GSE22093,GSM508054,GSM549292,1,0.5609806651352441,101,153,False,0.7312222378308818,-0.17024157269563767,not_corroborated
311,GSE20271--GSE22093,GSM508054,GSM549293,2,0.6022651411405544,47,153,False,0.7312222378308818,-0.1289570966903274,not_corroborated
311,GSE20271--GSE22093,GSM508054,GSM549294,3,0.5967532184615953,58,154,False,0.7312222378308818,-0.13446901936928646,not_corroborated
311,GSE20271--GSE22093,GSM508054,GSM549295,4,0.5920236907508827,72,153,False,0.7312222378308818,-0.13919854707999912,not_corroborated
311,GSE20271--GSE22093,GSM508054,GSM549296,5,0.5935401073156552,68,151,False,0.7312222378308818,-0.1376821305152266,not_corroborated
312,GSE20271--GSE25065,GSM508054,GSM615733,1,0.605838203425128,71,150,False,0.7877163736851808,-0.18187817026005282,not_corroborated
312,GSE20271--GSE25065,GSM508054,GSM615734,2,0.5801228843736075,170,155,False,0.7877163736851808,-0.2075934893115733,not_corroborated
312,GSE20271--GSE25065,GSM508054,GSM615735,3,0.6082315363057639,62,154,False,0.7877163736851808,-0.1794848373794169,not_corroborated
312,GSE20271--GSE25065,GSM508054,GSM615736,4,0.5908342690706001,124,158,False,0.7877163736851808,-0.19688210461458067,not_corroborated
312,GSE20271--GSE25065,GSM508054,GSM615737,5,0.5993776251009405,101,151,False,0.7877163736851808,-0.18833874858424027,not_corroborated
313,GSE20271--GSE25065,GSM508055,GSM615639,1,0.7045990055215968,110,37,False,0.7877163736851808,-0.08311736816358395,not_corroborated
313,GSE20271--GSE25065,GSM508055,GSM615640,2,0.6969839608556534,119,65,False,0.7877163736851808,-0.09073241282952738,not_corroborated
313,GSE20271--GSE25065,GSM508055,GSM615641,3,0.6878303965410044,134,53,False,0.7877163736851808,-0.09988597714417635,not_corroborated
313,GSE20271--GSE25065,GSM508055,GSM615642,4,0.7477481746333955,36,22,False,0.7877163736851808,-0.03996819905178528,not_corroborated
313,GSE20271--GSE25065,GSM508055,GSM615643,5,0.6990399444049464,116,75,False,0.7877163736851808,-0.08867642928023434,not_corroborated
314,GSE20271--GSE25065,GSM508057,GSM615735,1,0.7308320287549861,63,19,False,0.7877163736851808,-0.056884344930194675,not_corroborated
314,GSE20271--GSE25065,GSM508057,GSM615736,2,0.744200253873379,38,20,False,0.7877163736851808,-0.04351611981180181,not_corroborated
314,GSE20271--GSE25065,GSM508057,GSM615737,3,0.7127322530927664,102,37,False,0.7877163736851808,-0.07498412059241433,not_corroborated
314,GSE20271--GSE25065,GSM508057,GSM615738,4,0.7209843965917877,83,40,False,0.7877163736851808,-0.06673197709339307,not_corroborated
314,GSE20271--GSE25065,GSM508057,GSM615739,5,0.6411620230763015,189,63,False,0.7877163736851808,-0.14655435060887922,not_corroborated
315,GSE20271--GSE22093,GSM508059,GSM549277,1,0.6867960177546186,86,56,False,0.7312222378308818,-0.04442622007626318,not_corroborated
315,GSE20271--GSE22093,GSM508059,GSM549278,2,0.6775358286212869,89,84,False,0.7312222378308818,-0.05368640920959489,not_corroborated
315,GSE20271--GSE22093,GSM508059,GSM549279,3,0.7341014998312891,8,39,False,0.7312222378308818,0.0028792620004073344,not_corroborated
315,GSE20271--GSE22093,GSM508059,GSM549280,4,0.7205702480543251,29,29,False,0.7312222378308818,-0.01065198977655668,not_corroborated
315,GSE20271--GSE22093,GSM508059,GSM549281,5,0.71261114434195,43,51,False,0.7312222378308818,-0.01861109348893175,not_corroborated
316,GSE20271--GSE25065,GSM508059,GSM615704,1,0.6579199646855808,171,87,False,0.7877163736851808,-0.1297964089996,not_corroborated
316,GSE20271--GSE25065,GSM508059,GSM615705,2,0.6522895553951394,179,31,False,0.7877163736851808,-0.13542681829004133,not_corroborated
316,GSE20271--GSE25065,GSM508059,GSM615706,3,0.6465659253493667,181,42,False,0.7877163736851808,-0.14115044833581403,not_corroborated
316,GSE20271--GSE25065,GSM508059,GSM615707,4,0.7073194995278417,90,43,False,0.7877163736851808,-0.0803968741573391,not_corroborated
316,GSE20271--GSE25065,GSM508059,GSM615708,5,0.7098362531681367,83,8,False,0.7877163736851808,-0.07788012051704407,not_corroborated
317,GSE20271--GSE22093,GSM508060,GSM549249,1,0.5953801087264975,67,145,False,0.7312222378308818,-0.1358421291043843,not_corroborated
317,GSE20271--GSE22093,GSM508060,GSM549250,2,0.6054315329440612,38,151,False,0.7312222378308818,-0.12579070488682065,not_corroborated
317,GSE20271--GSE22093,GSM508060,GSM549251,3,0.5942270938513203,72,154,False,0.7312222378308818,-0.13699514397956147,not_corroborated
317,GSE20271--GSE22093,GSM508060,GSM549252,4,0.6247941837155362,6,146,False,0.7312222378308818,-0.10642805411534562,not_corroborated
317,GSE20271--GSE22093,GSM508060,GSM549253,5,0.6132360561643078,22,148,False,0.7312222378308818,-0.11798618166657404,not_corroborated
318,GSE20271--GSE22093,GSM508061,GSM750742,1,0.7173523536345016,41,70,False,0.7312222378308818,-0.013869884196380244,not_corroborated
318,GSE20271--GSE22093,GSM508061,GSM750743,2,0.7099306166565398,60,72,False,0.7312222378308818,-0.021291621174342024,not_corroborated
318,GSE20271--GSE22093,GSM508061,GSM750744,3,0.72439589066929,29,74,False,0.7312222378308818,-0.006826347161591806,not_corroborated
318,GSE20271--GSE22093,GSM508061,GSM750745,4,0.729928656352438,15,61,False,0.7312222378308818,-0.0012935814784438282,not_corroborated
318,GSE20271--GSE22093,GSM508061,GSM750746,5,0.7253321746224878,26,65,False,0.7312222378308818,-0.005890063208394025,not_corroborated
319,GSE20271--GSE22093,GSM508062,GSM750746,1,0.6378105476307684,42,137,False,0.7312222378308818,-0.09341169020011342,not_corroborated
319,GSE20271--GSE22093,GSM508062,GSM750747,2,0.6286136879819482,61,137,False,0.7312222378308818,-0.10260854984893364,not_corroborated
319,GSE20271--GSE22093,GSM508062,GSM750748,3,0.6296779943607436,60,138,False,0.7312222378308818,-0.10154424347013824,not_corroborated
319,GSE20271--GSE22093,GSM508062,GSM750749,4,0.6387621159880438,39,142,False,0.7312222378308818,-0.09246012184283803,not_corroborated
319,GSE20271--GSE22093,GSM508062,GSM750750,5,0.618455546744745,87,144,False,0.7312222378308818,-0.1127666910861368,not_corroborated
320,GSE20271--GSE22093,GSM508063,GSM549297,1,0.5750908495143591,27,160,False,0.7312222378308818,-0.15613138831652273,not_corroborated
320,GSE20271--GSE22093,GSM508063,GSM549298,2,0.5853312395930266,8,143,False,0.7312222378308818,-0.14589099823785523,not_corroborated
320,GSE20271--GSE22093,GSM508063,GSM549299,3,0.5685941759125414,35,162,False,0.7312222378308818,-0.16262806191834045,not_corroborated
320,GSE20271--GSE22093,GSM508063,GSM549300,4,0.5866323361898568,5,163,False,0.7312222378308818,-0.14458990164102503,not_corroborated
320,GSE20271--GSE22093,GSM508063,GSM549302,5,0.53742200050506,91,164,False,0.7312222378308818,-0.19380023732582186,not_corroborated
321,GSE20271--GSE22093,GSM508066,GSM750752,1,0.5412779604710247,17,172,False,0.7312222378308818,-0.18994427735985708,not_corroborated
321,GSE20271--GSE22093,GSM508066,GSM750753,2,0.5349117973236555,23,172,False,0.7312222378308818,-0.19631044050722635,not_corroborated
321,GSE20271--GSE22093,GSM508066,GSM750754,3,0.562875657431938,3,171,False,0.7312222378308818,-0.1683465803989438,not_corroborated
321,GSE20271--GSE22093,GSM508066,GSM549230,4,0.51327220340975,65,173,False,0.7312222378308818,-0.2179500344211318,not_corroborated
321,GSE20271--GSE22093,GSM508066,GSM549231,5,0.5373329106319927,22,172,False,0.7312222378308818,-0.19388932719888907,not_corroborated
322,GSE20271--GSE22093,GSM508069,GSM750740,1,0.7076411411688962,28,88,False,0.7312222378308818,-0.0235810966619856,not_corroborated
322,GSE20271--GSE22093,GSM508069,GSM750741,2,0.7020208027375168,41,69,False,0.7312222378308818,-0.029201435093365036,not_corroborated
322,GSE20271--GSE22093,GSM508069,GSM750742,3,0.6953605520653551,55,93,False,0.7312222378308818,-0.03586168576552673,not_corroborated
322,GSE20271--GSE22093,GSM508069,GSM750743,4,0.6962007668124478,51,89,False,0.7312222378308818,-0.035021471018434,not_corroborated
322,GSE20271--GSE22093,GSM508069,GSM750744,5,0.708536028289444,26,90,False,0.7312222378308818,-0.02268620954143785,not_corroborated
323,GSE20271--GSE25065,GSM508103,GSM615755,1,0.6296928163630524,102,136,False,0.7877163736851808,-0.15802355732212836,not_corroborated
323,GSE20271--GSE25065,GSM508103,GSM615756,2,0.6400636833685476,61,130,False,0.7877163736851808,-0.1476526903166332,not_corroborated
323,GSE20271--GSE25065,GSM508103,GSM615757,3,0.6291402993350446,107,134,False,0.7877163736851808,-0.1585760743501362,not_corroborated
323,GSE20271--GSE25065,GSM508103,GSM615758,4,0.637750105712588,72,120,False,0.7877163736851808,-0.14996626797259283,not_corroborated
323,GSE20271--GSE25065,GSM508103,GSM615759,5,0.624963892149512,125,130,False,0.7877163736851808,-0.1627524815356688,not_corroborated
324,GSE20271--GSE25065,GSM508104,GSM615760,1,0.6473623013354364,123,100,False,0.7877163736851808,-0.1403540723497444,not_corroborated
324,GSE20271--GSE25065,GSM508104,GSM615761,2,0.7065109348546706,15,36,False,0.7877163736851808,-0.08120543883051012,not_corroborated
324,GSE20271--GSE25065,GSM508104,GSM615762,3,0.6852432390882346,33,109,False,0.7877163736851808,-0.10247313459694618,not_corroborated
324,GSE20271--GSE25065,GSM508104,GSM615763,4,0.6879554797118556,28,113,False,0.7877163736851808,-0.09976089397332522,not_corroborated
324,GSE20271--GSE25065,GSM508104,GSM615764,5,0.697139883849593,21,112,False,0.7877163736851808,-0.09057648983558775,not_corroborated
325,GSE20271--GSE25065,GSM508105,GSM615695,1,0.734518752467633,95,6,False,0.7877163736851808,-0.053197621217547786,not_corroborated
325,GSE20271--GSE25065,GSM508105,GSM615696,2,0.7343883244352516,96,6,False,0.7877163736851808,-0.05332804924992918,not_corroborated
325,GSE20271--GSE25065,GSM508105,GSM615697,3,0.7449677583870908,69,6,False,0.7877163736851808,-0.04274861529808993,not_corroborated
325,GSE20271--GSE25065,GSM508105,GSM615698,4,0.6716673774149722,177,31,False,0.7877163736851808,-0.1160489962702086,not_corroborated
325,GSE20271--GSE25065,GSM508105,GSM615699,5,0.7024345740892467,146,10,False,0.7877163736851808,-0.08528179959593407,not_corroborated
326,GSE20271--GSE25065,GSM508106,GSM615684,1,0.6596686745762643,93,123,False,0.7877163736851808,-0.12804769910891645,not_corroborated
326,GSE20271--GSE25065,GSM508106,GSM615685,2,0.6377397400898612,152,126,False,0.7877163736851808,-0.14997663359531954,not_corroborated
326,GSE20271--GSE25065,GSM508106,GSM615686,3,0.6270719622545153,173,116,False,0.7877163736851808,-0.16064441143066543,not_corroborated
326,GSE20271--GSE25065,GSM508106,GSM615687,4,0.6348768319268422,158,129,False,0.7877163736851808,-0.15283954175833858,not_corroborated
326,GSE20271--GSE25065,GSM508106,GSM615688,5,0.6488154959834803,125,128,False,0.7877163736851808,-0.13890087770170045,not_corroborated
327,GSE20271--GSE25065,GSM508107,GSM615788,1,0.6189944767044726,141,133,False,0.7877163736851808,-0.16872189698070816,not_corroborated
327,GSE20271--GSE25065,GSM508107,GSM615789,2,0.5949723793314108,191,132,False,0.7877163736851808,-0.19274399435377,not_corroborated
327,GSE20271--GSE25065,GSM508107,GSM615790,3,0.652986847483211,19,136,False,0.7877163736851808,-0.13472952620196976,not_corroborated
327,GSE20271--GSE25065,GSM508107,GSM615791,4,0.6052479887786182,179,136,False,0.7877163736851808,-0.1824683849065626,not_corroborated
327,GSE20271--GSE25065,GSM508107,GSM615792,5,0.644640156093873,33,124,False,0.7877163736851808,-0.14307621759130773,not_corroborated
328,GSE20271--GSE25065,GSM508110,GSM615766,1,0.7841513224344127,7,4,False,0.7877163736851808,-0.0035650512507681142,not_corroborated
328,GSE20271--GSE25065,GSM508110,GSM615767,2,0.7848191577137488,6,4,False,0.7877163736851808,-0.002897215971431999,not_corroborated
328,GSE20271--GSE25065,GSM508110,GSM615768,3,0.7351706411723827,61,11,False,0.7877163736851808,-0.05254573251279804,not_corroborated
328,GSE20271--GSE25065,GSM508110,GSM615769,4,0.7848494513160171,5,9,False,0.7877163736851808,-0.002866922369163638,not_corroborated
328,GSE20271--GSE25065,GSM508110,GSM615770,5,0.7703827230427203,12,10,False,0.7877163736851808,-0.017333650642460507,not_corroborated
329,GSE20271--GSE25065,GSM508112,GSM615704,1,0.6791573598648273,180,30,False,0.7877163736851808,-0.10855901382035349,not_corroborated
329,GSE20271--GSE25065,GSM508112,GSM615705,2,0.6750426742349981,184,3,False,0.7877163736851808,-0.11267369945018268,not_corroborated
329,GSE20271--GSE25065,GSM508112,GSM615706,3,0.6677039055453611,189,8,False,0.7877163736851808,-0.1200124681398197,not_corroborated
329,GSE20271--GSE25065,GSM508112,GSM615707,4,0.7431493878795236,69,2,False,0.7877163736851808,-0.04456698580565721,not_corroborated
329,GSE20271--GSE25065,GSM508112,GSM615708,5,0.7127777836016497,140,5,False,0.7877163736851808,-0.0749385900835311,not_corroborated
330,GSE20271--GSE25055,GSM508116,GSM615295,1,0.77179581167151,73,10,False,0.783108547493618,-0.011312735822108011,not_corroborated
330,GSE20271--GSE25055,GSM508116,GSM615296,2,0.7970509850839638,22,3,False,0.783108547493618,0.013942437590345746,not_corroborated
330,GSE20271--GSE25055,GSM508116,GSM615297,3,0.7352480676244063,184,18,False,0.783108547493618,-0.047860479869211714,not_corroborated
330,GSE20271--GSE25055,GSM508116,GSM615298,4,0.6351174107660139,301,119,False,0.783108547493618,-0.1479911367276041,not_corroborated
330,GSE20271--GSE25055,GSM508116,GSM615299,5,0.7480212878374846,150,26,False,0.783108547493618,-0.03508725965613346,not_corroborated
331,GSE20271--GSE25055,GSM508117,GSM615227,1,0.7263210187090381,19,50,False,0.783108547493618,-0.05678752878457993,not_corroborated
331,GSE20271--GSE25055,GSM508117,GSM615228,2,0.7054519621615319,85,65,False,0.783108547493618,-0.07765658533208608,not_corroborated
331,GSE20271--GSE25055,GSM508117,GSM615229,3,0.6944974547171482,141,103,False,0.783108547493618,-0.08861109277646984,not_corroborated
331,GSE20271--GSE25055,GSM508117,GSM615230,4,0.6957175471854322,134,67,False,0.783108547493618,-0.0873910003081858,not_corroborated
331,GSE20271--GSE25055,GSM508117,GSM615231,5,0.7134844927601797,60,60,False,0.783108547493618,-0.06962405473343836,not_corroborated
332,GSE20271--GSE25055,GSM508118,GSM615357,1,0.6682355879510851,25,127,False,0.783108547493618,-0.11487295954253296,not_corroborated
332,GSE20271--GSE25055,GSM508118,GSM615358,2,0.6296503270887618,190,136,False,0.783108547493618,-0.15345822040485624,not_corroborated
332,GSE20271--GSE25055,GSM508118,GSM615359,3,0.6545948042313287,80,113,False,0.783108547493618,-0.12851374326228937,not_corroborated
332,GSE20271--GSE25055,GSM508118,GSM615360,4,0.6526494506544056,89,126,False,0.783108547493618,-0.13045909683921242,not_corroborated
332,GSE20271--GSE25055,GSM508118,GSM615361,5,0.649926409945973,101,134,False,0.783108547493618,-0.13318213754764507,not_corroborated
333,GSE20271--GSE25055,GSM508119,GSM615374,1,0.7103458101381804,219,31,False,0.783108547493618,-0.07276273735543759,not_corroborated
333,GSE20271--GSE25055,GSM508119,GSM615375,2,0.7329176297661973,105,6,False,0.783108547493618,-0.05019091772742068,not_corroborated
333,GSE20271--GSE25055,GSM508119,GSM615376,3,0.7535511352206491,19,13,False,0.783108547493618,-0.02955741227296893,not_corroborated
333,GSE20271--GSE25055,GSM508119,GSM615377,4,0.6778140436116559,286,20,False,0.783108547493618,-0.10529450388196215,not_corroborated
333,GSE20271--GSE25055,GSM508119,GSM615378,5,0.7435068691501007,55,7,False,0.783108547493618,-0.039601678343517355,not_corroborated
334,GSE20271--GSE25055,GSM508120,GSM615112,1,0.6745172391425941,173,83,False,0.783108547493618,-0.10859130835102393,not_corroborated
334,GSE20271--GSE25055,GSM508120,GSM615113,2,0.5943147029211409,301,129,False,0.783108547493618,-0.18879384457247717,not_corroborated
334,GSE20271--GSE25055,GSM508120,GSM615114,3,0.6526053813909902,245,115,False,0.783108547493618,-0.1305031661026278,not_corroborated
334,GSE20271--GSE25055,GSM508120,GSM615115,4,0.6618453198414312,212,111,False,0.783108547493618,-0.12126322765218678,not_corroborated
334,GSE20271--GSE25055,GSM508120,GSM615116,5,0.6528505591021322,243,126,False,0.783108547493618,-0.13025798839148583,not_corroborated
335,GSE20271--GSE25055,GSM508121,GSM615264,1,0.7524527703671801,104,7,False,0.783108547493618,-0.030655777126437966,not_corroborated
335,GSE20271--GSE25055,GSM508121,GSM615265,2,0.7814623304217649,34,6,False,0.783108547493618,-0.0016462170718530844,not_corroborated
335,GSE20271--GSE25055,GSM508121,GSM615266,3,0.7316306608705307,162,13,False,0.783108547493618,-0.05147788662308728,not_corroborated
335,GSE20271--GSE25055,GSM508121,GSM615267,4,0.7860351556213571,23,2,False,0.783108547493618,0.0029266081277390388,not_corroborated
335,GSE20271--GSE25055,GSM508121,GSM615268,5,0.663811767879699,288,82,False,0.783108547493618,-0.11929677961391905,not_corroborated
336,GSE20271--GSE25055,GSM508122,GSM615240,1,0.70081399977988,251,21,False,0.783108547493618,-0.08229454771373801,not_corroborated
336,GSE20271--GSE25055,GSM508122,GSM615241,2,0.743531968765132,114,12,False,0.783108547493618,-0.03957657872848608,not_corroborated
336,GSE20271--GSE25055,GSM508122,GSM615242,3,0.7545388910565117,75,19,False,0.783108547493618,-0.028569656437106294,not_corroborated
336,GSE20271--GSE25055,GSM508122,GSM615243,4,0.7772947591612658,20,10,False,0.783108547493618,-0.005813788332352243,not_corroborated
336,GSE20271--GSE25055,GSM508122,GSM615244,5,0.6836739299078713,275,58,False,0.783108547493618,-0.09943461758574668,not_corroborated
337,GSE20271--GSE25055,GSM508123,GSM615162,1,0.6951064769618754,53,57,False,0.783108547493618,-0.08800207053174258,not_corroborated
337,GSE20271--GSE25055,GSM508123,GSM615163,2,0.6631406580694097,229,75,False,0.783108547493618,-0.11996788942420833,not_corroborated
337,GSE20271--GSE25055,GSM508123,GSM615164,3,0.6870962059093906,99,102,False,0.783108547493618,-0.09601234158422745,not_corroborated
337,GSE20271--GSE25055,GSM508123,GSM615165,4,0.686812742449401,100,79,False,0.783108547493618,-0.09629580504421698,not_corroborated
337,GSE20271--GSE25055,GSM508123,GSM615166,5,0.6982639811519339,36,80,False,0.783108547493618,-0.08484456634168414,not_corroborated
338,GSE20271--GSE25055,GSM508124,GSM615317,1,0.7418725373403815,206,5,False,0.783108547493618,-0.041236010153236524,not_corroborated
338,GSE20271--GSE25055,GSM508124,GSM615318,2,0.6054693493062197,310,118,False,0.783108547493618,-0.17763919818739837,not_corroborated
338,GSE20271--GSE25055,GSM508124,GSM615319,3,0.7116871845833204,255,22,False,0.783108547493618,-0.07142136291029766,not_corroborated
338,GSE20271--GSE25055,GSM508124,GSM615320,4,0.7243329285916218,242,14,False,0.783108547493618,-0.05877561890199623,not_corroborated
338,GSE20271--GSE25055,GSM508124,GSM615321,5,0.7204994125737336,244,14,False,0.783108547493618,-0.0626091349198844,not_corroborated
339,GSE20271--GSE25055,GSM508125,GSM615265,1,0.7292907291077325,16,60,False,0.783108547493618,-0.05381781838588551,not_corroborated
339,GSE20271--GSE25055,GSM508125,GSM615266,2,0.7110096877612919,55,25,False,0.783108547493618,-0.0720988597323261,not_corroborated
339,GSE20271--GSE25055,GSM508125,GSM615267,3,0.7086215027674143,80,77,False,0.783108547493618,-0.07448704472620371,not_corroborated
339,GSE20271--GSE25055,GSM508125,GSM615268,4,0.6928658246748624,176,33,False,0.783108547493618,-0.09024272281875567,not_corroborated
339,GSE20271--GSE25055,GSM508125,GSM615269,5,0.660511496095865,280,71,False,0.783108547493618,-0.12259705139775301,not_corroborated
340,GSE20271--GSE25055,GSM508127,GSM615197,1,0.7139813846715114,146,29,False,0.783108547493618,-0.06912716282210662,not_corroborated
340,GSE20271--GSE25055,GSM508127,GSM615198,2,0.7534321303280306,46,20,False,0.783108547493618,-0.029676417165587443,not_corroborated
340,GSE20271--GSE25055,GSM508127,GSM615199,3,0.7339755393543637,93,35,False,0.783108547493618,-0.049133008139254364,not_corroborated
340,GSE20271--GSE25055,GSM508127,GSM615200,4,0.7694524447245764,14,4,False,0.783108547493618,-0.013656102769041611,not_corroborated
340,GSE20271--GSE25055,GSM508127,GSM615201,5,0.7645807110077347,20,7,False,0.783108547493618,-0.018527836485883298,not_corroborated
341,GSE20271--GSE25055,GSM508128,GSM615339,1,0.7062999706834485,194,54,False,0.783108547493618,-0.0768085768101695,not_corroborated
341,GSE20271--GSE25055,GSM508128,GSM615340,2,0.6881833418039004,242,65,False,0.783108547493618,-0.09492520568971763,not_corroborated
341,GSE20271--GSE25055,GSM508128,GSM615341,3,0.7537954454046059,40,14,False,0.783108547493618,-0.029313102089012166,not_corroborated
341,GSE20271--GSE25055,GSM508128,GSM615342,4,0.7015871117881504,211,61,False,0.783108547493618,-0.08152143570546766,not_corroborated
341,GSE20271--GSE25055,GSM508128,GSM615343,5,0.7127341264485719,168,56,False,0.783108547493618,-0.0703744210450461,not_corroborated
342,GSE20271--GSE25055,GSM508129,GSM615347,1,0.7108295312825219,104,69,False,0.783108547493618,-0.07227901621109611,not_corroborated
342,GSE20271--GSE25055,GSM508129,GSM615348,2,0.7075911878080516,120,79,False,0.783108547493618,-0.07551735968556639,not_corroborated
342,GSE20271--GSE25055,GSM508129,GSM615349,3,0.6853612786647745,212,72,False,0.783108547493618,-0.09774726882884355,not_corroborated
342,GSE20271--GSE25055,GSM508129,GSM615350,4,0.699562690302775,148,71,False,0.783108547493618,-0.08354585719084306,not_corroborated
342,GSE20271--GSE25055,GSM508129,GSM615351,5,0.7208508882092566,56,41,False,0.783108547493618,-0.062257659284361444,not_corroborated
343,GSE20271--GSE25055,GSM508130,GSM615255,1,0.7255317058750583,98,48,False,0.783108547493618,-0.05757684161855969,not_corroborated
343,GSE20271--GSE25055,GSM508130,GSM615256,2,0.7617958607335952,11,13,False,0.783108547493618,-0.021312686760022848,not_corroborated
343,GSE20271--GSE25055,GSM508130,GSM615257,3,0.6566846534714768,278,105,False,0.783108547493618,-0.12642389402214127,not_corroborated
343,GSE20271--GSE25055,GSM508130,GSM615258,4,0.7598406737849233,14,11,False,0.783108547493618,-0.023267873708694764,not_corroborated
343,GSE20271--GSE25055,GSM508130,GSM615259,5,0.7407330424782437,49,17,False,0.783108547493618,-0.04237550501537435,not_corroborated
344,GSE20271--GSE25055,GSM508132,GSM615353,1,0.5042290455499996,150,174,False,0.783108547493618,-0.27887950194361844,not_corroborated
344,GSE20271--GSE25055,GSM508132,GSM615354,2,0.5175024168385367,89,174,False,0.783108547493618,-0.2656061306550813,not_corroborated
344,GSE20271--GSE25055,GSM508132,GSM615355,3,0.5192574173490505,80,174,False,0.783108547493618,-0.2638511301445675,not_corroborated
344,GSE20271--GSE25055,GSM508132,GSM615356,4,0.5175011385979983,90,174,False,0.783108547493618,-0.26560740889561973,not_corroborated
344,GSE20271--GSE25055,GSM508132,GSM615357,5,0.5069725590618095,139,174,False,0.783108547493618,-0.27613598843180853,not_corroborated
345,GSE20271--GSE25055,GSM508133,GSM615330,1,0.6027142017100338,308,103,False,0.783108547493618,-0.18039434578358426,not_corroborated
345,GSE20271--GSE25055,GSM508133,GSM615331,2,0.6820534268446985,88,93,False,0.783108547493618,-0.10105512064891953,not_corroborated
345,GSE20271--GSE25055,GSM508133,GSM615332,3,0.6786138198572564,101,118,False,0.783108547493618,-0.10449472763636158,not_corroborated
345,GSE20271--GSE25055,GSM508133,GSM615333,4,0.6655215340419791,168,123,False,0.783108547493618,-0.11758701345163891,not_corroborated
345,GSE20271--GSE25055,GSM508133,GSM615334,5,0.6505477438124105,240,120,False,0.783108547493618,-0.13256080368120748,not_corroborated
346,GSE20271--GSE25065,GSM508136,GSM615739,1,0.6213171976219888,192,97,False,0.7877163736851808,-0.166399176063192,not_corroborated
346,GSE20271--GSE25065,GSM508136,GSM615740,2,0.6354264851372503,180,102,False,0.7877163736851808,-0.15228988854793046,not_corroborated
346,GSE20271--GSE25065,GSM508136,GSM615741,3,0.6720577171507994,112,109,False,0.7877163736851808,-0.11565865653438134,not_corroborated
346,GSE20271--GSE25065,GSM508136,GSM615742,4,0.5903072358282769,198,105,False,0.7877163736851808,-0.19740913785690384,not_corroborated
346,GSE20271--GSE25065,GSM508136,GSM615743,5,0.6488796650554931,164,68,False,0.7877163736851808,-0.13883670862968767,not_corroborated
347,GSE20271--GSE25065,GSM508137,GSM615821,1,0.7296172001231491,23,71,False,0.7877163736851808,-0.05809917356203165,not_corroborated
347,GSE20271--GSE25065,GSM508137,GSM615822,2,0.7416380954527784,7,41,False,0.7877163736851808,-0.0460782782324024,not_corroborated
347,GSE20271--GSE25065,GSM508137,GSM615823,3,0.7425539401302195,6,41,False,0.7877163736851808,-0.0451624335549613,not_corroborated
347,GSE20271--GSE25065,GSM508137,GSM615824,4,0.6778071928011639,142,84,False,0.7877163736851808,-0.10990918088401691,not_corroborated
347,GSE20271--GSE25065,GSM508137,GSM615825,5,0.7137514634247633,64,55,False,0.7877163736851808,-0.07396491026041752,not_corroborated
348,GSE20271--GSE25065,GSM508138,GSM615789,1,0.6983150884217232,111,46,False,0.7877163736851808,-0.08940128526345759,not_corroborated
348,GSE20271--GSE25065,GSM508138,GSM615790,2,0.7391064583428699,10,47,False,0.7877163736851808,-0.04860991534231085,not_corroborated
348,GSE20271--GSE25065,GSM508138,GSM615791,3,0.6930535765567007,121,61,False,0.7877163736851808,-0.09466279712848003,not_corroborated
348,GSE20271--GSE25065,GSM508138,GSM615792,4,0.7186988228810008,59,44,False,0.7877163736851808,-0.06901755080417993,not_corroborated
348,GSE20271--GSE25065,GSM508138,GSM615793,5,0.7339564621381965,18,36,False,0.7877163736851808,-0.05375991154698423,not_corroborated
349,GSE20271--GSE25055,GSM508139,GSM615282,1,0.5280301707570662,255,166,False,0.783108547493618,-0.25507837673655187,not_corroborated
349,GSE20271--GSE25055,GSM508139,GSM615283,2,0.5256699086832781,263,164,False,0.783108547493618,-0.2574386388103399,not_corroborated
349,GSE20271--GSE25055,GSM508139,GSM615284,3,0.4716674478229754,309,163,False,0.783108547493618,-0.3114410996706426,not_corroborated
349,GSE20271--GSE25055,GSM508139,GSM615285,4,0.5594417487430272,129,168,False,0.783108547493618,-0.2236667987505908,not_corroborated
349,GSE20271--GSE25055,GSM508139,GSM615286,5,0.48295401002860305,306,167,False,0.783108547493618,-0.30015453746501497,not_corroborated
350,GSE20271--GSE25065,GSM508140,GSM615781,1,0.5714985381845624,184,149,False,0.7877163736851808,-0.21621783550061835,not_corroborated
350,GSE20271--GSE25065,GSM508140,GSM615782,2,0.6352823401170586,26,127,False,0.7877163736851808,-0.15243403356812213,not_corroborated
350,GSE20271--GSE25065,GSM508140,GSM615783,3,0.5979776359929468,121,147,False,0.7877163736851808,-0.18973873769223393,not_corroborated
350,GSE20271--GSE25065,GSM508140,GSM615784,4,0.6236791416647474,50,140,False,0.7877163736851808,-0.1640372320204334,not_corroborated
350,GSE20271--GSE25065,GSM508140,GSM615785,5,0.6022023047914634,107,148,False,0.7877163736851808,-0.18551406889371735,not_corroborated
351,GSE20271--GSE25065,GSM508142,GSM615721,1,0.6566785584294339,93,105,False,0.7877163736851808,-0.13103781525574687,not_corroborated
351,GSE20271--GSE25065,GSM508142,GSM615722,2,0.6827812053188574,8,97,False,0.7877163736851808,-0.10493516836632333,not_corroborated
351,GSE20271--GSE25065,GSM508142,GSM615723,3,0.6530611460876216,120,118,False,0.7877163736851808,-0.1346552275975592,not_corroborated
351,GSE20271--GSE25065,GSM508142,GSM615724,4,0.6452649167625407,146,122,False,0.7877163736851808,-0.14245145692264005,not_corroborated
351,GSE20271--GSE25065,GSM508142,GSM615725,5,0.6637495755403221,57,118,False,0.7877163736851808,-0.12396679814485867,not_corroborated
352,GSE20271--GSE25065,GSM508144,GSM615734,1,0.5640178498705566,158,160,False,0.7877163736851808,-0.22369852381462418,not_corroborated
352,GSE20271--GSE25065,GSM508144,GSM615735,2,0.588789045093577,44,162,False,0.7877163736851808,-0.19892732859160378,not_corroborated
352,GSE20271--GSE25065,GSM508144,GSM615736,3,0.5824990832430919,55,161,False,0.7877163736851808,-0.20521729044208892,not_corroborated
352,GSE20271--GSE25065,GSM508144,GSM615737,4,0.5711030771046763,117,162,False,0.7877163736851808,-0.21661329658050443,not_corroborated
352,GSE20271--GSE25065,GSM508144,GSM615738,5,0.5483846118547585,187,161,False,0.7877163736851808,-0.23933176183042226,not_corroborated
353,GSE20271--GSE25065,GSM508145,GSM615731,1,0.7398340496211468,50,41,False,0.7877163736851808,-0.04788232406403392,not_corroborated
353,GSE20271--GSE25065,GSM508145,GSM615732,2,0.6985077311452283,131,36,False,0.7877163736851808,-0.08920864253995242,not_corroborated
353,GSE20271--GSE25065,GSM508145,GSM615733,3,0.6840420603889669,156,54,False,0.7877163736851808,-0.1036743132962139,not_corroborated
353,GSE20271--GSE25065,GSM508145,GSM615734,4,0.7596851615043371,13,17,False,0.7877163736851808,-0.0280312121808437,not_corroborated
353,GSE20271--GSE25065,GSM508145,GSM615735,5,0.7305493350332879,70,21,False,0.7877163736851808,-0.057167038651892876,not_corroborated
354,GSE20271--GSE25065,GSM508146,GSM615807,1,0.7257189883702069,42,56,False,0.7877163736851808,-0.061997385314973896,not_corroborated
354,GSE20271--GSE25065,GSM508146,GSM615808,2,0.688764527741558,141,71,False,0.7877163736851808,-0.09895184594362272,not_corroborated
354,GSE20271--GSE25065,GSM508146,GSM615809,3,0.7243412853510761,45,55,False,0.7877163736851808,-0.06337508833410466,not_corroborated
354,GSE20271--GSE25065,GSM508146,GSM615810,4,0.7146100946144983,64,68,False,0.7877163736851808,-0.07310627907068246,not_corroborated
354,GSE20271--GSE25065,GSM508146,GSM615811,5,0.7331132843876264,30,30,False,0.7877163736851808,-0.05460308929755442,not_corroborated
355,GSE20271--GSE25065,GSM508147,GSM615731,1,0.6604180350592518,91,132,False,0.7877163736851808,-0.127298338625929,not_corroborated
355,GSE20271--GSE25065,GSM508147,GSM615732,2,0.6465893611562219,139,123,False,0.7877163736851808,-0.14112701252895887,not_corroborated
355,GSE20271--GSE25065,GSM508147,GSM615733,3,0.6808839079982419,25,63,False,0.7877163736851808,-0.10683246568693883,not_corroborated
355,GSE20271--GSE25065,GSM508147,GSM615734,4,0.6497879101389132,126,128,False,0.7877163736851808,-0.13792846354626753,not_corroborated
355,GSE20271--GSE25065,GSM508147,GSM615735,5,0.6559854978064888,104,129,False,0.7877163736851808,-0.13173087587869192,not_corroborated
356,GSE20271--GSE25065,GSM508149,GSM615698,1,0.6606999506607533,169,55,False,0.7877163736851808,-0.1270164230244275,not_corroborated
356,GSE20271--GSE25065,GSM508149,GSM615699,2,0.676782781497009,155,52,False,0.7877163736851808,-0.11093359218817178,not_corroborated
356,GSE20271--GSE25065,GSM508149,GSM615700,3,0.7033500164352396,106,41,False,0.7877163736851808,-0.08436635724994113,not_corroborated
356,GSE20271--GSE25065,GSM508149,GSM615701,4,0.6994598610901501,115,48,False,0.7877163736851808,-0.08825651259503065,not_corroborated
356,GSE20271--GSE25065,GSM508149,GSM615702,5,0.6889167431394442,136,47,False,0.7877163736851808,-0.0987996305457366,not_corroborated
357,GSE20271--GSE25065,GSM508158,GSM615707,1,0.5915118287569173,111,157,False,0.7877163736851808,-0.19620454492826345,not_corroborated
357,GSE20271--GSE25065,GSM508158,GSM615708,2,0.5973682882509025,91,160,False,0.7877163736851808,-0.19034808543427828,not_corroborated
357,GSE20271--GSE25065,GSM508158,GSM615709,3,0.5741218998797296,163,156,False,0.7877163736851808,-0.21359447380545116,not_corroborated
357,GSE20271--GSE25065,GSM508158,GSM615710,4,0.5954547062855258,96,152,False,0.7877163736851808,-0.192261667399655,not_corroborated
357,GSE20271--GSE25065,GSM508158,GSM615711,5,0.5853710983460778,124,159,False,0.7877163736851808,-0.20234527533910296,not_corroborated
358,GSE20271--GSE25065,GSM508159,GSM615722,1,0.6996563930176539,116,60,False,0.7877163736851808,-0.08805998066752685,not_corroborated
358,GSE20271--GSE25065,GSM508159,GSM615723,2,0.7047448660383797,98,70,False,0.7877163736851808,-0.08297150764680106,not_corroborated
358,GSE20271--GSE25065,GSM508159,GSM615724,3,0.6998927976680512,114,39,False,0.7877163736851808,-0.08782357601712953,not_corroborated
358,GSE20271--GSE25065,GSM508159,GSM615725,4,0.7052149945265039,97,56,False,0.7877163736851808,-0.08250137915867684,not_corroborated
358,GSE20271--GSE25065,GSM508159,GSM615726,5,0.7334040233413035,36,40,False,0.7877163736851808,-0.05431235034387727,not_corroborated
359,GSE20271--GSE25055,GSM508163,GSM615396,1,0.7556629771829787,100,14,False,0.783108547493618,-0.027445570310639322,not_corroborated
359,GSE20271--GSE25055,GSM508163,GSM615397,2,0.747315119311838,137,14,False,0.783108547493618,-0.035793428181779996,not_corroborated
359,GSE20271--GSE25055,GSM508163,GSM615398,3,0.7317588928437573,196,24,False,0.783108547493618,-0.05134965464986074,not_corroborated
359,GSE20271--GSE25055,GSM508163,GSM615399,4,0.6300792641009125,306,78,False,0.783108547493618,-0.1530292833927055,not_corroborated
359,GSE20271--GSE25055,GSM508163,GSM615400,5,0.7680836321128626,53,7,False,0.783108547493618,-0.015024915380755455,not_corroborated
360,GSE20271--GSE25065,GSM508166,GSM615760,1,0.7115014303888809,154,2,False,0.7877163736851808,-0.07621494329629985,not_corroborated
360,GSE20271--GSE25065,GSM508166,GSM615761,2,0.7566095038242945,69,3,False,0.7877163736851808,-0.031106869860886288,not_corroborated
360,GSE20271--GSE25065,GSM508166,GSM615762,3,0.7755668950687398,29,6,False,0.7877163736851808,-0.012149478616441,not_corroborated
360,GSE20271--GSE25065,GSM508166,GSM615763,4,0.7910739057836306,16,5,False,0.7877163736851808,0.0033575320984498003,not_corroborated
360,GSE20271--GSE25065,GSM508166,GSM615764,5,0.7883888616483179,19,10,False,0.7877163736851808,0.000672487963137125,not_corroborated
361,GSE20271--GSE25065,GSM508167,GSM615724,1,0.6633826562445239,80,102,False,0.7877163736851808,-0.12433371744065691,not_corroborated
361,GSE20271--GSE25065,GSM508167,GSM615725,2,0.6625973695189937,84,121,False,0.7877163736851808,-0.12511900416618704,not_corroborated
361,GSE20271--GSE25065,GSM508167,GSM615726,3,0.656588367732821,94,123,False,0.7877163736851808,-0.13112800595235974,not_corroborated
361,GSE20271--GSE25065,GSM508167,GSM615727,4,0.6254000180423301,173,72,False,0.7877163736851808,-0.16231635564285063,not_corroborated
361,GSE20271--GSE25065,GSM508167,GSM615728,5,0.6447445429438753,135,125,False,0.7877163736851808,-0.14297183074130548,not_corroborated
362,GSE20271--GSE25065,GSM508169,GSM615679,1,0.6941971575976091,100,72,False,0.7877163736851808,-0.09351921608757163,not_corroborated
362,GSE20271--GSE25065,GSM508169,GSM615680,2,0.690116555588169,110,84,False,0.7877163736851808,-0.09759981809701179,not_corroborated
362,GSE20271--GSE25065,GSM508169,GSM615681,3,0.7113690130510062,48,73,False,0.7877163736851808,-0.07634736063417458,not_corroborated
362,GSE20271--GSE25065,GSM508169,GSM615682,4,0.7286895160046555,14,67,False,0.7877163736851808,-0.05902685768052529,not_corroborated
362,GSE20271--GSE25065,GSM508169,GSM615683,5,0.6870130951286779,114,77,False,0.7877163736851808,-0.10070327855650285,not_corroborated
363,GSE20271--GSE25055,GSM508172,GSM615148,1,0.5710387194397972,309,153,False,0.783108547493618,-0.2120698280538208,not_corroborated
363,GSE20271--GSE25055,GSM508172,GSM615149,2,0.6640942925663097,178,119,False,0.783108547493618,-0.11901425492730833,not_corroborated
363,GSE20271--GSE25055,GSM508172,GSM615150,3,0.6152035826743739,286,138,False,0.783108547493618,-0.1679049648192441,not_corroborated
363,GSE20271--GSE25055,GSM508172,GSM615151,4,0.6386480284797914,255,127,False,0.783108547493618,-0.14446051901382662,not_corroborated
363,GSE20271--GSE25055,GSM508172,GSM615152,5,0.6476120429939431,234,118,False,0.783108547493618,-0.13549650449967487,not_corroborated
364,GSE20271--GSE25055,GSM508173,GSM615238,1,0.6586820069910899,175,120,False,0.783108547493618,-0.1244265405025281,not_corroborated
364,GSE20271--GSE25055,GSM508173,GSM615239,2,0.6262392716642967,290,114,False,0.783108547493618,-0.1568692758293213,not_corroborated
364,GSE20271--GSE25055,GSM508173,GSM615240,3,0.6533421271066967,205,104,False,0.783108547493618,-0.12976642038692132,not_corroborated
364,GSE20271--GSE25055,GSM508173,GSM615241,4,0.619267011557105,300,127,False,0.783108547493618,-0.16384153593651307,not_corroborated
364,GSE20271--GSE25055,GSM508173,GSM615242,5,0.6906017491538523,37,113,False,0.783108547493618,-0.09250679833976572,not_corroborated
365,GSE20271--GSE25055,GSM508174,GSM615131,1,0.6525170584622464,269,95,False,0.783108547493618,-0.13059148903137163,not_corroborated
365,GSE20271--GSE25055,GSM508174,GSM615132,2,0.6899474995458124,108,108,False,0.783108547493618,-0.09316104794780566,not_corroborated
365,GSE20271--GSE25055,GSM508174,GSM615133,3,0.6572994075423556,253,118,False,0.783108547493618,-0.12580913995126242,not_corroborated
365,GSE20271--GSE25055,GSM508174,GSM615134,4,0.6369802137528868,296,122,False,0.783108547493618,-0.1461283337407312,not_corroborated
365,GSE20271--GSE25055,GSM508174,GSM615135,5,0.6587562846407377,247,110,False,0.783108547493618,-0.12435226285288037,not_corroborated
366,GSE20271--GSE25055,GSM508175,GSM615136,1,0.6525791753644765,227,116,False,0.783108547493618,-0.1305293721291415,not_corroborated
366,GSE20271--GSE25055,GSM508175,GSM615137,2,0.6703580777269488,115,120,False,0.783108547493618,-0.11275046976666925,not_corroborated
366,GSE20271--GSE25055,GSM508175,GSM615138,3,0.6694830752794326,122,113,False,0.783108547493618,-0.1136254722141854,not_corroborated
366,GSE20271--GSE25055,GSM508175,GSM615139,4,0.6596564034670956,187,113,False,0.783108547493618,-0.12345214402652238,not_corroborated
366,GSE20271--GSE25055,GSM508175,GSM615140,5,0.6532284111962402,222,109,False,0.783108547493618,-0.12988013629737782,not_corroborated
367,GSE20271--GSE25055,GSM508176,GSM615334,1,0.6923693029643423,160,74,False,0.783108547493618,-0.09073924452927573,not_corroborated
367,GSE20271--GSE25055,GSM508176,GSM615335,2,0.7093778286135979,66,58,False,0.783108547493618,-0.07373071888002014,not_corroborated
367,GSE20271--GSE25055,GSM508176,GSM615336,3,0.673696270646756,238,74,False,0.783108547493618,-0.10941227684686206,not_corroborated
367,GSE20271--GSE25055,GSM508176,GSM615337,4,0.7199984470564895,22,51,False,0.783108547493618,-0.0631101004371285,not_corroborated
367,GSE20271--GSE25055,GSM508176,GSM615338,5,0.7051261169950347,88,37,False,0.783108547493618,-0.07798243049858333,not_corroborated
368,GSE20271--GSE25065,GSM508177,GSM615720,1,0.694622977938021,158,35,False,0.7877163736851808,-0.0930933957471598,not_corroborated
368,GSE20271--GSE25065,GSM508177,GSM615721,2,0.7179408471964829,120,12,False,0.7877163736851808,-0.06977552648869789,not_corroborated
368,GSE20271--GSE25065,GSM508177,GSM615722,3,0.7352260581384144,85,11,False,0.7877163736851808,-0.05249031554676642,not_corroborated
368,GSE20271--GSE25065,GSM508177,GSM615723,4,0.7425122024334259,68,29,False,0.7877163736851808,-0.04520417125175491,not_corroborated
368,GSE20271--GSE25065,GSM508177,GSM615724,5,0.7207521521603228,113,12,False,0.7877163736851808,-0.06696422152485793,not_corroborated
369,GSE20271--GSE25065,GSM508178,GSM615700,1,0.6550759702915776,142,111,False,0.7877163736851808,-0.13264040339360317,not_corroborated
369,GSE20271--GSE25065,GSM508178,GSM615701,2,0.6931076049204419,17,60,False,0.7877163736851808,-0.0946087687647389,not_corroborated
369,GSE20271--GSE25065,GSM508178,GSM615702,3,0.6521903932660266,149,98,False,0.7877163736851808,-0.1355259804191542,not_corroborated
369,GSE20271--GSE25065,GSM508178,GSM615703,4,0.6771950161661245,61,59,False,0.7877163736851808,-0.11052135751905623,not_corroborated
369,GSE20271--GSE25065,GSM508178,GSM615704,5,0.6613239248273193,124,74,False,0.7877163736851808,-0.1263924488578615,not_corroborated
370,GSE20271--GSE25065,GSM508179,GSM615694,1,0.6658645118226435,182,52,False,0.7877163736851808,-0.12185186186253727,not_corroborated
370,GSE20271--GSE25065,GSM508179,GSM615695,2,0.6859200248453081,151,76,False,0.7877163736851808,-0.10179634883987265,not_corroborated
370,GSE20271--GSE25065,GSM508179,GSM615696,3,0.7337859266895774,64,7,False,0.7877163736851808,-0.05393044699560334,not_corroborated
370,GSE20271--GSE25065,GSM508179,GSM615697,4,0.6993782618463364,129,62,False,0.7877163736851808,-0.08833811183884432,not_corroborated
370,GSE20271--GSE25065,GSM508179,GSM615698,5,0.6696979342425905,178,35,False,0.7877163736851808,-0.11801843944259027,not_corroborated
371,GSE20271--GSE25055,GSM508180,GSM615332,1,0.6986136532808608,70,91,False,0.783108547493618,-0.08449489421275724,not_corroborated
371,GSE20271--GSE25055,GSM508180,GSM615333,2,0.6819988690239475,147,106,False,0.783108547493618,-0.10110967846967056,not_corroborated
371,GSE20271--GSE25055,GSM508180,GSM615334,3,0.6703749449141192,209,98,False,0.783108547493618,-0.11273360257949883,not_corroborated
371,GSE20271--GSE25055,GSM508180,GSM615335,4,0.6814703074809151,152,106,False,0.783108547493618,-0.10163824001270294,not_corroborated
371,GSE20271--GSE25055,GSM508180,GSM615336,5,0.6630496375641851,235,88,False,0.783108547493618,-0.12005890992943291,not_corroborated
372,GSE20271--GSE25065,GSM508181,GSM615772,1,0.6401040534178145,189,76,False,0.7877163736851808,-0.14761232026736626,not_corroborated
372,GSE20271--GSE25065,GSM508181,GSM615773,2,0.7033036519267919,93,75,False,0.7877163736851808,-0.08441272175838888,not_corroborated
372,GSE20271--GSE25065,GSM508181,GSM615774,3,0.7024765325095432,97,71,False,0.7877163736851808,-0.08523984117563754,not_corroborated
372,GSE20271--GSE25065,GSM508181,GSM615775,4,0.7455034906499959,4,48,False,0.7877163736851808,-0.04221288303518489,not_corroborated
372,GSE20271--GSE25065,GSM508181,GSM615776,5,0.7153633331256108,55,49,False,0.7877163736851808,-0.07235304055956993,not_corroborated
373,GSE20271--GSE25055,GSM508182,GSM615238,1,0.6651109394323085,61,109,False,0.783108547493618,-0.11799760806130954,not_corroborated
373,GSE20271--GSE25055,GSM508182,GSM615239,2,0.6306434138163123,233,97,False,0.783108547493618,-0.15246513367730574,not_corroborated
373,GSE20271--GSE25055,GSM508182,GSM615240,3,0.6421375427275997,172,114,False,0.783108547493618,-0.14097100476601832,not_corroborated
373,GSE20271--GSE25055,GSM508182,GSM615241,4,0.6037704600628817,298,138,False,0.783108547493618,-0.17933808743073631,not_corroborated
373,GSE20271--GSE25055,GSM508182,GSM615242,5,0.6801855304534509,14,123,False,0.783108547493618,-0.10292301704016715,not_corroborated
374,GSE20271--GSE25055,GSM508183,GSM615314,1,0.7080415713215638,72,69,False,0.783108547493618,-0.07506697617205427,not_corroborated
374,GSE20271--GSE25055,GSM508183,GSM615315,2,0.7168416092278919,40,62,False,0.783108547493618,-0.06626693826572616,not_corroborated
374,GSE20271--GSE25055,GSM508183,GSM615316,3,0.6474606504197477,291,62,False,0.783108547493618,-0.13564789707387037,not_corroborated
374,GSE20271--GSE25055,GSM508183,GSM615317,4,0.6857360559966698,190,76,False,0.783108547493618,-0.09737249149694827,not_corroborated
374,GSE20271--GSE25055,GSM508183,GSM615318,5,0.6282255736419434,305,55,False,0.783108547493618,-0.1548829738516746,not_corroborated
375,GSE20271--GSE25055,GSM508184,GSM615249,1,0.6936534387760612,140,79,False,0.783108547493618,-0.0894551087175568,not_corroborated
375,GSE20271--GSE25055,GSM508184,GSM615250,2,0.6707676693019674,247,78,False,0.783108547493618,-0.11234087819165062,not_corroborated
375,GSE20271--GSE25055,GSM508184,GSM615251,3,0.707046481318678,58,87,False,0.783108547493618,-0.07606206617494005,not_corroborated
375,GSE20271--GSE25055,GSM508184,GSM615252,4,0.7084574968229228,52,50,False,0.783108547493618,-0.07465105067069522,not_corroborated
375,GSE20271--GSE25055,GSM508184,GSM615253,5,0.6995660584316692,101,64,False,0.783108547493618,-0.08354248906194883,not_corroborated
376,GSE20271--GSE25055,GSM508185,GSM615272,1,0.5873452661190072,104,153,False,0.783108547493618,-0.19576328137461085,not_corroborated
376,GSE20271--GSE25055,GSM508185,GSM615273,2,0.5210863029566534,300,158,False,0.783108547493618,-0.26202224453696465,not_corroborated
376,GSE20271--GSE25055,GSM508185,GSM615274,3,0.5695788863228586,195,158,False,0.783108547493618,-0.21352966117075944,not_corroborated
376,GSE20271--GSE25055,GSM508185,GSM615275,4,0.5812598101818109,133,161,False,0.783108547493618,-0.20184873731180708,not_corroborated
376,GSE20271--GSE25055,GSM508185,GSM615276,5,0.5927772673321705,85,160,False,0.783108547493618,-0.1903312801614475,not_corroborated
377,GSE20271--GSE25055,GSM508186,GSM615382,1,0.6579530648290967,296,71,False,0.783108547493618,-0.12515548266452137,not_corroborated
377,GSE20271--GSE25055,GSM508186,GSM615383,2,0.747241922927957,67,3,False,0.783108547493618,-0.03586662456566103,not_corroborated
377,GSE20271--GSE25055,GSM508186,GSM615384,3,0.6652478508683386,293,46,False,0.783108547493618,-0.11786069662527943,not_corroborated
377,GSE20271--GSE25055,GSM508186,GSM615385,4,0.6812553926383894,277,46,False,0.783108547493618,-0.10185315485522861,not_corroborated
377,GSE20271--GSE25055,GSM508186,GSM615386,5,0.6675059975884254,291,37,False,0.783108547493618,-0.11560254990519259,not_corroborated
378,GSE20271--GSE25055,GSM508187,GSM615332,1,0.6337734085936029,67,139,False,0.783108547493618,-0.14933513890001515,not_corroborated
378,GSE20271--GSE25055,GSM508187,GSM615333,2,0.6269989558604849,109,143,False,0.783108547493618,-0.1561095916331331,not_corroborated
378,GSE20271--GSE25055,GSM508187,GSM615334,3,0.6060777401140905,224,141,False,0.783108547493618,-0.17703080737952748,not_corroborated
378,GSE20271--GSE25055,GSM508187,GSM615335,4,0.6186986205976894,153,147,False,0.783108547493618,-0.1644099268959286,not_corroborated
378,GSE20271--GSE25055,GSM508187,GSM615336,5,0.6128016583409388,199,138,False,0.783108547493618,-0.17030688915267922,not_corroborated
379,GSE20271--GSE25055,GSM508188,GSM615379,1,0.6087609849337601,14,158,False,0.783108547493618,-0.17434756255985795,not_corroborated
379,GSE20271--GSE25055,GSM508188,GSM615380,2,0.5556559173836509,216,163,False,0.783108547493618,-0.22745263010996708,not_corroborated
379,GSE20271--GSE25055,GSM508188,GSM615381,3,0.6016223761395816,28,163,False,0.783108547493618,-0.18148617135403644,not_corroborated
379,GSE20271--GSE25055,GSM508188,GSM615382,4,0.5951333580111522,47,162,False,0.783108547493618,-0.18797518948246583,not_corroborated
379,GSE20271--GSE25055,GSM508188,GSM615383,5,0.5558593322522837,214,164,False,0.783108547493618,-0.22724921524133435,not_corroborated
380,GSE20271--GSE25055,GSM508189,GSM615217,1,0.6030652470744243,135,144,False,0.783108547493618,-0.1800433004191937,not_corroborated
380,GSE20271--GSE25055,GSM508189,GSM615218,2,0.5884762100408876,227,158,False,0.783108547493618,-0.19463233745273045,not_corroborated
380,GSE20271--GSE25055,GSM508189,GSM615219,3,0.6328948871428994,6,145,False,0.783108547493618,-0.1502136603507186,not_corroborated
380,GSE20271--GSE25055,GSM508189,GSM615220,4,0.6267949249218224,9,149,False,0.783108547493618,-0.1563136225717956,not_corroborated
380,GSE20271--GSE25055,GSM508189,GSM615221,5,0.6098348299206388,97,140,False,0.783108547493618,-0.17327371757297927,not_corroborated
381,GSE22093--GSE25065,GSM549302,GSM615795,1,0.8236698441761358,120,56,False,0.889700154078416,-0.0660303099022802,not_corroborated
381,GSE22093--GSE25065,GSM549302,GSM615796,2,0.8751072688283963,30,13,False,0.889700154078416,-0.014592885250019672,not_corroborated
381,GSE22093--GSE25065,GSM549302,GSM615797,3,0.8463650189055547,77,14,False,0.889700154078416,-0.04333513517286125,not_corroborated
381,GSE22093--GSE25065,GSM549302,GSM615798,4,0.835981661464372,98,28,False,0.889700154078416,-0.05371849261404393,not_corroborated
381,GSE22093--GSE25065,GSM549302,GSM615799,5,0.8931231765444699,8,4,False,0.889700154078416,0.003423022466053971,not_corroborated
382,GSE22093--GSE25065,GSM549307,GSM615818,1,0.8494021296007047,34,5,False,0.889700154078416,-0.04029802447771125,not_corroborated
382,GSE22093--GSE25065,GSM549307,GSM615819,2,0.8248267077427702,100,57,False,0.889700154078416,-0.06487344633564573,not_corroborated
382,GSE22093--GSE25065,GSM549307,GSM615820,3,0.8481936600409233,37,70,False,0.889700154078416,-0.041506494037492625,not_corroborated
382,GSE22093--GSE25065,GSM549307,GSM615821,4,0.8521434987417753,25,80,False,0.889700154078416,-0.037556655336640654,not_corroborated
382,GSE22093--GSE25065,GSM549307,GSM615822,5,0.8165220837384961,122,92,False,0.889700154078416,-0.07317807033991985,not_corroborated
383,GSE22093--GSE25065,GSM549309,GSM615817,1,0.7974516289752134,69,95,False,0.889700154078416,-0.09224852510320258,not_corroborated
383,GSE22093--GSE25065,GSM549309,GSM615818,2,0.7887116767560962,90,93,False,0.889700154078416,-0.10098847732231975,not_corroborated
383,GSE22093--GSE25065,GSM549309,GSM615819,3,0.821356079324294,23,67,False,0.889700154078416,-0.06834407475412196,not_corroborated
383,GSE22093--GSE25065,GSM549309,GSM615820,4,0.8006735550914239,61,99,False,0.889700154078416,-0.08902659898699206,not_corroborated
383,GSE22093--GSE25065,GSM549309,GSM615821,5,0.8013832845297832,59,97,False,0.889700154078416,-0.08831686954863271,not_corroborated
384,GSE22093--GSE25065,GSM549311,GSM615795,1,0.81510475386569,17,79,False,0.889700154078416,-0.07459540021272593,not_corroborated
384,GSE22093--GSE25065,GSM549311,GSM615796,2,0.7882552107733992,85,100,False,0.889700154078416,-0.10144494330501674,not_corroborated
384,GSE22093--GSE25065,GSM549311,GSM615797,3,0.7939617640843721,66,96,False,0.889700154078416,-0.09573838999404383,not_corroborated
384,GSE22093--GSE25065,GSM549311,GSM615798,4,0.7810732423837762,108,98,False,0.889700154078416,-0.10862691169463978,not_corroborated
384,GSE22093--GSE25065,GSM549311,GSM615799,5,0.7754600537175068,124,96,False,0.889700154078416,-0.11424010036090915,not_corroborated
