series_a,series_b,exact_gsm_count,exact_gsm_overlap_pattern,specific_title_candidate_count,shared_pubmed_ids,expression_confirmed_count,expression_supported_count,identifier_not_corroborated_count,overall_evidence_tier,title_a,title_b,geo_url_a,geo_url_b
GSE100075,GSE100076,15,complete_containment,0,,0,0,0,high_confidence_overlap,Discovery of naturally occurring ESR1 mutations during acquisition of resistance to endocrine therapy in widely used estrogen receptor positive breast cancer cell lines [RNA-Seq],Discovery of naturally occurring ESR1 mutations during acquisition of resistance to endocrine therapy in widely used estrogen receptor positive breast cancer cell lines,https://www.ncbi.nlm.nih.gov/geo/query/acc.cgi?acc=GSE100075,https://www.ncbi.nlm.nih.gov/geo/query/acc.cgi?acc=GSE100076
GSE100483,GSE115580,12,complete_containment,0,,0,0,0,high_confidence_overlap,RNA-seq of MDA-MB-231 cells with TET1 knockout,RNA-seq of cells with TET1 knockout,https://www.ncbi.nlm.nih.gov/geo/query/acc.cgi?acc=GSE100483,https://www.ncbi.nlm.nih.gov/geo/query/acc.cgi?acc=GSE115580
GSE100551,GSE157199,0,,1,,0,0,0,manual_review_required,Increased metastatic capacity of breast cancer cells after interaction and hybrid formation with mesenchymal stroma/stem cells (MSC),Breast cancer hybrid cells after spontaneous cell fusion with MSC display tumor dorming-like properties,https://www.ncbi.nlm.nih.gov/geo/query/acc.cgi?acc=GSE100551,https://www.ncbi.nlm.nih.gov/geo/query/acc.cgi?acc=GSE157199
GSE100799,GSE97293,23,complete_containment,0,,0,0,0,high_confidence_overlap,Genome-wide multi-omics profiling reveals extensive genetic complexity in 8p11-p12 amplified breast carcinomas [RNA-seq],Genome-wide multi-omics profiling reveals extensive genetic complexity in 8p11-p12 amplified breast carcinomas,https://www.ncbi.nlm.nih.gov/geo/query/acc.cgi?acc=GSE100799,https://www.ncbi.nlm.nih.gov/geo/query/acc.cgi?acc=GSE97293
GSE100878,GSE16732,0,,1,,0,0,0,manual_review_required,Gene expression profile in breast cancer cell lines using RNA sequencing,Affymetrix Gene Chip Human Exon 1.0 ST Array expression profiling of 41 human breast cancer cell lines,https://www.ncbi.nlm.nih.gov/geo/query/acc.cgi?acc=GSE100878,https://www.ncbi.nlm.nih.gov/geo/query/acc.cgi?acc=GSE16732
GSE100878,GSE41119,0,,1,,0,0,0,manual_review_required,Gene expression profile in breast cancer cell lines using RNA sequencing,Molecular Characterization of Basal-like and Non-Basal-like Triple-Negative Breast Cancers,https://www.ncbi.nlm.nih.gov/geo/query/acc.cgi?acc=GSE100878,https://www.ncbi.nlm.nih.gov/geo/query/acc.cgi?acc=GSE41119
GSE100878,GSE50470,0,,2,,0,0,0,manual_review_required,Gene expression profile in breast cancer cell lines using RNA sequencing,Characterization of Cell Lines Derived from Breast Cancers and Normal Mammary Tissues for the Study of the Intrinsic Molecular Subtypes,https://www.ncbi.nlm.nih.gov/geo/query/acc.cgi?acc=GSE100878,https://www.ncbi.nlm.nih.gov/geo/query/acc.cgi?acc=GSE50470
GSE100878,GSE73526,0,,1,,0,0,0,manual_review_required,Gene expression profile in breast cancer cell lines using RNA sequencing,"The Functional Genomic Landscape of Human Breast Cancer Drivers, Vulnerabilities, and Resistance (RNASeq)",https://www.ncbi.nlm.nih.gov/geo/query/acc.cgi?acc=GSE100878,https://www.ncbi.nlm.nih.gov/geo/query/acc.cgi?acc=GSE73526
GSE101745,GSE111706,20,complete_containment,0,,0,0,0,high_confidence_overlap,Functional and genomic characterization of a xenograft model system for the study of metastasis in triple-negative breast cancer.,Metastasis in triple-negative breast cancer,https://www.ncbi.nlm.nih.gov/geo/query/acc.cgi?acc=GSE101745,https://www.ncbi.nlm.nih.gov/geo/query/acc.cgi?acc=GSE111706
GSE102367,GSE102412,18,complete_containment,0,,0,0,0,high_confidence_overlap,c-Jun/AP-1 overexpression reprograms ERα signaling related to tamoxifen response in ERα-positive breast cancer [expression profiling],ERα and AP-1 coordinate transcription and tamoxifen response in ERα-positive breast cancer,https://www.ncbi.nlm.nih.gov/geo/query/acc.cgi?acc=GSE102367,https://www.ncbi.nlm.nih.gov/geo/query/acc.cgi?acc=GSE102412
GSE102407,GSE102409,14,complete_containment,0,,0,0,0,high_confidence_overlap,Role of BET proteins in YAP/TAZ-dependent transcription [RNA-seq 1],Role of BET proteins in YAP/TAZ-dependent transcription,https://www.ncbi.nlm.nih.gov/geo/query/acc.cgi?acc=GSE102407,https://www.ncbi.nlm.nih.gov/geo/query/acc.cgi?acc=GSE102409
GSE102408,GSE102409,7,complete_containment,0,,0,0,0,high_confidence_overlap,Role of BET proteins in YAP/TAZ-dependent transcription [RNA-seq 2],Role of BET proteins in YAP/TAZ-dependent transcription,https://www.ncbi.nlm.nih.gov/geo/query/acc.cgi?acc=GSE102408,https://www.ncbi.nlm.nih.gov/geo/query/acc.cgi?acc=GSE102409
GSE103091,GSE58812,107,complete_containment,0,,0,0,0,high_confidence_overlap,Gene-expression molecular subtyping of triple-negative breast cancer tumors,Gene-expression molecular subtyping of triple-negative breast cancer tumours: importance of immune response,https://www.ncbi.nlm.nih.gov/geo/query/acc.cgi?acc=GSE103091,https://www.ncbi.nlm.nih.gov/geo/query/acc.cgi?acc=GSE58812
GSE103091,GSE83937,131,complete_containment,0,,0,0,0,high_confidence_overlap,Gene-expression molecular subtyping of triple-negative breast cancer tumors,Identification of three subtypes of triple negative breast cancer with potential therapeutic implications,https://www.ncbi.nlm.nih.gov/geo/query/acc.cgi?acc=GSE103091,https://www.ncbi.nlm.nih.gov/geo/query/acc.cgi?acc=GSE83937
GSE103242,GSE103243,12,complete_containment,0,,0,0,0,high_confidence_overlap,The transcriptome effect of overexpressing EZH2 in MCF7,Tamoxifen Resistance in Breast Cancer is Regulated by the EZH2-ERa-GREB1 Transcriptional Axis,https://www.ncbi.nlm.nih.gov/geo/query/acc.cgi?acc=GSE103242,https://www.ncbi.nlm.nih.gov/geo/query/acc.cgi?acc=GSE103243
GSE103243,GSE92316,4,complete_containment,0,,0,0,0,high_confidence_overlap,Tamoxifen Resistance in Breast Cancer is Regulated by the EZH2-ERa-GREB1 Transcriptional Axis,The transcriptome effect of knocking down EZH2 in TamR MCF7L,https://www.ncbi.nlm.nih.gov/geo/query/acc.cgi?acc=GSE103243,https://www.ncbi.nlm.nih.gov/geo/query/acc.cgi?acc=GSE92316
GSE103357,GSE103897,5,complete_containment,0,,0,0,0,high_confidence_overlap,Characterization of a novel breast cancer cell line derived from a metastatic bone lesion of a breast cancer patient [gene expression],Characterization of a novel breast cancer cell line derived from a metastatic bone lesion of a breast cancer patient,https://www.ncbi.nlm.nih.gov/geo/query/acc.cgi?acc=GSE103357,https://www.ncbi.nlm.nih.gov/geo/query/acc.cgi?acc=GSE103897
GSE103426,GSE103427,48,complete_containment,0,,0,0,0,high_confidence_overlap,"Expression profiling of MDA-MB-231 and MDA-MB-468 after ALDH1A3 manipulation, all-trans retinoic acid treatment, decitabine treatment",Profiling of the transcriptional response to all-trans retinoic acid in breast cancer cells reveals RARE-independent mechanisms of gene expression,https://www.ncbi.nlm.nih.gov/geo/query/acc.cgi?acc=GSE103426,https://www.ncbi.nlm.nih.gov/geo/query/acc.cgi?acc=GSE103427
GSE103472,GSE116325,18,partial_overlap,0,,0,0,0,high_confidence_overlap,Gene expression profiling induced by electron and proton irradiation in breast cancer cells,Gene expression profiles proton-induced in brest cell lines,https://www.ncbi.nlm.nih.gov/geo/query/acc.cgi?acc=GSE103472,https://www.ncbi.nlm.nih.gov/geo/query/acc.cgi?acc=GSE116325
GSE103744,GSE103746,172,complete_containment,0,,0,0,0,high_confidence_overlap,Identification and validation of single sample breast cancer radiosensitivity gene expression predictors [Illumina HT12 v4 data],Identification and validation of single sample breast cancer radiosensitivity gene expression predictors,https://www.ncbi.nlm.nih.gov/geo/query/acc.cgi?acc=GSE103744,https://www.ncbi.nlm.nih.gov/geo/query/acc.cgi?acc=GSE103746
GSE103745,GSE103746,336,complete_containment,0,,0,0,0,high_confidence_overlap,Identification and validation of single sample breast cancer radiosensitivity gene expression predictors [Nanostring custom assay data],Identification and validation of single sample breast cancer radiosensitivity gene expression predictors,https://www.ncbi.nlm.nih.gov/geo/query/acc.cgi?acc=GSE103745,https://www.ncbi.nlm.nih.gov/geo/query/acc.cgi?acc=GSE103746
GSE104610,GSE104974,30,complete_containment,0,,0,0,0,high_confidence_overlap,Comparison of RNA-seq and Microarray Platforms for Splice Event Detection using a Cross-Platform Algorithm [Junction Arrays],Comparison of RNA-seq and Microarray Platforms for Splice Event Detection using a Cross-Platform Algorithm ,https://www.ncbi.nlm.nih.gov/geo/query/acc.cgi?acc=GSE104610,https://www.ncbi.nlm.nih.gov/geo/query/acc.cgi?acc=GSE104974
GSE104973,GSE104974,30,complete_containment,0,,0,0,0,high_confidence_overlap,Comparison of RNA-seq and Microarray Platforms for Splice Event Detection using a Cross-Platform Algorithm [RNA-Seq],Comparison of RNA-seq and Microarray Platforms for Splice Event Detection using a Cross-Platform Algorithm ,https://www.ncbi.nlm.nih.gov/geo/query/acc.cgi?acc=GSE104973,https://www.ncbi.nlm.nih.gov/geo/query/acc.cgi?acc=GSE104974
GSE104985,GSE104988,118,complete_containment,0,,0,0,0,high_confidence_overlap,KDM5B links cellular transcriptome heterogeneity to therapy resistance (RNA-Seq),KDM5B links cellular transcriptome heterogeneity to therapy resistance,https://www.ncbi.nlm.nih.gov/geo/query/acc.cgi?acc=GSE104985,https://www.ncbi.nlm.nih.gov/geo/query/acc.cgi?acc=GSE104988
GSE104987,GSE104988,3,complete_containment,0,,0,0,0,high_confidence_overlap,KDM5B links cellular transcriptome heterogeneity to therapy resistance (inDrop),KDM5B links cellular transcriptome heterogeneity to therapy resistance,https://www.ncbi.nlm.nih.gov/geo/query/acc.cgi?acc=GSE104987,https://www.ncbi.nlm.nih.gov/geo/query/acc.cgi?acc=GSE104988
GSE105405,GSE106144,2,complete_containment,0,,0,0,0,high_confidence_overlap,Differences of gene expression profiling of breast cancer cells with stable SREBP1 knockdown and the control cells [MCF-7],Differences of gene expression profiling of breast cancer cells with stable SREBP1 knockdown and the control cells,https://www.ncbi.nlm.nih.gov/geo/query/acc.cgi?acc=GSE105405,https://www.ncbi.nlm.nih.gov/geo/query/acc.cgi?acc=GSE106144
GSE105791,GSE106144,2,complete_containment,0,,0,0,0,high_confidence_overlap,Differences of gene expression profiling of breast cancer cells with stable SREBP1 knockdown and the control cells [MDA-MB-231],Differences of gene expression profiling of breast cancer cells with stable SREBP1 knockdown and the control cells,https://www.ncbi.nlm.nih.gov/geo/query/acc.cgi?acc=GSE105791,https://www.ncbi.nlm.nih.gov/geo/query/acc.cgi?acc=GSE106144
GSE106106,GSE106200,10,complete_containment,0,,0,0,0,high_confidence_overlap,mRNA differencial expression data between scrambled siRNA-treated mice and HN1L siRNA-treated mice tumor samples,RNA differencial expression data between scrambled siRNA-treated mice and HN1L siRNA-treated mice tumor samples,https://www.ncbi.nlm.nih.gov/geo/query/acc.cgi?acc=GSE106106,https://www.ncbi.nlm.nih.gov/geo/query/acc.cgi?acc=GSE106200
GSE106503,GSE106508,8,complete_containment,0,,0,0,0,high_confidence_overlap,RNA-seq of cancer-associated fibroblasts (CAF) treated with PBS or extracellular vesicles (EV) from MCF10A or MDA-MB-231 cells,RNA-seq of MCF10A cells and CAF,https://www.ncbi.nlm.nih.gov/geo/query/acc.cgi?acc=GSE106503,https://www.ncbi.nlm.nih.gov/geo/query/acc.cgi?acc=GSE106508
GSE106681,GSE106695,12,complete_containment,0,,0,0,0,high_confidence_overlap,GRHL2 is a key lineage determining factor which collaborates with FOXA1 to establish a targetable collateral pathway in the setting of endocrine therapy-resistant breast cancer (RNA-Seq data set 1),GRHL2 is a key lineage determining factor which collaborates with FOXA1 to establish a targetable collateral pathway in the setting of endocrine therapy-resistant breast cancer,https://www.ncbi.nlm.nih.gov/geo/query/acc.cgi?acc=GSE106681,https://www.ncbi.nlm.nih.gov/geo/query/acc.cgi?acc=GSE106695
GSE106694,GSE106695,18,complete_containment,0,,0,0,0,high_confidence_overlap,GRHL2 is a key lineage determining factor which collaborates with FOXA1 to establish a targetable collateral pathway in the setting of endocrine therapy-resistant breast cancer (RNA-Seq data set 2),GRHL2 is a key lineage determining factor which collaborates with FOXA1 to establish a targetable collateral pathway in the setting of endocrine therapy-resistant breast cancer,https://www.ncbi.nlm.nih.gov/geo/query/acc.cgi?acc=GSE106694,https://www.ncbi.nlm.nih.gov/geo/query/acc.cgi?acc=GSE106695
GSE107010,GSE107023,18,complete_containment,0,,0,0,0,high_confidence_overlap,TRPS1 shapes YAP/TEAD-dependent transcription in breast cancer cells [RNA-seq],TRPS1 shapes YAP/TEAD-dependent transcription in breast cancer cells,https://www.ncbi.nlm.nih.gov/geo/query/acc.cgi?acc=GSE107010,https://www.ncbi.nlm.nih.gov/geo/query/acc.cgi?acc=GSE107023
GSE107109,GSE10885,1,partial_overlap,0,,0,0,0,high_confidence_overlap,Asparagine availability governs metastasis in a model of breast cancer,An integromic analysis reveals that metaplastic carcinomas are distinct from basal-like tumors.,https://www.ncbi.nlm.nih.gov/geo/query/acc.cgi?acc=GSE107109,https://www.ncbi.nlm.nih.gov/geo/query/acc.cgi?acc=GSE10885
GSE107109,GSE10893,1,partial_overlap,0,,0,0,0,high_confidence_overlap,Asparagine availability governs metastasis in a model of breast cancer,"Basal-like Breast Cancer DNA copy number losses identify genes involved in genomic instability, response to therapy, and patient survival",https://www.ncbi.nlm.nih.gov/geo/query/acc.cgi?acc=GSE107109,https://www.ncbi.nlm.nih.gov/geo/query/acc.cgi?acc=GSE10893
GSE107109,GSE18229,1,partial_overlap,0,,0,0,0,high_confidence_overlap,Asparagine availability governs metastasis in a model of breast cancer,Phenotypic and Molecular Characterization of the Claudin-low Intrinsic Subtype of Breast Cancer,https://www.ncbi.nlm.nih.gov/geo/query/acc.cgi?acc=GSE107109,https://www.ncbi.nlm.nih.gov/geo/query/acc.cgi?acc=GSE18229
GSE107109,GSE1992,1,partial_overlap,0,,0,0,0,high_confidence_overlap,Asparagine availability governs metastasis in a model of breast cancer,A New Breast Tumor Intrinsic Gene List Identifies Novel Characteristics that are Conserved Across Microarray Platforms,https://www.ncbi.nlm.nih.gov/geo/query/acc.cgi?acc=GSE107109,https://www.ncbi.nlm.nih.gov/geo/query/acc.cgi?acc=GSE1992
GSE107109,GSE20624,1,partial_overlap,0,,0,0,0,high_confidence_overlap,Asparagine availability governs metastasis in a model of breast cancer,Breast Carcinomas arising at a Young Age:  A Unique Biology or a Surrogate for Aggressive Intrinsic Subtypes.,https://www.ncbi.nlm.nih.gov/geo/query/acc.cgi?acc=GSE107109,https://www.ncbi.nlm.nih.gov/geo/query/acc.cgi?acc=GSE20624
GSE107109,GSE26338,5,near_containment,0,,0,0,0,high_confidence_overlap,Asparagine availability governs metastasis in a model of breast cancer,"Genomic analysis identifies unique signatures predictive of brain, lung, and liver relapse",https://www.ncbi.nlm.nih.gov/geo/query/acc.cgi?acc=GSE107109,https://www.ncbi.nlm.nih.gov/geo/query/acc.cgi?acc=GSE26338
GSE107109,GSE2740,1,partial_overlap,0,,0,0,0,high_confidence_overlap,Asparagine availability governs metastasis in a model of breast cancer,Estrogen-regulated genes predict survival in estrogen receptor and/or progesterone receptor-positive breast cancers,https://www.ncbi.nlm.nih.gov/geo/query/acc.cgi?acc=GSE107109,https://www.ncbi.nlm.nih.gov/geo/query/acc.cgi?acc=GSE2740
GSE107109,GSE2741,1,partial_overlap,0,,0,0,0,high_confidence_overlap,Asparagine availability governs metastasis in a model of breast cancer,Breast Tumor's study,https://www.ncbi.nlm.nih.gov/geo/query/acc.cgi?acc=GSE107109,https://www.ncbi.nlm.nih.gov/geo/query/acc.cgi?acc=GSE2741
GSE107109,GSE3165,1,partial_overlap,0,,0,0,0,high_confidence_overlap,Asparagine availability governs metastasis in a model of breast cancer,Identification of conserved gene expression features across human and murine mammary tumors,https://www.ncbi.nlm.nih.gov/geo/query/acc.cgi?acc=GSE107109,https://www.ncbi.nlm.nih.gov/geo/query/acc.cgi?acc=GSE3165
GSE107109,GSE6128,1,partial_overlap,0,,0,0,0,high_confidence_overlap,Asparagine availability governs metastasis in a model of breast cancer,EGFR signaling varies with breast tumor subtype,https://www.ncbi.nlm.nih.gov/geo/query/acc.cgi?acc=GSE107109,https://www.ncbi.nlm.nih.gov/geo/query/acc.cgi?acc=GSE6128
GSE107209,GSE246689,0,,1,,0,0,0,manual_review_required,Expression of mRNA from MCF10A and UFH-001 human cell lines,Deterioration of multi-level 3D genome organization during breast cancer progression,https://www.ncbi.nlm.nih.gov/geo/query/acc.cgi?acc=GSE107209,https://www.ncbi.nlm.nih.gov/geo/query/acc.cgi?acc=GSE246689
GSE107209,GSE316327,0,,1,,0,0,0,manual_review_required,Expression of mRNA from MCF10A and UFH-001 human cell lines,HP1α depletion and TGFβ activation exert antagonistic effects on 3D genome organization,https://www.ncbi.nlm.nih.gov/geo/query/acc.cgi?acc=GSE107209,https://www.ncbi.nlm.nih.gov/geo/query/acc.cgi?acc=GSE316327
GSE107473,GSE73526,0,,1,,0,0,0,manual_review_required,tRNA-derived small non-coding RNAs (tDRs) as novel predictive biomarkers for trastuzumab-resistant breast cancer.,"The Functional Genomic Landscape of Human Breast Cancer Drivers, Vulnerabilities, and Resistance (RNASeq)",https://www.ncbi.nlm.nih.gov/geo/query/acc.cgi?acc=GSE107473,https://www.ncbi.nlm.nih.gov/geo/query/acc.cgi?acc=GSE73526
GSE107502,GSE87424,28,complete_containment,0,,0,0,0,high_confidence_overlap,Defining the Triple Negative Breast Cancer Kinome Response to GSK1120212 (RNA-Seq),Enhancer Remodeling During Adaptive Bypass to MEK Inhibition Is Attenuated by Pharmacological Targeting of the P-TEFb Complex,https://www.ncbi.nlm.nih.gov/geo/query/acc.cgi?acc=GSE107502,https://www.ncbi.nlm.nih.gov/geo/query/acc.cgi?acc=GSE87424
GSE107858,GSE107864,93,complete_containment,0,,0,0,0,high_confidence_overlap,Single-cell transcriptome analysis reveals estrogen signaling augments the mitochondrial folate pathway to coordinately fuel purine and polyamine synthesis in breast cancer cells (MCF7),"Single-Cell Transcriptome Analysis Reveals Estrogen Signaling Coordinately Augments One-Carbon, Polyamine, and Purine Synthesis in Breast Cancer",https://www.ncbi.nlm.nih.gov/geo/query/acc.cgi?acc=GSE107858,https://www.ncbi.nlm.nih.gov/geo/query/acc.cgi?acc=GSE107864
GSE107863,GSE107864,96,complete_containment,0,,0,0,0,high_confidence_overlap,Single-cell transcriptome analysis reveals estrogen signaling augments the mitochondrial folate pathway to coordinately fuel purine and polyamine synthesis in breast cancer cells (T47D),"Single-Cell Transcriptome Analysis Reveals Estrogen Signaling Coordinately Augments One-Carbon, Polyamine, and Purine Synthesis in Breast Cancer",https://www.ncbi.nlm.nih.gov/geo/query/acc.cgi?acc=GSE107863,https://www.ncbi.nlm.nih.gov/geo/query/acc.cgi?acc=GSE107864
GSE108308,GSE139928,0,,2,,0,0,0,manual_review_required,A cell-permeable stapled peptide inhibitor of the estrogen receptor/coactivator interaction,Genome wide analysis of transcripts regulated by PAX2 and Tamoxifen in MCF-7 cells,https://www.ncbi.nlm.nih.gov/geo/query/acc.cgi?acc=GSE108308,https://www.ncbi.nlm.nih.gov/geo/query/acc.cgi?acc=GSE139928
GSE108308,GSE183458,0,,2,,0,0,0,manual_review_required,A cell-permeable stapled peptide inhibitor of the estrogen receptor/coactivator interaction,EZH2-mediated epigenetic suppression of IFNa/b-STAT2 signaling enhances anti-tumor immunity in breast cancer [RNA-Seq],https://www.ncbi.nlm.nih.gov/geo/query/acc.cgi?acc=GSE108308,https://www.ncbi.nlm.nih.gov/geo/query/acc.cgi?acc=GSE183458
GSE108308,GSE183459,0,,2,,0,0,0,manual_review_required,A cell-permeable stapled peptide inhibitor of the estrogen receptor/coactivator interaction,EZH2-mediated epigenetic suppression of IFNa/b-STAT2 signaling enhances anti-tumor immunity in breast cancer,https://www.ncbi.nlm.nih.gov/geo/query/acc.cgi?acc=GSE108308,https://www.ncbi.nlm.nih.gov/geo/query/acc.cgi?acc=GSE183459
GSE10884,GSE10885,31,partial_overlap,0,,0,0,0,high_confidence_overlap,Loss of the retinoblastoma tumor suppressor is a common event in Basal-like and Luminal B breast carcinomas,An integromic analysis reveals that metaplastic carcinomas are distinct from basal-like tumors.,https://www.ncbi.nlm.nih.gov/geo/query/acc.cgi?acc=GSE10884,https://www.ncbi.nlm.nih.gov/geo/query/acc.cgi?acc=GSE10885
GSE10884,GSE10886,17,partial_overlap,0,,0,0,0,high_confidence_overlap,Loss of the retinoblastoma tumor suppressor is a common event in Basal-like and Luminal B breast carcinomas,A Supervised Risk Predictor of Breast Cancer Based on Biological Subtypes,https://www.ncbi.nlm.nih.gov/geo/query/acc.cgi?acc=GSE10884,https://www.ncbi.nlm.nih.gov/geo/query/acc.cgi?acc=GSE10886
GSE10884,GSE10893,46,partial_overlap,0,,0,0,0,high_confidence_overlap,Loss of the retinoblastoma tumor suppressor is a common event in Basal-like and Luminal B breast carcinomas,"Basal-like Breast Cancer DNA copy number losses identify genes involved in genomic instability, response to therapy, and patient survival",https://www.ncbi.nlm.nih.gov/geo/query/acc.cgi?acc=GSE10884,https://www.ncbi.nlm.nih.gov/geo/query/acc.cgi?acc=GSE10893
GSE10884,GSE15393,4,partial_overlap,0,,0,0,0,high_confidence_overlap,Loss of the retinoblastoma tumor suppressor is a common event in Basal-like and Luminal B breast carcinomas,Building Prognostic Models for Breast Cancer Patients Using Clinical Variables and Gene Expression Signatures,https://www.ncbi.nlm.nih.gov/geo/query/acc.cgi?acc=GSE10884,https://www.ncbi.nlm.nih.gov/geo/query/acc.cgi?acc=GSE15393
GSE10884,GSE18229,46,partial_overlap,0,,0,0,0,high_confidence_overlap,Loss of the retinoblastoma tumor suppressor is a common event in Basal-like and Luminal B breast carcinomas,Phenotypic and Molecular Characterization of the Claudin-low Intrinsic Subtype of Breast Cancer,https://www.ncbi.nlm.nih.gov/geo/query/acc.cgi?acc=GSE10884,https://www.ncbi.nlm.nih.gov/geo/query/acc.cgi?acc=GSE18229
GSE10884,GSE1992,18,partial_overlap,0,,0,0,0,high_confidence_overlap,Loss of the retinoblastoma tumor suppressor is a common event in Basal-like and Luminal B breast carcinomas,A New Breast Tumor Intrinsic Gene List Identifies Novel Characteristics that are Conserved Across Microarray Platforms,https://www.ncbi.nlm.nih.gov/geo/query/acc.cgi?acc=GSE10884,https://www.ncbi.nlm.nih.gov/geo/query/acc.cgi?acc=GSE1992
GSE10884,GSE20234,5,partial_overlap,0,,0,0,0,high_confidence_overlap,Loss of the retinoblastoma tumor suppressor is a common event in Basal-like and Luminal B breast carcinomas,SWISS MADE: Standardized WithIn class Sum of Squares to evaluate Methodologies And Dataset Elements,https://www.ncbi.nlm.nih.gov/geo/query/acc.cgi?acc=GSE10884,https://www.ncbi.nlm.nih.gov/geo/query/acc.cgi?acc=GSE20234
GSE10884,GSE20624,50,partial_overlap,0,,0,0,0,high_confidence_overlap,Loss of the retinoblastoma tumor suppressor is a common event in Basal-like and Luminal B breast carcinomas,Breast Carcinomas arising at a Young Age:  A Unique Biology or a Surrogate for Aggressive Intrinsic Subtypes.,https://www.ncbi.nlm.nih.gov/geo/query/acc.cgi?acc=GSE10884,https://www.ncbi.nlm.nih.gov/geo/query/acc.cgi?acc=GSE20624
GSE10884,GSE22049,10,partial_overlap,0,,0,0,0,high_confidence_overlap,Loss of the retinoblastoma tumor suppressor is a common event in Basal-like and Luminal B breast carcinomas,MicroRNA-30c inhibits Human Breast Tumor Chemotherapy Resistance by regulating TWF1 and IL-11: Patient DataSet,https://www.ncbi.nlm.nih.gov/geo/query/acc.cgi?acc=GSE10884,https://www.ncbi.nlm.nih.gov/geo/query/acc.cgi?acc=GSE22049
GSE10884,GSE2607,8,partial_overlap,0,,0,0,0,high_confidence_overlap,Loss of the retinoblastoma tumor suppressor is a common event in Basal-like and Luminal B breast carcinomas,Biological Classification of Breast Cancer by Real-Time Quantitative RTPCR: Comparisons to Microarray and Histopathology,https://www.ncbi.nlm.nih.gov/geo/query/acc.cgi?acc=GSE10884,https://www.ncbi.nlm.nih.gov/geo/query/acc.cgi?acc=GSE2607
GSE10884,GSE26338,48,partial_overlap,0,,0,0,0,high_confidence_overlap,Loss of the retinoblastoma tumor suppressor is a common event in Basal-like and Luminal B breast carcinomas,"Genomic analysis identifies unique signatures predictive of brain, lung, and liver relapse",https://www.ncbi.nlm.nih.gov/geo/query/acc.cgi?acc=GSE10884,https://www.ncbi.nlm.nih.gov/geo/query/acc.cgi?acc=GSE26338
GSE10884,GSE2740,17,partial_overlap,0,,0,0,0,high_confidence_overlap,Loss of the retinoblastoma tumor suppressor is a common event in Basal-like and Luminal B breast carcinomas,Estrogen-regulated genes predict survival in estrogen receptor and/or progesterone receptor-positive breast cancers,https://www.ncbi.nlm.nih.gov/geo/query/acc.cgi?acc=GSE10884,https://www.ncbi.nlm.nih.gov/geo/query/acc.cgi?acc=GSE2740
GSE10884,GSE2741,11,partial_overlap,0,,0,0,0,high_confidence_overlap,Loss of the retinoblastoma tumor suppressor is a common event in Basal-like and Luminal B breast carcinomas,Breast Tumor's study,https://www.ncbi.nlm.nih.gov/geo/query/acc.cgi?acc=GSE10884,https://www.ncbi.nlm.nih.gov/geo/query/acc.cgi?acc=GSE2741
GSE10884,GSE3165,31,partial_overlap,0,,0,0,0,high_confidence_overlap,Loss of the retinoblastoma tumor suppressor is a common event in Basal-like and Luminal B breast carcinomas,Identification of conserved gene expression features across human and murine mammary tumors,https://www.ncbi.nlm.nih.gov/geo/query/acc.cgi?acc=GSE10884,https://www.ncbi.nlm.nih.gov/geo/query/acc.cgi?acc=GSE3165
GSE10884,GSE3521,23,partial_overlap,0,,0,0,0,high_confidence_overlap,Loss of the retinoblastoma tumor suppressor is a common event in Basal-like and Luminal B breast carcinomas,A compact VEGF signature associated with distant metastases and poor outcomes,https://www.ncbi.nlm.nih.gov/geo/query/acc.cgi?acc=GSE10884,https://www.ncbi.nlm.nih.gov/geo/query/acc.cgi?acc=GSE3521
GSE10884,GSE35629,0,,5,,0,0,0,manual_review_required,Loss of the retinoblastoma tumor suppressor is a common event in Basal-like and Luminal B breast carcinomas,Vimentin DNA Methylation Predicts Survival in Breast Cancer,https://www.ncbi.nlm.nih.gov/geo/query/acc.cgi?acc=GSE10884,https://www.ncbi.nlm.nih.gov/geo/query/acc.cgi?acc=GSE35629
GSE10884,GSE6128,19,partial_overlap,0,,0,0,0,high_confidence_overlap,Loss of the retinoblastoma tumor suppressor is a common event in Basal-like and Luminal B breast carcinomas,EGFR signaling varies with breast tumor subtype,https://www.ncbi.nlm.nih.gov/geo/query/acc.cgi?acc=GSE10884,https://www.ncbi.nlm.nih.gov/geo/query/acc.cgi?acc=GSE6128
GSE10884,GSE6130,24,partial_overlap,0,,0,0,0,high_confidence_overlap,Loss of the retinoblastoma tumor suppressor is a common event in Basal-like and Luminal B breast carcinomas,Agreement in Breast Cancer Classification between Microarray and qRT-PCR from Fresh-Frozen and Formalin-Fixed Tissues,https://www.ncbi.nlm.nih.gov/geo/query/acc.cgi?acc=GSE10884,https://www.ncbi.nlm.nih.gov/geo/query/acc.cgi?acc=GSE6130
GSE10885,GSE10886,64,partial_overlap,0,,0,0,0,high_confidence_overlap,An integromic analysis reveals that metaplastic carcinomas are distinct from basal-like tumors.,A Supervised Risk Predictor of Breast Cancer Based on Biological Subtypes,https://www.ncbi.nlm.nih.gov/geo/query/acc.cgi?acc=GSE10885,https://www.ncbi.nlm.nih.gov/geo/query/acc.cgi?acc=GSE10886
GSE10885,GSE10893,243,near_containment,0,,0,0,0,high_confidence_overlap,An integromic analysis reveals that metaplastic carcinomas are distinct from basal-like tumors.,"Basal-like Breast Cancer DNA copy number losses identify genes involved in genomic instability, response to therapy, and patient survival",https://www.ncbi.nlm.nih.gov/geo/query/acc.cgi?acc=GSE10885,https://www.ncbi.nlm.nih.gov/geo/query/acc.cgi?acc=GSE10893
GSE10885,GSE15393,22,partial_overlap,0,,0,0,0,high_confidence_overlap,An integromic analysis reveals that metaplastic carcinomas are distinct from basal-like tumors.,Building Prognostic Models for Breast Cancer Patients Using Clinical Variables and Gene Expression Signatures,https://www.ncbi.nlm.nih.gov/geo/query/acc.cgi?acc=GSE10885,https://www.ncbi.nlm.nih.gov/geo/query/acc.cgi?acc=GSE15393
GSE10885,GSE18229,243,near_containment,0,,0,0,0,high_confidence_overlap,An integromic analysis reveals that metaplastic carcinomas are distinct from basal-like tumors.,Phenotypic and Molecular Characterization of the Claudin-low Intrinsic Subtype of Breast Cancer,https://www.ncbi.nlm.nih.gov/geo/query/acc.cgi?acc=GSE10885,https://www.ncbi.nlm.nih.gov/geo/query/acc.cgi?acc=GSE18229
GSE10885,GSE1992,163,near_containment,0,,0,0,0,high_confidence_overlap,An integromic analysis reveals that metaplastic carcinomas are distinct from basal-like tumors.,A New Breast Tumor Intrinsic Gene List Identifies Novel Characteristics that are Conserved Across Microarray Platforms,https://www.ncbi.nlm.nih.gov/geo/query/acc.cgi?acc=GSE10885,https://www.ncbi.nlm.nih.gov/geo/query/acc.cgi?acc=GSE1992
GSE10885,GSE20234,8,complete_containment,0,,0,0,0,high_confidence_overlap,An integromic analysis reveals that metaplastic carcinomas are distinct from basal-like tumors.,SWISS MADE: Standardized WithIn class Sum of Squares to evaluate Methodologies And Dataset Elements,https://www.ncbi.nlm.nih.gov/geo/query/acc.cgi?acc=GSE10885,https://www.ncbi.nlm.nih.gov/geo/query/acc.cgi?acc=GSE20234
GSE10885,GSE20624,131,partial_overlap,0,,0,0,0,high_confidence_overlap,An integromic analysis reveals that metaplastic carcinomas are distinct from basal-like tumors.,Breast Carcinomas arising at a Young Age:  A Unique Biology or a Surrogate for Aggressive Intrinsic Subtypes.,https://www.ncbi.nlm.nih.gov/geo/query/acc.cgi?acc=GSE10885,https://www.ncbi.nlm.nih.gov/geo/query/acc.cgi?acc=GSE20624
GSE10885,GSE22049,30,partial_overlap,0,,0,0,0,high_confidence_overlap,An integromic analysis reveals that metaplastic carcinomas are distinct from basal-like tumors.,MicroRNA-30c inhibits Human Breast Tumor Chemotherapy Resistance by regulating TWF1 and IL-11: Patient DataSet,https://www.ncbi.nlm.nih.gov/geo/query/acc.cgi?acc=GSE10885,https://www.ncbi.nlm.nih.gov/geo/query/acc.cgi?acc=GSE22049
GSE10885,GSE2607,101,near_containment,0,,0,0,0,high_confidence_overlap,An integromic analysis reveals that metaplastic carcinomas are distinct from basal-like tumors.,Biological Classification of Breast Cancer by Real-Time Quantitative RTPCR: Comparisons to Microarray and Histopathology,https://www.ncbi.nlm.nih.gov/geo/query/acc.cgi?acc=GSE10885,https://www.ncbi.nlm.nih.gov/geo/query/acc.cgi?acc=GSE2607
GSE10885,GSE26338,227,near_containment,0,,0,0,0,high_confidence_overlap,An integromic analysis reveals that metaplastic carcinomas are distinct from basal-like tumors.,"Genomic analysis identifies unique signatures predictive of brain, lung, and liver relapse",https://www.ncbi.nlm.nih.gov/geo/query/acc.cgi?acc=GSE10885,https://www.ncbi.nlm.nih.gov/geo/query/acc.cgi?acc=GSE26338
GSE10885,GSE2740,154,near_containment,0,,0,0,0,high_confidence_overlap,An integromic analysis reveals that metaplastic carcinomas are distinct from basal-like tumors.,Estrogen-regulated genes predict survival in estrogen receptor and/or progesterone receptor-positive breast cancers,https://www.ncbi.nlm.nih.gov/geo/query/acc.cgi?acc=GSE10885,https://www.ncbi.nlm.nih.gov/geo/query/acc.cgi?acc=GSE2740
GSE10885,GSE2741,143,near_containment,0,,0,0,0,high_confidence_overlap,An integromic analysis reveals that metaplastic carcinomas are distinct from basal-like tumors.,Breast Tumor's study,https://www.ncbi.nlm.nih.gov/geo/query/acc.cgi?acc=GSE10885,https://www.ncbi.nlm.nih.gov/geo/query/acc.cgi?acc=GSE2741
GSE10885,GSE3165,232,near_containment,0,,0,0,0,high_confidence_overlap,An integromic analysis reveals that metaplastic carcinomas are distinct from basal-like tumors.,Identification of conserved gene expression features across human and murine mammary tumors,https://www.ncbi.nlm.nih.gov/geo/query/acc.cgi?acc=GSE10885,https://www.ncbi.nlm.nih.gov/geo/query/acc.cgi?acc=GSE3165
GSE10885,GSE3521,189,near_containment,0,,0,0,0,high_confidence_overlap,An integromic analysis reveals that metaplastic carcinomas are distinct from basal-like tumors.,A compact VEGF signature associated with distant metastases and poor outcomes,https://www.ncbi.nlm.nih.gov/geo/query/acc.cgi?acc=GSE10885,https://www.ncbi.nlm.nih.gov/geo/query/acc.cgi?acc=GSE3521
GSE10885,GSE35629,0,,2,,0,0,0,manual_review_required,An integromic analysis reveals that metaplastic carcinomas are distinct from basal-like tumors.,Vimentin DNA Methylation Predicts Survival in Breast Cancer,https://www.ncbi.nlm.nih.gov/geo/query/acc.cgi?acc=GSE10885,https://www.ncbi.nlm.nih.gov/geo/query/acc.cgi?acc=GSE35629
GSE10885,GSE6130,133,near_containment,0,,0,0,0,high_confidence_overlap,An integromic analysis reveals that metaplastic carcinomas are distinct from basal-like tumors.,Agreement in Breast Cancer Classification between Microarray and qRT-PCR from Fresh-Frozen and Formalin-Fixed Tissues,https://www.ncbi.nlm.nih.gov/geo/query/acc.cgi?acc=GSE10885,https://www.ncbi.nlm.nih.gov/geo/query/acc.cgi?acc=GSE6130
GSE10886,GSE10893,105,partial_overlap,1,,0,0,0,high_confidence_overlap,A Supervised Risk Predictor of Breast Cancer Based on Biological Subtypes,"Basal-like Breast Cancer DNA copy number losses identify genes involved in genomic instability, response to therapy, and patient survival",https://www.ncbi.nlm.nih.gov/geo/query/acc.cgi?acc=GSE10886,https://www.ncbi.nlm.nih.gov/geo/query/acc.cgi?acc=GSE10893
GSE10886,GSE15393,30,partial_overlap,0,,0,0,0,high_confidence_overlap,A Supervised Risk Predictor of Breast Cancer Based on Biological Subtypes,Building Prognostic Models for Breast Cancer Patients Using Clinical Variables and Gene Expression Signatures,https://www.ncbi.nlm.nih.gov/geo/query/acc.cgi?acc=GSE10886,https://www.ncbi.nlm.nih.gov/geo/query/acc.cgi?acc=GSE15393
GSE10886,GSE18229,113,partial_overlap,0,,0,0,0,high_confidence_overlap,A Supervised Risk Predictor of Breast Cancer Based on Biological Subtypes,Phenotypic and Molecular Characterization of the Claudin-low Intrinsic Subtype of Breast Cancer,https://www.ncbi.nlm.nih.gov/geo/query/acc.cgi?acc=GSE10886,https://www.ncbi.nlm.nih.gov/geo/query/acc.cgi?acc=GSE18229
GSE10886,GSE1992,60,partial_overlap,0,,0,0,0,high_confidence_overlap,A Supervised Risk Predictor of Breast Cancer Based on Biological Subtypes,A New Breast Tumor Intrinsic Gene List Identifies Novel Characteristics that are Conserved Across Microarray Platforms,https://www.ncbi.nlm.nih.gov/geo/query/acc.cgi?acc=GSE10886,https://www.ncbi.nlm.nih.gov/geo/query/acc.cgi?acc=GSE1992
GSE10886,GSE20624,194,near_containment,0,,0,0,0,high_confidence_overlap,A Supervised Risk Predictor of Breast Cancer Based on Biological Subtypes,Breast Carcinomas arising at a Young Age:  A Unique Biology or a Surrogate for Aggressive Intrinsic Subtypes.,https://www.ncbi.nlm.nih.gov/geo/query/acc.cgi?acc=GSE10886,https://www.ncbi.nlm.nih.gov/geo/query/acc.cgi?acc=GSE20624
GSE10886,GSE22049,2,partial_overlap,0,,0,0,0,high_confidence_overlap,A Supervised Risk Predictor of Breast Cancer Based on Biological Subtypes,MicroRNA-30c inhibits Human Breast Tumor Chemotherapy Resistance by regulating TWF1 and IL-11: Patient DataSet,https://www.ncbi.nlm.nih.gov/geo/query/acc.cgi?acc=GSE10886,https://www.ncbi.nlm.nih.gov/geo/query/acc.cgi?acc=GSE22049
GSE10886,GSE2607,45,partial_overlap,0,,0,0,0,high_confidence_overlap,A Supervised Risk Predictor of Breast Cancer Based on Biological Subtypes,Biological Classification of Breast Cancer by Real-Time Quantitative RTPCR: Comparisons to Microarray and Histopathology,https://www.ncbi.nlm.nih.gov/geo/query/acc.cgi?acc=GSE10886,https://www.ncbi.nlm.nih.gov/geo/query/acc.cgi?acc=GSE2607
GSE10886,GSE26338,116,partial_overlap,0,,0,0,0,high_confidence_overlap,A Supervised Risk Predictor of Breast Cancer Based on Biological Subtypes,"Genomic analysis identifies unique signatures predictive of brain, lung, and liver relapse",https://www.ncbi.nlm.nih.gov/geo/query/acc.cgi?acc=GSE10886,https://www.ncbi.nlm.nih.gov/geo/query/acc.cgi?acc=GSE26338
GSE10886,GSE2740,56,partial_overlap,0,,0,0,0,high_confidence_overlap,A Supervised Risk Predictor of Breast Cancer Based on Biological Subtypes,Estrogen-regulated genes predict survival in estrogen receptor and/or progesterone receptor-positive breast cancers,https://www.ncbi.nlm.nih.gov/geo/query/acc.cgi?acc=GSE10886,https://www.ncbi.nlm.nih.gov/geo/query/acc.cgi?acc=GSE2740
GSE10886,GSE2741,51,partial_overlap,0,,0,0,0,high_confidence_overlap,A Supervised Risk Predictor of Breast Cancer Based on Biological Subtypes,Breast Tumor's study,https://www.ncbi.nlm.nih.gov/geo/query/acc.cgi?acc=GSE10886,https://www.ncbi.nlm.nih.gov/geo/query/acc.cgi?acc=GSE2741
GSE10886,GSE3165,64,partial_overlap,0,,0,0,0,high_confidence_overlap,A Supervised Risk Predictor of Breast Cancer Based on Biological Subtypes,Identification of conserved gene expression features across human and murine mammary tumors,https://www.ncbi.nlm.nih.gov/geo/query/acc.cgi?acc=GSE10886,https://www.ncbi.nlm.nih.gov/geo/query/acc.cgi?acc=GSE3165
GSE10886,GSE3521,62,partial_overlap,0,,0,0,0,high_confidence_overlap,A Supervised Risk Predictor of Breast Cancer Based on Biological Subtypes,A compact VEGF signature associated with distant metastases and poor outcomes,https://www.ncbi.nlm.nih.gov/geo/query/acc.cgi?acc=GSE10886,https://www.ncbi.nlm.nih.gov/geo/query/acc.cgi?acc=GSE3521
GSE10886,GSE35629,0,,2,,0,0,0,manual_review_required,A Supervised Risk Predictor of Breast Cancer Based on Biological Subtypes,Vimentin DNA Methylation Predicts Survival in Breast Cancer,https://www.ncbi.nlm.nih.gov/geo/query/acc.cgi?acc=GSE10886,https://www.ncbi.nlm.nih.gov/geo/query/acc.cgi?acc=GSE35629
GSE10886,GSE6128,37,partial_overlap,0,,0,0,0,high_confidence_overlap,A Supervised Risk Predictor of Breast Cancer Based on Biological Subtypes,EGFR signaling varies with breast tumor subtype,https://www.ncbi.nlm.nih.gov/geo/query/acc.cgi?acc=GSE10886,https://www.ncbi.nlm.nih.gov/geo/query/acc.cgi?acc=GSE6128
GSE10886,GSE6130,55,partial_overlap,0,,0,0,0,high_confidence_overlap,A Supervised Risk Predictor of Breast Cancer Based on Biological Subtypes,Agreement in Breast Cancer Classification between Microarray and qRT-PCR from Fresh-Frozen and Formalin-Fixed Tissues,https://www.ncbi.nlm.nih.gov/geo/query/acc.cgi?acc=GSE10886,https://www.ncbi.nlm.nih.gov/geo/query/acc.cgi?acc=GSE6130
GSE10893,GSE15393,29,partial_overlap,0,,0,0,0,high_confidence_overlap,"Basal-like Breast Cancer DNA copy number losses identify genes involved in genomic instability, response to therapy, and patient survival",Building Prognostic Models for Breast Cancer Patients Using Clinical Variables and Gene Expression Signatures,https://www.ncbi.nlm.nih.gov/geo/query/acc.cgi?acc=GSE10893,https://www.ncbi.nlm.nih.gov/geo/query/acc.cgi?acc=GSE15393
GSE10893,GSE18229,319,near_containment,1,,0,0,0,high_confidence_overlap,"Basal-like Breast Cancer DNA copy number losses identify genes involved in genomic instability, response to therapy, and patient survival",Phenotypic and Molecular Characterization of the Claudin-low Intrinsic Subtype of Breast Cancer,https://www.ncbi.nlm.nih.gov/geo/query/acc.cgi?acc=GSE10893,https://www.ncbi.nlm.nih.gov/geo/query/acc.cgi?acc=GSE18229
GSE10893,GSE1992,162,near_containment,0,,0,0,0,high_confidence_overlap,"Basal-like Breast Cancer DNA copy number losses identify genes involved in genomic instability, response to therapy, and patient survival",A New Breast Tumor Intrinsic Gene List Identifies Novel Characteristics that are Conserved Across Microarray Platforms,https://www.ncbi.nlm.nih.gov/geo/query/acc.cgi?acc=GSE10893,https://www.ncbi.nlm.nih.gov/geo/query/acc.cgi?acc=GSE1992
GSE10893,GSE20234,8,complete_containment,0,,0,0,0,high_confidence_overlap,"Basal-like Breast Cancer DNA copy number losses identify genes involved in genomic instability, response to therapy, and patient survival",SWISS MADE: Standardized WithIn class Sum of Squares to evaluate Methodologies And Dataset Elements,https://www.ncbi.nlm.nih.gov/geo/query/acc.cgi?acc=GSE10893,https://www.ncbi.nlm.nih.gov/geo/query/acc.cgi?acc=GSE20234
GSE10893,GSE20624,176,partial_overlap,1,,0,0,0,high_confidence_overlap,"Basal-like Breast Cancer DNA copy number losses identify genes involved in genomic instability, response to therapy, and patient survival",Breast Carcinomas arising at a Young Age:  A Unique Biology or a Surrogate for Aggressive Intrinsic Subtypes.,https://www.ncbi.nlm.nih.gov/geo/query/acc.cgi?acc=GSE10893,https://www.ncbi.nlm.nih.gov/geo/query/acc.cgi?acc=GSE20624
GSE10893,GSE22049,35,partial_overlap,0,,0,0,0,high_confidence_overlap,"Basal-like Breast Cancer DNA copy number losses identify genes involved in genomic instability, response to therapy, and patient survival",MicroRNA-30c inhibits Human Breast Tumor Chemotherapy Resistance by regulating TWF1 and IL-11: Patient DataSet,https://www.ncbi.nlm.nih.gov/geo/query/acc.cgi?acc=GSE10893,https://www.ncbi.nlm.nih.gov/geo/query/acc.cgi?acc=GSE22049
GSE10893,GSE2607,100,partial_overlap,0,,0,0,0,high_confidence_overlap,"Basal-like Breast Cancer DNA copy number losses identify genes involved in genomic instability, response to therapy, and patient survival",Biological Classification of Breast Cancer by Real-Time Quantitative RTPCR: Comparisons to Microarray and Histopathology,https://www.ncbi.nlm.nih.gov/geo/query/acc.cgi?acc=GSE10893,https://www.ncbi.nlm.nih.gov/geo/query/acc.cgi?acc=GSE2607
GSE10893,GSE26338,307,partial_overlap,1,,0,0,0,high_confidence_overlap,"Basal-like Breast Cancer DNA copy number losses identify genes involved in genomic instability, response to therapy, and patient survival","Genomic analysis identifies unique signatures predictive of brain, lung, and liver relapse",https://www.ncbi.nlm.nih.gov/geo/query/acc.cgi?acc=GSE10893,https://www.ncbi.nlm.nih.gov/geo/query/acc.cgi?acc=GSE26338
GSE10893,GSE2740,153,near_containment,0,,0,0,0,high_confidence_overlap,"Basal-like Breast Cancer DNA copy number losses identify genes involved in genomic instability, response to therapy, and patient survival",Estrogen-regulated genes predict survival in estrogen receptor and/or progesterone receptor-positive breast cancers,https://www.ncbi.nlm.nih.gov/geo/query/acc.cgi?acc=GSE10893,https://www.ncbi.nlm.nih.gov/geo/query/acc.cgi?acc=GSE2740
GSE10893,GSE2741,142,near_containment,0,,0,0,0,high_confidence_overlap,"Basal-like Breast Cancer DNA copy number losses identify genes involved in genomic instability, response to therapy, and patient survival",Breast Tumor's study,https://www.ncbi.nlm.nih.gov/geo/query/acc.cgi?acc=GSE10893,https://www.ncbi.nlm.nih.gov/geo/query/acc.cgi?acc=GSE2741
GSE10893,GSE3165,231,partial_overlap,0,,0,0,0,high_confidence_overlap,"Basal-like Breast Cancer DNA copy number losses identify genes involved in genomic instability, response to therapy, and patient survival",Identification of conserved gene expression features across human and murine mammary tumors,https://www.ncbi.nlm.nih.gov/geo/query/acc.cgi?acc=GSE10893,https://www.ncbi.nlm.nih.gov/geo/query/acc.cgi?acc=GSE3165
GSE10893,GSE3521,188,near_containment,0,,0,0,0,high_confidence_overlap,"Basal-like Breast Cancer DNA copy number losses identify genes involved in genomic instability, response to therapy, and patient survival",A compact VEGF signature associated with distant metastases and poor outcomes,https://www.ncbi.nlm.nih.gov/geo/query/acc.cgi?acc=GSE10893,https://www.ncbi.nlm.nih.gov/geo/query/acc.cgi?acc=GSE3521
GSE10893,GSE35629,0,,7,,0,0,0,manual_review_required,"Basal-like Breast Cancer DNA copy number losses identify genes involved in genomic instability, response to therapy, and patient survival",Vimentin DNA Methylation Predicts Survival in Breast Cancer,https://www.ncbi.nlm.nih.gov/geo/query/acc.cgi?acc=GSE10893,https://www.ncbi.nlm.nih.gov/geo/query/acc.cgi?acc=GSE35629
GSE10893,GSE6128,27,partial_overlap,0,,0,0,0,high_confidence_overlap,"Basal-like Breast Cancer DNA copy number losses identify genes involved in genomic instability, response to therapy, and patient survival",EGFR signaling varies with breast tumor subtype,https://www.ncbi.nlm.nih.gov/geo/query/acc.cgi?acc=GSE10893,https://www.ncbi.nlm.nih.gov/geo/query/acc.cgi?acc=GSE6128
GSE10893,GSE6130,134,near_containment,0,,0,0,0,high_confidence_overlap,"Basal-like Breast Cancer DNA copy number losses identify genes involved in genomic instability, response to therapy, and patient survival",Agreement in Breast Cancer Classification between Microarray and qRT-PCR from Fresh-Frozen and Formalin-Fixed Tissues,https://www.ncbi.nlm.nih.gov/geo/query/acc.cgi?acc=GSE10893,https://www.ncbi.nlm.nih.gov/geo/query/acc.cgi?acc=GSE6130
GSE108962,GSE110933,36,complete_containment,0,,0,0,0,high_confidence_overlap,Radiation-induced GEPs in immortalized and primary breast cells,GEP signatures of primary breast cells radiation treated.,https://www.ncbi.nlm.nih.gov/geo/query/acc.cgi?acc=GSE108962,https://www.ncbi.nlm.nih.gov/geo/query/acc.cgi?acc=GSE110933
GSE108962,GSE63667,6,partial_overlap,0,,0,0,0,high_confidence_overlap,Radiation-induced GEPs in immortalized and primary breast cells,Gene expression response to high radiation treatment in MCF7 breast cancer cell line,https://www.ncbi.nlm.nih.gov/geo/query/acc.cgi?acc=GSE108962,https://www.ncbi.nlm.nih.gov/geo/query/acc.cgi?acc=GSE63667
GSE108980,GSE108981,8,complete_containment,0,,0,0,0,high_confidence_overlap,Identification of the ERβ transcriptome in MDA-MB-231 cells [microarray],Identification of the ERβ transcriptome in ER-beta expressing MDA-MB-231 cells,https://www.ncbi.nlm.nih.gov/geo/query/acc.cgi?acc=GSE108980,https://www.ncbi.nlm.nih.gov/geo/query/acc.cgi?acc=GSE108981
GSE109406,GSE109482,6,complete_containment,0,,0,0,0,high_confidence_overlap,Expression data from MCF7 wildtype and MCF7 MDMXC463A/WT cells,Expression data and ChIP-seq from MCF7 wildtype and MCF7 MDMXC463A/WT cells,https://www.ncbi.nlm.nih.gov/geo/query/acc.cgi?acc=GSE109406,https://www.ncbi.nlm.nih.gov/geo/query/acc.cgi?acc=GSE109482
GSE109570,GSE109572,8,complete_containment,0,,0,0,0,high_confidence_overlap,Distinct Roles of BET Family Members in ERα Enhancer Function and Gene Regulation in Breast Cancer Cells [RNA-seq],Distinct Roles of BET Family Members in ERα Enhancer Function and Gene Regulation in Breast Cancer Cells,https://www.ncbi.nlm.nih.gov/geo/query/acc.cgi?acc=GSE109570,https://www.ncbi.nlm.nih.gov/geo/query/acc.cgi?acc=GSE109572
GSE109761,GSE126669,0,,6,32905777,0,0,0,manual_review_required,Neutrophils Escort Circulating Tumor Cells to Enable Cell Cycle Progression,Hypoxia Triggers the Intravasation of Clustered Circulating Tumor Cells,https://www.ncbi.nlm.nih.gov/geo/query/acc.cgi?acc=GSE109761,https://www.ncbi.nlm.nih.gov/geo/query/acc.cgi?acc=GSE126669
GSE110117,GSE117683,2,complete_containment,0,,0,0,0,high_confidence_overlap,Effect of cold atmospheric plasma (CAP) on MCF-7 breast cancer cell (Illumina HumanHT-12 V4.0 beadchip),ChIP-seq analysis reveals alteration of H3K4 trimethylation occupancy in cancer-related genes by cold atmospheric plasma,https://www.ncbi.nlm.nih.gov/geo/query/acc.cgi?acc=GSE110117,https://www.ncbi.nlm.nih.gov/geo/query/acc.cgi?acc=GSE117683
GSE111151,GSE152908,0,,1,,0,0,0,manual_review_required,RNA-sequencing of tamoxifen-resistant and -sensitive breast cancer cell lines.,Transcriptomic profiling of 62 breast cancer cell lines and PDX models,https://www.ncbi.nlm.nih.gov/geo/query/acc.cgi?acc=GSE111151,https://www.ncbi.nlm.nih.gov/geo/query/acc.cgi?acc=GSE152908
GSE111151,GSE16732,0,,2,,0,0,0,manual_review_required,RNA-sequencing of tamoxifen-resistant and -sensitive breast cancer cell lines.,Affymetrix Gene Chip Human Exon 1.0 ST Array expression profiling of 41 human breast cancer cell lines,https://www.ncbi.nlm.nih.gov/geo/query/acc.cgi?acc=GSE111151,https://www.ncbi.nlm.nih.gov/geo/query/acc.cgi?acc=GSE16732
GSE111151,GSE16795,0,,2,,0,0,0,manual_review_required,RNA-sequencing of tamoxifen-resistant and -sensitive breast cancer cell lines.,Affymetrix HG-U133A gene expression profiles of 39 human breast cancer cell lines,https://www.ncbi.nlm.nih.gov/geo/query/acc.cgi?acc=GSE111151,https://www.ncbi.nlm.nih.gov/geo/query/acc.cgi?acc=GSE16795
GSE111151,GSE173634,0,,2,,0,0,0,manual_review_required,RNA-sequencing of tamoxifen-resistant and -sensitive breast cancer cell lines.,Molecular phenotyping of breast cancer cell lines at the single-cell level for automated tumour diagnosis and prediction of drug sensitivity,https://www.ncbi.nlm.nih.gov/geo/query/acc.cgi?acc=GSE111151,https://www.ncbi.nlm.nih.gov/geo/query/acc.cgi?acc=GSE173634
GSE111151,GSE17945,0,,2,,0,0,0,manual_review_required,RNA-sequencing of tamoxifen-resistant and -sensitive breast cancer cell lines.,tRNA Over-Expression in Breast Cancer,https://www.ncbi.nlm.nih.gov/geo/query/acc.cgi?acc=GSE111151,https://www.ncbi.nlm.nih.gov/geo/query/acc.cgi?acc=GSE17945
GSE111151,GSE208238,0,,1,,0,0,0,manual_review_required,RNA-sequencing of tamoxifen-resistant and -sensitive breast cancer cell lines.,Alternative promoters and splicing create multiple functionally distinct isoforms of estrogen receptor alpha in breast cancer and healthy tissues,https://www.ncbi.nlm.nih.gov/geo/query/acc.cgi?acc=GSE111151,https://www.ncbi.nlm.nih.gov/geo/query/acc.cgi?acc=GSE208238
GSE111151,GSE212143,0,,2,,0,0,0,manual_review_required,RNA-sequencing of tamoxifen-resistant and -sensitive breast cancer cell lines.,Transcriptome analysis of 15 different breast cancer cell lines,https://www.ncbi.nlm.nih.gov/geo/query/acc.cgi?acc=GSE111151,https://www.ncbi.nlm.nih.gov/geo/query/acc.cgi?acc=GSE212143
GSE111151,GSE21217,0,,1,,0,0,0,manual_review_required,RNA-sequencing of tamoxifen-resistant and -sensitive breast cancer cell lines.,18F-fluorodeoxy-glucose positron emission tomography marks MYC-overexpressing human basal-like breast cancers.,https://www.ncbi.nlm.nih.gov/geo/query/acc.cgi?acc=GSE111151,https://www.ncbi.nlm.nih.gov/geo/query/acc.cgi?acc=GSE21217
GSE111151,GSE24578,0,,1,,0,0,0,manual_review_required,RNA-sequencing of tamoxifen-resistant and -sensitive breast cancer cell lines.,Basal gene expression of breast cancer cell lines,https://www.ncbi.nlm.nih.gov/geo/query/acc.cgi?acc=GSE111151,https://www.ncbi.nlm.nih.gov/geo/query/acc.cgi?acc=GSE24578
GSE111151,GSE24717,0,,1,,0,0,0,manual_review_required,RNA-sequencing of tamoxifen-resistant and -sensitive breast cancer cell lines.,Using a Stem Cell-Based Signature to Guide Therapeutic Selection in Cancer,https://www.ncbi.nlm.nih.gov/geo/query/acc.cgi?acc=GSE111151,https://www.ncbi.nlm.nih.gov/geo/query/acc.cgi?acc=GSE24717
GSE111151,GSE24737,0,,1,,0,0,0,manual_review_required,RNA-sequencing of tamoxifen-resistant and -sensitive breast cancer cell lines.,Large scale screening for known fusion genes in cancer cell lines,https://www.ncbi.nlm.nih.gov/geo/query/acc.cgi?acc=GSE111151,https://www.ncbi.nlm.nih.gov/geo/query/acc.cgi?acc=GSE24737
GSE111151,GSE262110,0,,1,,0,0,0,manual_review_required,RNA-sequencing of tamoxifen-resistant and -sensitive breast cancer cell lines.,Patient-derived response estimates from zero-passage organoids of luminal breast cancer,https://www.ncbi.nlm.nih.gov/geo/query/acc.cgi?acc=GSE111151,https://www.ncbi.nlm.nih.gov/geo/query/acc.cgi?acc=GSE262110
GSE111151,GSE40559,0,,1,,0,0,0,manual_review_required,RNA-sequencing of tamoxifen-resistant and -sensitive breast cancer cell lines.,Gene expression profiles of 5 cancer cell lines,https://www.ncbi.nlm.nih.gov/geo/query/acc.cgi?acc=GSE111151,https://www.ncbi.nlm.nih.gov/geo/query/acc.cgi?acc=GSE40559
GSE111151,GSE52643,0,,2,,0,0,0,manual_review_required,RNA-sequencing of tamoxifen-resistant and -sensitive breast cancer cell lines.,Fusion discovery in breast cancer cell line,https://www.ncbi.nlm.nih.gov/geo/query/acc.cgi?acc=GSE111151,https://www.ncbi.nlm.nih.gov/geo/query/acc.cgi?acc=GSE52643
GSE111151,GSE57083,0,,1,,0,0,0,manual_review_required,RNA-sequencing of tamoxifen-resistant and -sensitive breast cancer cell lines.,Expression data from AstraZeneca internal cell lines,https://www.ncbi.nlm.nih.gov/geo/query/acc.cgi?acc=GSE111151,https://www.ncbi.nlm.nih.gov/geo/query/acc.cgi?acc=GSE57083
GSE111151,GSE58135,0,,2,,0,0,0,manual_review_required,RNA-sequencing of tamoxifen-resistant and -sensitive breast cancer cell lines.,Breast Cancer RNA-seq,https://www.ncbi.nlm.nih.gov/geo/query/acc.cgi?acc=GSE111151,https://www.ncbi.nlm.nih.gov/geo/query/acc.cgi?acc=GSE58135
GSE111151,GSE59242,0,,1,,0,0,0,manual_review_required,RNA-sequencing of tamoxifen-resistant and -sensitive breast cancer cell lines.,Profiling of human cancer breast cell lines (Affymetrix),https://www.ncbi.nlm.nih.gov/geo/query/acc.cgi?acc=GSE111151,https://www.ncbi.nlm.nih.gov/geo/query/acc.cgi?acc=GSE59242
GSE111151,GSE65314,0,,1,,0,0,0,manual_review_required,RNA-sequencing of tamoxifen-resistant and -sensitive breast cancer cell lines.,Experimental gene expression analysis of 12 cancer cell lines,https://www.ncbi.nlm.nih.gov/geo/query/acc.cgi?acc=GSE111151,https://www.ncbi.nlm.nih.gov/geo/query/acc.cgi?acc=GSE65314
GSE111151,GSE73526,0,,2,,0,0,0,manual_review_required,RNA-sequencing of tamoxifen-resistant and -sensitive breast cancer cell lines.,"The Functional Genomic Landscape of Human Breast Cancer Drivers, Vulnerabilities, and Resistance (RNASeq)",https://www.ncbi.nlm.nih.gov/geo/query/acc.cgi?acc=GSE111151,https://www.ncbi.nlm.nih.gov/geo/query/acc.cgi?acc=GSE73526
GSE111151,GSE87006,0,,2,,0,0,0,manual_review_required,RNA-sequencing of tamoxifen-resistant and -sensitive breast cancer cell lines.,CDK4 phosphorylation status and a linked gene expression profile predict sensitivity to Palbociclib [lines],https://www.ncbi.nlm.nih.gov/geo/query/acc.cgi?acc=GSE111151,https://www.ncbi.nlm.nih.gov/geo/query/acc.cgi?acc=GSE87006
GSE111151,GSE87008,0,,2,,0,0,0,manual_review_required,RNA-sequencing of tamoxifen-resistant and -sensitive breast cancer cell lines.,CDK4 phosphorylation status and a linked gene expression profile predict sensitivity to Palbociclib,https://www.ncbi.nlm.nih.gov/geo/query/acc.cgi?acc=GSE111151,https://www.ncbi.nlm.nih.gov/geo/query/acc.cgi?acc=GSE87008
GSE111920,GSE113687,24,complete_containment,0,,0,0,0,high_confidence_overlap,Metabolic adaptations underlie epigenetic vulnerabilities in chemoresistant breast cancer. [RNA-Seq1],Metabolic adaptations underlie epigenetic vulnerabilities in chemoresistant breast cancer,https://www.ncbi.nlm.nih.gov/geo/query/acc.cgi?acc=GSE111920,https://www.ncbi.nlm.nih.gov/geo/query/acc.cgi?acc=GSE113687
GSE112365,GSE124843,0,,3,,0,0,0,manual_review_required,A SIRT1-centered Circuitry Regulates Breast Cancer Stemness and Metastasis,Integrative transcriptomic analysis reveals mechanisms controlling the reciprocity of epithelial and mesenchymal genes during epithelial-to-mesenchymal transition,https://www.ncbi.nlm.nih.gov/geo/query/acc.cgi?acc=GSE112365,https://www.ncbi.nlm.nih.gov/geo/query/acc.cgi?acc=GSE124843
GSE112365,GSE176304,0,,2,,0,0,0,manual_review_required,A SIRT1-centered Circuitry Regulates Breast Cancer Stemness and Metastasis,Expression and Function of C1orf132 Long-Noncoding RNA in Breast Cancer Cell Lines and Tissues,https://www.ncbi.nlm.nih.gov/geo/query/acc.cgi?acc=GSE112365,https://www.ncbi.nlm.nih.gov/geo/query/acc.cgi?acc=GSE176304
GSE112445,GSE112446,15,complete_containment,0,,0,0,0,high_confidence_overlap,Gene expression profile in breast cancer cells,Genome-wide profile of cJun and p27 and gene expression profile in breast cancer cells,https://www.ncbi.nlm.nih.gov/geo/query/acc.cgi?acc=GSE112445,https://www.ncbi.nlm.nih.gov/geo/query/acc.cgi?acc=GSE112446
GSE112517,GSE112587,2,complete_containment,0,,0,0,0,high_confidence_overlap,A Kelch domain-containing KLHDC7B and a long non-coding RNA ST8SIA6-AS1 act oppositely on breast cancer cell proliferation via the interferon signaling pathway (KLHDC7B knockdown),A Kelch domain-containing KLHDC7B and a long non-coding RNA ST8SIA6-AS1 act oppositely on breast cancer cell proliferation via the interferon signaling pathway,https://www.ncbi.nlm.nih.gov/geo/query/acc.cgi?acc=GSE112517,https://www.ncbi.nlm.nih.gov/geo/query/acc.cgi?acc=GSE112587
GSE112518,GSE112587,2,complete_containment,0,,0,0,0,high_confidence_overlap,A Kelch domain-containing KLHDC7B and a long non-coding RNA ST8SIA6-AS1 act oppositely on breast cancer cell proliferation via the interferon signaling pathway (KLHDC7B overexpression),A Kelch domain-containing KLHDC7B and a long non-coding RNA ST8SIA6-AS1 act oppositely on breast cancer cell proliferation via the interferon signaling pathway,https://www.ncbi.nlm.nih.gov/geo/query/acc.cgi?acc=GSE112518,https://www.ncbi.nlm.nih.gov/geo/query/acc.cgi?acc=GSE112587
GSE112519,GSE112587,2,complete_containment,0,,0,0,0,high_confidence_overlap,A Kelch domain-containing KLHDC7B and a long non-coding RNA ST8SIA6-AS1 act oppositely on breast cancer cell proliferation via the interferon signaling pathway (LOC100128098 knockdown),A Kelch domain-containing KLHDC7B and a long non-coding RNA ST8SIA6-AS1 act oppositely on breast cancer cell proliferation via the interferon signaling pathway,https://www.ncbi.nlm.nih.gov/geo/query/acc.cgi?acc=GSE112519,https://www.ncbi.nlm.nih.gov/geo/query/acc.cgi?acc=GSE112587
GSE112572,GSE112574,12,complete_containment,0,,0,0,0,high_confidence_overlap,Gene expression profile of breast cancer cells transfected with antisense oligonucleotides (ASO) against BRCA1 pseudogene (BRCA1P1),Gene expression profile of breast cancer cells depleted for BRCA1 pseudogene (BRCA1P1),https://www.ncbi.nlm.nih.gov/geo/query/acc.cgi?acc=GSE112572,https://www.ncbi.nlm.nih.gov/geo/query/acc.cgi?acc=GSE112574
GSE112573,GSE112574,4,complete_containment,0,,0,0,0,high_confidence_overlap,Gene expression profile of MDA-MB-231 breast cancer cells with BRCA1 pseudogene (BRCA1P1) knockout (KO),Gene expression profile of breast cancer cells depleted for BRCA1 pseudogene (BRCA1P1),https://www.ncbi.nlm.nih.gov/geo/query/acc.cgi?acc=GSE112573,https://www.ncbi.nlm.nih.gov/geo/query/acc.cgi?acc=GSE112574
GSE112962,GSE112963,9,complete_containment,0,,0,0,0,high_confidence_overlap,Endogenous interaction profiling identifies DDX5 as an oncogenic coactivator of transcription factor Fra-1 [RNA-seq],Endogenous interaction profiling identifies DDX5 as an oncogenic coactivator of transcription factor Fra-1,https://www.ncbi.nlm.nih.gov/geo/query/acc.cgi?acc=GSE112962,https://www.ncbi.nlm.nih.gov/geo/query/acc.cgi?acc=GSE112963
GSE113283,GSE113289,6,complete_containment,0,,0,0,0,high_confidence_overlap,WDR5 regulates EMT and metastasis in breast cancer by activating TGFB pathway [RNA-seq CCL],WDR5 regulates EMT and metastasis in breast cancer by activating TGFB pathway,https://www.ncbi.nlm.nih.gov/geo/query/acc.cgi?acc=GSE113283,https://www.ncbi.nlm.nih.gov/geo/query/acc.cgi?acc=GSE113289
GSE113288,GSE113289,30,complete_containment,0,,0,0,0,high_confidence_overlap,WDR5 regulates EMT and metastasis in breast cancer by activating TGFB pathway [RNA-seq PDX],WDR5 regulates EMT and metastasis in breast cancer by activating TGFB pathway,https://www.ncbi.nlm.nih.gov/geo/query/acc.cgi?acc=GSE113288,https://www.ncbi.nlm.nih.gov/geo/query/acc.cgi?acc=GSE113289
GSE113650,GSE113653,6,complete_containment,0,,0,0,0,high_confidence_overlap,RNA-seq analysis of breast cancer,RNA-seq analysis and shRNA screen of breast cancer,https://www.ncbi.nlm.nih.gov/geo/query/acc.cgi?acc=GSE113650,https://www.ncbi.nlm.nih.gov/geo/query/acc.cgi?acc=GSE113653
GSE113685,GSE113687,30,complete_containment,0,,0,0,0,high_confidence_overlap,Metabolic adaptations underlie epigenetic vulnerabilities in chemoresistant breast cancer. [RNA-Seq2],Metabolic adaptations underlie epigenetic vulnerabilities in chemoresistant breast cancer,https://www.ncbi.nlm.nih.gov/geo/query/acc.cgi?acc=GSE113685,https://www.ncbi.nlm.nih.gov/geo/query/acc.cgi?acc=GSE113687
GSE114168,GSE114269,53,complete_containment,0,,0,0,0,high_confidence_overlap,"Medullary breast carcinoma, a triple-negative breast cancer subtype associated with BCLG overexpression.","Medullary breast carcinoma, a triple-negative breast cancer subtype associated with BCLG overexpression and BRCAness",https://www.ncbi.nlm.nih.gov/geo/query/acc.cgi?acc=GSE114168,https://www.ncbi.nlm.nih.gov/geo/query/acc.cgi?acc=GSE114269
GSE114597,GSE114600,132,complete_containment,0,,0,0,0,high_confidence_overlap,TRPS1 is a lineage-specific transcriptional dependency in breast cancer [Seq],TRPS1 is a lineage-specific transcriptional dependency in breast cancer,https://www.ncbi.nlm.nih.gov/geo/query/acc.cgi?acc=GSE114597,https://www.ncbi.nlm.nih.gov/geo/query/acc.cgi?acc=GSE114600
GSE114597,GSE48213,0,,1,,0,0,0,manual_review_required,TRPS1 is a lineage-specific transcriptional dependency in breast cancer [Seq],Transcriptional profiling of a breast cancer cell line panel using RNAseq technology,https://www.ncbi.nlm.nih.gov/geo/query/acc.cgi?acc=GSE114597,https://www.ncbi.nlm.nih.gov/geo/query/acc.cgi?acc=GSE48213
GSE114597,GSE48216,0,,1,,0,0,0,manual_review_required,TRPS1 is a lineage-specific transcriptional dependency in breast cancer [Seq],Modeling precision treatment of breast cancer,https://www.ncbi.nlm.nih.gov/geo/query/acc.cgi?acc=GSE114597,https://www.ncbi.nlm.nih.gov/geo/query/acc.cgi?acc=GSE48216
GSE114600,GSE48213,0,,1,,0,0,0,manual_review_required,TRPS1 is a lineage-specific transcriptional dependency in breast cancer,Transcriptional profiling of a breast cancer cell line panel using RNAseq technology,https://www.ncbi.nlm.nih.gov/geo/query/acc.cgi?acc=GSE114600,https://www.ncbi.nlm.nih.gov/geo/query/acc.cgi?acc=GSE48213
GSE114600,GSE48216,0,,1,,0,0,0,manual_review_required,TRPS1 is a lineage-specific transcriptional dependency in breast cancer,Modeling precision treatment of breast cancer,https://www.ncbi.nlm.nih.gov/geo/query/acc.cgi?acc=GSE114600,https://www.ncbi.nlm.nih.gov/geo/query/acc.cgi?acc=GSE48216
GSE114724,GSE114727,10,complete_containment,0,,0,0,0,high_confidence_overlap,Single-cell Map of Diverse Immune Phenotypes in the Breast Tumor Microenvironment - 5' RNA sequencing and TCR sequencing,Single-cell Map of Diverse Immune Phenotypes in the Breast Tumor Microenvironment,https://www.ncbi.nlm.nih.gov/geo/query/acc.cgi?acc=GSE114724,https://www.ncbi.nlm.nih.gov/geo/query/acc.cgi?acc=GSE114727
GSE114725,GSE114727,56,complete_containment,0,,0,0,0,high_confidence_overlap,Single-cell Map of Diverse Immune Phenotypes in the Breast Tumor Microenvironment 3' RNA Sequencing,Single-cell Map of Diverse Immune Phenotypes in the Breast Tumor Microenvironment,https://www.ncbi.nlm.nih.gov/geo/query/acc.cgi?acc=GSE114725,https://www.ncbi.nlm.nih.gov/geo/query/acc.cgi?acc=GSE114727
GSE114876,GSE114877,20,complete_containment,0,,0,0,0,high_confidence_overlap,"mRNA sequencing SUM159PT WT, Kod and KOs cells cultured in adherent or suspension (i.e. secondary tumorspheres) conditions.",ChIP-seq and RNA-seq of wildtype and NNMT-KO SUM159PT breast cancer cells,https://www.ncbi.nlm.nih.gov/geo/query/acc.cgi?acc=GSE114876,https://www.ncbi.nlm.nih.gov/geo/query/acc.cgi?acc=GSE114877
GSE115036,GSE115040,6,complete_containment,0,,0,0,0,high_confidence_overlap,The mRNA and lncRNA profiles of breast cancer cells with or without TAMs coculture,Transmission of extracellular vesicle packaged lncRNA from TAMs to breast cancer cells,https://www.ncbi.nlm.nih.gov/geo/query/acc.cgi?acc=GSE115036,https://www.ncbi.nlm.nih.gov/geo/query/acc.cgi?acc=GSE115040
GSE115550,GSE120756,0,,2,,0,0,0,manual_review_required,Spatially Constrained Tandem Bromodomain Inhibition Bolsters Sustained Repression of BRD4 Transcriptional Activity for TNBC Cell Growth,TET2 coactivates gene expression through demethylation of enhancers,https://www.ncbi.nlm.nih.gov/geo/query/acc.cgi?acc=GSE115550,https://www.ncbi.nlm.nih.gov/geo/query/acc.cgi?acc=GSE120756
GSE115550,GSE124843,0,,2,,0,0,0,manual_review_required,Spatially Constrained Tandem Bromodomain Inhibition Bolsters Sustained Repression of BRD4 Transcriptional Activity for TNBC Cell Growth,Integrative transcriptomic analysis reveals mechanisms controlling the reciprocity of epithelial and mesenchymal genes during epithelial-to-mesenchymal transition,https://www.ncbi.nlm.nih.gov/geo/query/acc.cgi?acc=GSE115550,https://www.ncbi.nlm.nih.gov/geo/query/acc.cgi?acc=GSE124843
GSE115550,GSE191050,0,,2,,0,0,0,manual_review_required,Spatially Constrained Tandem Bromodomain Inhibition Bolsters Sustained Repression of BRD4 Transcriptional Activity for TNBC Cell Growth,RNA-seq on HER2+ cell line upon treatments,https://www.ncbi.nlm.nih.gov/geo/query/acc.cgi?acc=GSE115550,https://www.ncbi.nlm.nih.gov/geo/query/acc.cgi?acc=GSE191050
GSE115550,GSE262009,0,,2,,0,0,0,manual_review_required,Spatially Constrained Tandem Bromodomain Inhibition Bolsters Sustained Repression of BRD4 Transcriptional Activity for TNBC Cell Growth,Reciprocal inhibition of NOTCH and SOX2 shapes tumor cell plasticity and therapeutic escape in triple negative breast cancer.,https://www.ncbi.nlm.nih.gov/geo/query/acc.cgi?acc=GSE115550,https://www.ncbi.nlm.nih.gov/geo/query/acc.cgi?acc=GSE262009
GSE115577,GSE93601,0,,1110,,0,0,0,manual_review_required,Tumor & Tumor-Adj Gene Expression in the Nurses' Health Study Cohorts,Alcohol Consumption and Breast Tumor Gene Expression,https://www.ncbi.nlm.nih.gov/geo/query/acc.cgi?acc=GSE115577,https://www.ncbi.nlm.nih.gov/geo/query/acc.cgi?acc=GSE93601
GSE115578,GSE115580,6,complete_containment,0,,0,0,0,high_confidence_overlap,RNA-seq of Hs578T cells with TET1 knockout,RNA-seq of cells with TET1 knockout,https://www.ncbi.nlm.nih.gov/geo/query/acc.cgi?acc=GSE115578,https://www.ncbi.nlm.nih.gov/geo/query/acc.cgi?acc=GSE115580
GSE115603,GSE115604,18,complete_containment,0,,0,0,0,high_confidence_overlap,Enhancer Release and Retargeting” Activates Disease Susceptibility Genes (GRO-Seq),Enhancer Release and Retargeting” Activates Disease Susceptibility Genes,https://www.ncbi.nlm.nih.gov/geo/query/acc.cgi?acc=GSE115603,https://www.ncbi.nlm.nih.gov/geo/query/acc.cgi?acc=GSE115604
GSE115760,GSE115761,10,complete_containment,0,,0,0,0,high_confidence_overlap,Activation of PARP-1 by snoRNAs Controls Ribosome Biogenesis and Cell Growth via the RNA Helicase DDX21 (RNA-Seq),Activation of PARP-1 by snoRNAs Controls Ribosome Biogenesis and Cell Growth via the RNA Helicase DDX21,https://www.ncbi.nlm.nih.gov/geo/query/acc.cgi?acc=GSE115760,https://www.ncbi.nlm.nih.gov/geo/query/acc.cgi?acc=GSE115761
GSE115807,GSE115809,3,complete_containment,0,,0,0,0,high_confidence_overlap,Regulating stem cell-related genes induces the plastic differentiation of cancer stem cells to treat cancer [in vitro],Regulating stem cell-related genes induces the plastic differentiation of cancer stem cells to treat cancer,https://www.ncbi.nlm.nih.gov/geo/query/acc.cgi?acc=GSE115807,https://www.ncbi.nlm.nih.gov/geo/query/acc.cgi?acc=GSE115809
GSE116816,GSE116818,21,complete_containment,0,,0,0,0,high_confidence_overlap,LATS1 and LATS2 suppress breast cancer progression by maintaining cell identity and metabolic state [human],LATS1 and LATS2 suppress breast cancer progression by maintaining cell identity and metabolic state,https://www.ncbi.nlm.nih.gov/geo/query/acc.cgi?acc=GSE116816,https://www.ncbi.nlm.nih.gov/geo/query/acc.cgi?acc=GSE116818
GSE11683,GSE15619,6,complete_containment,0,,0,0,0,high_confidence_overlap,Expression analysis in a breast cancer metastasis model,Epigenetic signature of breast cancer and its association with gene expression and copy number,https://www.ncbi.nlm.nih.gov/geo/query/acc.cgi?acc=GSE11683,https://www.ncbi.nlm.nih.gov/geo/query/acc.cgi?acc=GSE15619
GSE116867,GSE116876,6,complete_containment,0,,0,0,0,high_confidence_overlap,Oncogenic Notch promotes long-range regulatory interactions within hyperconnected 3D cliques [MB157_RNA-seq],Oncogenic Notch promotes long-range regulatory interactions within hyperconnected 3D cliques,https://www.ncbi.nlm.nih.gov/geo/query/acc.cgi?acc=GSE116867,https://www.ncbi.nlm.nih.gov/geo/query/acc.cgi?acc=GSE116876
GSE116870,GSE116876,6,complete_containment,0,,0,0,0,high_confidence_overlap,Oncogenic Notch promotes long-range regulatory interactions within hyperconnected 3D cliques [HCC1599_RNA-seq],Oncogenic Notch promotes long-range regulatory interactions within hyperconnected 3D cliques,https://www.ncbi.nlm.nih.gov/geo/query/acc.cgi?acc=GSE116870,https://www.ncbi.nlm.nih.gov/geo/query/acc.cgi?acc=GSE116876
GSE116873,GSE116876,6,complete_containment,0,,0,0,0,high_confidence_overlap,Oncogenic Notch promotes long-range regulatory interactions within hyperconnected 3D cliques [DND41_RNA-seq],Oncogenic Notch promotes long-range regulatory interactions within hyperconnected 3D cliques,https://www.ncbi.nlm.nih.gov/geo/query/acc.cgi?acc=GSE116873,https://www.ncbi.nlm.nih.gov/geo/query/acc.cgi?acc=GSE116876
GSE116907,GSE116919,12,complete_containment,0,,0,0,0,high_confidence_overlap,Response of triple negative breast cancer to BAZ2A/B inhibition and BET bromodomain inhibition alone and in combination (RNAseq),Response of triple negative breast cancer to BAZ2A/B inhibition and BET bromodomain inhibition alone and in combination,https://www.ncbi.nlm.nih.gov/geo/query/acc.cgi?acc=GSE116907,https://www.ncbi.nlm.nih.gov/geo/query/acc.cgi?acc=GSE116919
GSE117491,GSE117683,2,complete_containment,0,,0,0,0,high_confidence_overlap,Effect of cold atmospheric plasma (CAP) on MCF-7 breast cancer cell (Agilent Human GE v3 8x60K Microarray),ChIP-seq analysis reveals alteration of H3K4 trimethylation occupancy in cancer-related genes by cold atmospheric plasma,https://www.ncbi.nlm.nih.gov/geo/query/acc.cgi?acc=GSE117491,https://www.ncbi.nlm.nih.gov/geo/query/acc.cgi?acc=GSE117683
GSE117497,GSE117502,4,complete_containment,0,,0,0,0,high_confidence_overlap,RNA-seq transcriptome analyses in T47D cells treated with ActA and Palbociclib.,SMAD2 binding regions in breast cancer cell line and RNA-seq transcriptome analyses in T47D,https://www.ncbi.nlm.nih.gov/geo/query/acc.cgi?acc=GSE117497,https://www.ncbi.nlm.nih.gov/geo/query/acc.cgi?acc=GSE117502
GSE117579,GSE118003,72,complete_containment,0,,0,0,0,high_confidence_overlap,Expression profiling of TNBCs following atRA treatment [Affymetrix I],Expression profiling and DNA methylation of TNBCs,https://www.ncbi.nlm.nih.gov/geo/query/acc.cgi?acc=GSE117579,https://www.ncbi.nlm.nih.gov/geo/query/acc.cgi?acc=GSE118003
GSE117942,GSE117943,82,complete_containment,0,,0,0,0,high_confidence_overlap,RNA-seq of breast cancer cell lines post ligand treatment I,"ATAC-seq, ChIP-seq and RNA-seq of breast cancer cell lines post ligand treatment",https://www.ncbi.nlm.nih.gov/geo/query/acc.cgi?acc=GSE117942,https://www.ncbi.nlm.nih.gov/geo/query/acc.cgi?acc=GSE117943
GSE117943,GSE128911,38,complete_containment,0,,0,0,0,high_confidence_overlap,"ATAC-seq, ChIP-seq and RNA-seq of breast cancer cell lines post ligand treatment",RNA-seq of breast cancer cell lines post ligand treatment II,https://www.ncbi.nlm.nih.gov/geo/query/acc.cgi?acc=GSE117943,https://www.ncbi.nlm.nih.gov/geo/query/acc.cgi?acc=GSE128911
GSE117949,GSE117951,12,complete_containment,0,,0,0,0,high_confidence_overlap,The thyroid hormone receptor β inhibits self-renewal capacity of breast cancer stem cells (Adherent MCF7 cells),The thyroid hormone receptor β inhibits self-renewal capacity of breast cancer stem cells,https://www.ncbi.nlm.nih.gov/geo/query/acc.cgi?acc=GSE117949,https://www.ncbi.nlm.nih.gov/geo/query/acc.cgi?acc=GSE117951
GSE117950,GSE117951,12,complete_containment,0,,0,0,0,high_confidence_overlap,The thyroid hormone receptor β inhibits self-renewal capacity of breast cancer stem cells (mammospheres from MCF7 cells),The thyroid hormone receptor β inhibits self-renewal capacity of breast cancer stem cells,https://www.ncbi.nlm.nih.gov/geo/query/acc.cgi?acc=GSE117950,https://www.ncbi.nlm.nih.gov/geo/query/acc.cgi?acc=GSE117951
GSE118002,GSE118003,6,complete_containment,0,,0,0,0,high_confidence_overlap,Expression profiling of TNBCs following atRA treatment [Affymetrix II],Expression profiling and DNA methylation of TNBCs,https://www.ncbi.nlm.nih.gov/geo/query/acc.cgi?acc=GSE118002,https://www.ncbi.nlm.nih.gov/geo/query/acc.cgi?acc=GSE118003
GSE118389,GSE118390,1534,complete_containment,0,,0,0,0,high_confidence_overlap,Unravelling subclonal heterogeneity and aggressive disease states in TNBC through single-cell RNA-seq [RNA-Seq],Unravelling subclonal heterogeneity and aggressive disease states in TNBC through single-cell RNA-seq,https://www.ncbi.nlm.nih.gov/geo/query/acc.cgi?acc=GSE118389,https://www.ncbi.nlm.nih.gov/geo/query/acc.cgi?acc=GSE118390
GSE118713,GSE118716,9,complete_containment,0,,0,0,0,high_confidence_overlap,Epigenetic reprogramming at estrogen-receptor binding sites alters the 3D chromatin landscape in endocrine resistant breast cancer [RNA-seq],Epigenetic reprogramming at estrogen-receptor binding sites alters 3D chromatin landscape in endocrine resistant breast cancer,https://www.ncbi.nlm.nih.gov/geo/query/acc.cgi?acc=GSE118713,https://www.ncbi.nlm.nih.gov/geo/query/acc.cgi?acc=GSE118716
GSE118741,GSE118744,22,complete_containment,0,,0,0,0,high_confidence_overlap,Identification of Jun loss that promotes resistance to HDAC inhibitor Entinostat through Myc signaling in Luminal breast cancer [cell line],Identification of Jun loss that promotes resistance to HDAC inhibitor Entinostat through Myc signaling in Luminal breast cancer,https://www.ncbi.nlm.nih.gov/geo/query/acc.cgi?acc=GSE118741,https://www.ncbi.nlm.nih.gov/geo/query/acc.cgi?acc=GSE118744
GSE119678,GSE152908,0,,2,,0,0,0,manual_review_required,Defective transcription elongation in a subset of cancers confers immunotherapy resistance (human cell lines RNA-Seq),Transcriptomic profiling of 62 breast cancer cell lines and PDX models,https://www.ncbi.nlm.nih.gov/geo/query/acc.cgi?acc=GSE119678,https://www.ncbi.nlm.nih.gov/geo/query/acc.cgi?acc=GSE152908
GSE119678,GSE16732,0,,1,,0,0,0,manual_review_required,Defective transcription elongation in a subset of cancers confers immunotherapy resistance (human cell lines RNA-Seq),Affymetrix Gene Chip Human Exon 1.0 ST Array expression profiling of 41 human breast cancer cell lines,https://www.ncbi.nlm.nih.gov/geo/query/acc.cgi?acc=GSE119678,https://www.ncbi.nlm.nih.gov/geo/query/acc.cgi?acc=GSE16732
GSE119678,GSE16795,0,,1,,0,0,0,manual_review_required,Defective transcription elongation in a subset of cancers confers immunotherapy resistance (human cell lines RNA-Seq),Affymetrix HG-U133A gene expression profiles of 39 human breast cancer cell lines,https://www.ncbi.nlm.nih.gov/geo/query/acc.cgi?acc=GSE119678,https://www.ncbi.nlm.nih.gov/geo/query/acc.cgi?acc=GSE16795
GSE119678,GSE173634,0,,1,,0,0,0,manual_review_required,Defective transcription elongation in a subset of cancers confers immunotherapy resistance (human cell lines RNA-Seq),Molecular phenotyping of breast cancer cell lines at the single-cell level for automated tumour diagnosis and prediction of drug sensitivity,https://www.ncbi.nlm.nih.gov/geo/query/acc.cgi?acc=GSE119678,https://www.ncbi.nlm.nih.gov/geo/query/acc.cgi?acc=GSE173634
GSE119678,GSE21217,0,,1,,0,0,0,manual_review_required,Defective transcription elongation in a subset of cancers confers immunotherapy resistance (human cell lines RNA-Seq),18F-fluorodeoxy-glucose positron emission tomography marks MYC-overexpressing human basal-like breast cancers.,https://www.ncbi.nlm.nih.gov/geo/query/acc.cgi?acc=GSE119678,https://www.ncbi.nlm.nih.gov/geo/query/acc.cgi?acc=GSE21217
GSE119678,GSE28866,0,,1,,0,0,0,manual_review_required,Defective transcription elongation in a subset of cancers confers immunotherapy resistance (human cell lines RNA-Seq),Transcriptional profiling of lncRNAs and novel transcribed regions across a diverse panel of archived human cancers,https://www.ncbi.nlm.nih.gov/geo/query/acc.cgi?acc=GSE119678,https://www.ncbi.nlm.nih.gov/geo/query/acc.cgi?acc=GSE28866
GSE119678,GSE41119,0,,1,,0,0,0,manual_review_required,Defective transcription elongation in a subset of cancers confers immunotherapy resistance (human cell lines RNA-Seq),Molecular Characterization of Basal-like and Non-Basal-like Triple-Negative Breast Cancers,https://www.ncbi.nlm.nih.gov/geo/query/acc.cgi?acc=GSE119678,https://www.ncbi.nlm.nih.gov/geo/query/acc.cgi?acc=GSE41119
GSE119678,GSE59242,0,,1,,0,0,0,manual_review_required,Defective transcription elongation in a subset of cancers confers immunotherapy resistance (human cell lines RNA-Seq),Profiling of human cancer breast cell lines (Affymetrix),https://www.ncbi.nlm.nih.gov/geo/query/acc.cgi?acc=GSE119678,https://www.ncbi.nlm.nih.gov/geo/query/acc.cgi?acc=GSE59242
GSE119678,GSE73526,0,,2,,0,0,0,manual_review_required,Defective transcription elongation in a subset of cancers confers immunotherapy resistance (human cell lines RNA-Seq),"The Functional Genomic Landscape of Human Breast Cancer Drivers, Vulnerabilities, and Resistance (RNASeq)",https://www.ncbi.nlm.nih.gov/geo/query/acc.cgi?acc=GSE119678,https://www.ncbi.nlm.nih.gov/geo/query/acc.cgi?acc=GSE73526
GSE120439,GSE120478,24,complete_containment,0,,0,0,0,high_confidence_overlap,PTEN interacts with the transcription machinery on chromatin and regulates RNA polymerase II-mediated transcription.[RNA-seq and ChIP-seq],PTEN interacts with the transcription machinery on chromatin and regulates RNA polymerase II-mediated transcription,https://www.ncbi.nlm.nih.gov/geo/query/acc.cgi?acc=GSE120439,https://www.ncbi.nlm.nih.gov/geo/query/acc.cgi?acc=GSE120478
GSE120756,GSE124843,0,,2,,0,0,0,manual_review_required,TET2 coactivates gene expression through demethylation of enhancers,Integrative transcriptomic analysis reveals mechanisms controlling the reciprocity of epithelial and mesenchymal genes during epithelial-to-mesenchymal transition,https://www.ncbi.nlm.nih.gov/geo/query/acc.cgi?acc=GSE120756,https://www.ncbi.nlm.nih.gov/geo/query/acc.cgi?acc=GSE124843
GSE120756,GSE191050,0,,2,,0,0,0,manual_review_required,TET2 coactivates gene expression through demethylation of enhancers,RNA-seq on HER2+ cell line upon treatments,https://www.ncbi.nlm.nih.gov/geo/query/acc.cgi?acc=GSE120756,https://www.ncbi.nlm.nih.gov/geo/query/acc.cgi?acc=GSE191050
GSE120756,GSE262009,0,,2,,0,0,0,manual_review_required,TET2 coactivates gene expression through demethylation of enhancers,Reciprocal inhibition of NOTCH and SOX2 shapes tumor cell plasticity and therapeutic escape in triple negative breast cancer.,https://www.ncbi.nlm.nih.gov/geo/query/acc.cgi?acc=GSE120756,https://www.ncbi.nlm.nih.gov/geo/query/acc.cgi?acc=GSE262009
GSE120929,GSE120931,9,complete_containment,0,,0,0,0,high_confidence_overlap,Amino acids availability and subsequent metabolic reprogramming sustain endocrine resistance in breast cancer (mRNA),Amino acids availability and subsequent metabolic reprogramming sustain endocrine resistance in breast cancer,https://www.ncbi.nlm.nih.gov/geo/query/acc.cgi?acc=GSE120929,https://www.ncbi.nlm.nih.gov/geo/query/acc.cgi?acc=GSE120931
GSE121663,GSE121664,6,complete_containment,0,,0,0,0,high_confidence_overlap,Role of iron in the regulation of the epithelial-to-mesenchymal transition (RNA-seq),Role of iron in the regulation of the epithelial-to-mesenchymal transition,https://www.ncbi.nlm.nih.gov/geo/query/acc.cgi?acc=GSE121663,https://www.ncbi.nlm.nih.gov/geo/query/acc.cgi?acc=GSE121664
GSE121944,GSE121947,6,complete_containment,0,,0,0,0,high_confidence_overlap,Transcriptomic profiling of MDA-MD-231 and MDA-MB-231-LM1 cells isolated from mouse lungs at micrometastatic stage,Lung metastasis of breast cancer,https://www.ncbi.nlm.nih.gov/geo/query/acc.cgi?acc=GSE121944,https://www.ncbi.nlm.nih.gov/geo/query/acc.cgi?acc=GSE121947
GSE121945,GSE121947,6,complete_containment,0,,0,0,0,high_confidence_overlap,Transcriptomic profiling of CXCR3+/- SUM-159-LM1 breast cancer cells,Lung metastasis of breast cancer,https://www.ncbi.nlm.nih.gov/geo/query/acc.cgi?acc=GSE121945,https://www.ncbi.nlm.nih.gov/geo/query/acc.cgi?acc=GSE121947
GSE121947,GSE137178,6,complete_containment,0,,0,0,0,high_confidence_overlap,Lung metastasis of breast cancer,Transcriptomic profiling of CXCL9/10-overexpressing (OE) MDA-MB-231 breast cancer cells upon treatment with CXCR3i or DMSO vehicle,https://www.ncbi.nlm.nih.gov/geo/query/acc.cgi?acc=GSE121947,https://www.ncbi.nlm.nih.gov/geo/query/acc.cgi?acc=GSE137178
GSE122848,GSE122849,8,complete_containment,0,,0,0,0,high_confidence_overlap,"Cistromic re-programming by truncating GATA3 mutations promotes mesenchymal transformation in vitro, but not mammary tumour formation in mice [RNA-seq]","Cistromic re-programming by truncating GATA3 mutations promotes mesenchymal transformation in vitro, but not mammary tumour formation in mice",https://www.ncbi.nlm.nih.gov/geo/query/acc.cgi?acc=GSE122848,https://www.ncbi.nlm.nih.gov/geo/query/acc.cgi?acc=GSE122849
GSE123086,GSE123088,166,complete_containment,0,,0,0,0,high_confidence_overlap,A validated single-cell-based strategy to identify diagnostic and therapeutic targets in complex diseases [study of 13 diseases],A validated single-cell-based strategy to identify diagnostic and therapeutic targets in complex diseases,https://www.ncbi.nlm.nih.gov/geo/query/acc.cgi?acc=GSE123086,https://www.ncbi.nlm.nih.gov/geo/query/acc.cgi?acc=GSE123088
GSE123087,GSE123088,38,complete_containment,0,,0,0,0,high_confidence_overlap,A validated single-cell-based strategy to identify diagnostic and therapeutic targets in complex diseases [breast cancer validation cohort],A validated single-cell-based strategy to identify diagnostic and therapeutic targets in complex diseases,https://www.ncbi.nlm.nih.gov/geo/query/acc.cgi?acc=GSE123087,https://www.ncbi.nlm.nih.gov/geo/query/acc.cgi?acc=GSE123088
GSE123285,GSE123286,96,complete_containment,0,,0,0,0,high_confidence_overlap,ARID1A and the BAF complex are determinants of breast cancer treatment response [RNA-seq],ARID1A and the BAF complex are determinants of breast cancer treatment response,https://www.ncbi.nlm.nih.gov/geo/query/acc.cgi?acc=GSE123285,https://www.ncbi.nlm.nih.gov/geo/query/acc.cgi?acc=GSE123286
GSE123762,GSE123770,50,complete_containment,0,,0,0,0,high_confidence_overlap,The Androgen Receptor is a Tumor Suppressor in Estrogen Receptor Positive Breast Cancer [Normal and tumor patient-derived explant RNA-seq],The Androgen Receptor is a Tumor Suppressor in Estrogen Receptor Positive Breast Cancer,https://www.ncbi.nlm.nih.gov/geo/query/acc.cgi?acc=GSE123762,https://www.ncbi.nlm.nih.gov/geo/query/acc.cgi?acc=GSE123770
GSE123763,GSE123770,24,complete_containment,0,,0,0,0,high_confidence_overlap,The Androgen Receptor is a Tumor Suppressor in Estrogen Receptor Positive Breast Cancer [PDX model HCI-005 & GAR15-13 RNA-seq],The Androgen Receptor is a Tumor Suppressor in Estrogen Receptor Positive Breast Cancer,https://www.ncbi.nlm.nih.gov/geo/query/acc.cgi?acc=GSE123763,https://www.ncbi.nlm.nih.gov/geo/query/acc.cgi?acc=GSE123770
GSE123766,GSE123770,17,complete_containment,0,,0,0,0,high_confidence_overlap,The Androgen Receptor is a Tumor Suppressor in Estrogen Receptor Positive Breast Cancer [ZR-75-1 xenograft RNA-seq],The Androgen Receptor is a Tumor Suppressor in Estrogen Receptor Positive Breast Cancer,https://www.ncbi.nlm.nih.gov/geo/query/acc.cgi?acc=GSE123766,https://www.ncbi.nlm.nih.gov/geo/query/acc.cgi?acc=GSE123770
GSE123768,GSE123770,8,complete_containment,0,,0,0,0,high_confidence_overlap,The Androgen Receptor is a Tumor Suppressor in Estrogen Receptor Positive Breast Cancer [ZR-75-1 cell line RNA-seq],The Androgen Receptor is a Tumor Suppressor in Estrogen Receptor Positive Breast Cancer,https://www.ncbi.nlm.nih.gov/geo/query/acc.cgi?acc=GSE123768,https://www.ncbi.nlm.nih.gov/geo/query/acc.cgi?acc=GSE123770
GSE124030,GSE124033,7,complete_containment,0,,0,0,0,high_confidence_overlap,Genome-wide maps of DNA methylation and gene expression for  multiple  regions  within  a  breast tumor [RNA-Seq],Genome-wide maps of DNA methylation and gene expression for  multiple  regions  within  a  breast tumor,https://www.ncbi.nlm.nih.gov/geo/query/acc.cgi?acc=GSE124030,https://www.ncbi.nlm.nih.gov/geo/query/acc.cgi?acc=GSE124033
GSE124227,GSE124228,10,complete_containment,0,,0,0,0,high_confidence_overlap,ARID1A is a critical regulator of luminal identity and therapeutic response in oestrogen receptor-positive breast cancer (RNA-Seq),ARID1A is a critical regulator of luminal identity and therapeutic response in oestrogen receptor-positive breast cancer,https://www.ncbi.nlm.nih.gov/geo/query/acc.cgi?acc=GSE124227,https://www.ncbi.nlm.nih.gov/geo/query/acc.cgi?acc=GSE124228
GSE124228,GSE140186,32,complete_containment,0,,0,0,0,high_confidence_overlap,ARID1A is a critical regulator of luminal identity and therapeutic response in oestrogen receptor-positive breast cancer,ARID1A is a critical regulator of luminal identity and therapeutic response in oestrogen receptor-positive breast cancer (RNA-seq II),https://www.ncbi.nlm.nih.gov/geo/query/acc.cgi?acc=GSE124228,https://www.ncbi.nlm.nih.gov/geo/query/acc.cgi?acc=GSE140186
GSE124447,GSE124449,14,complete_containment,0,,0,0,0,high_confidence_overlap,A hypermethylation strategy utilized by enhancer-bound CARM1 to promote estrogen receptor a-dependent transcriptional activation and breast carcinogenesis (RNA-seq),A hypermethylation strategy utilized by enhancer-bound CARM1 to promote estrogen receptor a-dependent transcriptional activation and breast carcinogenesis,https://www.ncbi.nlm.nih.gov/geo/query/acc.cgi?acc=GSE124447,https://www.ncbi.nlm.nih.gov/geo/query/acc.cgi?acc=GSE124449
GSE124646,GSE124648,100,complete_containment,0,,0,0,0,high_confidence_overlap,Breast cancer and normal breast tissue samples to estimate the effect of contamination of breast cancer samples with normal breast tissue,SET ER/PR - A robust 18-gene Predictor for Sensitivity to Endocrine Therapy for Metastatic Breast Cancer,https://www.ncbi.nlm.nih.gov/geo/query/acc.cgi?acc=GSE124646,https://www.ncbi.nlm.nih.gov/geo/query/acc.cgi?acc=GSE124648
GSE124647,GSE124648,140,complete_containment,0,,0,0,0,high_confidence_overlap,SET ER/PR - A robust 18-gene Predictor for Sensitivity to Endocrine Therapy for Metastatic Breast Cancer,SET ER/PR - A robust 18-gene Predictor for Sensitivity to Endocrine Therapy for Metastatic Breast Cancer,https://www.ncbi.nlm.nih.gov/geo/query/acc.cgi?acc=GSE124647,https://www.ncbi.nlm.nih.gov/geo/query/acc.cgi?acc=GSE124648
GSE124648,GSE129551,147,complete_containment,0,,0,0,0,high_confidence_overlap,SET ER/PR - A robust 18-gene Predictor for Sensitivity to Endocrine Therapy for Metastatic Breast Cancer,Discovery cohort for SET ER/PR,https://www.ncbi.nlm.nih.gov/geo/query/acc.cgi?acc=GSE124648,https://www.ncbi.nlm.nih.gov/geo/query/acc.cgi?acc=GSE129551
GSE124648,GSE129556,176,complete_containment,0,,0,0,0,high_confidence_overlap,SET ER/PR - A robust 18-gene Predictor for Sensitivity to Endocrine Therapy for Metastatic Breast Cancer,Study for evaluating the effect of different microarray platforms on gene expression measurements,https://www.ncbi.nlm.nih.gov/geo/query/acc.cgi?acc=GSE124648,https://www.ncbi.nlm.nih.gov/geo/query/acc.cgi?acc=GSE129556
GSE124648,GSE129557,153,complete_containment,0,,0,0,0,high_confidence_overlap,SET ER/PR - A robust 18-gene Predictor for Sensitivity to Endocrine Therapy for Metastatic Breast Cancer,Study to evaluate the effect of intratumoral heterogeneity on gene expression measurements,https://www.ncbi.nlm.nih.gov/geo/query/acc.cgi?acc=GSE124648,https://www.ncbi.nlm.nih.gov/geo/query/acc.cgi?acc=GSE129557
GSE124648,GSE129558,120,complete_containment,0,,0,0,0,high_confidence_overlap,SET ER/PR - A robust 18-gene Predictor for Sensitivity to Endocrine Therapy for Metastatic Breast Cancer,Study to evaluate the effect of technical repetition on gene expression measurements,https://www.ncbi.nlm.nih.gov/geo/query/acc.cgi?acc=GSE124648,https://www.ncbi.nlm.nih.gov/geo/query/acc.cgi?acc=GSE129558
GSE124648,GSE129559,232,complete_containment,0,,0,0,0,high_confidence_overlap,SET ER/PR - A robust 18-gene Predictor for Sensitivity to Endocrine Therapy for Metastatic Breast Cancer,Study to evaluate the effect of the type of tissue on gene expression measurements,https://www.ncbi.nlm.nih.gov/geo/query/acc.cgi?acc=GSE124648,https://www.ncbi.nlm.nih.gov/geo/query/acc.cgi?acc=GSE129559
GSE124648,GSE129560,128,complete_containment,0,,0,0,0,high_confidence_overlap,SET ER/PR - A robust 18-gene Predictor for Sensitivity to Endocrine Therapy for Metastatic Breast Cancer,Study to compare SET ER/PR index values from Affymetrix U133A microarrays to values from targeted RNASeq and to validate technical reproducibility on U133A microarrays,https://www.ncbi.nlm.nih.gov/geo/query/acc.cgi?acc=GSE124648,https://www.ncbi.nlm.nih.gov/geo/query/acc.cgi?acc=GSE129560
GSE124655,GSE124656,9,complete_containment,0,,0,0,0,high_confidence_overlap,FOXA1 upregulation promotes enhancer and transcriptional reprogramming in endocrine-resistant breast cancer [RNA-seq],FOXA1 upregulation promotes enhancer and transcriptional reprogramming in endocrine-resistant breast cancer,https://www.ncbi.nlm.nih.gov/geo/query/acc.cgi?acc=GSE124655,https://www.ncbi.nlm.nih.gov/geo/query/acc.cgi?acc=GSE124656
GSE124843,GSE176304,0,,2,,0,0,0,manual_review_required,Integrative transcriptomic analysis reveals mechanisms controlling the reciprocity of epithelial and mesenchymal genes during epithelial-to-mesenchymal transition,Expression and Function of C1orf132 Long-Noncoding RNA in Breast Cancer Cell Lines and Tissues,https://www.ncbi.nlm.nih.gov/geo/query/acc.cgi?acc=GSE124843,https://www.ncbi.nlm.nih.gov/geo/query/acc.cgi?acc=GSE176304
GSE124843,GSE191050,0,,2,,0,0,0,manual_review_required,Integrative transcriptomic analysis reveals mechanisms controlling the reciprocity of epithelial and mesenchymal genes during epithelial-to-mesenchymal transition,RNA-seq on HER2+ cell line upon treatments,https://www.ncbi.nlm.nih.gov/geo/query/acc.cgi?acc=GSE124843,https://www.ncbi.nlm.nih.gov/geo/query/acc.cgi?acc=GSE191050
GSE124843,GSE262009,0,,2,,0,0,0,manual_review_required,Integrative transcriptomic analysis reveals mechanisms controlling the reciprocity of epithelial and mesenchymal genes during epithelial-to-mesenchymal transition,Reciprocal inhibition of NOTCH and SOX2 shapes tumor cell plasticity and therapeutic escape in triple negative breast cancer.,https://www.ncbi.nlm.nih.gov/geo/query/acc.cgi?acc=GSE124843,https://www.ncbi.nlm.nih.gov/geo/query/acc.cgi?acc=GSE262009
GSE124887,GSE124889,1,complete_containment,0,,0,0,0,high_confidence_overlap,Single-cell RNA sequencing of BCSCs from MCF7 cell lines,Single-cell RNA sequencing of BCSCs,https://www.ncbi.nlm.nih.gov/geo/query/acc.cgi?acc=GSE124887,https://www.ncbi.nlm.nih.gov/geo/query/acc.cgi?acc=GSE124889
GSE124888,GSE124889,1,complete_containment,0,,0,0,0,high_confidence_overlap,Single-cell RNA sequencing of BCSCs from solid tumors taken from NOD/SCID mice,Single-cell RNA sequencing of BCSCs,https://www.ncbi.nlm.nih.gov/geo/query/acc.cgi?acc=GSE124888,https://www.ncbi.nlm.nih.gov/geo/query/acc.cgi?acc=GSE124889
GSE125034,GSE48213,0,,1,,0,0,0,manual_review_required,Basal transcriptomic profiling of immortalized cholangiocyte and breast cancer cell lines.,Transcriptional profiling of a breast cancer cell line panel using RNAseq technology,https://www.ncbi.nlm.nih.gov/geo/query/acc.cgi?acc=GSE125034,https://www.ncbi.nlm.nih.gov/geo/query/acc.cgi?acc=GSE48213
GSE125034,GSE48216,0,,1,,0,0,0,manual_review_required,Basal transcriptomic profiling of immortalized cholangiocyte and breast cancer cell lines.,Modeling precision treatment of breast cancer,https://www.ncbi.nlm.nih.gov/geo/query/acc.cgi?acc=GSE125034,https://www.ncbi.nlm.nih.gov/geo/query/acc.cgi?acc=GSE48216
GSE125606,GSE125609,12,complete_containment,0,,0,0,0,high_confidence_overlap,A non-canonical role of YAP/TEAD is required for activation of estrogen-regulated enhancers in breast cancer [RNA-seq],A non-canonical role of YAP/TEAD is required for activation of estrogen-regulated enhancers in breast cancer,https://www.ncbi.nlm.nih.gov/geo/query/acc.cgi?acc=GSE125606,https://www.ncbi.nlm.nih.gov/geo/query/acc.cgi?acc=GSE125609
GSE125607,GSE125609,6,complete_containment,0,,0,0,0,high_confidence_overlap,A non-canonical role of YAP/TEAD is required for activation of estrogen-regulated enhancers in breast cancer [GRO-seq],A non-canonical role of YAP/TEAD is required for activation of estrogen-regulated enhancers in breast cancer,https://www.ncbi.nlm.nih.gov/geo/query/acc.cgi?acc=GSE125607,https://www.ncbi.nlm.nih.gov/geo/query/acc.cgi?acc=GSE125609
GSE125802,GSE162726,0,,1,,0,0,0,manual_review_required,Plasminogen activator inhibitor 1 (PAI1) promotes actin cytoskeleton reorganization and glycolytic metabolism in triple negative breast cancer,Single-cell RNA-sequencing of migratory breast cancer cells: discovering genes associated with cancer metastasis,https://www.ncbi.nlm.nih.gov/geo/query/acc.cgi?acc=GSE125802,https://www.ncbi.nlm.nih.gov/geo/query/acc.cgi?acc=GSE162726
GSE125802,GSE306759,0,,1,,0,0,0,manual_review_required,Plasminogen activator inhibitor 1 (PAI1) promotes actin cytoskeleton reorganization and glycolytic metabolism in triple negative breast cancer,Effect of palmitate on breast cancer cells according to CD36 expression,https://www.ncbi.nlm.nih.gov/geo/query/acc.cgi?acc=GSE125802,https://www.ncbi.nlm.nih.gov/geo/query/acc.cgi?acc=GSE306759
GSE126003,GSE126006,84,complete_containment,0,,0,0,0,high_confidence_overlap,IL6/STAT3 co-opts ER/FOXA1 regulatory elements to drive metastasis in breast cancer (RNA-Seq),IL6/STAT3 co-opts ER/FOXA1 regulatory elements to drive metastasis in breast cancer,https://www.ncbi.nlm.nih.gov/geo/query/acc.cgi?acc=GSE126003,https://www.ncbi.nlm.nih.gov/geo/query/acc.cgi?acc=GSE126006
GSE126036,GSE126038,41,complete_containment,0,,0,0,0,high_confidence_overlap,FGFR4 is a key regulator of tumor subtype differentiation in luminal breast cancer and metastatic disease [set 1],FGFR4 is a key regulator of tumor subtype differentiation in luminal breast cancer and metastatic disease,https://www.ncbi.nlm.nih.gov/geo/query/acc.cgi?acc=GSE126036,https://www.ncbi.nlm.nih.gov/geo/query/acc.cgi?acc=GSE126038
GSE126037,GSE126038,13,complete_containment,0,,0,0,0,high_confidence_overlap,FGFR4 is a key regulator of tumor subtype differentiation in luminal breast cancer and metastatic disease [set 2],FGFR4 is a key regulator of tumor subtype differentiation in luminal breast cancer and metastatic disease,https://www.ncbi.nlm.nih.gov/geo/query/acc.cgi?acc=GSE126037,https://www.ncbi.nlm.nih.gov/geo/query/acc.cgi?acc=GSE126038
GSE126153,GSE126156,6,complete_containment,0,,0,0,0,high_confidence_overlap,Transcriptional changes associated with overexpression of TBX3 isoforms (TBX3iso1 and TBX3iso2) in the DCIS-like 21NT cell line (RNA-Seq),Transcriptional changes associated with overexpression of TBX3 isoforms (TBX3iso1 and TBX3iso2) in the DCIS-like 21NT cell line,https://www.ncbi.nlm.nih.gov/geo/query/acc.cgi?acc=GSE126153,https://www.ncbi.nlm.nih.gov/geo/query/acc.cgi?acc=GSE126156
GSE12622,GSE9014,99,near_containment,0,,0,0,0,high_confidence_overlap,Tumor-associated stroma derived from primary clinical breast cancer samples (II),Tumor-associated stroma derived from primary clinical breast cancer samples,https://www.ncbi.nlm.nih.gov/geo/query/acc.cgi?acc=GSE12622,https://www.ncbi.nlm.nih.gov/geo/query/acc.cgi?acc=GSE9014
GSE12650,GSE28444,2,partial_overlap,0,,0,0,0,high_confidence_overlap,Genome-wide mapping cis-regulatory sequence elements in the human genome using Nuclease-Hypersensitive-CGH technique,"Expression data for MCF-7 treated with PolII inhibitors, Triptolide or alpha-amanitin",https://www.ncbi.nlm.nih.gov/geo/query/acc.cgi?acc=GSE12650,https://www.ncbi.nlm.nih.gov/geo/query/acc.cgi?acc=GSE28444
GSE12650,GSE30350,2,partial_overlap,0,,0,0,0,high_confidence_overlap,Genome-wide mapping cis-regulatory sequence elements in the human genome using Nuclease-Hypersensitive-CGH technique,Transcription of muscle actin genes by a nuclear form of mitochondrial RNA polymerase,https://www.ncbi.nlm.nih.gov/geo/query/acc.cgi?acc=GSE12650,https://www.ncbi.nlm.nih.gov/geo/query/acc.cgi?acc=GSE30350
GSE126894,GSE126898,24,complete_containment,0,,0,0,0,high_confidence_overlap,A TFAP2C Gene Signature is Predictive of Outcome in HER2 Breast Cancer (RNA-Seq),A TFAP2C Gene Signature is Predictive of Outcome in HER2 Breast Cancer,https://www.ncbi.nlm.nih.gov/geo/query/acc.cgi?acc=GSE126894,https://www.ncbi.nlm.nih.gov/geo/query/acc.cgi?acc=GSE126898
GSE12708,GSE96670,6,complete_containment,0,,0,0,0,high_confidence_overlap,ERRγ mediates Tamoxifen resistance in novel models of invasive lobular breast cancer,Tamoxifen response and resistance in invasive lobular breast cancer,https://www.ncbi.nlm.nih.gov/geo/query/acc.cgi?acc=GSE12708,https://www.ncbi.nlm.nih.gov/geo/query/acc.cgi?acc=GSE96670
GSE127212,GSE127213,9,complete_containment,0,,0,0,0,high_confidence_overlap,"MYC-associated Factor X, MAX, controls the clock transcriptional network [RNA-Seq]","MYC-associated factor X, MAX",https://www.ncbi.nlm.nih.gov/geo/query/acc.cgi?acc=GSE127212,https://www.ncbi.nlm.nih.gov/geo/query/acc.cgi?acc=GSE127213
GSE127212,GSE62766,0,,2,,0,0,0,manual_review_required,"MYC-associated Factor X, MAX, controls the clock transcriptional network [RNA-Seq]",Gene expression of T47D-MTVL human breast cancer cells upon H1X knock-down,https://www.ncbi.nlm.nih.gov/geo/query/acc.cgi?acc=GSE127212,https://www.ncbi.nlm.nih.gov/geo/query/acc.cgi?acc=GSE62766
GSE127213,GSE62766,0,,2,,0,0,0,manual_review_required,"MYC-associated factor X, MAX",Gene expression of T47D-MTVL human breast cancer cells upon H1X knock-down,https://www.ncbi.nlm.nih.gov/geo/query/acc.cgi?acc=GSE127213,https://www.ncbi.nlm.nih.gov/geo/query/acc.cgi?acc=GSE62766
GSE12763,GSE12790,30,complete_containment,0,,0,0,0,high_confidence_overlap,Gene expression profiling of 30 human breast cancers,Gene expression profiling of human breast cancers and cancer cell lines,https://www.ncbi.nlm.nih.gov/geo/query/acc.cgi?acc=GSE12763,https://www.ncbi.nlm.nih.gov/geo/query/acc.cgi?acc=GSE12790
GSE12777,GSE12790,51,complete_containment,0,,0,0,0,high_confidence_overlap,Gene expression profiling of 51 human breast cancer cell lines,Gene expression profiling of human breast cancers and cancer cell lines,https://www.ncbi.nlm.nih.gov/geo/query/acc.cgi?acc=GSE12777,https://www.ncbi.nlm.nih.gov/geo/query/acc.cgi?acc=GSE12790
GSE12777,GSE23640,0,,1,,0,0,0,manual_review_required,Gene expression profiling of 51 human breast cancer cell lines,Gene-expression profile of breast cancer cell lines and sorted breast cancer epithelial cells,https://www.ncbi.nlm.nih.gov/geo/query/acc.cgi?acc=GSE12777,https://www.ncbi.nlm.nih.gov/geo/query/acc.cgi?acc=GSE23640
GSE12777,GSE48984,0,,2,,0,0,0,manual_review_required,Gene expression profiling of 51 human breast cancer cell lines,Glutamine sensitivity analysis identifies the xCT antiporter as a common triple negative breast tumor therapeutic target.,https://www.ncbi.nlm.nih.gov/geo/query/acc.cgi?acc=GSE12777,https://www.ncbi.nlm.nih.gov/geo/query/acc.cgi?acc=GSE48984
GSE12777,GSE7860,0,,1,,0,0,0,manual_review_required,Gene expression profiling of 51 human breast cancer cell lines,Non-coding antisense transcription detected by conventional and single-stranded cDNA microarray,https://www.ncbi.nlm.nih.gov/geo/query/acc.cgi?acc=GSE12777,https://www.ncbi.nlm.nih.gov/geo/query/acc.cgi?acc=GSE7860
GSE127862,GSE127863,18,complete_containment,0,,0,0,0,high_confidence_overlap,ERα over-expression does not accelerate development of p53-deficient mammary tumors in mice [RNA-Seq],ERα over-expression does not accelerate development of p53-deficient mammary tumors in mice,https://www.ncbi.nlm.nih.gov/geo/query/acc.cgi?acc=GSE127862,https://www.ncbi.nlm.nih.gov/geo/query/acc.cgi?acc=GSE127863
GSE12790,GSE23640,0,,1,,0,0,0,manual_review_required,Gene expression profiling of human breast cancers and cancer cell lines,Gene-expression profile of breast cancer cell lines and sorted breast cancer epithelial cells,https://www.ncbi.nlm.nih.gov/geo/query/acc.cgi?acc=GSE12790,https://www.ncbi.nlm.nih.gov/geo/query/acc.cgi?acc=GSE23640
GSE12790,GSE48984,0,,2,,0,0,0,manual_review_required,Gene expression profiling of human breast cancers and cancer cell lines,Glutamine sensitivity analysis identifies the xCT antiporter as a common triple negative breast tumor therapeutic target.,https://www.ncbi.nlm.nih.gov/geo/query/acc.cgi?acc=GSE12790,https://www.ncbi.nlm.nih.gov/geo/query/acc.cgi?acc=GSE48984
GSE12790,GSE7860,0,,1,,0,0,0,manual_review_required,Gene expression profiling of human breast cancers and cancer cell lines,Non-coding antisense transcription detected by conventional and single-stranded cDNA microarray,https://www.ncbi.nlm.nih.gov/geo/query/acc.cgi?acc=GSE12790,https://www.ncbi.nlm.nih.gov/geo/query/acc.cgi?acc=GSE7860
GSE12791,GSE12969,16,complete_containment,0,,0,0,0,high_confidence_overlap,Paclitaxel resistant MDA-MB-231 Cells and resensitization with bexarotene treatment,Comparison of Mature Megakaryocytes Differentiated by TPO or Small Molecule TPO Mimetics,https://www.ncbi.nlm.nih.gov/geo/query/acc.cgi?acc=GSE12791,https://www.ncbi.nlm.nih.gov/geo/query/acc.cgi?acc=GSE12969
GSE12791,GSE12970,16,complete_containment,0,,0,0,0,high_confidence_overlap,Paclitaxel resistant MDA-MB-231 Cells and resensitization with bexarotene treatment,TPO mimetics study,https://www.ncbi.nlm.nih.gov/geo/query/acc.cgi?acc=GSE12791,https://www.ncbi.nlm.nih.gov/geo/query/acc.cgi?acc=GSE12970
GSE128099,GSE128159,12,complete_containment,0,,0,0,0,high_confidence_overlap,RNA-seq of shE4F1 or shCTRL SUM159 triple negative breast cancer cell line treated or not with Gemcitabine,RNA-seq and ChIP-seq in SUM159 triple negative breast cancer cell line,https://www.ncbi.nlm.nih.gov/geo/query/acc.cgi?acc=GSE128099,https://www.ncbi.nlm.nih.gov/geo/query/acc.cgi?acc=GSE128159
GSE12811,GSE12827,4,complete_containment,0,,0,0,0,high_confidence_overlap,CAMK1D amplification implicated in epithelial-mesenchymal transition in basal-like breast cancer (expr),CAMK1D amplification implicated in epithelial-mesenchymal transition in basal-like breast cancer,https://www.ncbi.nlm.nih.gov/geo/query/acc.cgi?acc=GSE12811,https://www.ncbi.nlm.nih.gov/geo/query/acc.cgi?acc=GSE12827
GSE128395,GSE128398,2,complete_containment,0,,0,0,0,high_confidence_overlap,Multileveled reduction of p21 expression by Linc-ASEN represses cellular senescence [RNA-seq],Multileveled reduction of p21 expression by Linc-ASEN represses cellular senescence,https://www.ncbi.nlm.nih.gov/geo/query/acc.cgi?acc=GSE128395,https://www.ncbi.nlm.nih.gov/geo/query/acc.cgi?acc=GSE128398
GSE128458,GSE128460,38,complete_containment,0,,0,0,0,high_confidence_overlap,Enhancer reprogramming driven by high-order assemblies of transcription factors promotes phenotypic plasticity and breast cancer endocrine resistance [RNA-Seq],Enhancer reprogramming driven by high-order assemblies of transcription factors promotes phenotypic plasticity and breast cancer endocrine resistance,https://www.ncbi.nlm.nih.gov/geo/query/acc.cgi?acc=GSE128458,https://www.ncbi.nlm.nih.gov/geo/query/acc.cgi?acc=GSE128460
GSE128581,GSE128582,10,complete_containment,0,,0,0,0,high_confidence_overlap,m6A alterations through FTO in breast cancer [RNA-seq],m6A alterations through FTO in breast cancer,https://www.ncbi.nlm.nih.gov/geo/query/acc.cgi?acc=GSE128581,https://www.ncbi.nlm.nih.gov/geo/query/acc.cgi?acc=GSE128582
GSE128790,GSE128796,112,complete_containment,0,,0,0,0,high_confidence_overlap,GTO sequencing of Human Cell Lines [cell line GTO-seq],"Bulk DNA seq, GTO-seq, and RNA-seq with murin and human cell lines",https://www.ncbi.nlm.nih.gov/geo/query/acc.cgi?acc=GSE128790,https://www.ncbi.nlm.nih.gov/geo/query/acc.cgi?acc=GSE128796
GSE128791,GSE128796,12,complete_containment,0,,0,0,0,high_confidence_overlap,"Bulk RNA sequencing of A375, BT549, SKBR3 and 315A cell lines [cell line bulk RNA-seq]","Bulk DNA seq, GTO-seq, and RNA-seq with murin and human cell lines",https://www.ncbi.nlm.nih.gov/geo/query/acc.cgi?acc=GSE128791,https://www.ncbi.nlm.nih.gov/geo/query/acc.cgi?acc=GSE128796
GSE129362,GSE129530,4,complete_containment,0,,0,0,0,high_confidence_overlap,Transcriptome-wide effect profile of HuR inhibitor KH-3,Transcriptome-wide binding profile of RNA-binding protein HuR and its inhibitor in MDA-MB-231 cells,https://www.ncbi.nlm.nih.gov/geo/query/acc.cgi?acc=GSE129362,https://www.ncbi.nlm.nih.gov/geo/query/acc.cgi?acc=GSE129530
GSE129647,GSE138122,9,complete_containment,0,,0,0,0,high_confidence_overlap,Specific chromatin landscapes and transcription factors couple breast cancer subtype with metastatic relapse to lung or brain,Specific chromatin landscapes and transcription factors couple breast cancer subtype with metastatic relapse to lung or brain [RNAseq],https://www.ncbi.nlm.nih.gov/geo/query/acc.cgi?acc=GSE129647,https://www.ncbi.nlm.nih.gov/geo/query/acc.cgi?acc=GSE138122
GSE12969,GSE12970,46,complete_containment,0,,0,0,0,high_confidence_overlap,Comparison of Mature Megakaryocytes Differentiated by TPO or Small Molecule TPO Mimetics,TPO mimetics study,https://www.ncbi.nlm.nih.gov/geo/query/acc.cgi?acc=GSE12969,https://www.ncbi.nlm.nih.gov/geo/query/acc.cgi?acc=GSE12970
GSE130171,GSE130173,4,complete_containment,0,,0,0,0,high_confidence_overlap,YTHDF3 Induces the Translation of m6A-enriched Metastasis-associated Gene Transcripts to Promote Breast Cancer Brain Metastasis [RIP-Seq],YTHDF3 Induces the Translation of m6A-enriched Metastasis-associated Gene Transcripts to Promote Breast Cancer Brain Metastasis,https://www.ncbi.nlm.nih.gov/geo/query/acc.cgi?acc=GSE130171,https://www.ncbi.nlm.nih.gov/geo/query/acc.cgi?acc=GSE130173
GSE130172,GSE130173,4,complete_containment,0,,0,0,0,high_confidence_overlap,YTHDF3 Induces the Translation of m6A-enriched Metastasis-associated Gene Transcripts to Promote Breast Cancer Brain Metastasis [m6A-seq],YTHDF3 Induces the Translation of m6A-enriched Metastasis-associated Gene Transcripts to Promote Breast Cancer Brain Metastasis,https://www.ncbi.nlm.nih.gov/geo/query/acc.cgi?acc=GSE130172,https://www.ncbi.nlm.nih.gov/geo/query/acc.cgi?acc=GSE130173
GSE130458,GSE130645,3,complete_containment,0,,0,0,0,high_confidence_overlap,Unlocking the transcriptomic potential of formalin-fixed paraffin embedded clinical tissues: Comparison of gene expression profiling approaches [Affy_ClariomS],Unlocking the transcriptomic potential of formalin-fixed paraffin embedded clinical tissues: Comparison of gene expression profiling approaches,https://www.ncbi.nlm.nih.gov/geo/query/acc.cgi?acc=GSE130458,https://www.ncbi.nlm.nih.gov/geo/query/acc.cgi?acc=GSE130645
GSE130459,GSE130645,6,complete_containment,0,,0,0,0,high_confidence_overlap,Unlocking the transcriptomic potential of formalin-fixed paraffin embedded clinical tissues: Comparison of gene expression profiling approaches [Affy_U133A],Unlocking the transcriptomic potential of formalin-fixed paraffin embedded clinical tissues: Comparison of gene expression profiling approaches,https://www.ncbi.nlm.nih.gov/geo/query/acc.cgi?acc=GSE130459,https://www.ncbi.nlm.nih.gov/geo/query/acc.cgi?acc=GSE130645
GSE130460,GSE130645,18,complete_containment,0,,0,0,0,high_confidence_overlap,Unlocking the transcriptomic potential of formalin-fixed paraffin embedded clinical tissues: Comparison of gene expression profiling approaches [Illumina],Unlocking the transcriptomic potential of formalin-fixed paraffin embedded clinical tissues: Comparison of gene expression profiling approaches,https://www.ncbi.nlm.nih.gov/geo/query/acc.cgi?acc=GSE130460,https://www.ncbi.nlm.nih.gov/geo/query/acc.cgi?acc=GSE130645
GSE130462,GSE130645,7,complete_containment,0,,0,0,0,high_confidence_overlap,Unlocking the transcriptomic potential of formalin-fixed paraffin embedded clinical tissues: Comparison of gene expression profiling approaches [Nanostring],Unlocking the transcriptomic potential of formalin-fixed paraffin embedded clinical tissues: Comparison of gene expression profiling approaches,https://www.ncbi.nlm.nih.gov/geo/query/acc.cgi?acc=GSE130462,https://www.ncbi.nlm.nih.gov/geo/query/acc.cgi?acc=GSE130645
GSE130469,GSE130645,20,complete_containment,0,,0,0,0,high_confidence_overlap,Unlocking the transcriptomic potential of formalin-fixed paraffin embedded clinical tissues: Comparison of gene expression profiling approaches [Lexogen_QuantSeq],Unlocking the transcriptomic potential of formalin-fixed paraffin embedded clinical tissues: Comparison of gene expression profiling approaches,https://www.ncbi.nlm.nih.gov/geo/query/acc.cgi?acc=GSE130469,https://www.ncbi.nlm.nih.gov/geo/query/acc.cgi?acc=GSE130645
GSE130572,GSE130577,2,complete_containment,0,,0,0,0,high_confidence_overlap,POSH2 Promotes Breast Cancer Stem-Like Properties through JNK Activation and PTX3 Upregulation [PTX3_OE],POSH2 Promotes Breast Cancer Stem-Like Properties through JNK Activation and PTX3 Upregulation,https://www.ncbi.nlm.nih.gov/geo/query/acc.cgi?acc=GSE130572,https://www.ncbi.nlm.nih.gov/geo/query/acc.cgi?acc=GSE130577
GSE130575,GSE130577,7,complete_containment,0,,0,0,0,high_confidence_overlap,POSH2 Promotes Breast Cancer Stem-Like Properties through JNK Activation and PTX3 Upregulation [HMLER_sublines],POSH2 Promotes Breast Cancer Stem-Like Properties through JNK Activation and PTX3 Upregulation,https://www.ncbi.nlm.nih.gov/geo/query/acc.cgi?acc=GSE130575,https://www.ncbi.nlm.nih.gov/geo/query/acc.cgi?acc=GSE130577
GSE130576,GSE130577,2,complete_containment,0,,0,0,0,high_confidence_overlap,POSH2 Promotes Breast Cancer Stem-Like Properties through JNK Activation and PTX3 Upregulation [MCF10AT_POSH2_OE],POSH2 Promotes Breast Cancer Stem-Like Properties through JNK Activation and PTX3 Upregulation,https://www.ncbi.nlm.nih.gov/geo/query/acc.cgi?acc=GSE130576,https://www.ncbi.nlm.nih.gov/geo/query/acc.cgi?acc=GSE130577
GSE130590,GSE130591,12,complete_containment,0,,0,0,0,high_confidence_overlap,Gene expression profiling in two dimensional and extracellular matrix based three-dimensional cultures of lung and breast cancer cells,Two dimensional and extracellular matrix based three-dimensional cultures of lung and breast cancer cells,https://www.ncbi.nlm.nih.gov/geo/query/acc.cgi?acc=GSE130590,https://www.ncbi.nlm.nih.gov/geo/query/acc.cgi?acc=GSE130591
GSE130643,GSE130645,25,complete_containment,0,,0,0,0,high_confidence_overlap,Unlocking the transcriptomic potential of formalin-fixed paraffin embedded clinical tissues: Comparison of gene expression profiling approaches [BioSpyder_TempoSeq],Unlocking the transcriptomic potential of formalin-fixed paraffin embedded clinical tissues: Comparison of gene expression profiling approaches,https://www.ncbi.nlm.nih.gov/geo/query/acc.cgi?acc=GSE130643,https://www.ncbi.nlm.nih.gov/geo/query/acc.cgi?acc=GSE130645
GSE130644,GSE130645,25,complete_containment,0,,0,0,0,high_confidence_overlap,Unlocking the transcriptomic potential of formalin-fixed paraffin embedded clinical tissues: Comparison of gene expression profiling approaches [QiaSeq],Unlocking the transcriptomic potential of formalin-fixed paraffin embedded clinical tissues: Comparison of gene expression profiling approaches,https://www.ncbi.nlm.nih.gov/geo/query/acc.cgi?acc=GSE130644,https://www.ncbi.nlm.nih.gov/geo/query/acc.cgi?acc=GSE130645
GSE130645,GSE130660,9,complete_containment,0,,0,0,0,high_confidence_overlap,Unlocking the transcriptomic potential of formalin-fixed paraffin embedded clinical tissues: Comparison of gene expression profiling approaches,Unlocking the transcriptomic potential of formalin-fixed paraffin embedded clinical tissues: Comparison of gene expression profiling approaches [RNA-Seq],https://www.ncbi.nlm.nih.gov/geo/query/acc.cgi?acc=GSE130645,https://www.ncbi.nlm.nih.gov/geo/query/acc.cgi?acc=GSE130660
GSE130645,GSE130762,8,complete_containment,0,,0,0,0,high_confidence_overlap,Unlocking the transcriptomic potential of formalin-fixed paraffin embedded clinical tissues: Comparison of gene expression profiling approaches,Unlocking the transcriptomic potential of formalin-fixed paraffin embedded clinical tissues: Comparison of gene expression profiling approaches [AmpliSeq],https://www.ncbi.nlm.nih.gov/geo/query/acc.cgi?acc=GSE130645,https://www.ncbi.nlm.nih.gov/geo/query/acc.cgi?acc=GSE130762
GSE130786,GSE130788,110,complete_containment,0,,0,0,0,high_confidence_overlap,"A Phase II Randomized Trial of Neoadjuvant Trastuzumab or Lapatinib or the Combination of Trastuzumab and Lapatinib, Followed by Docetaxel and Carboplatin with Trastuzumab and/or Lapatinib in Patients with HER2+ Breast Cancer [Baseline]","A Phase II Randomized Trial of Neoadjuvant Trastuzumab or Lapatinib or the Combination of Trastuzumab and Lapatinib, Followed by Docetaxel and Carboplatin with Trastuzumab and/or Lapatinib in Patients with HER2+ Breast Cancer",https://www.ncbi.nlm.nih.gov/geo/query/acc.cgi?acc=GSE130786,https://www.ncbi.nlm.nih.gov/geo/query/acc.cgi?acc=GSE130788
GSE130787,GSE130788,89,complete_containment,0,,0,0,0,high_confidence_overlap,"A Phase II Randomized Trial of Neoadjuvant Trastuzumab or Lapatinib or the Combination of Trastuzumab and Lapatinib, Followed by Docetaxel and Carboplatin with Trastuzumab and/or Lapatinib in Patients with HER2+ Breast Cancer [treatments]","A Phase II Randomized Trial of Neoadjuvant Trastuzumab or Lapatinib or the Combination of Trastuzumab and Lapatinib, Followed by Docetaxel and Carboplatin with Trastuzumab and/or Lapatinib in Patients with HER2+ Breast Cancer",https://www.ncbi.nlm.nih.gov/geo/query/acc.cgi?acc=GSE130787,https://www.ncbi.nlm.nih.gov/geo/query/acc.cgi?acc=GSE130788
GSE130868,GSE130873,0,,2,31300274,0,0,0,manual_review_required,Total RNA-seq of siRNA-mediated SRSF1 knockdown,Total RNA-seq of siRNA-mediated WTAP and TPR knockdown,https://www.ncbi.nlm.nih.gov/geo/query/acc.cgi?acc=GSE130868,https://www.ncbi.nlm.nih.gov/geo/query/acc.cgi?acc=GSE130873
GSE131099,GSE131102,62,complete_containment,0,,0,0,0,high_confidence_overlap,Synthetic lethal and resistance interactions with BET bromodomain inhibitors [RNA-Seq],Synthetic lethal and resistance interactions with BET bromodomain inhibitors,https://www.ncbi.nlm.nih.gov/geo/query/acc.cgi?acc=GSE131099,https://www.ncbi.nlm.nih.gov/geo/query/acc.cgi?acc=GSE131102
GSE131102,GSE131135,8,complete_containment,0,,0,0,0,high_confidence_overlap,Synthetic lethal and resistance interactions with BET bromodomain inhibitors,Synthetic lethal and resistance interactions with BET bromodomain inhibitors [scRNA-Seq],https://www.ncbi.nlm.nih.gov/geo/query/acc.cgi?acc=GSE131102,https://www.ncbi.nlm.nih.gov/geo/query/acc.cgi?acc=GSE131135
GSE13124,GSE30141,1,partial_overlap,0,,0,0,0,high_confidence_overlap,Natural compound screening,Spheroid active compound,https://www.ncbi.nlm.nih.gov/geo/query/acc.cgi?acc=GSE13124,https://www.ncbi.nlm.nih.gov/geo/query/acc.cgi?acc=GSE30141
GSE131477,GSE131480,3,complete_containment,0,,0,0,0,high_confidence_overlap,Effect of cold atmospheric plasma (CAP) in MCF-7 breast cancer cells [dataset 1],Effect of cold atmospheric plasma (CAP) in MCF-7,https://www.ncbi.nlm.nih.gov/geo/query/acc.cgi?acc=GSE131477,https://www.ncbi.nlm.nih.gov/geo/query/acc.cgi?acc=GSE131480
GSE131478,GSE131480,2,complete_containment,0,,0,0,0,high_confidence_overlap,Effect of cold atmospheric plasma (CAP) in MCF-7/TxR breast cancer cell [dataset 2],Effect of cold atmospheric plasma (CAP) in MCF-7,https://www.ncbi.nlm.nih.gov/geo/query/acc.cgi?acc=GSE131478,https://www.ncbi.nlm.nih.gov/geo/query/acc.cgi?acc=GSE131480
GSE131479,GSE131480,2,complete_containment,0,,0,0,0,high_confidence_overlap,Effect of cold atmospheric plasma (CAP) in MCF-7 breast cancer cell [dataset 3],Effect of cold atmospheric plasma (CAP) in MCF-7,https://www.ncbi.nlm.nih.gov/geo/query/acc.cgi?acc=GSE131479,https://www.ncbi.nlm.nih.gov/geo/query/acc.cgi?acc=GSE131480
GSE131512,GSE266680,0,,1,,0,0,0,manual_review_required,Extracellular RNA in a single droplet of human serum reflects physiologic and disease states,Architecture of the neutrophil compartment in mice,https://www.ncbi.nlm.nih.gov/geo/query/acc.cgi?acc=GSE131512,https://www.ncbi.nlm.nih.gov/geo/query/acc.cgi?acc=GSE266680
GSE131512,GSE48408,0,,26,,0,0,0,manual_review_required,Extracellular RNA in a single droplet of human serum reflects physiologic and disease states,Long non-coding RNA HOTAIR is an independent prognostic marker of metastasis in estrogen receptor positive primary breast cancer,https://www.ncbi.nlm.nih.gov/geo/query/acc.cgi?acc=GSE131512,https://www.ncbi.nlm.nih.gov/geo/query/acc.cgi?acc=GSE48408
GSE131512,GSE69240,0,,1,,0,0,0,manual_review_required,Extracellular RNA in a single droplet of human serum reflects physiologic and disease states,A Molecular Portrait Of High-Grade Ductal Carcinoma In Situ (DCIS) [RNA-seq],https://www.ncbi.nlm.nih.gov/geo/query/acc.cgi?acc=GSE131512,https://www.ncbi.nlm.nih.gov/geo/query/acc.cgi?acc=GSE69240
GSE131631,GSE131632,14,complete_containment,0,,0,0,0,high_confidence_overlap,Next Generation Sequencing and differential expression analysis in stem-like vs. non-stem breast cancer cells in response to HDAC1 and HDAC7 knockdown,Genome-wide analysis of histone 3 lysine K27 acetylation and differential expression analysis in stem-like breast cancer cells in response to HDAC1/3/7 inhibition or knockdown,https://www.ncbi.nlm.nih.gov/geo/query/acc.cgi?acc=GSE131631,https://www.ncbi.nlm.nih.gov/geo/query/acc.cgi?acc=GSE131632
GSE131856,GSE131857,11,near_containment,0,,0,0,0,high_confidence_overlap,Nuclear receptor RORγ is a targetable master regulator of cholesterol in a subtype of breast cancer [RNA-Seq],Nuclear receptor RORγ is a targetable master regulator of cholesterol in a subtype of breast cancer,https://www.ncbi.nlm.nih.gov/geo/query/acc.cgi?acc=GSE131856,https://www.ncbi.nlm.nih.gov/geo/query/acc.cgi?acc=GSE131857
GSE1319,GSE26338,3,complete_containment,0,,0,0,0,high_confidence_overlap,Immunohistochemical and Clinical Characterization of the Basal-like Subtype,"Genomic analysis identifies unique signatures predictive of brain, lung, and liver relapse",https://www.ncbi.nlm.nih.gov/geo/query/acc.cgi?acc=GSE1319,https://www.ncbi.nlm.nih.gov/geo/query/acc.cgi?acc=GSE26338
GSE131983,GSE131986,18,complete_containment,0,,0,0,0,high_confidence_overlap,Acquired resistance to combined BET and CDK4/6 inhibition in triple-negative breast cancer  [RNA-Seq],Acquired resistance to combined BET and CDK4/6 inhibition in triple-negative breast cancer ,https://www.ncbi.nlm.nih.gov/geo/query/acc.cgi?acc=GSE131983,https://www.ncbi.nlm.nih.gov/geo/query/acc.cgi?acc=GSE131986
GSE131984,GSE131986,8,complete_containment,0,,0,0,0,high_confidence_overlap,Acquired resistance to combined BET and CDK4/6 inhibition in triple-negative breast cancer  [scRNA-Seq],Acquired resistance to combined BET and CDK4/6 inhibition in triple-negative breast cancer ,https://www.ncbi.nlm.nih.gov/geo/query/acc.cgi?acc=GSE131984,https://www.ncbi.nlm.nih.gov/geo/query/acc.cgi?acc=GSE131986
GSE132433,GSE132436,6,complete_containment,0,,0,0,0,high_confidence_overlap,Estrogen response in breast cancer cell line MCF-7 is dependent on NR2F2 [RNA-seq],NR2F2 study,https://www.ncbi.nlm.nih.gov/geo/query/acc.cgi?acc=GSE132433,https://www.ncbi.nlm.nih.gov/geo/query/acc.cgi?acc=GSE132436
GSE132614,GSE132617,4,complete_containment,0,,0,0,0,high_confidence_overlap,ELOVL2 is a novel tumor suppressor attenuating tamoxifen resistance in breast cancer via suppressing the AKT pathway [gene expression],ELOVL2 is a novel tumor suppressor attenuating tamoxifen resistance in breast cancer via suppressing the AKT pathway,https://www.ncbi.nlm.nih.gov/geo/query/acc.cgi?acc=GSE132614,https://www.ncbi.nlm.nih.gov/geo/query/acc.cgi?acc=GSE132617
GSE132851,GSE24578,0,,1,,0,0,0,manual_review_required,"Overexpression of eukaryotic translation initiation factor, eIF4E confers tamoxifen resistance in breast cancer via the ERα/FOXM1 axis",Basal gene expression of breast cancer cell lines,https://www.ncbi.nlm.nih.gov/geo/query/acc.cgi?acc=GSE132851,https://www.ncbi.nlm.nih.gov/geo/query/acc.cgi?acc=GSE24578
GSE132851,GSE24717,0,,1,,0,0,0,manual_review_required,"Overexpression of eukaryotic translation initiation factor, eIF4E confers tamoxifen resistance in breast cancer via the ERα/FOXM1 axis",Using a Stem Cell-Based Signature to Guide Therapeutic Selection in Cancer,https://www.ncbi.nlm.nih.gov/geo/query/acc.cgi?acc=GSE132851,https://www.ncbi.nlm.nih.gov/geo/query/acc.cgi?acc=GSE24717
GSE132851,GSE295979,0,,1,,0,0,0,manual_review_required,"Overexpression of eukaryotic translation initiation factor, eIF4E confers tamoxifen resistance in breast cancer via the ERα/FOXM1 axis",The effect of BQ323636.1 overexpression on mRNA expression profile in breast cancer cells,https://www.ncbi.nlm.nih.gov/geo/query/acc.cgi?acc=GSE132851,https://www.ncbi.nlm.nih.gov/geo/query/acc.cgi?acc=GSE295979
GSE13449,GSE13577,6,complete_containment,0,,0,0,0,high_confidence_overlap,Expression analysis upon NAMPT knockdown in MCF-7 cells,SIRT1-Dependent Gene Regulation Through Promoter-Directed Recruitment of a Nuclear NAD+ Synthase,https://www.ncbi.nlm.nih.gov/geo/query/acc.cgi?acc=GSE13449,https://www.ncbi.nlm.nih.gov/geo/query/acc.cgi?acc=GSE13577
GSE13458,GSE13577,12,complete_containment,0,,0,0,0,high_confidence_overlap,Expression analysis upon NMNAT1 knockdown in MCF-7 cells,SIRT1-Dependent Gene Regulation Through Promoter-Directed Recruitment of a Nuclear NAD+ Synthase,https://www.ncbi.nlm.nih.gov/geo/query/acc.cgi?acc=GSE13458,https://www.ncbi.nlm.nih.gov/geo/query/acc.cgi?acc=GSE13577
GSE13459,GSE13577,6,complete_containment,0,,0,0,0,high_confidence_overlap,Expression analysis upon SIRT1 knockdown in MCF-7 cells,SIRT1-Dependent Gene Regulation Through Promoter-Directed Recruitment of a Nuclear NAD+ Synthase,https://www.ncbi.nlm.nih.gov/geo/query/acc.cgi?acc=GSE13459,https://www.ncbi.nlm.nih.gov/geo/query/acc.cgi?acc=GSE13577
GSE134656,GSE134657,54,complete_containment,0,,0,0,0,high_confidence_overlap,Characterization of FOXA1 mutations in breast cancer (RNA-seq),Characterization of FOXA1 mutations in breast cancer,https://www.ncbi.nlm.nih.gov/geo/query/acc.cgi?acc=GSE134656,https://www.ncbi.nlm.nih.gov/geo/query/acc.cgi?acc=GSE134657
GSE135112,GSE159661,0,,2,,0,0,0,manual_review_required,RNA-SEQ of humna lung and breast cancer cell lines,Gene expression signatures for breast cancer cell lines,https://www.ncbi.nlm.nih.gov/geo/query/acc.cgi?acc=GSE135112,https://www.ncbi.nlm.nih.gov/geo/query/acc.cgi?acc=GSE159661
GSE135540,GSE135808,8,complete_containment,0,,0,0,0,high_confidence_overlap,PRO-seq assay in human breast cancer MCF7 cells,Topoisomerase 1 Nicking-dependent HP1gamma Engagement Mediates Acute Activation of Phase-separated Enhancers,https://www.ncbi.nlm.nih.gov/geo/query/acc.cgi?acc=GSE135540,https://www.ncbi.nlm.nih.gov/geo/query/acc.cgi?acc=GSE135808
GSE136406,GSE142703,6,complete_containment,0,,0,0,0,high_confidence_overlap,Transcriptome analysis of MCF-7 breast cancer cells in which VASP gene was knocked down,Transcriptome analysis of breast cancer cells in which VASP gene was knocked down,https://www.ncbi.nlm.nih.gov/geo/query/acc.cgi?acc=GSE136406,https://www.ncbi.nlm.nih.gov/geo/query/acc.cgi?acc=GSE142703
GSE137245,GSE160583,21,complete_containment,0,,0,0,0,high_confidence_overlap,Impact of the bone microenvironment on phenotypic plasticity of ER+ breast cancer cells[Osteogenic cells],Impact of the bone microenvironment on phenotypic plasticity of ER+ breast cancer cells,https://www.ncbi.nlm.nih.gov/geo/query/acc.cgi?acc=GSE137245,https://www.ncbi.nlm.nih.gov/geo/query/acc.cgi?acc=GSE160583
GSE137270,GSE160583,24,complete_containment,0,,0,0,0,high_confidence_overlap,Impact of the bone microenvironment on phenotypic plasticity of ER+ breast cancer cells [MCF7],Impact of the bone microenvironment on phenotypic plasticity of ER+ breast cancer cells,https://www.ncbi.nlm.nih.gov/geo/query/acc.cgi?acc=GSE137270,https://www.ncbi.nlm.nih.gov/geo/query/acc.cgi?acc=GSE160583
GSE137559,GSE137560,3,complete_containment,0,,0,0,0,high_confidence_overlap,Heat Shock Factor 1 (HSF1) acquires transcriptional competence under 17b-estradiol in ERa-positive breast cancer cells [RNA-seq],Heat Shock Factor 1 (HSF1) acquires transcriptional competence under 17b-estradiol in ERa-positive breast cancer cells,https://www.ncbi.nlm.nih.gov/geo/query/acc.cgi?acc=GSE137559,https://www.ncbi.nlm.nih.gov/geo/query/acc.cgi?acc=GSE137560
GSE138361,GSE171957,0,,2,,0,0,0,manual_review_required,Identification of ALDH1A3 as a viable therapeutic target in breast cancer metastasis-initiating cells,Multi-omics data integration reveals correlated regulatory features of triple negative breast cancer [RNA-seq],https://www.ncbi.nlm.nih.gov/geo/query/acc.cgi?acc=GSE138361,https://www.ncbi.nlm.nih.gov/geo/query/acc.cgi?acc=GSE171957
GSE138361,GSE171958,0,,2,,0,0,0,manual_review_required,Identification of ALDH1A3 as a viable therapeutic target in breast cancer metastasis-initiating cells,Multi-omics data integration reveals correlated regulatory features of triple negative breast cancer,https://www.ncbi.nlm.nih.gov/geo/query/acc.cgi?acc=GSE138361,https://www.ncbi.nlm.nih.gov/geo/query/acc.cgi?acc=GSE171958
GSE138407,GSE138506,6,complete_containment,0,,0,0,0,high_confidence_overlap,Peptidylarginine deiminase IV (PADI4) has a novel tumor cell-autonomous suppressor role in regulating breast cancer stem cells [Array],Peptidylarginine deiminase IV (PADI4) has a novel tumor cell-autonomous suppressor role in regulating breast cancer stem cells,https://www.ncbi.nlm.nih.gov/geo/query/acc.cgi?acc=GSE138407,https://www.ncbi.nlm.nih.gov/geo/query/acc.cgi?acc=GSE138506
GSE138415,GSE138506,3,complete_containment,0,,0,0,0,high_confidence_overlap,Peptidylarginine deiminase IV (PADI4) has a novel tumor cell-autonomous suppressor role in regulating breast cancer stem cells [RNA-Seq_1],Peptidylarginine deiminase IV (PADI4) has a novel tumor cell-autonomous suppressor role in regulating breast cancer stem cells,https://www.ncbi.nlm.nih.gov/geo/query/acc.cgi?acc=GSE138415,https://www.ncbi.nlm.nih.gov/geo/query/acc.cgi?acc=GSE138506
GSE138506,GSE143442,9,complete_containment,0,,0,0,0,high_confidence_overlap,Peptidylarginine deiminase IV (PADI4) has a novel tumor cell-autonomous suppressor role in regulating breast cancer stem cells,Peptidylarginine deiminase IV (PADI4) has a novel tumor cell-autonomous suppressor role in regulating breast cancer stem cells [RNA-Seq_2],https://www.ncbi.nlm.nih.gov/geo/query/acc.cgi?acc=GSE138506,https://www.ncbi.nlm.nih.gov/geo/query/acc.cgi?acc=GSE143442
GSE138780,GSE138798,62,complete_containment,0,,0,0,0,high_confidence_overlap,Discrete Adaptive Responses to MEK Inhibitor In Subpopulations of Triple-Negative Breast Cancer [RNA-seq],Discrete Adaptive Responses to MEK Inhibitor In Subpopulations of Triple-Negative Breast Cancer,https://www.ncbi.nlm.nih.gov/geo/query/acc.cgi?acc=GSE138780,https://www.ncbi.nlm.nih.gov/geo/query/acc.cgi?acc=GSE138798
GSE13915,GSE15361,15,partial_overlap,1,,0,0,0,high_confidence_overlap,Prognostic signature of epithelial-mesenchymal transition in breast cancer,Molecular profiling of breast cancer cell lines defines relevant tumor models (gene expression),https://www.ncbi.nlm.nih.gov/geo/query/acc.cgi?acc=GSE13915,https://www.ncbi.nlm.nih.gov/geo/query/acc.cgi?acc=GSE15361
GSE13915,GSE15376,15,partial_overlap,1,,0,0,0,high_confidence_overlap,Prognostic signature of epithelial-mesenchymal transition in breast cancer,Molecular profiling of breast cancer cell lines defines relevant tumor models,https://www.ncbi.nlm.nih.gov/geo/query/acc.cgi?acc=GSE13915,https://www.ncbi.nlm.nih.gov/geo/query/acc.cgi?acc=GSE15376
GSE139270,GSE152908,0,,1,,0,0,0,manual_review_required,AIB1D4 role in early breast cancer progression,Transcriptomic profiling of 62 breast cancer cell lines and PDX models,https://www.ncbi.nlm.nih.gov/geo/query/acc.cgi?acc=GSE139270,https://www.ncbi.nlm.nih.gov/geo/query/acc.cgi?acc=GSE152908
GSE139270,GSE171957,0,,2,,0,0,0,manual_review_required,AIB1D4 role in early breast cancer progression,Multi-omics data integration reveals correlated regulatory features of triple negative breast cancer [RNA-seq],https://www.ncbi.nlm.nih.gov/geo/query/acc.cgi?acc=GSE139270,https://www.ncbi.nlm.nih.gov/geo/query/acc.cgi?acc=GSE171957
GSE139270,GSE171958,0,,2,,0,0,0,manual_review_required,AIB1D4 role in early breast cancer progression,Multi-omics data integration reveals correlated regulatory features of triple negative breast cancer,https://www.ncbi.nlm.nih.gov/geo/query/acc.cgi?acc=GSE139270,https://www.ncbi.nlm.nih.gov/geo/query/acc.cgi?acc=GSE171958
GSE139270,GSE17945,0,,3,,0,0,0,manual_review_required,AIB1D4 role in early breast cancer progression,tRNA Over-Expression in Breast Cancer,https://www.ncbi.nlm.nih.gov/geo/query/acc.cgi?acc=GSE139270,https://www.ncbi.nlm.nih.gov/geo/query/acc.cgi?acc=GSE17945
GSE139270,GSE207696,0,,2,,0,0,0,manual_review_required,AIB1D4 role in early breast cancer progression,Identification of recurrent chromosome breaks underlying structural rearrangements in mammary cancer cell lines [RNA-seq],https://www.ncbi.nlm.nih.gov/geo/query/acc.cgi?acc=GSE139270,https://www.ncbi.nlm.nih.gov/geo/query/acc.cgi?acc=GSE207696
GSE139928,GSE183458,0,,2,,0,0,0,manual_review_required,Genome wide analysis of transcripts regulated by PAX2 and Tamoxifen in MCF-7 cells,EZH2-mediated epigenetic suppression of IFNa/b-STAT2 signaling enhances anti-tumor immunity in breast cancer [RNA-Seq],https://www.ncbi.nlm.nih.gov/geo/query/acc.cgi?acc=GSE139928,https://www.ncbi.nlm.nih.gov/geo/query/acc.cgi?acc=GSE183458
GSE139928,GSE183459,0,,2,,0,0,0,manual_review_required,Genome wide analysis of transcripts regulated by PAX2 and Tamoxifen in MCF-7 cells,EZH2-mediated epigenetic suppression of IFNa/b-STAT2 signaling enhances anti-tumor immunity in breast cancer,https://www.ncbi.nlm.nih.gov/geo/query/acc.cgi?acc=GSE139928,https://www.ncbi.nlm.nih.gov/geo/query/acc.cgi?acc=GSE183459
GSE14017,GSE14020,29,complete_containment,0,,0,0,0,high_confidence_overlap,Metastases of breast cancer (U133plus2),Metastases of breast cancer,https://www.ncbi.nlm.nih.gov/geo/query/acc.cgi?acc=GSE14017,https://www.ncbi.nlm.nih.gov/geo/query/acc.cgi?acc=GSE14020
GSE14018,GSE14020,36,complete_containment,0,,0,0,0,high_confidence_overlap,Metastases of breast cancer (U133A),Metastases of breast cancer,https://www.ncbi.nlm.nih.gov/geo/query/acc.cgi?acc=GSE14018,https://www.ncbi.nlm.nih.gov/geo/query/acc.cgi?acc=GSE14020
GSE140848,GSE98016,0,,2,,0,0,0,manual_review_required,RNA sequencing analysis of shControl and shSASH1 in MDA-MB-468 cells,Transcriptome analysis on TDP43 and SRSF3 downstream genes and binding RNAs in MDA-MB231 cells by Next Generation Sequencing,https://www.ncbi.nlm.nih.gov/geo/query/acc.cgi?acc=GSE140848,https://www.ncbi.nlm.nih.gov/geo/query/acc.cgi?acc=GSE98016
GSE141828,GSE164694,0,,1,,0,0,0,manual_review_required,Transcriptome profiling of the microdissected breast tissue compartments,Transcriptome profiling of the normal breast of women at either high- or average risk for breast cancer,https://www.ncbi.nlm.nih.gov/geo/query/acc.cgi?acc=GSE141828,https://www.ncbi.nlm.nih.gov/geo/query/acc.cgi?acc=GSE164694
GSE141987,GSE141988,8,complete_containment,0,,0,0,0,high_confidence_overlap,The dual function of JmjC domain-containing protein KDM5C in both gene transcriptional activation and repression promotes breast cancer cell growth and tumorigenesis [RNA-seq],The dual function of JmjC domain-containing protein KDM5C in both gene transcriptional activation and repression promotes breast cancer cell growth and tumorigenesis,https://www.ncbi.nlm.nih.gov/geo/query/acc.cgi?acc=GSE141987,https://www.ncbi.nlm.nih.gov/geo/query/acc.cgi?acc=GSE141988
GSE142646,GSE142652,1600,complete_containment,0,,0,0,0,high_confidence_overlap,FluidigmHT - Evaluation of single-Cell RNA Sequencing Platforms,Evaluation of single-Cell RNA Sequencing Platforms,https://www.ncbi.nlm.nih.gov/geo/query/acc.cgi?acc=GSE142646,https://www.ncbi.nlm.nih.gov/geo/query/acc.cgi?acc=GSE142652
GSE142647,GSE142652,20,complete_containment,0,,0,0,0,high_confidence_overlap,10X Genomics - Evaluation of single-Cell RNA Sequencing Platforms,Evaluation of single-Cell RNA Sequencing Platforms,https://www.ncbi.nlm.nih.gov/geo/query/acc.cgi?acc=GSE142647,https://www.ncbi.nlm.nih.gov/geo/query/acc.cgi?acc=GSE142652
GSE142648,GSE142652,150,complete_containment,0,,0,0,0,high_confidence_overlap,Fluidigm96 - Evaluation of single-Cell RNA Sequencing Platforms,Evaluation of single-Cell RNA Sequencing Platforms,https://www.ncbi.nlm.nih.gov/geo/query/acc.cgi?acc=GSE142648,https://www.ncbi.nlm.nih.gov/geo/query/acc.cgi?acc=GSE142652
GSE142649,GSE142652,8,complete_containment,0,,0,0,0,high_confidence_overlap,Bulk RNA-Seq - Evaluation of single-Cell RNA Sequencing Platforms,Evaluation of single-Cell RNA Sequencing Platforms,https://www.ncbi.nlm.nih.gov/geo/query/acc.cgi?acc=GSE142649,https://www.ncbi.nlm.nih.gov/geo/query/acc.cgi?acc=GSE142652
GSE142650,GSE142652,8,complete_containment,0,,0,0,0,high_confidence_overlap,SureCell - Evaluation of single-Cell RNA Sequencing Platforms,Evaluation of single-Cell RNA Sequencing Platforms,https://www.ncbi.nlm.nih.gov/geo/query/acc.cgi?acc=GSE142650,https://www.ncbi.nlm.nih.gov/geo/query/acc.cgi?acc=GSE142652
GSE142651,GSE142652,1708,complete_containment,0,,0,0,0,high_confidence_overlap,Wafergen - Evaluation of single-Cell RNA Sequencing Platforms,Evaluation of single-Cell RNA Sequencing Platforms,https://www.ncbi.nlm.nih.gov/geo/query/acc.cgi?acc=GSE142651,https://www.ncbi.nlm.nih.gov/geo/query/acc.cgi?acc=GSE142652
GSE142702,GSE142703,6,complete_containment,0,,0,0,0,high_confidence_overlap,Transcriptome analysis of MDA-MB-231 breast cancer cells in which VASP gene was knocked down,Transcriptome analysis of breast cancer cells in which VASP gene was knocked down,https://www.ncbi.nlm.nih.gov/geo/query/acc.cgi?acc=GSE142702,https://www.ncbi.nlm.nih.gov/geo/query/acc.cgi?acc=GSE142703
GSE143624,GSE143626,4,complete_containment,0,,0,0,0,high_confidence_overlap,Deregulation of ribosomal protein expression and translation promotes breast cancer metastasis [rna-Seq BRx142],Deregulation of ribosomal protein expression and translation promotes breast cancer metastasis,https://www.ncbi.nlm.nih.gov/geo/query/acc.cgi?acc=GSE143624,https://www.ncbi.nlm.nih.gov/geo/query/acc.cgi?acc=GSE143626
GSE143625,GSE143626,6,complete_containment,0,,0,0,0,high_confidence_overlap,Deregulation of ribosomal protein expression and translation promotes breast cancer metastasis [rna-uArray MCF10A],Deregulation of ribosomal protein expression and translation promotes breast cancer metastasis,https://www.ncbi.nlm.nih.gov/geo/query/acc.cgi?acc=GSE143625,https://www.ncbi.nlm.nih.gov/geo/query/acc.cgi?acc=GSE143626
GSE143626,GSE144494,135,complete_containment,0,,0,0,0,high_confidence_overlap,Deregulation of ribosomal protein expression and translation promotes breast cancer metastasis,Deregulation of ribosomal protein expression and translation promotes breast cancer metastasis [rna-Seq CTCs 1],https://www.ncbi.nlm.nih.gov/geo/query/acc.cgi?acc=GSE143626,https://www.ncbi.nlm.nih.gov/geo/query/acc.cgi?acc=GSE144494
GSE143626,GSE144495,195,complete_containment,0,,0,0,0,high_confidence_overlap,Deregulation of ribosomal protein expression and translation promotes breast cancer metastasis,Deregulation of ribosomal protein expression and translation promotes breast cancer metastasis [rna-Seq CTCs 2],https://www.ncbi.nlm.nih.gov/geo/query/acc.cgi?acc=GSE143626,https://www.ncbi.nlm.nih.gov/geo/query/acc.cgi?acc=GSE144495
GSE144044,GSE74764,0,,2,,0,0,0,manual_review_required,Gene expression profiles in maspin-overexpressing MDA-MB-231 breast cancer cells,Development of gene expression signatures for the HDF and MDA-MB-231 cells that received TP4 (a cationic antimicrobial peptide) treatment,https://www.ncbi.nlm.nih.gov/geo/query/acc.cgi?acc=GSE144044,https://www.ncbi.nlm.nih.gov/geo/query/acc.cgi?acc=GSE74764
GSE144378,GSE144380,18,complete_containment,0,,0,0,0,high_confidence_overlap,The 3D Genomic Landscape of Differential Response to EGFR/HER2 Inhibition in Endocrine-Resistant Breast Cancer [RNA-seq],The 3D Genomic Landscape of Differential Response to EGFR/HER2 Inhibition in Endocrine-Resistant Breast Cancer,https://www.ncbi.nlm.nih.gov/geo/query/acc.cgi?acc=GSE144378,https://www.ncbi.nlm.nih.gov/geo/query/acc.cgi?acc=GSE144380
GSE144848,GSE150681,16,complete_containment,0,,0,0,0,high_confidence_overlap,Leptomeningeal metastatic cells outcompete macrophages for iron through Lipocalin-2,Cancer cells deploy lipocalin-2 to collect limiting iron in leptomeningeal metastasis,https://www.ncbi.nlm.nih.gov/geo/query/acc.cgi?acc=GSE144848,https://www.ncbi.nlm.nih.gov/geo/query/acc.cgi?acc=GSE150681
GSE14550,GSE14552,6,complete_containment,0,,0,0,0,high_confidence_overlap,Gene expression profiling of MCF7 breast cancer xenografts overexpressing podoplanin (human array),Gene expression profiling of MCF7 breast cancer xenografts overexpressing podoplanin,https://www.ncbi.nlm.nih.gov/geo/query/acc.cgi?acc=GSE14550,https://www.ncbi.nlm.nih.gov/geo/query/acc.cgi?acc=GSE14552
GSE14551,GSE14552,6,complete_containment,0,,0,0,0,high_confidence_overlap,Gene expression profiling of tumor stroma of MCF7 breast cancer xenografts overexpressing podoplanin (mouse array),Gene expression profiling of MCF7 breast cancer xenografts overexpressing podoplanin,https://www.ncbi.nlm.nih.gov/geo/query/acc.cgi?acc=GSE14551,https://www.ncbi.nlm.nih.gov/geo/query/acc.cgi?acc=GSE14552
GSE146558,GSE48390,0,,74,34387660,0,0,0,manual_review_required,Gene Expression Signature of Microcalcification among Taiwanese Breast Cancer,Concurrent Gene Signatures for Han Chinese Breast Cancers [Affymetrix],https://www.ncbi.nlm.nih.gov/geo/query/acc.cgi?acc=GSE146558,https://www.ncbi.nlm.nih.gov/geo/query/acc.cgi?acc=GSE48390
GSE146558,GSE48391,0,,74,34387660,0,0,0,manual_review_required,Gene Expression Signature of Microcalcification among Taiwanese Breast Cancer,Concurrent Gene Signatures for Han Chinese Breast Cancers,https://www.ncbi.nlm.nih.gov/geo/query/acc.cgi?acc=GSE146558,https://www.ncbi.nlm.nih.gov/geo/query/acc.cgi?acc=GSE48391
GSE14682,GSE14690,60,complete_containment,0,,0,0,0,high_confidence_overlap,Metastatic breast cancer to the brain: set 1,Metastatic breast cancer to the brain: implications of the local microenvironment for colonization and treatment,https://www.ncbi.nlm.nih.gov/geo/query/acc.cgi?acc=GSE14682,https://www.ncbi.nlm.nih.gov/geo/query/acc.cgi?acc=GSE14690
GSE14683,GSE14690,41,complete_containment,0,,0,0,0,high_confidence_overlap,Metastatic breast cancer to the brain: set 2,Metastatic breast cancer to the brain: implications of the local microenvironment for colonization and treatment,https://www.ncbi.nlm.nih.gov/geo/query/acc.cgi?acc=GSE14683,https://www.ncbi.nlm.nih.gov/geo/query/acc.cgi?acc=GSE14690
GSE147506,GSE151529,6,complete_containment,0,,0,0,0,high_confidence_overlap,Key role of dysregulated SF3A3 translation in MYC-induced breast tumorigenesis,RNA-seq analysis in breast cancer cell lines BT549 WT and SF3A3 5'UTR DSL3 edited.,https://www.ncbi.nlm.nih.gov/geo/query/acc.cgi?acc=GSE147506,https://www.ncbi.nlm.nih.gov/geo/query/acc.cgi?acc=GSE151529
GSE147942,GSE147949,6,complete_containment,0,,0,0,0,high_confidence_overlap,Microglia coordinate the anti-tumor immune response to breast cancer brain metastasis [Foxn1 nu/nu 10X data],Microglia coordinate the anti-tumor immune response to breast cancer brain metastasis,https://www.ncbi.nlm.nih.gov/geo/query/acc.cgi?acc=GSE147942,https://www.ncbi.nlm.nih.gov/geo/query/acc.cgi?acc=GSE147949
GSE147948,GSE147949,6,complete_containment,0,,0,0,0,high_confidence_overlap,Microglia coordinate the anti-tumor immune response to breast cancer brain metastasis [MITRG 10X data],Microglia coordinate the anti-tumor immune response to breast cancer brain metastasis,https://www.ncbi.nlm.nih.gov/geo/query/acc.cgi?acc=GSE147948,https://www.ncbi.nlm.nih.gov/geo/query/acc.cgi?acc=GSE147949
GSE147993,GSE148005,6,complete_containment,0,,0,0,0,high_confidence_overlap,Acetyl-lysine Reader CECR2 Drives Breast Cancer Metastasis by Coordinating Macrophage Polarization and Immune Suppression [cell line],Acetyl-lysine Reader CECR2 Drives Breast Cancer Metastasis by Coordinating Macrophage Polarization and Immune Suppression,https://www.ncbi.nlm.nih.gov/geo/query/acc.cgi?acc=GSE147993,https://www.ncbi.nlm.nih.gov/geo/query/acc.cgi?acc=GSE148005
GSE147995,GSE148005,26,complete_containment,0,,0,0,0,high_confidence_overlap,Acetyl-lysine Reader CECR2 Drives Breast Cancer Metastasis by Coordinating Macrophage Polarization and Immune Suppression [metastasis],Acetyl-lysine Reader CECR2 Drives Breast Cancer Metastasis by Coordinating Macrophage Polarization and Immune Suppression,https://www.ncbi.nlm.nih.gov/geo/query/acc.cgi?acc=GSE147995,https://www.ncbi.nlm.nih.gov/geo/query/acc.cgi?acc=GSE148005
GSE148276,GSE148279,44,complete_containment,0,,0,0,0,high_confidence_overlap,Estrogen receptor alpha mutations in breast cancer cells cause gene expression changes through constant activity and through secondary effects [RNA-seq],Estrogen receptor alpha mutations in breast cancer cells cause gene expression changes through constant activity and through secondary effects,https://www.ncbi.nlm.nih.gov/geo/query/acc.cgi?acc=GSE148276,https://www.ncbi.nlm.nih.gov/geo/query/acc.cgi?acc=GSE148279
GSE148312,GSE148313,3,complete_containment,0,,0,0,0,high_confidence_overlap,FGFR1 associates with gene promoters and regulates gene transcription: Implications for endocrine resistance in ER+/FGFR1-amplified breast cancer (RNA-seq),FGFR1 associates with gene promoters and regulates gene transcription: Implications for endocrine resistance in ER+/FGFR1-amplified breast cancer,https://www.ncbi.nlm.nih.gov/geo/query/acc.cgi?acc=GSE148312,https://www.ncbi.nlm.nih.gov/geo/query/acc.cgi?acc=GSE148313
GSE148313,GSE149858,6,complete_containment,0,,0,0,0,high_confidence_overlap,FGFR1 associates with gene promoters and regulates gene transcription: Implications for endocrine resistance in ER+/FGFR1-amplified breast cancer,FGFR1 associates with gene promoters and regulates gene transcription: Implications for endocrine resistance in ER+/FGFR1-amplified breast cancer [RNA-Seq],https://www.ncbi.nlm.nih.gov/geo/query/acc.cgi?acc=GSE148313,https://www.ncbi.nlm.nih.gov/geo/query/acc.cgi?acc=GSE149858
GSE148313,GSE153280,6,complete_containment,0,,0,0,0,high_confidence_overlap,FGFR1 associates with gene promoters and regulates gene transcription: Implications for endocrine resistance in ER+/FGFR1-amplified breast cancer,FGFR1 associates with gene promoters and regulates gene transcription: Implications for endocrine resistance in ER+/FGFR1-amplified breast cancer [CAMA1 RNA-Seq],https://www.ncbi.nlm.nih.gov/geo/query/acc.cgi?acc=GSE148313,https://www.ncbi.nlm.nih.gov/geo/query/acc.cgi?acc=GSE153280
GSE148444,GSE221355,0,,3,,0,0,0,manual_review_required,Glucocorticoid Receptors are Required Effectors of TGFb1-Induced p38 MAPK Signaling to Advanced Cancer Phenotypes in Triple Negative Breast Cancer,Glucocorticoid receptors drive breast cancer cell migration and metabolic reprograming via pSer134-GR-induced expression of PDK4,https://www.ncbi.nlm.nih.gov/geo/query/acc.cgi?acc=GSE148444,https://www.ncbi.nlm.nih.gov/geo/query/acc.cgi?acc=GSE221355
GSE148623,GSE180607,43,complete_containment,0,,0,0,0,high_confidence_overlap,Network-based assessment of HDAC6 activity is highly predictive of pre-clinical and clinical responses to the HDAC6 inhibitor ricolinostat [high throughput sequencing],Network-based assessment of HDAC6 activity is highly predictive of pre-clinical and clinical responses to the HDAC6 inhibitor ricolinostat,https://www.ncbi.nlm.nih.gov/geo/query/acc.cgi?acc=GSE148623,https://www.ncbi.nlm.nih.gov/geo/query/acc.cgi?acc=GSE180607
GSE148847,GSE148848,6,complete_containment,0,,0,0,0,high_confidence_overlap,Gene expression profiling of MDA-MB-231 cells transfected with hsa-miR-205-5p and hsa-miR-214-3p compared to scrambled miRNA precursors,"microRNA expression profiling of paired primary and lymph node metastatic breast cancer patients, and gene expression profiling of MDA-MB-231 cells transfected with hsa-miR-205-5p and hsa-miR-214-3p compared to scrambled miRNA precursors",https://www.ncbi.nlm.nih.gov/geo/query/acc.cgi?acc=GSE148847,https://www.ncbi.nlm.nih.gov/geo/query/acc.cgi?acc=GSE148848
GSE148848,GSE149156,0,,1,,0,0,0,manual_review_required,"microRNA expression profiling of paired primary and lymph node metastatic breast cancer patients, and gene expression profiling of MDA-MB-231 cells transfected with hsa-miR-205-5p and hsa-miR-214-3p compared to scrambled miRNA precursors",Transcriptome and Retrotranscriptome profiling in HIV infected women with Breast Cancer (RNA-seq),https://www.ncbi.nlm.nih.gov/geo/query/acc.cgi?acc=GSE148848,https://www.ncbi.nlm.nih.gov/geo/query/acc.cgi?acc=GSE149156
GSE148848,GSE159448,0,,3,,0,0,0,manual_review_required,"microRNA expression profiling of paired primary and lymph node metastatic breast cancer patients, and gene expression profiling of MDA-MB-231 cells transfected with hsa-miR-205-5p and hsa-miR-214-3p compared to scrambled miRNA precursors",RNA-Seq analysis identifies to GATA3-AS1 as a lncRNA associated with resistance to neoadjuvant chemotherapy in locally advanced breast cancer patients,https://www.ncbi.nlm.nih.gov/geo/query/acc.cgi?acc=GSE148848,https://www.ncbi.nlm.nih.gov/geo/query/acc.cgi?acc=GSE159448
GSE148848,GSE21653,0,,9,,0,0,0,manual_review_required,"microRNA expression profiling of paired primary and lymph node metastatic breast cancer patients, and gene expression profiling of MDA-MB-231 cells transfected with hsa-miR-205-5p and hsa-miR-214-3p compared to scrambled miRNA precursors",A gene expression signature identifies two prognostic subgroups of basal breast cancer,https://www.ncbi.nlm.nih.gov/geo/query/acc.cgi?acc=GSE148848,https://www.ncbi.nlm.nih.gov/geo/query/acc.cgi?acc=GSE21653
GSE148848,GSE281492,0,,1,,0,0,0,manual_review_required,"microRNA expression profiling of paired primary and lymph node metastatic breast cancer patients, and gene expression profiling of MDA-MB-231 cells transfected with hsa-miR-205-5p and hsa-miR-214-3p compared to scrambled miRNA precursors",Molecular characterisation of the metastatic cell state in Breast Cancer,https://www.ncbi.nlm.nih.gov/geo/query/acc.cgi?acc=GSE148848,https://www.ncbi.nlm.nih.gov/geo/query/acc.cgi?acc=GSE281492
GSE148848,GSE281580,0,,1,,0,0,0,manual_review_required,"microRNA expression profiling of paired primary and lymph node metastatic breast cancer patients, and gene expression profiling of MDA-MB-231 cells transfected with hsa-miR-205-5p and hsa-miR-214-3p compared to scrambled miRNA precursors",Human scRNA-seq of three primary and five metastatic breast cancers,https://www.ncbi.nlm.nih.gov/geo/query/acc.cgi?acc=GSE148848,https://www.ncbi.nlm.nih.gov/geo/query/acc.cgi?acc=GSE281580
GSE148848,GSE3193,0,,2,,0,0,0,manual_review_required,"microRNA expression profiling of paired primary and lymph node metastatic breast cancer patients, and gene expression profiling of MDA-MB-231 cells transfected with hsa-miR-205-5p and hsa-miR-214-3p compared to scrambled miRNA precursors",Breast Tumor Clinical Implications,https://www.ncbi.nlm.nih.gov/geo/query/acc.cgi?acc=GSE148848,https://www.ncbi.nlm.nih.gov/geo/query/acc.cgi?acc=GSE3193
GSE148848,GSE3281,0,,2,,0,0,0,manual_review_required,"microRNA expression profiling of paired primary and lymph node metastatic breast cancer patients, and gene expression profiling of MDA-MB-231 cells transfected with hsa-miR-205-5p and hsa-miR-214-3p compared to scrambled miRNA precursors",Breast Cancer aCGH,https://www.ncbi.nlm.nih.gov/geo/query/acc.cgi?acc=GSE148848,https://www.ncbi.nlm.nih.gov/geo/query/acc.cgi?acc=GSE3281
GSE148848,GSE4335,0,,2,,0,0,0,manual_review_required,"microRNA expression profiling of paired primary and lymph node metastatic breast cancer patients, and gene expression profiling of MDA-MB-231 cells transfected with hsa-miR-205-5p and hsa-miR-214-3p compared to scrambled miRNA precursors",Norway/Stanford Breast Tumors,https://www.ncbi.nlm.nih.gov/geo/query/acc.cgi?acc=GSE148848,https://www.ncbi.nlm.nih.gov/geo/query/acc.cgi?acc=GSE4335
GSE148848,GSE43615,0,,9,,0,0,0,manual_review_required,"microRNA expression profiling of paired primary and lymph node metastatic breast cancer patients, and gene expression profiling of MDA-MB-231 cells transfected with hsa-miR-205-5p and hsa-miR-214-3p compared to scrambled miRNA precursors",IRCC Breast Cancer dataset,https://www.ncbi.nlm.nih.gov/geo/query/acc.cgi?acc=GSE148848,https://www.ncbi.nlm.nih.gov/geo/query/acc.cgi?acc=GSE43615
GSE148848,GSE4382,0,,2,,0,0,0,manual_review_required,"microRNA expression profiling of paired primary and lymph node metastatic breast cancer patients, and gene expression profiling of MDA-MB-231 cells transfected with hsa-miR-205-5p and hsa-miR-214-3p compared to scrambled miRNA precursors",Repeated observation of breast tumor subtypes in independent gene expression data sets,https://www.ncbi.nlm.nih.gov/geo/query/acc.cgi?acc=GSE148848,https://www.ncbi.nlm.nih.gov/geo/query/acc.cgi?acc=GSE4382
GSE148848,GSE61,0,,2,,0,0,0,manual_review_required,"microRNA expression profiling of paired primary and lymph node metastatic breast cancer patients, and gene expression profiling of MDA-MB-231 cells transfected with hsa-miR-205-5p and hsa-miR-214-3p compared to scrambled miRNA precursors",Molecular portraits of human breast tumors,https://www.ncbi.nlm.nih.gov/geo/query/acc.cgi?acc=GSE148848,https://www.ncbi.nlm.nih.gov/geo/query/acc.cgi?acc=GSE61
GSE149156,GSE159448,0,,1,,0,0,0,manual_review_required,Transcriptome and Retrotranscriptome profiling in HIV infected women with Breast Cancer (RNA-seq),RNA-Seq analysis identifies to GATA3-AS1 as a lncRNA associated with resistance to neoadjuvant chemotherapy in locally advanced breast cancer patients,https://www.ncbi.nlm.nih.gov/geo/query/acc.cgi?acc=GSE149156,https://www.ncbi.nlm.nih.gov/geo/query/acc.cgi?acc=GSE159448
GSE149156,GSE21653,0,,1,,0,0,0,manual_review_required,Transcriptome and Retrotranscriptome profiling in HIV infected women with Breast Cancer (RNA-seq),A gene expression signature identifies two prognostic subgroups of basal breast cancer,https://www.ncbi.nlm.nih.gov/geo/query/acc.cgi?acc=GSE149156,https://www.ncbi.nlm.nih.gov/geo/query/acc.cgi?acc=GSE21653
GSE149156,GSE43615,0,,1,,0,0,0,manual_review_required,Transcriptome and Retrotranscriptome profiling in HIV infected women with Breast Cancer (RNA-seq),IRCC Breast Cancer dataset,https://www.ncbi.nlm.nih.gov/geo/query/acc.cgi?acc=GSE149156,https://www.ncbi.nlm.nih.gov/geo/query/acc.cgi?acc=GSE43615
GSE149322,GSE150576,150,complete_containment,0,,0,0,0,high_confidence_overlap,AKT/mTOR/HER/PI3K family genes as predictors of pCR for early stage breast cancer patients treated with the AKT inhibitor MK2206 in the I-SPY 2 TRIAL (NCT01042379),AKT/mTOR/HER/PI3K family genes and phospho-proteins as predictors of pCR for early stage breast cancer patients treated with the AKT inhibitor MK2206 in the I-SPY 2 TRIAL,https://www.ncbi.nlm.nih.gov/geo/query/acc.cgi?acc=GSE149322,https://www.ncbi.nlm.nih.gov/geo/query/acc.cgi?acc=GSE150576
GSE150099,GSE150107,12,complete_containment,0,,0,0,0,high_confidence_overlap,"RNA sequencing of MDA-231EV, MDA-231c141 and MDA-231ba429 cells",miR-200b/200a/429 cluster prevents metastasis and induces dormancy in murine claudin-low mammary tumor cells,https://www.ncbi.nlm.nih.gov/geo/query/acc.cgi?acc=GSE150099,https://www.ncbi.nlm.nih.gov/geo/query/acc.cgi?acc=GSE150107
GSE15026,GSE15181,30,complete_containment,0,,0,0,0,high_confidence_overlap,Expression data from breast cancer cell lines with various colony-forming ability,Expression profiles of cancer cells with anchorage-independent growth ability,https://www.ncbi.nlm.nih.gov/geo/query/acc.cgi?acc=GSE15026,https://www.ncbi.nlm.nih.gov/geo/query/acc.cgi?acc=GSE15181
GSE150306,GSE150320,6,complete_containment,0,,0,0,0,high_confidence_overlap,CDYL2 epigenetically regulates MIR124 to control NF-kB/STAT3-dependent breast cancer cell plasticity [RNA-seq],CDYL2 epigenetically regulates MIR124 to control NF-kB/STAT3-dependent breast cancer cell plasticity,https://www.ncbi.nlm.nih.gov/geo/query/acc.cgi?acc=GSE150306,https://www.ncbi.nlm.nih.gov/geo/query/acc.cgi?acc=GSE150320
GSE150319,GSE150320,6,complete_containment,0,,0,0,0,high_confidence_overlap,CDYL2 epigenetically regulates MIR124 to control NF-kB/STAT3-dependent breast cancer cell plasticity [MDA-MB-231 RNA-seq],CDYL2 epigenetically regulates MIR124 to control NF-kB/STAT3-dependent breast cancer cell plasticity,https://www.ncbi.nlm.nih.gov/geo/query/acc.cgi?acc=GSE150319,https://www.ncbi.nlm.nih.gov/geo/query/acc.cgi?acc=GSE150320
GSE150458,GSE150512,10,complete_containment,0,,0,0,0,high_confidence_overlap,"Akt inhibition with MK-2206 is associated with favorable immune profile changes within the tumor microenvironment of hormone receptor positive, HER2 negative breast cancer [IO360 panel]","Akt inhibition with MK-2206 is associated with favorable immune profile changes within the tumor microenvironment of hormone receptor positive, HER2 negative breast cancer",https://www.ncbi.nlm.nih.gov/geo/query/acc.cgi?acc=GSE150458,https://www.ncbi.nlm.nih.gov/geo/query/acc.cgi?acc=GSE150512
GSE150509,GSE150512,10,complete_containment,0,,0,0,0,high_confidence_overlap,"Akt inhibition with MK-2206 is associated with favorable immune profile changes within the tumor microenvironment of hormone receptor positive, HER2 negative breast cancer [PI3K panel]","Akt inhibition with MK-2206 is associated with favorable immune profile changes within the tumor microenvironment of hormone receptor positive, HER2 negative breast cancer",https://www.ncbi.nlm.nih.gov/geo/query/acc.cgi?acc=GSE150509,https://www.ncbi.nlm.nih.gov/geo/query/acc.cgi?acc=GSE150512
GSE151072,GSE151095,9,complete_containment,0,,0,0,0,high_confidence_overlap,Transcriptional and functional analysis of CD1c+ human dendritic cells identifies a CD163+ subset priming CD8+CD103+ T cells [Breast_iLN],Transcriptional and functional analysis of CD1c+ human dendritic cells identifies a CD163+ subset priming CD8+CD103+ T cells,https://www.ncbi.nlm.nih.gov/geo/query/acc.cgi?acc=GSE151072,https://www.ncbi.nlm.nih.gov/geo/query/acc.cgi?acc=GSE151095
GSE151073,GSE151095,44,complete_containment,0,,0,0,0,high_confidence_overlap,Transcriptional comparison of in vitro and in vivo generated human dendritic cells,Transcriptional and functional analysis of CD1c+ human dendritic cells identifies a CD163+ subset priming CD8+CD103+ T cells,https://www.ncbi.nlm.nih.gov/geo/query/acc.cgi?acc=GSE151073,https://www.ncbi.nlm.nih.gov/geo/query/acc.cgi?acc=GSE151095
GSE151087,GSE151095,1,complete_containment,0,,0,0,0,high_confidence_overlap,Single-cell omics reveal human blood mononuclear CD14+ and/or CD1c+ cell heterogeneity,Transcriptional and functional analysis of CD1c+ human dendritic cells identifies a CD163+ subset priming CD8+CD103+ T cells,https://www.ncbi.nlm.nih.gov/geo/query/acc.cgi?acc=GSE151087,https://www.ncbi.nlm.nih.gov/geo/query/acc.cgi?acc=GSE151095
GSE151089,GSE151095,1,complete_containment,0,,0,0,0,high_confidence_overlap,Single-cell omics reveal human GM-CSF-dependent mononuclear phagocyte subsets in humanized mice,Transcriptional and functional analysis of CD1c+ human dendritic cells identifies a CD163+ subset priming CD8+CD103+ T cells,https://www.ncbi.nlm.nih.gov/geo/query/acc.cgi?acc=GSE151089,https://www.ncbi.nlm.nih.gov/geo/query/acc.cgi?acc=GSE151095
GSE15116,GSE15134,75,complete_containment,0,,0,0,0,high_confidence_overlap,"PIK3C A/B/D expression distinctions between LumA/LumB, and between PIK3CA mut/wt, breast cancer patients",PI3K inhibition in ER+ breast cancer microarray data,https://www.ncbi.nlm.nih.gov/geo/query/acc.cgi?acc=GSE15116,https://www.ncbi.nlm.nih.gov/geo/query/acc.cgi?acc=GSE15134
GSE151170,GSE151172,6,complete_containment,0,,0,0,0,high_confidence_overlap,The role of transcriptional factor brachyury on cell cycle regulation in non-small cell lung cancer [RNA-Seq],The role of transcriptional factor brachyury on cell cycle regulation in non-small cell lung cancer,https://www.ncbi.nlm.nih.gov/geo/query/acc.cgi?acc=GSE151170,https://www.ncbi.nlm.nih.gov/geo/query/acc.cgi?acc=GSE151172
GSE15134,GSE41119,0,,3,,0,0,0,manual_review_required,PI3K inhibition in ER+ breast cancer microarray data,Molecular Characterization of Basal-like and Non-Basal-like Triple-Negative Breast Cancers,https://www.ncbi.nlm.nih.gov/geo/query/acc.cgi?acc=GSE15134,https://www.ncbi.nlm.nih.gov/geo/query/acc.cgi?acc=GSE41119
GSE15134,GSE50470,0,,4,,0,0,0,manual_review_required,PI3K inhibition in ER+ breast cancer microarray data,Characterization of Cell Lines Derived from Breast Cancers and Normal Mammary Tissues for the Study of the Intrinsic Molecular Subtypes,https://www.ncbi.nlm.nih.gov/geo/query/acc.cgi?acc=GSE15134,https://www.ncbi.nlm.nih.gov/geo/query/acc.cgi?acc=GSE50470
GSE152201,GSE152205,12,complete_containment,0,,0,0,0,high_confidence_overlap,RNA-seq of DEX induced and ethanol control Basal-like breast cancer cell lines,"Integrated analysis of DNA methylation, chromatin accessibility, transcription factor binding, and gene expression in large collections of breast cancer cell lines and patient tumors",https://www.ncbi.nlm.nih.gov/geo/query/acc.cgi?acc=GSE152201,https://www.ncbi.nlm.nih.gov/geo/query/acc.cgi?acc=GSE152205
GSE152360,GSE152367,89,complete_containment,0,,0,0,0,high_confidence_overlap,Chromatin Accessibility differentiates Invasive Lobular from Invasive Ductal Breast cancer and Dictates Response to Endocrine Treatment,Chromatin Accessibility differentiates Invasive Lobular from Invasive Ductal Breast cancer and Dictates Response to Endocrine Treatment,https://www.ncbi.nlm.nih.gov/geo/query/acc.cgi?acc=GSE152360,https://www.ncbi.nlm.nih.gov/geo/query/acc.cgi?acc=GSE152367
GSE152367,GSE16732,0,,1,,0,0,0,manual_review_required,Chromatin Accessibility differentiates Invasive Lobular from Invasive Ductal Breast cancer and Dictates Response to Endocrine Treatment,Affymetrix Gene Chip Human Exon 1.0 ST Array expression profiling of 41 human breast cancer cell lines,https://www.ncbi.nlm.nih.gov/geo/query/acc.cgi?acc=GSE152367,https://www.ncbi.nlm.nih.gov/geo/query/acc.cgi?acc=GSE16732
GSE152367,GSE73526,0,,1,,0,0,0,manual_review_required,Chromatin Accessibility differentiates Invasive Lobular from Invasive Ductal Breast cancer and Dictates Response to Endocrine Treatment,"The Functional Genomic Landscape of Human Breast Cancer Drivers, Vulnerabilities, and Resistance (RNASeq)",https://www.ncbi.nlm.nih.gov/geo/query/acc.cgi?acc=GSE152367,https://www.ncbi.nlm.nih.gov/geo/query/acc.cgi?acc=GSE73526
GSE152600,GSE152602,8,complete_containment,0,,0,0,0,high_confidence_overlap,PTEN-dependent regulation of genome-wide transcription during metabolic stress [RNA-Seq],PTEN-dependent regulation of genome-wide transcription during metabolic stress,https://www.ncbi.nlm.nih.gov/geo/query/acc.cgi?acc=GSE152600,https://www.ncbi.nlm.nih.gov/geo/query/acc.cgi?acc=GSE152602
GSE152908,GSE16732,0,,16,,0,0,0,manual_review_required,Transcriptomic profiling of 62 breast cancer cell lines and PDX models,Affymetrix Gene Chip Human Exon 1.0 ST Array expression profiling of 41 human breast cancer cell lines,https://www.ncbi.nlm.nih.gov/geo/query/acc.cgi?acc=GSE152908,https://www.ncbi.nlm.nih.gov/geo/query/acc.cgi?acc=GSE16732
GSE152908,GSE16795,0,,18,,0,0,0,manual_review_required,Transcriptomic profiling of 62 breast cancer cell lines and PDX models,Affymetrix HG-U133A gene expression profiles of 39 human breast cancer cell lines,https://www.ncbi.nlm.nih.gov/geo/query/acc.cgi?acc=GSE152908,https://www.ncbi.nlm.nih.gov/geo/query/acc.cgi?acc=GSE16795
GSE152908,GSE173634,0,,17,,0,0,0,manual_review_required,Transcriptomic profiling of 62 breast cancer cell lines and PDX models,Molecular phenotyping of breast cancer cell lines at the single-cell level for automated tumour diagnosis and prediction of drug sensitivity,https://www.ncbi.nlm.nih.gov/geo/query/acc.cgi?acc=GSE152908,https://www.ncbi.nlm.nih.gov/geo/query/acc.cgi?acc=GSE173634
GSE152908,GSE17945,0,,4,,0,0,0,manual_review_required,Transcriptomic profiling of 62 breast cancer cell lines and PDX models,tRNA Over-Expression in Breast Cancer,https://www.ncbi.nlm.nih.gov/geo/query/acc.cgi?acc=GSE152908,https://www.ncbi.nlm.nih.gov/geo/query/acc.cgi?acc=GSE17945
GSE152908,GSE197763,0,,1,,0,0,0,manual_review_required,Transcriptomic profiling of 62 breast cancer cell lines and PDX models,Pre-clinical validation of an RNA-based precision oncology platform for patient-therapy alignment in a diverse set of human malignancies resistant to standard treatments,https://www.ncbi.nlm.nih.gov/geo/query/acc.cgi?acc=GSE152908,https://www.ncbi.nlm.nih.gov/geo/query/acc.cgi?acc=GSE197763
GSE152908,GSE206324,0,,7,,0,0,0,manual_review_required,Transcriptomic profiling of 62 breast cancer cell lines and PDX models,Evaluating Cancer Subtypes and Enhancer Dynamics During the Acquisition of Drug Resistance by Nascent RNA-Sequencing,https://www.ncbi.nlm.nih.gov/geo/query/acc.cgi?acc=GSE152908,https://www.ncbi.nlm.nih.gov/geo/query/acc.cgi?acc=GSE206324
GSE152908,GSE207696,0,,1,,0,0,0,manual_review_required,Transcriptomic profiling of 62 breast cancer cell lines and PDX models,Identification of recurrent chromosome breaks underlying structural rearrangements in mammary cancer cell lines [RNA-seq],https://www.ncbi.nlm.nih.gov/geo/query/acc.cgi?acc=GSE152908,https://www.ncbi.nlm.nih.gov/geo/query/acc.cgi?acc=GSE207696
GSE152908,GSE208238,0,,1,,0,0,0,manual_review_required,Transcriptomic profiling of 62 breast cancer cell lines and PDX models,Alternative promoters and splicing create multiple functionally distinct isoforms of estrogen receptor alpha in breast cancer and healthy tissues,https://www.ncbi.nlm.nih.gov/geo/query/acc.cgi?acc=GSE152908,https://www.ncbi.nlm.nih.gov/geo/query/acc.cgi?acc=GSE208238
GSE152908,GSE212143,0,,10,,0,0,0,manual_review_required,Transcriptomic profiling of 62 breast cancer cell lines and PDX models,Transcriptome analysis of 15 different breast cancer cell lines,https://www.ncbi.nlm.nih.gov/geo/query/acc.cgi?acc=GSE152908,https://www.ncbi.nlm.nih.gov/geo/query/acc.cgi?acc=GSE212143
GSE152908,GSE21217,0,,4,,0,0,0,manual_review_required,Transcriptomic profiling of 62 breast cancer cell lines and PDX models,18F-fluorodeoxy-glucose positron emission tomography marks MYC-overexpressing human basal-like breast cancers.,https://www.ncbi.nlm.nih.gov/geo/query/acc.cgi?acc=GSE152908,https://www.ncbi.nlm.nih.gov/geo/query/acc.cgi?acc=GSE21217
GSE152908,GSE212854,0,,1,,0,0,0,manual_review_required,Transcriptomic profiling of 62 breast cancer cell lines and PDX models,An RNA-based precision oncology platform for patient-therapy alignment in a diverse set of treatment resistant malignancies,https://www.ncbi.nlm.nih.gov/geo/query/acc.cgi?acc=GSE152908,https://www.ncbi.nlm.nih.gov/geo/query/acc.cgi?acc=GSE212854
GSE152908,GSE217579,0,,1,,0,0,0,manual_review_required,Transcriptomic profiling of 62 breast cancer cell lines and PDX models,Nuclear pCHK1 as a potential biomarker of increased sensitivity to ATR inhibition,https://www.ncbi.nlm.nih.gov/geo/query/acc.cgi?acc=GSE152908,https://www.ncbi.nlm.nih.gov/geo/query/acc.cgi?acc=GSE217579
GSE152908,GSE227630,0,,2,,0,0,0,manual_review_required,Transcriptomic profiling of 62 breast cancer cell lines and PDX models,Changes in expression of genes +/- CREB3L1 expression,https://www.ncbi.nlm.nih.gov/geo/query/acc.cgi?acc=GSE152908,https://www.ncbi.nlm.nih.gov/geo/query/acc.cgi?acc=GSE227630
GSE152908,GSE228275,0,,2,,0,0,0,manual_review_required,Transcriptomic profiling of 62 breast cancer cell lines and PDX models,"Gene expression profile at single cell level of SUM149PT, SUM185PE, SUM229PE, SUM159PT and SUM1315MO2 cell lines",https://www.ncbi.nlm.nih.gov/geo/query/acc.cgi?acc=GSE152908,https://www.ncbi.nlm.nih.gov/geo/query/acc.cgi?acc=GSE228275
GSE152908,GSE228382,0,,2,,0,0,0,manual_review_required,Transcriptomic profiling of 62 breast cancer cell lines and PDX models,Single cell lineage tracing reveals clonal dynamics of anti-EGFR therapy resistance in triple negative breast cancer.,https://www.ncbi.nlm.nih.gov/geo/query/acc.cgi?acc=GSE152908,https://www.ncbi.nlm.nih.gov/geo/query/acc.cgi?acc=GSE228382
GSE152908,GSE24578,0,,5,,0,0,0,manual_review_required,Transcriptomic profiling of 62 breast cancer cell lines and PDX models,Basal gene expression of breast cancer cell lines,https://www.ncbi.nlm.nih.gov/geo/query/acc.cgi?acc=GSE152908,https://www.ncbi.nlm.nih.gov/geo/query/acc.cgi?acc=GSE24578
GSE152908,GSE24717,0,,5,,0,0,0,manual_review_required,Transcriptomic profiling of 62 breast cancer cell lines and PDX models,Using a Stem Cell-Based Signature to Guide Therapeutic Selection in Cancer,https://www.ncbi.nlm.nih.gov/geo/query/acc.cgi?acc=GSE152908,https://www.ncbi.nlm.nih.gov/geo/query/acc.cgi?acc=GSE24717
GSE152908,GSE24737,0,,1,,0,0,0,manual_review_required,Transcriptomic profiling of 62 breast cancer cell lines and PDX models,Large scale screening for known fusion genes in cancer cell lines,https://www.ncbi.nlm.nih.gov/geo/query/acc.cgi?acc=GSE152908,https://www.ncbi.nlm.nih.gov/geo/query/acc.cgi?acc=GSE24737
GSE152908,GSE250156,0,,1,,0,0,0,manual_review_required,Transcriptomic profiling of 62 breast cancer cell lines and PDX models,An inflamed tumor cell subpopulation promotes chemotherapy resistance in triple negative breast cancer [scRNA-Seq],https://www.ncbi.nlm.nih.gov/geo/query/acc.cgi?acc=GSE152908,https://www.ncbi.nlm.nih.gov/geo/query/acc.cgi?acc=GSE250156
GSE152908,GSE250158,0,,1,,0,0,0,manual_review_required,Transcriptomic profiling of 62 breast cancer cell lines and PDX models,An inflamed tumor cell subpopulation promotes chemotherapy resistance in triple negative breast cancer,https://www.ncbi.nlm.nih.gov/geo/query/acc.cgi?acc=GSE152908,https://www.ncbi.nlm.nih.gov/geo/query/acc.cgi?acc=GSE250158
GSE152908,GSE25972,0,,1,,0,0,0,manual_review_required,Transcriptomic profiling of 62 breast cancer cell lines and PDX models,expression of human and mouse breast cancer cell lines,https://www.ncbi.nlm.nih.gov/geo/query/acc.cgi?acc=GSE152908,https://www.ncbi.nlm.nih.gov/geo/query/acc.cgi?acc=GSE25972
GSE152908,GSE2603,0,,1,,0,0,0,manual_review_required,Transcriptomic profiling of 62 breast cancer cell lines and PDX models,Subpopulations of MDA-MB-231 and Primary Breast Cancers,https://www.ncbi.nlm.nih.gov/geo/query/acc.cgi?acc=GSE152908,https://www.ncbi.nlm.nih.gov/geo/query/acc.cgi?acc=GSE2603
GSE152908,GSE262110,0,,1,,0,0,0,manual_review_required,Transcriptomic profiling of 62 breast cancer cell lines and PDX models,Patient-derived response estimates from zero-passage organoids of luminal breast cancer,https://www.ncbi.nlm.nih.gov/geo/query/acc.cgi?acc=GSE152908,https://www.ncbi.nlm.nih.gov/geo/query/acc.cgi?acc=GSE262110
GSE152908,GSE28866,0,,4,,0,0,0,manual_review_required,Transcriptomic profiling of 62 breast cancer cell lines and PDX models,Transcriptional profiling of lncRNAs and novel transcribed regions across a diverse panel of archived human cancers,https://www.ncbi.nlm.nih.gov/geo/query/acc.cgi?acc=GSE152908,https://www.ncbi.nlm.nih.gov/geo/query/acc.cgi?acc=GSE28866
GSE152908,GSE30489,0,,2,,0,0,0,manual_review_required,Transcriptomic profiling of 62 breast cancer cell lines and PDX models,Defining the cellular precursors to human breast cancer,https://www.ncbi.nlm.nih.gov/geo/query/acc.cgi?acc=GSE152908,https://www.ncbi.nlm.nih.gov/geo/query/acc.cgi?acc=GSE30489
GSE152908,GSE32905,0,,1,,0,0,0,manual_review_required,Transcriptomic profiling of 62 breast cancer cell lines and PDX models,EMT inducers catalyze malignant transformation of mammary epithelial cells and drive tumorigenesis towards claudin-low tumors,https://www.ncbi.nlm.nih.gov/geo/query/acc.cgi?acc=GSE152908,https://www.ncbi.nlm.nih.gov/geo/query/acc.cgi?acc=GSE32905
GSE152908,GSE3353,0,,3,,0,0,0,manual_review_required,Transcriptomic profiling of 62 breast cancer cell lines and PDX models,A comparison of gene expression signatures from breast tumors and breast tissue derived cell lines,https://www.ncbi.nlm.nih.gov/geo/query/acc.cgi?acc=GSE152908,https://www.ncbi.nlm.nih.gov/geo/query/acc.cgi?acc=GSE3353
GSE152908,GSE4000,0,,1,,0,0,0,manual_review_required,Transcriptomic profiling of 62 breast cancer cell lines and PDX models,A molecular 'signature' of primary breast cancer cultures; patterns resembling tumor tissue.,https://www.ncbi.nlm.nih.gov/geo/query/acc.cgi?acc=GSE152908,https://www.ncbi.nlm.nih.gov/geo/query/acc.cgi?acc=GSE4000
GSE152908,GSE41119,0,,7,,0,0,0,manual_review_required,Transcriptomic profiling of 62 breast cancer cell lines and PDX models,Molecular Characterization of Basal-like and Non-Basal-like Triple-Negative Breast Cancers,https://www.ncbi.nlm.nih.gov/geo/query/acc.cgi?acc=GSE152908,https://www.ncbi.nlm.nih.gov/geo/query/acc.cgi?acc=GSE41119
GSE152908,GSE44354,0,,1,,0,0,0,manual_review_required,Transcriptomic profiling of 62 breast cancer cell lines and PDX models,Identification of novel metastases-suppressor genes involved in breast cancer brain metastases (BCBM) formation,https://www.ncbi.nlm.nih.gov/geo/query/acc.cgi?acc=GSE152908,https://www.ncbi.nlm.nih.gov/geo/query/acc.cgi?acc=GSE44354
GSE152908,GSE45133,0,,1,,0,0,0,manual_review_required,Transcriptomic profiling of 62 breast cancer cell lines and PDX models,Breakpoint analysis of transcriptional and genomic profiles uncovers novel gene fusions spanning multiple human cancer types (RNA-seq),https://www.ncbi.nlm.nih.gov/geo/query/acc.cgi?acc=GSE152908,https://www.ncbi.nlm.nih.gov/geo/query/acc.cgi?acc=GSE45133
GSE152908,GSE45137,0,,1,,0,0,0,manual_review_required,Transcriptomic profiling of 62 breast cancer cell lines and PDX models,Breakpoint analysis of transcriptional and genomic profiles uncovers novel gene fusions spanning multiple human cancer types,https://www.ncbi.nlm.nih.gov/geo/query/acc.cgi?acc=GSE152908,https://www.ncbi.nlm.nih.gov/geo/query/acc.cgi?acc=GSE45137
GSE152908,GSE46073,0,,1,,0,0,0,manual_review_required,Transcriptomic profiling of 62 breast cancer cell lines and PDX models,Gene expression and genome-wide location analysis of breast cancer cell-lines,https://www.ncbi.nlm.nih.gov/geo/query/acc.cgi?acc=GSE152908,https://www.ncbi.nlm.nih.gov/geo/query/acc.cgi?acc=GSE46073
GSE152908,GSE46834,0,,2,,0,0,0,manual_review_required,Transcriptomic profiling of 62 breast cancer cell lines and PDX models,Gene expression profiles of human breast cancer cell lines,https://www.ncbi.nlm.nih.gov/geo/query/acc.cgi?acc=GSE152908,https://www.ncbi.nlm.nih.gov/geo/query/acc.cgi?acc=GSE46834
GSE152908,GSE50470,0,,3,,0,0,0,manual_review_required,Transcriptomic profiling of 62 breast cancer cell lines and PDX models,Characterization of Cell Lines Derived from Breast Cancers and Normal Mammary Tissues for the Study of the Intrinsic Molecular Subtypes,https://www.ncbi.nlm.nih.gov/geo/query/acc.cgi?acc=GSE152908,https://www.ncbi.nlm.nih.gov/geo/query/acc.cgi?acc=GSE50470
GSE152908,GSE52643,0,,4,,0,0,0,manual_review_required,Transcriptomic profiling of 62 breast cancer cell lines and PDX models,Fusion discovery in breast cancer cell line,https://www.ncbi.nlm.nih.gov/geo/query/acc.cgi?acc=GSE152908,https://www.ncbi.nlm.nih.gov/geo/query/acc.cgi?acc=GSE52643
GSE152908,GSE57083,0,,2,,0,0,0,manual_review_required,Transcriptomic profiling of 62 breast cancer cell lines and PDX models,Expression data from AstraZeneca internal cell lines,https://www.ncbi.nlm.nih.gov/geo/query/acc.cgi?acc=GSE152908,https://www.ncbi.nlm.nih.gov/geo/query/acc.cgi?acc=GSE57083
GSE152908,GSE58135,0,,17,,0,0,0,manual_review_required,Transcriptomic profiling of 62 breast cancer cell lines and PDX models,Breast Cancer RNA-seq,https://www.ncbi.nlm.nih.gov/geo/query/acc.cgi?acc=GSE152908,https://www.ncbi.nlm.nih.gov/geo/query/acc.cgi?acc=GSE58135
GSE152908,GSE59242,0,,20,,0,0,0,manual_review_required,Transcriptomic profiling of 62 breast cancer cell lines and PDX models,Profiling of human cancer breast cell lines (Affymetrix),https://www.ncbi.nlm.nih.gov/geo/query/acc.cgi?acc=GSE152908,https://www.ncbi.nlm.nih.gov/geo/query/acc.cgi?acc=GSE59242
GSE152908,GSE65314,0,,1,,0,0,0,manual_review_required,Transcriptomic profiling of 62 breast cancer cell lines and PDX models,Experimental gene expression analysis of 12 cancer cell lines,https://www.ncbi.nlm.nih.gov/geo/query/acc.cgi?acc=GSE152908,https://www.ncbi.nlm.nih.gov/geo/query/acc.cgi?acc=GSE65314
GSE152908,GSE66072,0,,1,,0,0,0,manual_review_required,Transcriptomic profiling of 62 breast cancer cell lines and PDX models,Mcl-1 is a key determinant of breast cancer cell survival,https://www.ncbi.nlm.nih.gov/geo/query/acc.cgi?acc=GSE152908,https://www.ncbi.nlm.nih.gov/geo/query/acc.cgi?acc=GSE66072
GSE152908,GSE72955,0,,1,,0,0,0,manual_review_required,Transcriptomic profiling of 62 breast cancer cell lines and PDX models,Retroviral Replicating Vectors Deliver Cytosine Deaminase Leading to Targeted 5-FU-Mediated Cytotoxicity in Multiple Human Cancer Types,https://www.ncbi.nlm.nih.gov/geo/query/acc.cgi?acc=GSE152908,https://www.ncbi.nlm.nih.gov/geo/query/acc.cgi?acc=GSE72955
GSE152908,GSE73526,0,,35,,0,0,0,manual_review_required,Transcriptomic profiling of 62 breast cancer cell lines and PDX models,"The Functional Genomic Landscape of Human Breast Cancer Drivers, Vulnerabilities, and Resistance (RNASeq)",https://www.ncbi.nlm.nih.gov/geo/query/acc.cgi?acc=GSE152908,https://www.ncbi.nlm.nih.gov/geo/query/acc.cgi?acc=GSE73526
GSE152908,GSE81032,0,,2,,0,0,0,manual_review_required,Transcriptomic profiling of 62 breast cancer cell lines and PDX models,Comparative proteomics and transcriptomics study of signaling network proteins across multiple normal and cancer cell lines,https://www.ncbi.nlm.nih.gov/geo/query/acc.cgi?acc=GSE152908,https://www.ncbi.nlm.nih.gov/geo/query/acc.cgi?acc=GSE81032
GSE152908,GSE87006,0,,11,,0,0,0,manual_review_required,Transcriptomic profiling of 62 breast cancer cell lines and PDX models,CDK4 phosphorylation status and a linked gene expression profile predict sensitivity to Palbociclib [lines],https://www.ncbi.nlm.nih.gov/geo/query/acc.cgi?acc=GSE152908,https://www.ncbi.nlm.nih.gov/geo/query/acc.cgi?acc=GSE87006
GSE152908,GSE87008,0,,11,,0,0,0,manual_review_required,Transcriptomic profiling of 62 breast cancer cell lines and PDX models,CDK4 phosphorylation status and a linked gene expression profile predict sensitivity to Palbociclib,https://www.ncbi.nlm.nih.gov/geo/query/acc.cgi?acc=GSE152908,https://www.ncbi.nlm.nih.gov/geo/query/acc.cgi?acc=GSE87008
GSE153250,GSE153255,24,complete_containment,0,,0,0,0,high_confidence_overlap,TET2 is a component of the ER complex and controls 5mC to 5hmC conversion at ER cis-regulatory regions [RNA-Seq],TET2 is a component of the ER complex and controls 5mC to 5hmC conversion at ER cis-regulatory regions,https://www.ncbi.nlm.nih.gov/geo/query/acc.cgi?acc=GSE153250,https://www.ncbi.nlm.nih.gov/geo/query/acc.cgi?acc=GSE153255
GSE153291,GSE153293,6,complete_containment,0,,0,0,0,high_confidence_overlap,lincNORS: A Noncoding Regulator of the Cellular Sterol Homeostasis I,lincNORS: A Noncoding Regulator of the Cellular Sterol Homeostasis,https://www.ncbi.nlm.nih.gov/geo/query/acc.cgi?acc=GSE153291,https://www.ncbi.nlm.nih.gov/geo/query/acc.cgi?acc=GSE153293
GSE153292,GSE153293,12,complete_containment,0,,0,0,0,high_confidence_overlap,lincNORS: A Noncoding Regulator of the Cellular Sterol Homeostasis II,lincNORS: A Noncoding Regulator of the Cellular Sterol Homeostasis,https://www.ncbi.nlm.nih.gov/geo/query/acc.cgi?acc=GSE153292,https://www.ncbi.nlm.nih.gov/geo/query/acc.cgi?acc=GSE153293
GSE15361,GSE15376,50,complete_containment,0,,0,0,0,high_confidence_overlap,Molecular profiling of breast cancer cell lines defines relevant tumor models (gene expression),Molecular profiling of breast cancer cell lines defines relevant tumor models,https://www.ncbi.nlm.nih.gov/geo/query/acc.cgi?acc=GSE15361,https://www.ncbi.nlm.nih.gov/geo/query/acc.cgi?acc=GSE15376
GSE153772,GSE153779,16,complete_containment,0,,0,0,0,high_confidence_overlap,"Characterization of novel zinc finger protein ZNF414 DNA binding and gene regulatory activity by integrative analysis of ChIP-exo, ATAC-seq and RNA-seq data (RNA-seq)","Characterization of novel zinc finger protein ZNF414 DNA binding and gene regulatory activity by integrative analysis of ChIP-exo, ATAC-seq and RNA-seq data",https://www.ncbi.nlm.nih.gov/geo/query/acc.cgi?acc=GSE153772,https://www.ncbi.nlm.nih.gov/geo/query/acc.cgi?acc=GSE153779
GSE15393,GSE18229,29,partial_overlap,0,,0,0,0,high_confidence_overlap,Building Prognostic Models for Breast Cancer Patients Using Clinical Variables and Gene Expression Signatures,Phenotypic and Molecular Characterization of the Claudin-low Intrinsic Subtype of Breast Cancer,https://www.ncbi.nlm.nih.gov/geo/query/acc.cgi?acc=GSE15393,https://www.ncbi.nlm.nih.gov/geo/query/acc.cgi?acc=GSE18229
GSE15393,GSE1992,19,partial_overlap,0,,0,0,0,high_confidence_overlap,Building Prognostic Models for Breast Cancer Patients Using Clinical Variables and Gene Expression Signatures,A New Breast Tumor Intrinsic Gene List Identifies Novel Characteristics that are Conserved Across Microarray Platforms,https://www.ncbi.nlm.nih.gov/geo/query/acc.cgi?acc=GSE15393,https://www.ncbi.nlm.nih.gov/geo/query/acc.cgi?acc=GSE1992
GSE15393,GSE20624,23,partial_overlap,0,,0,0,0,high_confidence_overlap,Building Prognostic Models for Breast Cancer Patients Using Clinical Variables and Gene Expression Signatures,Breast Carcinomas arising at a Young Age:  A Unique Biology or a Surrogate for Aggressive Intrinsic Subtypes.,https://www.ncbi.nlm.nih.gov/geo/query/acc.cgi?acc=GSE15393,https://www.ncbi.nlm.nih.gov/geo/query/acc.cgi?acc=GSE20624
GSE15393,GSE22049,1,partial_overlap,0,,0,0,0,high_confidence_overlap,Building Prognostic Models for Breast Cancer Patients Using Clinical Variables and Gene Expression Signatures,MicroRNA-30c inhibits Human Breast Tumor Chemotherapy Resistance by regulating TWF1 and IL-11: Patient DataSet,https://www.ncbi.nlm.nih.gov/geo/query/acc.cgi?acc=GSE15393,https://www.ncbi.nlm.nih.gov/geo/query/acc.cgi?acc=GSE22049
GSE15393,GSE2607,13,partial_overlap,0,,0,0,0,high_confidence_overlap,Building Prognostic Models for Breast Cancer Patients Using Clinical Variables and Gene Expression Signatures,Biological Classification of Breast Cancer by Real-Time Quantitative RTPCR: Comparisons to Microarray and Histopathology,https://www.ncbi.nlm.nih.gov/geo/query/acc.cgi?acc=GSE15393,https://www.ncbi.nlm.nih.gov/geo/query/acc.cgi?acc=GSE2607
GSE15393,GSE26338,30,partial_overlap,0,,0,0,0,high_confidence_overlap,Building Prognostic Models for Breast Cancer Patients Using Clinical Variables and Gene Expression Signatures,"Genomic analysis identifies unique signatures predictive of brain, lung, and liver relapse",https://www.ncbi.nlm.nih.gov/geo/query/acc.cgi?acc=GSE15393,https://www.ncbi.nlm.nih.gov/geo/query/acc.cgi?acc=GSE26338
GSE15393,GSE2740,18,partial_overlap,0,,0,0,0,high_confidence_overlap,Building Prognostic Models for Breast Cancer Patients Using Clinical Variables and Gene Expression Signatures,Estrogen-regulated genes predict survival in estrogen receptor and/or progesterone receptor-positive breast cancers,https://www.ncbi.nlm.nih.gov/geo/query/acc.cgi?acc=GSE15393,https://www.ncbi.nlm.nih.gov/geo/query/acc.cgi?acc=GSE2740
GSE15393,GSE2741,15,partial_overlap,0,,0,0,0,high_confidence_overlap,Building Prognostic Models for Breast Cancer Patients Using Clinical Variables and Gene Expression Signatures,Breast Tumor's study,https://www.ncbi.nlm.nih.gov/geo/query/acc.cgi?acc=GSE15393,https://www.ncbi.nlm.nih.gov/geo/query/acc.cgi?acc=GSE2741
GSE15393,GSE3165,19,partial_overlap,0,,0,0,0,high_confidence_overlap,Building Prognostic Models for Breast Cancer Patients Using Clinical Variables and Gene Expression Signatures,Identification of conserved gene expression features across human and murine mammary tumors,https://www.ncbi.nlm.nih.gov/geo/query/acc.cgi?acc=GSE15393,https://www.ncbi.nlm.nih.gov/geo/query/acc.cgi?acc=GSE3165
GSE15393,GSE3521,20,partial_overlap,0,,0,0,0,high_confidence_overlap,Building Prognostic Models for Breast Cancer Patients Using Clinical Variables and Gene Expression Signatures,A compact VEGF signature associated with distant metastases and poor outcomes,https://www.ncbi.nlm.nih.gov/geo/query/acc.cgi?acc=GSE15393,https://www.ncbi.nlm.nih.gov/geo/query/acc.cgi?acc=GSE3521
GSE15393,GSE6128,5,partial_overlap,0,,0,0,0,high_confidence_overlap,Building Prognostic Models for Breast Cancer Patients Using Clinical Variables and Gene Expression Signatures,EGFR signaling varies with breast tumor subtype,https://www.ncbi.nlm.nih.gov/geo/query/acc.cgi?acc=GSE15393,https://www.ncbi.nlm.nih.gov/geo/query/acc.cgi?acc=GSE6128
GSE15393,GSE6130,15,partial_overlap,0,,0,0,0,high_confidence_overlap,Building Prognostic Models for Breast Cancer Patients Using Clinical Variables and Gene Expression Signatures,Agreement in Breast Cancer Classification between Microarray and qRT-PCR from Fresh-Frozen and Formalin-Fixed Tissues,https://www.ncbi.nlm.nih.gov/geo/query/acc.cgi?acc=GSE15393,https://www.ncbi.nlm.nih.gov/geo/query/acc.cgi?acc=GSE6130
GSE154932,GSE23720,0,,1,,0,0,0,manual_review_required,Integrating multimodal data sets into a mathematical framework to describe and predict therapeutic resistance in cancer,High-resolution comparative genomic hybridization of inflammatory breast cancer and identification of candidate genes,https://www.ncbi.nlm.nih.gov/geo/query/acc.cgi?acc=GSE154932,https://www.ncbi.nlm.nih.gov/geo/query/acc.cgi?acc=GSE23720
GSE154932,GSE69240,0,,1,,0,0,0,manual_review_required,Integrating multimodal data sets into a mathematical framework to describe and predict therapeutic resistance in cancer,A Molecular Portrait Of High-Grade Ductal Carcinoma In Situ (DCIS) [RNA-seq],https://www.ncbi.nlm.nih.gov/geo/query/acc.cgi?acc=GSE154932,https://www.ncbi.nlm.nih.gov/geo/query/acc.cgi?acc=GSE69240
GSE154932,GSE81538,0,,1,,0,0,0,manual_review_required,Integrating multimodal data sets into a mathematical framework to describe and predict therapeutic resistance in cancer,Clinical Value of RNA Sequencing–Based Classifiers for Prediction of the Five Conventional Breast Cancer Biomarkers: A Report From the Population-Based Multicenter Sweden Cancerome Analysis Network—Breast Initiative [cohort 405],https://www.ncbi.nlm.nih.gov/geo/query/acc.cgi?acc=GSE154932,https://www.ncbi.nlm.nih.gov/geo/query/acc.cgi?acc=GSE81538
GSE154932,GSE81540,0,,1,,0,0,0,manual_review_required,Integrating multimodal data sets into a mathematical framework to describe and predict therapeutic resistance in cancer,Clinical Value of RNA Sequencing–Based Classifiers for Prediction of the Five Conventional Breast Cancer Biomarkers: A Report From the Population-Based Multicenter Sweden Cancerome Analysis Network—Breast Initiative [superseries],https://www.ncbi.nlm.nih.gov/geo/query/acc.cgi?acc=GSE154932,https://www.ncbi.nlm.nih.gov/geo/query/acc.cgi?acc=GSE81540
GSE155227,GSE155342,8,complete_containment,0,,0,0,0,high_confidence_overlap,The Ontogeny and Vulnerabilities of Lapatinib Drug Tolerant Persisters [NPY1R],The Ontogeny and Vulnerabilities of Lapatinib Drug Tolerant Persisters,https://www.ncbi.nlm.nih.gov/geo/query/acc.cgi?acc=GSE155227,https://www.ncbi.nlm.nih.gov/geo/query/acc.cgi?acc=GSE155342
GSE155341,GSE155342,16,complete_containment,0,,0,0,0,high_confidence_overlap,The Ontogeny and Vulnerabilities of Lapatinib Drug Tolerant Persisters [Parental (P) vs. Drug-Tolerant Persister (DTP)],The Ontogeny and Vulnerabilities of Lapatinib Drug Tolerant Persisters,https://www.ncbi.nlm.nih.gov/geo/query/acc.cgi?acc=GSE155341,https://www.ncbi.nlm.nih.gov/geo/query/acc.cgi?acc=GSE155342
GSE155685,GSE155686,12,complete_containment,0,,0,0,0,high_confidence_overlap,Estrogen receptor beta repurposes EZH2 to suppress oncogenic NFκB signaling in triple negative breast cancer [RNA-Seq],Estrogen receptor beta repurposes EZH2 to suppress oncogenic NFκB signaling in triple negative breast cancer,https://www.ncbi.nlm.nih.gov/geo/query/acc.cgi?acc=GSE155685,https://www.ncbi.nlm.nih.gov/geo/query/acc.cgi?acc=GSE155686
GSE155978,GSE155979,2,complete_containment,0,,0,0,0,high_confidence_overlap,RNA-seq of FBXO7 knockdown in breast cancer cell line,FBXO7-EYA2 axis in cancer stem cell maintenance,https://www.ncbi.nlm.nih.gov/geo/query/acc.cgi?acc=GSE155978,https://www.ncbi.nlm.nih.gov/geo/query/acc.cgi?acc=GSE155979
GSE156353,GSE156354,6,complete_containment,0,,0,0,0,high_confidence_overlap,Transcriptomic profiling of SUM-LM1 human breast cancer cells upon treatment with recombinant Activin B or vehicle,Inter-cellular machinery governing formation of a pro-metastatic vascular niche during breast cancer colonization in lungs,https://www.ncbi.nlm.nih.gov/geo/query/acc.cgi?acc=GSE156353,https://www.ncbi.nlm.nih.gov/geo/query/acc.cgi?acc=GSE156354
GSE156354,GSE184296,6,complete_containment,0,,0,0,0,high_confidence_overlap,Inter-cellular machinery governing formation of a pro-metastatic vascular niche during breast cancer colonization in lungs,Transcriptomic profiling of SUM159 human breast cancer cells with ectopic expression of SCGB3A1,https://www.ncbi.nlm.nih.gov/geo/query/acc.cgi?acc=GSE156354,https://www.ncbi.nlm.nih.gov/geo/query/acc.cgi?acc=GSE184296
GSE156940,GSE156944,4,complete_containment,0,,0,0,0,high_confidence_overlap,HIF1A signaling selectively supports proliferation of breast cancer in the brain [F1 vs parental],HIF1A signaling selectively supports proliferation of breast cancer in the brain,https://www.ncbi.nlm.nih.gov/geo/query/acc.cgi?acc=GSE156940,https://www.ncbi.nlm.nih.gov/geo/query/acc.cgi?acc=GSE156944
GSE156941,GSE156944,3,complete_containment,0,,0,0,0,high_confidence_overlap,HIF1A signaling selectively supports proliferation of breast cancer in the brain [brain vs mammary fat pad],HIF1A signaling selectively supports proliferation of breast cancer in the brain,https://www.ncbi.nlm.nih.gov/geo/query/acc.cgi?acc=GSE156941,https://www.ncbi.nlm.nih.gov/geo/query/acc.cgi?acc=GSE156944
GSE156942,GSE156944,4,complete_containment,0,,0,0,0,high_confidence_overlap,HIF1A signaling selectively supports proliferation of breast cancer in the brain [HIF1A KD],HIF1A signaling selectively supports proliferation of breast cancer in the brain,https://www.ncbi.nlm.nih.gov/geo/query/acc.cgi?acc=GSE156942,https://www.ncbi.nlm.nih.gov/geo/query/acc.cgi?acc=GSE156944
GSE156943,GSE156944,7,complete_containment,0,,0,0,0,high_confidence_overlap,HIF1A signaling selectively supports proliferation of breast cancer in the brain [parental CTCs inVitro],HIF1A signaling selectively supports proliferation of breast cancer in the brain,https://www.ncbi.nlm.nih.gov/geo/query/acc.cgi?acc=GSE156943,https://www.ncbi.nlm.nih.gov/geo/query/acc.cgi?acc=GSE156944
GSE156943,GSE261192,0,,5,,0,0,0,manual_review_required,HIF1A signaling selectively supports proliferation of breast cancer in the brain [parental CTCs inVitro],CDKN1B (p27kip1) enhances drug tolerant persister CTCs by restricting polyploidy following mitotic inhibitors [CTClineRNAseq],https://www.ncbi.nlm.nih.gov/geo/query/acc.cgi?acc=GSE156943,https://www.ncbi.nlm.nih.gov/geo/query/acc.cgi?acc=GSE261192
GSE156943,GSE261195,0,,5,,0,0,0,manual_review_required,HIF1A signaling selectively supports proliferation of breast cancer in the brain [parental CTCs inVitro],CDKN1B (p27kip1) enhances drug tolerant persister CTCs by restricting polyploidy following mitotic inhibitors.,https://www.ncbi.nlm.nih.gov/geo/query/acc.cgi?acc=GSE156943,https://www.ncbi.nlm.nih.gov/geo/query/acc.cgi?acc=GSE261195
GSE156944,GSE261192,0,,5,,0,0,0,manual_review_required,HIF1A signaling selectively supports proliferation of breast cancer in the brain,CDKN1B (p27kip1) enhances drug tolerant persister CTCs by restricting polyploidy following mitotic inhibitors [CTClineRNAseq],https://www.ncbi.nlm.nih.gov/geo/query/acc.cgi?acc=GSE156944,https://www.ncbi.nlm.nih.gov/geo/query/acc.cgi?acc=GSE261192
GSE156944,GSE261195,0,,5,,0,0,0,manual_review_required,HIF1A signaling selectively supports proliferation of breast cancer in the brain,CDKN1B (p27kip1) enhances drug tolerant persister CTCs by restricting polyploidy following mitotic inhibitors.,https://www.ncbi.nlm.nih.gov/geo/query/acc.cgi?acc=GSE156944,https://www.ncbi.nlm.nih.gov/geo/query/acc.cgi?acc=GSE261195
GSE157383,GSE99060,0,,3,,0,0,0,manual_review_required,RNA-seq analysis of human breast cancer cell lines treated with abemaciclib,Transcriptomic analysis in breast cancer cell lines after CDK4/6 inhibition,https://www.ncbi.nlm.nih.gov/geo/query/acc.cgi?acc=GSE157383,https://www.ncbi.nlm.nih.gov/geo/query/acc.cgi?acc=GSE99060
GSE157383,GSE99063,0,,3,,0,0,0,manual_review_required,RNA-seq analysis of human breast cancer cell lines treated with abemaciclib,CDK4/6 inhibition and tumor immunity,https://www.ncbi.nlm.nih.gov/geo/query/acc.cgi?acc=GSE157383,https://www.ncbi.nlm.nih.gov/geo/query/acc.cgi?acc=GSE99063
GSE158770,GSE233498,12,complete_containment,0,,0,0,0,high_confidence_overlap,An anciently diverged family of RNA binding proteins maintain correct splicing of ultra-long exons through cryptic splice site repression [RNA-seq],An anciently diverged family of RNA binding proteins maintain correct splicing of ultra-long exons through cryptic splice site repression,https://www.ncbi.nlm.nih.gov/geo/query/acc.cgi?acc=GSE158770,https://www.ncbi.nlm.nih.gov/geo/query/acc.cgi?acc=GSE233498
GSE159282,GSE159285,9,complete_containment,0,,0,0,0,high_confidence_overlap,Identification of a minority population in breast cancer that integrates into the vasculature and initiates metastasis. [RNA-seq],LMO2 is critical for early metastatic events in breast cancer,https://www.ncbi.nlm.nih.gov/geo/query/acc.cgi?acc=GSE159282,https://www.ncbi.nlm.nih.gov/geo/query/acc.cgi?acc=GSE159285
GSE159284,GSE159285,457,complete_containment,0,,0,0,0,high_confidence_overlap,Identification of a minority population in breast cancer that integrates into the vasculature and initiates metastasis [scRNA-Seq],LMO2 is critical for early metastatic events in breast cancer,https://www.ncbi.nlm.nih.gov/geo/query/acc.cgi?acc=GSE159284,https://www.ncbi.nlm.nih.gov/geo/query/acc.cgi?acc=GSE159285
GSE159448,GSE21653,0,,3,,0,0,0,manual_review_required,RNA-Seq analysis identifies to GATA3-AS1 as a lncRNA associated with resistance to neoadjuvant chemotherapy in locally advanced breast cancer patients,A gene expression signature identifies two prognostic subgroups of basal breast cancer,https://www.ncbi.nlm.nih.gov/geo/query/acc.cgi?acc=GSE159448,https://www.ncbi.nlm.nih.gov/geo/query/acc.cgi?acc=GSE21653
GSE159448,GSE43615,0,,3,,0,0,0,manual_review_required,RNA-Seq analysis identifies to GATA3-AS1 as a lncRNA associated with resistance to neoadjuvant chemotherapy in locally advanced breast cancer patients,IRCC Breast Cancer dataset,https://www.ncbi.nlm.nih.gov/geo/query/acc.cgi?acc=GSE159448,https://www.ncbi.nlm.nih.gov/geo/query/acc.cgi?acc=GSE43615
GSE159802,GSE159803,18,complete_containment,0,,0,0,0,high_confidence_overlap,Heat Shock Factor 1 (HSF1) supports the ESR1 action in breast cancer (RNA-seq),Heat Shock Factor 1 (HSF1) supports the ESR1 action in breast cancer,https://www.ncbi.nlm.nih.gov/geo/query/acc.cgi?acc=GSE159802,https://www.ncbi.nlm.nih.gov/geo/query/acc.cgi?acc=GSE159803
GSE160001,GSE160670,12,complete_containment,0,,0,0,0,high_confidence_overlap,FOXA1-dependent responses of the HER2+ SKBR-3 cell line to lapatinib,Adaptive responses to HER2-directed therapy in breast cancer cell line models,https://www.ncbi.nlm.nih.gov/geo/query/acc.cgi?acc=GSE160001,https://www.ncbi.nlm.nih.gov/geo/query/acc.cgi?acc=GSE160670
GSE160018,GSE160670,8,complete_containment,0,,0,0,0,high_confidence_overlap,Adaptive responses of the HER2+ SKBR-3 and BT474m1 cell lines to lapatinib and JQ1,Adaptive responses to HER2-directed therapy in breast cancer cell line models,https://www.ncbi.nlm.nih.gov/geo/query/acc.cgi?acc=GSE160018,https://www.ncbi.nlm.nih.gov/geo/query/acc.cgi?acc=GSE160670
GSE160306,GSE160310,79,complete_containment,0,,0,0,0,high_confidence_overlap,In-depth transcriptomic analyses investigating molecular mechanisms underlying diabetic retinopathy (totalRNA),In-depth transcriptomic analyses investigating molecular mechanisms underlying diabetic retinopathy,https://www.ncbi.nlm.nih.gov/geo/query/acc.cgi?acc=GSE160306,https://www.ncbi.nlm.nih.gov/geo/query/acc.cgi?acc=GSE160310
GSE16066,GSE16648,6,complete_containment,0,,0,0,0,high_confidence_overlap,Networking of differentially expressed genes in CaCo2 human colon cancer cells resistant to methotrexate,Networking of differentially expressed genes in human cancer cell lines resistant to methotrexate,https://www.ncbi.nlm.nih.gov/geo/query/acc.cgi?acc=GSE16066,https://www.ncbi.nlm.nih.gov/geo/query/acc.cgi?acc=GSE16648
GSE160670,GSE161743,34,complete_containment,0,,0,0,0,high_confidence_overlap,Adaptive responses to HER2-directed therapy in breast cancer cell line models,Adaptive responses to targeted therapy in HER2-positive breast cancer (RNAseq) - TBCRC 036 / LCCC1214 / ClinicalTrials.gov Identifier: NCT01875666,https://www.ncbi.nlm.nih.gov/geo/query/acc.cgi?acc=GSE160670,https://www.ncbi.nlm.nih.gov/geo/query/acc.cgi?acc=GSE161743
GSE16070,GSE16648,6,complete_containment,0,,0,0,0,high_confidence_overlap,Networking of differentially expressed genes in human MCF7 breast cancer cells resistant to methotrexate,Networking of differentially expressed genes in human cancer cell lines resistant to methotrexate,https://www.ncbi.nlm.nih.gov/geo/query/acc.cgi?acc=GSE16070,https://www.ncbi.nlm.nih.gov/geo/query/acc.cgi?acc=GSE16648
GSE160773,GSE161146,23,complete_containment,0,,0,0,0,high_confidence_overlap,Bone invigorates metastatic seeding [RNA-seq],Bone invigorates metastatic seeding,https://www.ncbi.nlm.nih.gov/geo/query/acc.cgi?acc=GSE160773,https://www.ncbi.nlm.nih.gov/geo/query/acc.cgi?acc=GSE161146
GSE16080,GSE16648,6,complete_containment,0,,0,0,0,high_confidence_overlap,Networking of differentially expressed genes in human MDA-MB-468 breast cancer cells resistant to methotrexate,Networking of differentially expressed genes in human cancer cell lines resistant to methotrexate,https://www.ncbi.nlm.nih.gov/geo/query/acc.cgi?acc=GSE16080,https://www.ncbi.nlm.nih.gov/geo/query/acc.cgi?acc=GSE16648
GSE16082,GSE16648,6,complete_containment,0,,0,0,0,high_confidence_overlap,Networking of differentially expressed genes in human MIA PaCa2 pancreatic cancer cells resistant to methotrexate,Networking of differentially expressed genes in human cancer cell lines resistant to methotrexate,https://www.ncbi.nlm.nih.gov/geo/query/acc.cgi?acc=GSE16082,https://www.ncbi.nlm.nih.gov/geo/query/acc.cgi?acc=GSE16648
GSE16085,GSE16648,6,complete_containment,0,,0,0,0,high_confidence_overlap,Networking of differentially expressed genes in human K562 erythtoblastic leukemia cells resistant to methotrexate,Networking of differentially expressed genes in human cancer cell lines resistant to methotrexate,https://www.ncbi.nlm.nih.gov/geo/query/acc.cgi?acc=GSE16085,https://www.ncbi.nlm.nih.gov/geo/query/acc.cgi?acc=GSE16648
GSE16089,GSE16648,6,complete_containment,0,,0,0,0,high_confidence_overlap,Networking of differentially expressed genes in human Saos-2 osteosarcoma cells resistant to methotrexate,Networking of differentially expressed genes in human cancer cell lines resistant to methotrexate,https://www.ncbi.nlm.nih.gov/geo/query/acc.cgi?acc=GSE16089,https://www.ncbi.nlm.nih.gov/geo/query/acc.cgi?acc=GSE16648
GSE16113,GSE21997,0,,4,,0,0,0,manual_review_required,Activation of Host Wound Responses in Breast Cancer Microenvironment,Genomic predictors of response to doxorubicin versus docetaxel in breast cancer,https://www.ncbi.nlm.nih.gov/geo/query/acc.cgi?acc=GSE16113,https://www.ncbi.nlm.nih.gov/geo/query/acc.cgi?acc=GSE21997
GSE16113,GSE22384,0,,2,,0,0,0,manual_review_required,Activation of Host Wound Responses in Breast Cancer Microenvironment,Systematic Bias in Genomic Classification Due to Contaminating Normal Tissue in Breast Tumor Samples,https://www.ncbi.nlm.nih.gov/geo/query/acc.cgi?acc=GSE16113,https://www.ncbi.nlm.nih.gov/geo/query/acc.cgi?acc=GSE22384
GSE16113,GSE31589,45,partial_overlap,0,,0,0,0,high_confidence_overlap,Activation of Host Wound Responses in Breast Cancer Microenvironment,Expression of Epithelial-to-Mesenchymal Transition (EMT)-associated genes in extratumoral microenvironment predicts poor clinical outcome in breast cancer patients,https://www.ncbi.nlm.nih.gov/geo/query/acc.cgi?acc=GSE16113,https://www.ncbi.nlm.nih.gov/geo/query/acc.cgi?acc=GSE31589
GSE161420,GSE161423,60,complete_containment,0,,0,0,0,high_confidence_overlap,Divergent resistance mechanisms to HER2-targeted therapies in breast cancer (bulkRNA-Seq and Exome-Seq),Divergent resistance mechanisms to HER2-targeted therapies in breast cancer,https://www.ncbi.nlm.nih.gov/geo/query/acc.cgi?acc=GSE161420,https://www.ncbi.nlm.nih.gov/geo/query/acc.cgi?acc=GSE161423
GSE161422,GSE161423,4,complete_containment,0,,0,0,0,high_confidence_overlap,Divergent resistance mechanisms to HER2-targeted therapies in breast cancer (scRNA-Seq),Divergent resistance mechanisms to HER2-targeted therapies in breast cancer,https://www.ncbi.nlm.nih.gov/geo/query/acc.cgi?acc=GSE161422,https://www.ncbi.nlm.nih.gov/geo/query/acc.cgi?acc=GSE161423
GSE161760,GSE161762,6,complete_containment,0,,0,0,0,high_confidence_overlap,Persistent inflammatory stimulation drives the transition of MSCs to inflammatory CAFs that promote pro-metastatic characteristics in breast cancer cells [I],Persistent inflammatory stimulation drives the transition of MSCs to inflammatory CAFs that promote pro-metastatic characteristics in breast cancer cells,https://www.ncbi.nlm.nih.gov/geo/query/acc.cgi?acc=GSE161760,https://www.ncbi.nlm.nih.gov/geo/query/acc.cgi?acc=GSE161762
GSE161761,GSE161762,24,complete_containment,0,,0,0,0,high_confidence_overlap,Persistent inflammatory stimulation drives the transition of MSCs to inflammatory CAFs that promote pro-metastatic characteristics in breast cancer cells [II],Persistent inflammatory stimulation drives the transition of MSCs to inflammatory CAFs that promote pro-metastatic characteristics in breast cancer cells,https://www.ncbi.nlm.nih.gov/geo/query/acc.cgi?acc=GSE161761,https://www.ncbi.nlm.nih.gov/geo/query/acc.cgi?acc=GSE161762
GSE161779,GSE161853,5,complete_containment,0,,0,0,0,high_confidence_overlap,NR4A1 suppresses cancer replication stress through R-loop-dependent inhibition of immediate early gene transcriptional elongation [bulk RNA-seq],NR4A1 suppresses cancer replication stress through R-loop-dependent inhibition of immediate early gene transcriptional elongation,https://www.ncbi.nlm.nih.gov/geo/query/acc.cgi?acc=GSE161779,https://www.ncbi.nlm.nih.gov/geo/query/acc.cgi?acc=GSE161853
GSE161780,GSE161853,8,complete_containment,0,,0,0,0,high_confidence_overlap,NR4A1 suppresses cancer replication stress through R-loop-dependent inhibition of immediate early gene transcriptional elongation [PRO-seq],NR4A1 suppresses cancer replication stress through R-loop-dependent inhibition of immediate early gene transcriptional elongation,https://www.ncbi.nlm.nih.gov/geo/query/acc.cgi?acc=GSE161780,https://www.ncbi.nlm.nih.gov/geo/query/acc.cgi?acc=GSE161853
GSE161864,GSE161866,27,complete_containment,0,,0,0,0,high_confidence_overlap,WNT11/ROR2 signaling is associated with tumor invasion and poor survival in breast cancer ,WNT11 is a novel ligand for ROR2 in human breast cancer,https://www.ncbi.nlm.nih.gov/geo/query/acc.cgi?acc=GSE161864,https://www.ncbi.nlm.nih.gov/geo/query/acc.cgi?acc=GSE161866
GSE161865,GSE161866,31,complete_containment,0,,0,0,0,high_confidence_overlap,WNT11/ROR2 signaling is associated with tumor invasion and poor survival in breast cancer [patients],WNT11 is a novel ligand for ROR2 in human breast cancer,https://www.ncbi.nlm.nih.gov/geo/query/acc.cgi?acc=GSE161865,https://www.ncbi.nlm.nih.gov/geo/query/acc.cgi?acc=GSE161866
GSE161911,GSE72363,0,,2,,0,0,0,manual_review_required,Targeting Aberrant Replication and DNA Repair Events for Treating Breast Cancers,Imipramine Blue: A potent therapeutic regimen that suppresses breast cancer growth and metastasis,https://www.ncbi.nlm.nih.gov/geo/query/acc.cgi?acc=GSE161911,https://www.ncbi.nlm.nih.gov/geo/query/acc.cgi?acc=GSE72363
GSE162438,GSE162440,12,complete_containment,0,,0,0,0,high_confidence_overlap,Gene expression profile of AT1-like cells in monoculture or cocultured with control or shEphB6-depleted D2.0R-EGFP cells,EphB6,https://www.ncbi.nlm.nih.gov/geo/query/acc.cgi?acc=GSE162438,https://www.ncbi.nlm.nih.gov/geo/query/acc.cgi?acc=GSE162440
GSE162726,GSE306759,0,,1,,0,0,0,manual_review_required,Single-cell RNA-sequencing of migratory breast cancer cells: discovering genes associated with cancer metastasis,Effect of palmitate on breast cancer cells according to CD36 expression,https://www.ncbi.nlm.nih.gov/geo/query/acc.cgi?acc=GSE162726,https://www.ncbi.nlm.nih.gov/geo/query/acc.cgi?acc=GSE306759
GSE163361,GSE163397,84,complete_containment,0,,0,0,0,high_confidence_overlap,JAK-STAT signaling in inflammatory breast cancer enables chemotherapy-resistant cell states [RNA-seq],JAK-STAT signaling in inflammatory breast cancer enables chemotherapy-resistant cell states ,https://www.ncbi.nlm.nih.gov/geo/query/acc.cgi?acc=GSE163361,https://www.ncbi.nlm.nih.gov/geo/query/acc.cgi?acc=GSE163397
GSE163397,GSE163836,3,complete_containment,0,,0,0,0,high_confidence_overlap,JAK-STAT signaling in inflammatory breast cancer enables chemotherapy-resistant cell states ,JAK-STAT signaling in inflammatory breast cancer enables chemotherapy-resistant cell states  [single-cell RNA-seq],https://www.ncbi.nlm.nih.gov/geo/query/acc.cgi?acc=GSE163397,https://www.ncbi.nlm.nih.gov/geo/query/acc.cgi?acc=GSE163836
GSE163397,GSE213870,30,complete_containment,0,,0,0,0,high_confidence_overlap,JAK-STAT signaling in inflammatory breast cancer enables chemotherapy-resistant cell states ,JAK-STAT signaling in inflammatory breast cancer enables chemotherapy-resistant cell states [RNA-seq II],https://www.ncbi.nlm.nih.gov/geo/query/acc.cgi?acc=GSE163397,https://www.ncbi.nlm.nih.gov/geo/query/acc.cgi?acc=GSE213870
GSE163898,GSE163953,6,complete_containment,0,,0,0,0,high_confidence_overlap,LncRNA Uc003xsl.1 Activates of NF-κB/IL8 Axis to Promotes Triple-negative Breast Cancer Progression via A Decoy Role to NKRF [RNA-Seq],LncRNA Uc003xsl.1 Activates NF-κB/IL8 Axis to Promotes Triple-negative Breast Cancer Progression via A Decoy Role to NKRF,https://www.ncbi.nlm.nih.gov/geo/query/acc.cgi?acc=GSE163898,https://www.ncbi.nlm.nih.gov/geo/query/acc.cgi?acc=GSE163953
GSE16441,GSE16449,34,partial_overlap,0,,0,0,0,high_confidence_overlap,Identifying mRNA targets of microRNA in clear cell renal cell carcinoma,Molecular Stratification of Clear Cell Renal Cell Carcinoma Reveals Distinct Subtypes and Survival Patterns,https://www.ncbi.nlm.nih.gov/geo/query/acc.cgi?acc=GSE16441,https://www.ncbi.nlm.nih.gov/geo/query/acc.cgi?acc=GSE16449
GSE164641,GSE164694,187,complete_containment,0,,0,0,0,high_confidence_overlap,Transcriptome profiling of the normal breast of women at either high- or average risk for breast cancer [RNA-Seq],Transcriptome profiling of the normal breast of women at either high- or average risk for breast cancer,https://www.ncbi.nlm.nih.gov/geo/query/acc.cgi?acc=GSE164641,https://www.ncbi.nlm.nih.gov/geo/query/acc.cgi?acc=GSE164694
GSE164694,GSE205725,0,,4,,0,0,0,manual_review_required,Transcriptome profiling of the normal breast of women at either high- or average risk for breast cancer,Transcriptome profiling of normal breast tissue,https://www.ncbi.nlm.nih.gov/geo/query/acc.cgi?acc=GSE164694,https://www.ncbi.nlm.nih.gov/geo/query/acc.cgi?acc=GSE205725
GSE1647,GSE3178,0,,6,,0,0,0,manual_review_required,Prediction of toxicant-specific gene expression signatures following chemotherapeutic treatment of breast cell lines,Gene expression patterns associated with p53 status in breast cancer,https://www.ncbi.nlm.nih.gov/geo/query/acc.cgi?acc=GSE1647,https://www.ncbi.nlm.nih.gov/geo/query/acc.cgi?acc=GSE3178
GSE1647,GSE763,75,complete_containment,0,,0,0,0,high_confidence_overlap,Prediction of toxicant-specific gene expression signatures following chemotherapeutic treatment of breast cell lines,Cell-type specific responses to chemotherapeutics in breast cancer,https://www.ncbi.nlm.nih.gov/geo/query/acc.cgi?acc=GSE1647,https://www.ncbi.nlm.nih.gov/geo/query/acc.cgi?acc=GSE763
GSE164715,GSE164716,19,complete_containment,0,,0,0,0,high_confidence_overlap,H3K27me3 conditions chemotolerance in triple-negative breast cancer [scRNA-seq],H3K27me3 conditions chemotolerance in triple-negative breast cancer,https://www.ncbi.nlm.nih.gov/geo/query/acc.cgi?acc=GSE164715,https://www.ncbi.nlm.nih.gov/geo/query/acc.cgi?acc=GSE164716
GSE16534,GSE23768,153,complete_containment,0,,0,0,0,high_confidence_overlap,"Exon array profiling detects EML4-ALK fusion in breast, colorectal and non-small cell lung cancers.",Diverse somatic mutation patterns and pathway alterations in human cancers,https://www.ncbi.nlm.nih.gov/geo/query/acc.cgi?acc=GSE16534,https://www.ncbi.nlm.nih.gov/geo/query/acc.cgi?acc=GSE23768
GSE165571,GSE165572,12,complete_containment,0,,0,0,0,high_confidence_overlap,Hi-C profiling of cancer spheroids identifies 3D-growth-specific chromatin interactions in breast cancer endocrine resistance [RNA-Seq],Hi-C profiling of cancer spheroids identifies 3D-growth-specific chromatin interactions in breast cancer endocrine resistance,https://www.ncbi.nlm.nih.gov/geo/query/acc.cgi?acc=GSE165571,https://www.ncbi.nlm.nih.gov/geo/query/acc.cgi?acc=GSE165572
GSE166044,GSE166048,30,complete_containment,0,,0,0,0,high_confidence_overlap,Whole transcriptome analysis of breast tissues prior to breast cancer diagnosis [RNA-seq],Whole transcriptome and methylome analysis of breast tissues prior to breast cancer diagnosis,https://www.ncbi.nlm.nih.gov/geo/query/acc.cgi?acc=GSE166044,https://www.ncbi.nlm.nih.gov/geo/query/acc.cgi?acc=GSE166048
GSE166576,GSE166582,6,complete_containment,0,,0,0,0,high_confidence_overlap,Reduction N6AMT1-mediated 6mA DNA modification promotes tumor progression [RNA-seq],Reduction N6AMT1-mediated 6mA DNA modification promotes tumor progression,https://www.ncbi.nlm.nih.gov/geo/query/acc.cgi?acc=GSE166576,https://www.ncbi.nlm.nih.gov/geo/query/acc.cgi?acc=GSE166582
GSE166942,GSE166943,36,complete_containment,0,,0,0,0,high_confidence_overlap,YAP and TAZ are transcriptional co-activators of AP-1 proteins and STAT3 during breast cellular transformation (RNA-seq),YAP and TAZ are transcriptional co-activators of AP-1 proteins and STAT3 during breast cellular transformation,https://www.ncbi.nlm.nih.gov/geo/query/acc.cgi?acc=GSE166942,https://www.ncbi.nlm.nih.gov/geo/query/acc.cgi?acc=GSE166943
GSE167036,GSE190870,32,complete_containment,0,,0,0,0,high_confidence_overlap,Single cell profiling of primary and paired metastatic lymph node tumors in breast cancer patients(10x RNA and TCR), Single cell profiling of primary and paired metastatic lymph node tumors in breast cancer patients,https://www.ncbi.nlm.nih.gov/geo/query/acc.cgi?acc=GSE167036,https://www.ncbi.nlm.nih.gov/geo/query/acc.cgi?acc=GSE190870
GSE167152,GSE167154,31,complete_containment,0,,0,0,0,high_confidence_overlap,Comparative Characterization of 3D Chromatin Organization in Triple-Negative Breast Cancers [RNA-seq],Comparative Characterization of 3D Chromatin Organization in Triple-Negative Breast Cancers,https://www.ncbi.nlm.nih.gov/geo/query/acc.cgi?acc=GSE167152,https://www.ncbi.nlm.nih.gov/geo/query/acc.cgi?acc=GSE167154
GSE16716,GSE20194,278,complete_containment,0,,0,0,0,high_confidence_overlap,MicroArray Quality Control Phase II (MAQC-II) Project,MAQC-II Project: human breast cancer (BR) data set,https://www.ncbi.nlm.nih.gov/geo/query/acc.cgi?acc=GSE16716,https://www.ncbi.nlm.nih.gov/geo/query/acc.cgi?acc=GSE20194
GSE167213,GSE173991,0,,6,,0,0,0,manual_review_required,Identifying High-Risk Triple-Negative Breast Cancer Patients by Molecular Subtyping,Integrated Metabolic Profiling and Gene Expression Analysis Reveals Therapeutic Modalities in Breast Cancer,https://www.ncbi.nlm.nih.gov/geo/query/acc.cgi?acc=GSE167213,https://www.ncbi.nlm.nih.gov/geo/query/acc.cgi?acc=GSE173991
GSE167213,GSE190275,0,,51,,0,0,0,manual_review_required,Identifying High-Risk Triple-Negative Breast Cancer Patients by Molecular Subtyping,TP53 signature predicts survival outcome in triple-negative breast cancer with neoadjuvant chemotherapy,https://www.ncbi.nlm.nih.gov/geo/query/acc.cgi?acc=GSE167213,https://www.ncbi.nlm.nih.gov/geo/query/acc.cgi?acc=GSE190275
GSE167213,GSE94899,0,,5,,0,0,0,manual_review_required,Identifying High-Risk Triple-Negative Breast Cancer Patients by Molecular Subtyping,Robust Stratification of Breast Cancer Subtypes,https://www.ncbi.nlm.nih.gov/geo/query/acc.cgi?acc=GSE167213,https://www.ncbi.nlm.nih.gov/geo/query/acc.cgi?acc=GSE94899
GSE16732,GSE16795,0,,17,,0,0,0,manual_review_required,Affymetrix Gene Chip Human Exon 1.0 ST Array expression profiling of 41 human breast cancer cell lines,Affymetrix HG-U133A gene expression profiles of 39 human breast cancer cell lines,https://www.ncbi.nlm.nih.gov/geo/query/acc.cgi?acc=GSE16732,https://www.ncbi.nlm.nih.gov/geo/query/acc.cgi?acc=GSE16795
GSE16732,GSE173634,0,,9,,0,0,0,manual_review_required,Affymetrix Gene Chip Human Exon 1.0 ST Array expression profiling of 41 human breast cancer cell lines,Molecular phenotyping of breast cancer cell lines at the single-cell level for automated tumour diagnosis and prediction of drug sensitivity,https://www.ncbi.nlm.nih.gov/geo/query/acc.cgi?acc=GSE16732,https://www.ncbi.nlm.nih.gov/geo/query/acc.cgi?acc=GSE173634
GSE16732,GSE17945,0,,3,,0,0,0,manual_review_required,Affymetrix Gene Chip Human Exon 1.0 ST Array expression profiling of 41 human breast cancer cell lines,tRNA Over-Expression in Breast Cancer,https://www.ncbi.nlm.nih.gov/geo/query/acc.cgi?acc=GSE16732,https://www.ncbi.nlm.nih.gov/geo/query/acc.cgi?acc=GSE17945
GSE16732,GSE197763,0,,1,,0,0,0,manual_review_required,Affymetrix Gene Chip Human Exon 1.0 ST Array expression profiling of 41 human breast cancer cell lines,Pre-clinical validation of an RNA-based precision oncology platform for patient-therapy alignment in a diverse set of human malignancies resistant to standard treatments,https://www.ncbi.nlm.nih.gov/geo/query/acc.cgi?acc=GSE16732,https://www.ncbi.nlm.nih.gov/geo/query/acc.cgi?acc=GSE197763
GSE16732,GSE206324,0,,5,,0,0,0,manual_review_required,Affymetrix Gene Chip Human Exon 1.0 ST Array expression profiling of 41 human breast cancer cell lines,Evaluating Cancer Subtypes and Enhancer Dynamics During the Acquisition of Drug Resistance by Nascent RNA-Sequencing,https://www.ncbi.nlm.nih.gov/geo/query/acc.cgi?acc=GSE16732,https://www.ncbi.nlm.nih.gov/geo/query/acc.cgi?acc=GSE206324
GSE16732,GSE208238,0,,1,,0,0,0,manual_review_required,Affymetrix Gene Chip Human Exon 1.0 ST Array expression profiling of 41 human breast cancer cell lines,Alternative promoters and splicing create multiple functionally distinct isoforms of estrogen receptor alpha in breast cancer and healthy tissues,https://www.ncbi.nlm.nih.gov/geo/query/acc.cgi?acc=GSE16732,https://www.ncbi.nlm.nih.gov/geo/query/acc.cgi?acc=GSE208238
GSE16732,GSE212143,0,,7,,0,0,0,manual_review_required,Affymetrix Gene Chip Human Exon 1.0 ST Array expression profiling of 41 human breast cancer cell lines,Transcriptome analysis of 15 different breast cancer cell lines,https://www.ncbi.nlm.nih.gov/geo/query/acc.cgi?acc=GSE16732,https://www.ncbi.nlm.nih.gov/geo/query/acc.cgi?acc=GSE212143
GSE16732,GSE21217,0,,3,,0,0,0,manual_review_required,Affymetrix Gene Chip Human Exon 1.0 ST Array expression profiling of 41 human breast cancer cell lines,18F-fluorodeoxy-glucose positron emission tomography marks MYC-overexpressing human basal-like breast cancers.,https://www.ncbi.nlm.nih.gov/geo/query/acc.cgi?acc=GSE16732,https://www.ncbi.nlm.nih.gov/geo/query/acc.cgi?acc=GSE21217
GSE16732,GSE212854,0,,1,,0,0,0,manual_review_required,Affymetrix Gene Chip Human Exon 1.0 ST Array expression profiling of 41 human breast cancer cell lines,An RNA-based precision oncology platform for patient-therapy alignment in a diverse set of treatment resistant malignancies,https://www.ncbi.nlm.nih.gov/geo/query/acc.cgi?acc=GSE16732,https://www.ncbi.nlm.nih.gov/geo/query/acc.cgi?acc=GSE212854
GSE16732,GSE217579,0,,1,,0,0,0,manual_review_required,Affymetrix Gene Chip Human Exon 1.0 ST Array expression profiling of 41 human breast cancer cell lines,Nuclear pCHK1 as a potential biomarker of increased sensitivity to ATR inhibition,https://www.ncbi.nlm.nih.gov/geo/query/acc.cgi?acc=GSE16732,https://www.ncbi.nlm.nih.gov/geo/query/acc.cgi?acc=GSE217579
GSE16732,GSE227630,0,,1,,0,0,0,manual_review_required,Affymetrix Gene Chip Human Exon 1.0 ST Array expression profiling of 41 human breast cancer cell lines,Changes in expression of genes +/- CREB3L1 expression,https://www.ncbi.nlm.nih.gov/geo/query/acc.cgi?acc=GSE16732,https://www.ncbi.nlm.nih.gov/geo/query/acc.cgi?acc=GSE227630
GSE16732,GSE24578,0,,4,,0,0,0,manual_review_required,Affymetrix Gene Chip Human Exon 1.0 ST Array expression profiling of 41 human breast cancer cell lines,Basal gene expression of breast cancer cell lines,https://www.ncbi.nlm.nih.gov/geo/query/acc.cgi?acc=GSE16732,https://www.ncbi.nlm.nih.gov/geo/query/acc.cgi?acc=GSE24578
GSE16732,GSE24717,0,,4,,0,0,0,manual_review_required,Affymetrix Gene Chip Human Exon 1.0 ST Array expression profiling of 41 human breast cancer cell lines,Using a Stem Cell-Based Signature to Guide Therapeutic Selection in Cancer,https://www.ncbi.nlm.nih.gov/geo/query/acc.cgi?acc=GSE16732,https://www.ncbi.nlm.nih.gov/geo/query/acc.cgi?acc=GSE24717
GSE16732,GSE24737,0,,2,,0,0,0,manual_review_required,Affymetrix Gene Chip Human Exon 1.0 ST Array expression profiling of 41 human breast cancer cell lines,Large scale screening for known fusion genes in cancer cell lines,https://www.ncbi.nlm.nih.gov/geo/query/acc.cgi?acc=GSE16732,https://www.ncbi.nlm.nih.gov/geo/query/acc.cgi?acc=GSE24737
GSE16732,GSE25972,0,,1,,0,0,0,manual_review_required,Affymetrix Gene Chip Human Exon 1.0 ST Array expression profiling of 41 human breast cancer cell lines,expression of human and mouse breast cancer cell lines,https://www.ncbi.nlm.nih.gov/geo/query/acc.cgi?acc=GSE16732,https://www.ncbi.nlm.nih.gov/geo/query/acc.cgi?acc=GSE25972
GSE16732,GSE262110,0,,1,,0,0,0,manual_review_required,Affymetrix Gene Chip Human Exon 1.0 ST Array expression profiling of 41 human breast cancer cell lines,Patient-derived response estimates from zero-passage organoids of luminal breast cancer,https://www.ncbi.nlm.nih.gov/geo/query/acc.cgi?acc=GSE16732,https://www.ncbi.nlm.nih.gov/geo/query/acc.cgi?acc=GSE262110
GSE16732,GSE28866,0,,2,,0,0,0,manual_review_required,Affymetrix Gene Chip Human Exon 1.0 ST Array expression profiling of 41 human breast cancer cell lines,Transcriptional profiling of lncRNAs and novel transcribed regions across a diverse panel of archived human cancers,https://www.ncbi.nlm.nih.gov/geo/query/acc.cgi?acc=GSE16732,https://www.ncbi.nlm.nih.gov/geo/query/acc.cgi?acc=GSE28866
GSE16732,GSE32905,0,,1,,0,0,0,manual_review_required,Affymetrix Gene Chip Human Exon 1.0 ST Array expression profiling of 41 human breast cancer cell lines,EMT inducers catalyze malignant transformation of mammary epithelial cells and drive tumorigenesis towards claudin-low tumors,https://www.ncbi.nlm.nih.gov/geo/query/acc.cgi?acc=GSE16732,https://www.ncbi.nlm.nih.gov/geo/query/acc.cgi?acc=GSE32905
GSE16732,GSE3353,0,,1,,0,0,0,manual_review_required,Affymetrix Gene Chip Human Exon 1.0 ST Array expression profiling of 41 human breast cancer cell lines,A comparison of gene expression signatures from breast tumors and breast tissue derived cell lines,https://www.ncbi.nlm.nih.gov/geo/query/acc.cgi?acc=GSE16732,https://www.ncbi.nlm.nih.gov/geo/query/acc.cgi?acc=GSE3353
GSE16732,GSE4000,0,,1,,0,0,0,manual_review_required,Affymetrix Gene Chip Human Exon 1.0 ST Array expression profiling of 41 human breast cancer cell lines,A molecular 'signature' of primary breast cancer cultures; patterns resembling tumor tissue.,https://www.ncbi.nlm.nih.gov/geo/query/acc.cgi?acc=GSE16732,https://www.ncbi.nlm.nih.gov/geo/query/acc.cgi?acc=GSE4000
GSE16732,GSE40559,0,,1,,0,0,0,manual_review_required,Affymetrix Gene Chip Human Exon 1.0 ST Array expression profiling of 41 human breast cancer cell lines,Gene expression profiles of 5 cancer cell lines,https://www.ncbi.nlm.nih.gov/geo/query/acc.cgi?acc=GSE16732,https://www.ncbi.nlm.nih.gov/geo/query/acc.cgi?acc=GSE40559
GSE16732,GSE41119,0,,6,,0,0,0,manual_review_required,Affymetrix Gene Chip Human Exon 1.0 ST Array expression profiling of 41 human breast cancer cell lines,Molecular Characterization of Basal-like and Non-Basal-like Triple-Negative Breast Cancers,https://www.ncbi.nlm.nih.gov/geo/query/acc.cgi?acc=GSE16732,https://www.ncbi.nlm.nih.gov/geo/query/acc.cgi?acc=GSE41119
GSE16732,GSE46073,0,,1,,0,0,0,manual_review_required,Affymetrix Gene Chip Human Exon 1.0 ST Array expression profiling of 41 human breast cancer cell lines,Gene expression and genome-wide location analysis of breast cancer cell-lines,https://www.ncbi.nlm.nih.gov/geo/query/acc.cgi?acc=GSE16732,https://www.ncbi.nlm.nih.gov/geo/query/acc.cgi?acc=GSE46073
GSE16732,GSE46834,0,,2,,0,0,0,manual_review_required,Affymetrix Gene Chip Human Exon 1.0 ST Array expression profiling of 41 human breast cancer cell lines,Gene expression profiles of human breast cancer cell lines,https://www.ncbi.nlm.nih.gov/geo/query/acc.cgi?acc=GSE16732,https://www.ncbi.nlm.nih.gov/geo/query/acc.cgi?acc=GSE46834
GSE16732,GSE50470,0,,2,,0,0,0,manual_review_required,Affymetrix Gene Chip Human Exon 1.0 ST Array expression profiling of 41 human breast cancer cell lines,Characterization of Cell Lines Derived from Breast Cancers and Normal Mammary Tissues for the Study of the Intrinsic Molecular Subtypes,https://www.ncbi.nlm.nih.gov/geo/query/acc.cgi?acc=GSE16732,https://www.ncbi.nlm.nih.gov/geo/query/acc.cgi?acc=GSE50470
GSE16732,GSE52643,0,,4,,0,0,0,manual_review_required,Affymetrix Gene Chip Human Exon 1.0 ST Array expression profiling of 41 human breast cancer cell lines,Fusion discovery in breast cancer cell line,https://www.ncbi.nlm.nih.gov/geo/query/acc.cgi?acc=GSE16732,https://www.ncbi.nlm.nih.gov/geo/query/acc.cgi?acc=GSE52643
GSE16732,GSE57083,0,,3,,0,0,0,manual_review_required,Affymetrix Gene Chip Human Exon 1.0 ST Array expression profiling of 41 human breast cancer cell lines,Expression data from AstraZeneca internal cell lines,https://www.ncbi.nlm.nih.gov/geo/query/acc.cgi?acc=GSE16732,https://www.ncbi.nlm.nih.gov/geo/query/acc.cgi?acc=GSE57083
GSE16732,GSE58135,0,,11,,0,0,0,manual_review_required,Affymetrix Gene Chip Human Exon 1.0 ST Array expression profiling of 41 human breast cancer cell lines,Breast Cancer RNA-seq,https://www.ncbi.nlm.nih.gov/geo/query/acc.cgi?acc=GSE16732,https://www.ncbi.nlm.nih.gov/geo/query/acc.cgi?acc=GSE58135
GSE16732,GSE59242,0,,10,,0,0,0,manual_review_required,Affymetrix Gene Chip Human Exon 1.0 ST Array expression profiling of 41 human breast cancer cell lines,Profiling of human cancer breast cell lines (Affymetrix),https://www.ncbi.nlm.nih.gov/geo/query/acc.cgi?acc=GSE16732,https://www.ncbi.nlm.nih.gov/geo/query/acc.cgi?acc=GSE59242
GSE16732,GSE65314,0,,1,,0,0,0,manual_review_required,Affymetrix Gene Chip Human Exon 1.0 ST Array expression profiling of 41 human breast cancer cell lines,Experimental gene expression analysis of 12 cancer cell lines,https://www.ncbi.nlm.nih.gov/geo/query/acc.cgi?acc=GSE16732,https://www.ncbi.nlm.nih.gov/geo/query/acc.cgi?acc=GSE65314
GSE16732,GSE73526,0,,25,,0,0,0,manual_review_required,Affymetrix Gene Chip Human Exon 1.0 ST Array expression profiling of 41 human breast cancer cell lines,"The Functional Genomic Landscape of Human Breast Cancer Drivers, Vulnerabilities, and Resistance (RNASeq)",https://www.ncbi.nlm.nih.gov/geo/query/acc.cgi?acc=GSE16732,https://www.ncbi.nlm.nih.gov/geo/query/acc.cgi?acc=GSE73526
GSE16732,GSE81032,0,,1,,0,0,0,manual_review_required,Affymetrix Gene Chip Human Exon 1.0 ST Array expression profiling of 41 human breast cancer cell lines,Comparative proteomics and transcriptomics study of signaling network proteins across multiple normal and cancer cell lines,https://www.ncbi.nlm.nih.gov/geo/query/acc.cgi?acc=GSE16732,https://www.ncbi.nlm.nih.gov/geo/query/acc.cgi?acc=GSE81032
GSE16732,GSE87006,0,,7,,0,0,0,manual_review_required,Affymetrix Gene Chip Human Exon 1.0 ST Array expression profiling of 41 human breast cancer cell lines,CDK4 phosphorylation status and a linked gene expression profile predict sensitivity to Palbociclib [lines],https://www.ncbi.nlm.nih.gov/geo/query/acc.cgi?acc=GSE16732,https://www.ncbi.nlm.nih.gov/geo/query/acc.cgi?acc=GSE87006
GSE16732,GSE87008,0,,7,,0,0,0,manual_review_required,Affymetrix Gene Chip Human Exon 1.0 ST Array expression profiling of 41 human breast cancer cell lines,CDK4 phosphorylation status and a linked gene expression profile predict sensitivity to Palbociclib,https://www.ncbi.nlm.nih.gov/geo/query/acc.cgi?acc=GSE16732,https://www.ncbi.nlm.nih.gov/geo/query/acc.cgi?acc=GSE87008
GSE167452,GSE167453,34,complete_containment,0,,0,0,0,high_confidence_overlap,Histone citrullination in estrogen receptor signaling and breast cancer [PRO-seq],Histone citrullination in estrogen receptor signaling and breast cancer,https://www.ncbi.nlm.nih.gov/geo/query/acc.cgi?acc=GSE167452,https://www.ncbi.nlm.nih.gov/geo/query/acc.cgi?acc=GSE167453
GSE16795,GSE173634,0,,9,,0,0,0,manual_review_required,Affymetrix HG-U133A gene expression profiles of 39 human breast cancer cell lines,Molecular phenotyping of breast cancer cell lines at the single-cell level for automated tumour diagnosis and prediction of drug sensitivity,https://www.ncbi.nlm.nih.gov/geo/query/acc.cgi?acc=GSE16795,https://www.ncbi.nlm.nih.gov/geo/query/acc.cgi?acc=GSE173634
GSE16795,GSE17945,0,,3,,0,0,0,manual_review_required,Affymetrix HG-U133A gene expression profiles of 39 human breast cancer cell lines,tRNA Over-Expression in Breast Cancer,https://www.ncbi.nlm.nih.gov/geo/query/acc.cgi?acc=GSE16795,https://www.ncbi.nlm.nih.gov/geo/query/acc.cgi?acc=GSE17945
GSE16795,GSE197763,0,,1,,0,0,0,manual_review_required,Affymetrix HG-U133A gene expression profiles of 39 human breast cancer cell lines,Pre-clinical validation of an RNA-based precision oncology platform for patient-therapy alignment in a diverse set of human malignancies resistant to standard treatments,https://www.ncbi.nlm.nih.gov/geo/query/acc.cgi?acc=GSE16795,https://www.ncbi.nlm.nih.gov/geo/query/acc.cgi?acc=GSE197763
GSE16795,GSE206324,0,,3,,0,0,0,manual_review_required,Affymetrix HG-U133A gene expression profiles of 39 human breast cancer cell lines,Evaluating Cancer Subtypes and Enhancer Dynamics During the Acquisition of Drug Resistance by Nascent RNA-Sequencing,https://www.ncbi.nlm.nih.gov/geo/query/acc.cgi?acc=GSE16795,https://www.ncbi.nlm.nih.gov/geo/query/acc.cgi?acc=GSE206324
GSE16795,GSE208238,0,,1,,0,0,0,manual_review_required,Affymetrix HG-U133A gene expression profiles of 39 human breast cancer cell lines,Alternative promoters and splicing create multiple functionally distinct isoforms of estrogen receptor alpha in breast cancer and healthy tissues,https://www.ncbi.nlm.nih.gov/geo/query/acc.cgi?acc=GSE16795,https://www.ncbi.nlm.nih.gov/geo/query/acc.cgi?acc=GSE208238
GSE16795,GSE212143,0,,7,,0,0,0,manual_review_required,Affymetrix HG-U133A gene expression profiles of 39 human breast cancer cell lines,Transcriptome analysis of 15 different breast cancer cell lines,https://www.ncbi.nlm.nih.gov/geo/query/acc.cgi?acc=GSE16795,https://www.ncbi.nlm.nih.gov/geo/query/acc.cgi?acc=GSE212143
GSE16795,GSE21217,0,,3,,0,0,0,manual_review_required,Affymetrix HG-U133A gene expression profiles of 39 human breast cancer cell lines,18F-fluorodeoxy-glucose positron emission tomography marks MYC-overexpressing human basal-like breast cancers.,https://www.ncbi.nlm.nih.gov/geo/query/acc.cgi?acc=GSE16795,https://www.ncbi.nlm.nih.gov/geo/query/acc.cgi?acc=GSE21217
GSE16795,GSE212854,0,,1,,0,0,0,manual_review_required,Affymetrix HG-U133A gene expression profiles of 39 human breast cancer cell lines,An RNA-based precision oncology platform for patient-therapy alignment in a diverse set of treatment resistant malignancies,https://www.ncbi.nlm.nih.gov/geo/query/acc.cgi?acc=GSE16795,https://www.ncbi.nlm.nih.gov/geo/query/acc.cgi?acc=GSE212854
GSE16795,GSE217579,0,,1,,0,0,0,manual_review_required,Affymetrix HG-U133A gene expression profiles of 39 human breast cancer cell lines,Nuclear pCHK1 as a potential biomarker of increased sensitivity to ATR inhibition,https://www.ncbi.nlm.nih.gov/geo/query/acc.cgi?acc=GSE16795,https://www.ncbi.nlm.nih.gov/geo/query/acc.cgi?acc=GSE217579
GSE16795,GSE227630,0,,1,,0,0,0,manual_review_required,Affymetrix HG-U133A gene expression profiles of 39 human breast cancer cell lines,Changes in expression of genes +/- CREB3L1 expression,https://www.ncbi.nlm.nih.gov/geo/query/acc.cgi?acc=GSE16795,https://www.ncbi.nlm.nih.gov/geo/query/acc.cgi?acc=GSE227630
GSE16795,GSE228275,0,,4,,0,0,0,manual_review_required,Affymetrix HG-U133A gene expression profiles of 39 human breast cancer cell lines,"Gene expression profile at single cell level of SUM149PT, SUM185PE, SUM229PE, SUM159PT and SUM1315MO2 cell lines",https://www.ncbi.nlm.nih.gov/geo/query/acc.cgi?acc=GSE16795,https://www.ncbi.nlm.nih.gov/geo/query/acc.cgi?acc=GSE228275
GSE16795,GSE228382,0,,4,,0,0,0,manual_review_required,Affymetrix HG-U133A gene expression profiles of 39 human breast cancer cell lines,Single cell lineage tracing reveals clonal dynamics of anti-EGFR therapy resistance in triple negative breast cancer.,https://www.ncbi.nlm.nih.gov/geo/query/acc.cgi?acc=GSE16795,https://www.ncbi.nlm.nih.gov/geo/query/acc.cgi?acc=GSE228382
GSE16795,GSE24578,0,,4,,0,0,0,manual_review_required,Affymetrix HG-U133A gene expression profiles of 39 human breast cancer cell lines,Basal gene expression of breast cancer cell lines,https://www.ncbi.nlm.nih.gov/geo/query/acc.cgi?acc=GSE16795,https://www.ncbi.nlm.nih.gov/geo/query/acc.cgi?acc=GSE24578
GSE16795,GSE24717,0,,4,,0,0,0,manual_review_required,Affymetrix HG-U133A gene expression profiles of 39 human breast cancer cell lines,Using a Stem Cell-Based Signature to Guide Therapeutic Selection in Cancer,https://www.ncbi.nlm.nih.gov/geo/query/acc.cgi?acc=GSE16795,https://www.ncbi.nlm.nih.gov/geo/query/acc.cgi?acc=GSE24717
GSE16795,GSE24737,0,,2,,0,0,0,manual_review_required,Affymetrix HG-U133A gene expression profiles of 39 human breast cancer cell lines,Large scale screening for known fusion genes in cancer cell lines,https://www.ncbi.nlm.nih.gov/geo/query/acc.cgi?acc=GSE16795,https://www.ncbi.nlm.nih.gov/geo/query/acc.cgi?acc=GSE24737
GSE16795,GSE262110,0,,1,,0,0,0,manual_review_required,Affymetrix HG-U133A gene expression profiles of 39 human breast cancer cell lines,Patient-derived response estimates from zero-passage organoids of luminal breast cancer,https://www.ncbi.nlm.nih.gov/geo/query/acc.cgi?acc=GSE16795,https://www.ncbi.nlm.nih.gov/geo/query/acc.cgi?acc=GSE262110
GSE16795,GSE28866,0,,2,,0,0,0,manual_review_required,Affymetrix HG-U133A gene expression profiles of 39 human breast cancer cell lines,Transcriptional profiling of lncRNAs and novel transcribed regions across a diverse panel of archived human cancers,https://www.ncbi.nlm.nih.gov/geo/query/acc.cgi?acc=GSE16795,https://www.ncbi.nlm.nih.gov/geo/query/acc.cgi?acc=GSE28866
GSE16795,GSE32905,0,,1,,0,0,0,manual_review_required,Affymetrix HG-U133A gene expression profiles of 39 human breast cancer cell lines,EMT inducers catalyze malignant transformation of mammary epithelial cells and drive tumorigenesis towards claudin-low tumors,https://www.ncbi.nlm.nih.gov/geo/query/acc.cgi?acc=GSE16795,https://www.ncbi.nlm.nih.gov/geo/query/acc.cgi?acc=GSE32905
GSE16795,GSE3353,0,,1,,0,0,0,manual_review_required,Affymetrix HG-U133A gene expression profiles of 39 human breast cancer cell lines,A comparison of gene expression signatures from breast tumors and breast tissue derived cell lines,https://www.ncbi.nlm.nih.gov/geo/query/acc.cgi?acc=GSE16795,https://www.ncbi.nlm.nih.gov/geo/query/acc.cgi?acc=GSE3353
GSE16795,GSE4000,0,,1,,0,0,0,manual_review_required,Affymetrix HG-U133A gene expression profiles of 39 human breast cancer cell lines,A molecular 'signature' of primary breast cancer cultures; patterns resembling tumor tissue.,https://www.ncbi.nlm.nih.gov/geo/query/acc.cgi?acc=GSE16795,https://www.ncbi.nlm.nih.gov/geo/query/acc.cgi?acc=GSE4000
GSE16795,GSE40559,0,,1,,0,0,0,manual_review_required,Affymetrix HG-U133A gene expression profiles of 39 human breast cancer cell lines,Gene expression profiles of 5 cancer cell lines,https://www.ncbi.nlm.nih.gov/geo/query/acc.cgi?acc=GSE16795,https://www.ncbi.nlm.nih.gov/geo/query/acc.cgi?acc=GSE40559
GSE16795,GSE41119,0,,4,,0,0,0,manual_review_required,Affymetrix HG-U133A gene expression profiles of 39 human breast cancer cell lines,Molecular Characterization of Basal-like and Non-Basal-like Triple-Negative Breast Cancers,https://www.ncbi.nlm.nih.gov/geo/query/acc.cgi?acc=GSE16795,https://www.ncbi.nlm.nih.gov/geo/query/acc.cgi?acc=GSE41119
GSE16795,GSE50470,0,,1,,0,0,0,manual_review_required,Affymetrix HG-U133A gene expression profiles of 39 human breast cancer cell lines,Characterization of Cell Lines Derived from Breast Cancers and Normal Mammary Tissues for the Study of the Intrinsic Molecular Subtypes,https://www.ncbi.nlm.nih.gov/geo/query/acc.cgi?acc=GSE16795,https://www.ncbi.nlm.nih.gov/geo/query/acc.cgi?acc=GSE50470
GSE16795,GSE52643,0,,4,,0,0,0,manual_review_required,Affymetrix HG-U133A gene expression profiles of 39 human breast cancer cell lines,Fusion discovery in breast cancer cell line,https://www.ncbi.nlm.nih.gov/geo/query/acc.cgi?acc=GSE16795,https://www.ncbi.nlm.nih.gov/geo/query/acc.cgi?acc=GSE52643
GSE16795,GSE57083,0,,3,,0,0,0,manual_review_required,Affymetrix HG-U133A gene expression profiles of 39 human breast cancer cell lines,Expression data from AstraZeneca internal cell lines,https://www.ncbi.nlm.nih.gov/geo/query/acc.cgi?acc=GSE16795,https://www.ncbi.nlm.nih.gov/geo/query/acc.cgi?acc=GSE57083
GSE16795,GSE58135,0,,9,,0,0,0,manual_review_required,Affymetrix HG-U133A gene expression profiles of 39 human breast cancer cell lines,Breast Cancer RNA-seq,https://www.ncbi.nlm.nih.gov/geo/query/acc.cgi?acc=GSE16795,https://www.ncbi.nlm.nih.gov/geo/query/acc.cgi?acc=GSE58135
GSE16795,GSE59242,0,,13,,0,0,0,manual_review_required,Affymetrix HG-U133A gene expression profiles of 39 human breast cancer cell lines,Profiling of human cancer breast cell lines (Affymetrix),https://www.ncbi.nlm.nih.gov/geo/query/acc.cgi?acc=GSE16795,https://www.ncbi.nlm.nih.gov/geo/query/acc.cgi?acc=GSE59242
GSE16795,GSE65314,0,,1,,0,0,0,manual_review_required,Affymetrix HG-U133A gene expression profiles of 39 human breast cancer cell lines,Experimental gene expression analysis of 12 cancer cell lines,https://www.ncbi.nlm.nih.gov/geo/query/acc.cgi?acc=GSE16795,https://www.ncbi.nlm.nih.gov/geo/query/acc.cgi?acc=GSE65314
GSE16795,GSE73526,0,,17,,0,0,0,manual_review_required,Affymetrix HG-U133A gene expression profiles of 39 human breast cancer cell lines,"The Functional Genomic Landscape of Human Breast Cancer Drivers, Vulnerabilities, and Resistance (RNASeq)",https://www.ncbi.nlm.nih.gov/geo/query/acc.cgi?acc=GSE16795,https://www.ncbi.nlm.nih.gov/geo/query/acc.cgi?acc=GSE73526
GSE16795,GSE81032,0,,1,,0,0,0,manual_review_required,Affymetrix HG-U133A gene expression profiles of 39 human breast cancer cell lines,Comparative proteomics and transcriptomics study of signaling network proteins across multiple normal and cancer cell lines,https://www.ncbi.nlm.nih.gov/geo/query/acc.cgi?acc=GSE16795,https://www.ncbi.nlm.nih.gov/geo/query/acc.cgi?acc=GSE81032
GSE16795,GSE87006,0,,7,,0,0,0,manual_review_required,Affymetrix HG-U133A gene expression profiles of 39 human breast cancer cell lines,CDK4 phosphorylation status and a linked gene expression profile predict sensitivity to Palbociclib [lines],https://www.ncbi.nlm.nih.gov/geo/query/acc.cgi?acc=GSE16795,https://www.ncbi.nlm.nih.gov/geo/query/acc.cgi?acc=GSE87006
GSE16795,GSE87008,0,,7,,0,0,0,manual_review_required,Affymetrix HG-U133A gene expression profiles of 39 human breast cancer cell lines,CDK4 phosphorylation status and a linked gene expression profile predict sensitivity to Palbociclib,https://www.ncbi.nlm.nih.gov/geo/query/acc.cgi?acc=GSE16795,https://www.ncbi.nlm.nih.gov/geo/query/acc.cgi?acc=GSE87008
GSE168023,GSE168027,16,complete_containment,0,,0,0,0,high_confidence_overlap,Enhancer reactivation mediates adaptive resistance to FGFR inhibitors in triple-negative breast cancer [RNA_seq],Enhancer reactivation mediates adaptive resistance to FGFR inhibitors in triple-negative breast cancer,https://www.ncbi.nlm.nih.gov/geo/query/acc.cgi?acc=GSE168023,https://www.ncbi.nlm.nih.gov/geo/query/acc.cgi?acc=GSE168027
GSE168027,GSE181471,8,complete_containment,0,,0,0,0,high_confidence_overlap,Enhancer reactivation mediates adaptive resistance to FGFR inhibitors in triple-negative breast cancer,Enhancer reactivation mediates adaptive resistance to FGFR inhibitors in triple-negative breast cancer [PDX_RNA_seq],https://www.ncbi.nlm.nih.gov/geo/query/acc.cgi?acc=GSE168027,https://www.ncbi.nlm.nih.gov/geo/query/acc.cgi?acc=GSE181471
GSE168027,GSE76460,0,,2,,0,0,0,manual_review_required,Enhancer reactivation mediates adaptive resistance to FGFR inhibitors in triple-negative breast cancer,The Chromatin-Looping Factor ZNF143 Engages at Looping Promoters to Favor the Estrogen Response in Breast Cancer,https://www.ncbi.nlm.nih.gov/geo/query/acc.cgi?acc=GSE168027,https://www.ncbi.nlm.nih.gov/geo/query/acc.cgi?acc=GSE76460
GSE168027,GSE85141,0,,2,,0,0,0,manual_review_required,Enhancer reactivation mediates adaptive resistance to FGFR inhibitors in triple-negative breast cancer,Gene expression profile perturbed by ATRA,https://www.ncbi.nlm.nih.gov/geo/query/acc.cgi?acc=GSE168027,https://www.ncbi.nlm.nih.gov/geo/query/acc.cgi?acc=GSE85141
GSE169016,GSE169018,6,complete_containment,0,,0,0,0,high_confidence_overlap,Continuous inflammatory stimulation leads via metabolic plasticity to a pro-metastatic phenotype in triple-negative breast cancer cells I,Continuous inflammatory stimulation leads via metabolic plasticity to a pro-metastatic phenotype in triple-negative breast cancer cells,https://www.ncbi.nlm.nih.gov/geo/query/acc.cgi?acc=GSE169016,https://www.ncbi.nlm.nih.gov/geo/query/acc.cgi?acc=GSE169018
GSE169017,GSE169018,6,complete_containment,0,,0,0,0,high_confidence_overlap,Continuous inflammatory stimulation leads via metabolic plasticity to a pro-metastatic phenotype in triple-negative breast cancer cells II,Continuous inflammatory stimulation leads via metabolic plasticity to a pro-metastatic phenotype in triple-negative breast cancer cells,https://www.ncbi.nlm.nih.gov/geo/query/acc.cgi?acc=GSE169017,https://www.ncbi.nlm.nih.gov/geo/query/acc.cgi?acc=GSE169018
GSE169079,GSE169096,4,complete_containment,0,,0,0,0,high_confidence_overlap,RAC1 is an essential cofactor for estrogen receptor alpha [RNA-seq 1],RAC1 is an essential cofactor for estrogen receptor alpha,https://www.ncbi.nlm.nih.gov/geo/query/acc.cgi?acc=GSE169079,https://www.ncbi.nlm.nih.gov/geo/query/acc.cgi?acc=GSE169096
GSE169091,GSE169096,10,complete_containment,0,,0,0,0,high_confidence_overlap,RAC1 is an essential cofactor for estrogen receptor alpha [RNA-seq 2],RAC1 is an essential cofactor for estrogen receptor alpha,https://www.ncbi.nlm.nih.gov/geo/query/acc.cgi?acc=GSE169091,https://www.ncbi.nlm.nih.gov/geo/query/acc.cgi?acc=GSE169096
GSE17040,GSE17041,46,near_containment,0,,0,0,0,high_confidence_overlap,Functional ER alpha transcriptional regulatory network for cell cycle in an ER(+) breast cancer subgroup,Statistical identification of gene association by CID in application of constructing ER regulatory network,https://www.ncbi.nlm.nih.gov/geo/query/acc.cgi?acc=GSE17040,https://www.ncbi.nlm.nih.gov/geo/query/acc.cgi?acc=GSE17041
GSE17040,GSE32641,11,partial_overlap,0,,0,0,0,high_confidence_overlap,Functional ER alpha transcriptional regulatory network for cell cycle in an ER(+) breast cancer subgroup,Major functional transcriptome of an inferred center regulator of an ER(-) breast cancer model system,https://www.ncbi.nlm.nih.gov/geo/query/acc.cgi?acc=GSE17040,https://www.ncbi.nlm.nih.gov/geo/query/acc.cgi?acc=GSE32641
GSE17040,GSE9309,55,near_containment,0,,0,0,0,high_confidence_overlap,Functional ER alpha transcriptional regulatory network for cell cycle in an ER(+) breast cancer subgroup,Recovery of biological information under heterogeneous experimental conditions using subgroup standardization.,https://www.ncbi.nlm.nih.gov/geo/query/acc.cgi?acc=GSE17040,https://www.ncbi.nlm.nih.gov/geo/query/acc.cgi?acc=GSE9309
GSE17041,GSE32641,11,partial_overlap,0,,0,0,0,high_confidence_overlap,Statistical identification of gene association by CID in application of constructing ER regulatory network,Major functional transcriptome of an inferred center regulator of an ER(-) breast cancer model system,https://www.ncbi.nlm.nih.gov/geo/query/acc.cgi?acc=GSE17041,https://www.ncbi.nlm.nih.gov/geo/query/acc.cgi?acc=GSE32641
GSE17041,GSE9309,48,complete_containment,0,,0,0,0,high_confidence_overlap,Statistical identification of gene association by CID in application of constructing ER regulatory network,Recovery of biological information under heterogeneous experimental conditions using subgroup standardization.,https://www.ncbi.nlm.nih.gov/geo/query/acc.cgi?acc=GSE17041,https://www.ncbi.nlm.nih.gov/geo/query/acc.cgi?acc=GSE9309
GSE1706,GSE26338,1,partial_overlap,0,,0,0,0,high_confidence_overlap,High Reproducibility Using Sodium Hydroxide Stripped Long Oligonucleotide DNA Microarrays,"Genomic analysis identifies unique signatures predictive of brain, lung, and liver relapse",https://www.ncbi.nlm.nih.gov/geo/query/acc.cgi?acc=GSE1706,https://www.ncbi.nlm.nih.gov/geo/query/acc.cgi?acc=GSE26338
GSE171073,GSE171074,16,complete_containment,0,,0,0,0,high_confidence_overlap,Epigenetic therapy suppresses tumour growth by rewiring ER-mediated long-range chromatin interactions in ER+ endocrine-resistant breast cancer [RNA-seq],The potential of epigenetic therapy to target the 3D epigenome in endocrine-resistant breast cancer,https://www.ncbi.nlm.nih.gov/geo/query/acc.cgi?acc=GSE171073,https://www.ncbi.nlm.nih.gov/geo/query/acc.cgi?acc=GSE171074
GSE171445,GSE171447,6,complete_containment,0,,0,0,0,high_confidence_overlap,Effect of Mll3 deletion in MCF7 cells,MLL3 loss drives metastasis and therapeutic resistance by promoting a hybrid EMT state,https://www.ncbi.nlm.nih.gov/geo/query/acc.cgi?acc=GSE171445,https://www.ncbi.nlm.nih.gov/geo/query/acc.cgi?acc=GSE171447
GSE171447,GSE206653,6,complete_containment,0,,0,0,0,high_confidence_overlap,MLL3 loss drives metastasis and therapeutic resistance by promoting a hybrid EMT state,MLL3 Loss Drives Metastasis by Promoting a Hybrid Epithelial-Mesenchymal Transition State [RNA-seq EM vs M],https://www.ncbi.nlm.nih.gov/geo/query/acc.cgi?acc=GSE171447,https://www.ncbi.nlm.nih.gov/geo/query/acc.cgi?acc=GSE206653
GSE171447,GSE206655,6,complete_containment,0,,0,0,0,high_confidence_overlap,MLL3 loss drives metastasis and therapeutic resistance by promoting a hybrid EMT state,MLL3 Loss Drives Metastasis by Promoting a Hybrid Epithelial-Mesenchymal Transition State [RNA-seq MDA231 KO vs WT],https://www.ncbi.nlm.nih.gov/geo/query/acc.cgi?acc=GSE171447,https://www.ncbi.nlm.nih.gov/geo/query/acc.cgi?acc=GSE206655
GSE171957,GSE171958,11,complete_containment,0,,0,0,0,high_confidence_overlap,Multi-omics data integration reveals correlated regulatory features of triple negative breast cancer [RNA-seq],Multi-omics data integration reveals correlated regulatory features of triple negative breast cancer,https://www.ncbi.nlm.nih.gov/geo/query/acc.cgi?acc=GSE171957,https://www.ncbi.nlm.nih.gov/geo/query/acc.cgi?acc=GSE171958
GSE171957,GSE17945,0,,2,,0,0,0,manual_review_required,Multi-omics data integration reveals correlated regulatory features of triple negative breast cancer [RNA-seq],tRNA Over-Expression in Breast Cancer,https://www.ncbi.nlm.nih.gov/geo/query/acc.cgi?acc=GSE171957,https://www.ncbi.nlm.nih.gov/geo/query/acc.cgi?acc=GSE17945
GSE171957,GSE207696,0,,1,,0,0,0,manual_review_required,Multi-omics data integration reveals correlated regulatory features of triple negative breast cancer [RNA-seq],Identification of recurrent chromosome breaks underlying structural rearrangements in mammary cancer cell lines [RNA-seq],https://www.ncbi.nlm.nih.gov/geo/query/acc.cgi?acc=GSE171957,https://www.ncbi.nlm.nih.gov/geo/query/acc.cgi?acc=GSE207696
GSE171958,GSE17945,0,,2,,0,0,0,manual_review_required,Multi-omics data integration reveals correlated regulatory features of triple negative breast cancer,tRNA Over-Expression in Breast Cancer,https://www.ncbi.nlm.nih.gov/geo/query/acc.cgi?acc=GSE171958,https://www.ncbi.nlm.nih.gov/geo/query/acc.cgi?acc=GSE17945
GSE171958,GSE207696,0,,1,,0,0,0,manual_review_required,Multi-omics data integration reveals correlated regulatory features of triple negative breast cancer,Identification of recurrent chromosome breaks underlying structural rearrangements in mammary cancer cell lines [RNA-seq],https://www.ncbi.nlm.nih.gov/geo/query/acc.cgi?acc=GSE171958,https://www.ncbi.nlm.nih.gov/geo/query/acc.cgi?acc=GSE207696
GSE172159,GSE217579,0,,1,,0,0,0,manual_review_required,mRNA expression profiles of 223 cancer cell lines including newly established ones,Nuclear pCHK1 as a potential biomarker of increased sensitivity to ATR inhibition,https://www.ncbi.nlm.nih.gov/geo/query/acc.cgi?acc=GSE172159,https://www.ncbi.nlm.nih.gov/geo/query/acc.cgi?acc=GSE217579
GSE172159,GSE57083,0,,1,,0,0,0,manual_review_required,mRNA expression profiles of 223 cancer cell lines including newly established ones,Expression data from AstraZeneca internal cell lines,https://www.ncbi.nlm.nih.gov/geo/query/acc.cgi?acc=GSE172159,https://www.ncbi.nlm.nih.gov/geo/query/acc.cgi?acc=GSE57083
GSE172175,GSE172178,4,complete_containment,0,,0,0,0,high_confidence_overlap,Expression data from MCF-7 cells treated with p300 KAT inhibitor A-485,MCF-7 cells treated with p300 KAT inhibitor A-485,https://www.ncbi.nlm.nih.gov/geo/query/acc.cgi?acc=GSE172175,https://www.ncbi.nlm.nih.gov/geo/query/acc.cgi?acc=GSE172178
GSE172214,GSE172215,3,complete_containment,0,,0,0,0,high_confidence_overlap,CD95 expression in triple negative breast cancer blocks induction of an inflammatory state through differential regulation of NF-κB Signaling [MDA-MB-231],CD95 expression in triple negative breast cancer blocks induction of an inflammatory state through differential regulation of NF-κB Signaling,https://www.ncbi.nlm.nih.gov/geo/query/acc.cgi?acc=GSE172214,https://www.ncbi.nlm.nih.gov/geo/query/acc.cgi?acc=GSE172215
GSE172370,GSE172371,3,complete_containment,0,,0,0,0,high_confidence_overlap,"OTUD7B Deubiquitinates LSD1 to Govern Its Binding Partner Specificity, Homeostasis, and Breast Cancer Metastasis [RNA-seq]","OTUD7B Deubiquitinates LSD1 to Govern Its Binding Partner Specificity, Homeostasis, and Breast Cancer Metastasis",https://www.ncbi.nlm.nih.gov/geo/query/acc.cgi?acc=GSE172370,https://www.ncbi.nlm.nih.gov/geo/query/acc.cgi?acc=GSE172371
GSE172609,GSE172613,21,complete_containment,0,,0,0,0,high_confidence_overlap,Phenotypic heterogeneity driven by plasticity of the intermediate EMT state governs disease progression and metastasis in breast cancer [RNA-seq],Phenotypic heterogeneity driven by plasticity of the intermediate EMT state governs disease progression and metastasis in breast cancer,https://www.ncbi.nlm.nih.gov/geo/query/acc.cgi?acc=GSE172609,https://www.ncbi.nlm.nih.gov/geo/query/acc.cgi?acc=GSE172613
GSE173484,GSE173562,12,complete_containment,0,,0,0,0,high_confidence_overlap,Transcriptome analysis in treated MCF7-V breast carcinoma cell line stably expressing a doxycyline-inducible construct to express ZEB1.,Impact of the EMT inducer ZEB1 on ER   cistrome and transcriptome in breast cancer cells,https://www.ncbi.nlm.nih.gov/geo/query/acc.cgi?acc=GSE173484,https://www.ncbi.nlm.nih.gov/geo/query/acc.cgi?acc=GSE173562
GSE173491,GSE173562,2,complete_containment,0,,0,0,0,high_confidence_overlap,Single cell analysis of MCF7-V breast carcinoma cell line stably expressing a doxycyline-inducible construct to express ZEB1 in presence of dxycycline.,Impact of the EMT inducer ZEB1 on ER   cistrome and transcriptome in breast cancer cells,https://www.ncbi.nlm.nih.gov/geo/query/acc.cgi?acc=GSE173491,https://www.ncbi.nlm.nih.gov/geo/query/acc.cgi?acc=GSE173562
GSE173634,GSE17945,0,,3,,0,0,0,manual_review_required,Molecular phenotyping of breast cancer cell lines at the single-cell level for automated tumour diagnosis and prediction of drug sensitivity,tRNA Over-Expression in Breast Cancer,https://www.ncbi.nlm.nih.gov/geo/query/acc.cgi?acc=GSE173634,https://www.ncbi.nlm.nih.gov/geo/query/acc.cgi?acc=GSE17945
GSE173634,GSE197763,0,,1,,0,0,0,manual_review_required,Molecular phenotyping of breast cancer cell lines at the single-cell level for automated tumour diagnosis and prediction of drug sensitivity,Pre-clinical validation of an RNA-based precision oncology platform for patient-therapy alignment in a diverse set of human malignancies resistant to standard treatments,https://www.ncbi.nlm.nih.gov/geo/query/acc.cgi?acc=GSE173634,https://www.ncbi.nlm.nih.gov/geo/query/acc.cgi?acc=GSE197763
GSE173634,GSE206324,0,,1,,0,0,0,manual_review_required,Molecular phenotyping of breast cancer cell lines at the single-cell level for automated tumour diagnosis and prediction of drug sensitivity,Evaluating Cancer Subtypes and Enhancer Dynamics During the Acquisition of Drug Resistance by Nascent RNA-Sequencing,https://www.ncbi.nlm.nih.gov/geo/query/acc.cgi?acc=GSE173634,https://www.ncbi.nlm.nih.gov/geo/query/acc.cgi?acc=GSE206324
GSE173634,GSE208238,0,,1,,0,0,0,manual_review_required,Molecular phenotyping of breast cancer cell lines at the single-cell level for automated tumour diagnosis and prediction of drug sensitivity,Alternative promoters and splicing create multiple functionally distinct isoforms of estrogen receptor alpha in breast cancer and healthy tissues,https://www.ncbi.nlm.nih.gov/geo/query/acc.cgi?acc=GSE173634,https://www.ncbi.nlm.nih.gov/geo/query/acc.cgi?acc=GSE208238
GSE173634,GSE212143,0,,10,,0,0,0,manual_review_required,Molecular phenotyping of breast cancer cell lines at the single-cell level for automated tumour diagnosis and prediction of drug sensitivity,Transcriptome analysis of 15 different breast cancer cell lines,https://www.ncbi.nlm.nih.gov/geo/query/acc.cgi?acc=GSE173634,https://www.ncbi.nlm.nih.gov/geo/query/acc.cgi?acc=GSE212143
GSE173634,GSE21217,0,,3,,0,0,0,manual_review_required,Molecular phenotyping of breast cancer cell lines at the single-cell level for automated tumour diagnosis and prediction of drug sensitivity,18F-fluorodeoxy-glucose positron emission tomography marks MYC-overexpressing human basal-like breast cancers.,https://www.ncbi.nlm.nih.gov/geo/query/acc.cgi?acc=GSE173634,https://www.ncbi.nlm.nih.gov/geo/query/acc.cgi?acc=GSE21217
GSE173634,GSE212854,0,,1,,0,0,0,manual_review_required,Molecular phenotyping of breast cancer cell lines at the single-cell level for automated tumour diagnosis and prediction of drug sensitivity,An RNA-based precision oncology platform for patient-therapy alignment in a diverse set of treatment resistant malignancies,https://www.ncbi.nlm.nih.gov/geo/query/acc.cgi?acc=GSE173634,https://www.ncbi.nlm.nih.gov/geo/query/acc.cgi?acc=GSE212854
GSE173634,GSE227630,0,,1,,0,0,0,manual_review_required,Molecular phenotyping of breast cancer cell lines at the single-cell level for automated tumour diagnosis and prediction of drug sensitivity,Changes in expression of genes +/- CREB3L1 expression,https://www.ncbi.nlm.nih.gov/geo/query/acc.cgi?acc=GSE173634,https://www.ncbi.nlm.nih.gov/geo/query/acc.cgi?acc=GSE227630
GSE173634,GSE24578,0,,3,,0,0,0,manual_review_required,Molecular phenotyping of breast cancer cell lines at the single-cell level for automated tumour diagnosis and prediction of drug sensitivity,Basal gene expression of breast cancer cell lines,https://www.ncbi.nlm.nih.gov/geo/query/acc.cgi?acc=GSE173634,https://www.ncbi.nlm.nih.gov/geo/query/acc.cgi?acc=GSE24578
GSE173634,GSE24717,0,,3,,0,0,0,manual_review_required,Molecular phenotyping of breast cancer cell lines at the single-cell level for automated tumour diagnosis and prediction of drug sensitivity,Using a Stem Cell-Based Signature to Guide Therapeutic Selection in Cancer,https://www.ncbi.nlm.nih.gov/geo/query/acc.cgi?acc=GSE173634,https://www.ncbi.nlm.nih.gov/geo/query/acc.cgi?acc=GSE24717
GSE173634,GSE24737,0,,2,,0,0,0,manual_review_required,Molecular phenotyping of breast cancer cell lines at the single-cell level for automated tumour diagnosis and prediction of drug sensitivity,Large scale screening for known fusion genes in cancer cell lines,https://www.ncbi.nlm.nih.gov/geo/query/acc.cgi?acc=GSE173634,https://www.ncbi.nlm.nih.gov/geo/query/acc.cgi?acc=GSE24737
GSE173634,GSE250156,0,,1,,0,0,0,manual_review_required,Molecular phenotyping of breast cancer cell lines at the single-cell level for automated tumour diagnosis and prediction of drug sensitivity,An inflamed tumor cell subpopulation promotes chemotherapy resistance in triple negative breast cancer [scRNA-Seq],https://www.ncbi.nlm.nih.gov/geo/query/acc.cgi?acc=GSE173634,https://www.ncbi.nlm.nih.gov/geo/query/acc.cgi?acc=GSE250156
GSE173634,GSE250158,0,,1,,0,0,0,manual_review_required,Molecular phenotyping of breast cancer cell lines at the single-cell level for automated tumour diagnosis and prediction of drug sensitivity,An inflamed tumor cell subpopulation promotes chemotherapy resistance in triple negative breast cancer,https://www.ncbi.nlm.nih.gov/geo/query/acc.cgi?acc=GSE173634,https://www.ncbi.nlm.nih.gov/geo/query/acc.cgi?acc=GSE250158
GSE173634,GSE262110,0,,3,,0,0,0,manual_review_required,Molecular phenotyping of breast cancer cell lines at the single-cell level for automated tumour diagnosis and prediction of drug sensitivity,Patient-derived response estimates from zero-passage organoids of luminal breast cancer,https://www.ncbi.nlm.nih.gov/geo/query/acc.cgi?acc=GSE173634,https://www.ncbi.nlm.nih.gov/geo/query/acc.cgi?acc=GSE262110
GSE173634,GSE28866,0,,1,,0,0,0,manual_review_required,Molecular phenotyping of breast cancer cell lines at the single-cell level for automated tumour diagnosis and prediction of drug sensitivity,Transcriptional profiling of lncRNAs and novel transcribed regions across a diverse panel of archived human cancers,https://www.ncbi.nlm.nih.gov/geo/query/acc.cgi?acc=GSE173634,https://www.ncbi.nlm.nih.gov/geo/query/acc.cgi?acc=GSE28866
GSE173634,GSE30489,0,,1,,0,0,0,manual_review_required,Molecular phenotyping of breast cancer cell lines at the single-cell level for automated tumour diagnosis and prediction of drug sensitivity,Defining the cellular precursors to human breast cancer,https://www.ncbi.nlm.nih.gov/geo/query/acc.cgi?acc=GSE173634,https://www.ncbi.nlm.nih.gov/geo/query/acc.cgi?acc=GSE30489
GSE173634,GSE3353,0,,2,,0,0,0,manual_review_required,Molecular phenotyping of breast cancer cell lines at the single-cell level for automated tumour diagnosis and prediction of drug sensitivity,A comparison of gene expression signatures from breast tumors and breast tissue derived cell lines,https://www.ncbi.nlm.nih.gov/geo/query/acc.cgi?acc=GSE173634,https://www.ncbi.nlm.nih.gov/geo/query/acc.cgi?acc=GSE3353
GSE173634,GSE4000,0,,1,,0,0,0,manual_review_required,Molecular phenotyping of breast cancer cell lines at the single-cell level for automated tumour diagnosis and prediction of drug sensitivity,A molecular 'signature' of primary breast cancer cultures; patterns resembling tumor tissue.,https://www.ncbi.nlm.nih.gov/geo/query/acc.cgi?acc=GSE173634,https://www.ncbi.nlm.nih.gov/geo/query/acc.cgi?acc=GSE4000
GSE173634,GSE40559,0,,1,,0,0,0,manual_review_required,Molecular phenotyping of breast cancer cell lines at the single-cell level for automated tumour diagnosis and prediction of drug sensitivity,Gene expression profiles of 5 cancer cell lines,https://www.ncbi.nlm.nih.gov/geo/query/acc.cgi?acc=GSE173634,https://www.ncbi.nlm.nih.gov/geo/query/acc.cgi?acc=GSE40559
GSE173634,GSE41119,0,,4,,0,0,0,manual_review_required,Molecular phenotyping of breast cancer cell lines at the single-cell level for automated tumour diagnosis and prediction of drug sensitivity,Molecular Characterization of Basal-like and Non-Basal-like Triple-Negative Breast Cancers,https://www.ncbi.nlm.nih.gov/geo/query/acc.cgi?acc=GSE173634,https://www.ncbi.nlm.nih.gov/geo/query/acc.cgi?acc=GSE41119
GSE173634,GSE45133,0,,1,,0,0,0,manual_review_required,Molecular phenotyping of breast cancer cell lines at the single-cell level for automated tumour diagnosis and prediction of drug sensitivity,Breakpoint analysis of transcriptional and genomic profiles uncovers novel gene fusions spanning multiple human cancer types (RNA-seq),https://www.ncbi.nlm.nih.gov/geo/query/acc.cgi?acc=GSE173634,https://www.ncbi.nlm.nih.gov/geo/query/acc.cgi?acc=GSE45133
GSE173634,GSE45137,0,,1,,0,0,0,manual_review_required,Molecular phenotyping of breast cancer cell lines at the single-cell level for automated tumour diagnosis and prediction of drug sensitivity,Breakpoint analysis of transcriptional and genomic profiles uncovers novel gene fusions spanning multiple human cancer types,https://www.ncbi.nlm.nih.gov/geo/query/acc.cgi?acc=GSE173634,https://www.ncbi.nlm.nih.gov/geo/query/acc.cgi?acc=GSE45137
GSE173634,GSE50470,0,,2,,0,0,0,manual_review_required,Molecular phenotyping of breast cancer cell lines at the single-cell level for automated tumour diagnosis and prediction of drug sensitivity,Characterization of Cell Lines Derived from Breast Cancers and Normal Mammary Tissues for the Study of the Intrinsic Molecular Subtypes,https://www.ncbi.nlm.nih.gov/geo/query/acc.cgi?acc=GSE173634,https://www.ncbi.nlm.nih.gov/geo/query/acc.cgi?acc=GSE50470
GSE173634,GSE52643,0,,4,,0,0,0,manual_review_required,Molecular phenotyping of breast cancer cell lines at the single-cell level for automated tumour diagnosis and prediction of drug sensitivity,Fusion discovery in breast cancer cell line,https://www.ncbi.nlm.nih.gov/geo/query/acc.cgi?acc=GSE173634,https://www.ncbi.nlm.nih.gov/geo/query/acc.cgi?acc=GSE52643
GSE173634,GSE57083,0,,2,,0,0,0,manual_review_required,Molecular phenotyping of breast cancer cell lines at the single-cell level for automated tumour diagnosis and prediction of drug sensitivity,Expression data from AstraZeneca internal cell lines,https://www.ncbi.nlm.nih.gov/geo/query/acc.cgi?acc=GSE173634,https://www.ncbi.nlm.nih.gov/geo/query/acc.cgi?acc=GSE57083
GSE173634,GSE58135,0,,11,,0,0,0,manual_review_required,Molecular phenotyping of breast cancer cell lines at the single-cell level for automated tumour diagnosis and prediction of drug sensitivity,Breast Cancer RNA-seq,https://www.ncbi.nlm.nih.gov/geo/query/acc.cgi?acc=GSE173634,https://www.ncbi.nlm.nih.gov/geo/query/acc.cgi?acc=GSE58135
GSE173634,GSE59242,0,,14,,0,0,0,manual_review_required,Molecular phenotyping of breast cancer cell lines at the single-cell level for automated tumour diagnosis and prediction of drug sensitivity,Profiling of human cancer breast cell lines (Affymetrix),https://www.ncbi.nlm.nih.gov/geo/query/acc.cgi?acc=GSE173634,https://www.ncbi.nlm.nih.gov/geo/query/acc.cgi?acc=GSE59242
GSE173634,GSE65314,0,,1,,0,0,0,manual_review_required,Molecular phenotyping of breast cancer cell lines at the single-cell level for automated tumour diagnosis and prediction of drug sensitivity,Experimental gene expression analysis of 12 cancer cell lines,https://www.ncbi.nlm.nih.gov/geo/query/acc.cgi?acc=GSE173634,https://www.ncbi.nlm.nih.gov/geo/query/acc.cgi?acc=GSE65314
GSE173634,GSE72955,0,,1,,0,0,0,manual_review_required,Molecular phenotyping of breast cancer cell lines at the single-cell level for automated tumour diagnosis and prediction of drug sensitivity,Retroviral Replicating Vectors Deliver Cytosine Deaminase Leading to Targeted 5-FU-Mediated Cytotoxicity in Multiple Human Cancer Types,https://www.ncbi.nlm.nih.gov/geo/query/acc.cgi?acc=GSE173634,https://www.ncbi.nlm.nih.gov/geo/query/acc.cgi?acc=GSE72955
GSE173634,GSE73526,0,,20,,0,0,0,manual_review_required,Molecular phenotyping of breast cancer cell lines at the single-cell level for automated tumour diagnosis and prediction of drug sensitivity,"The Functional Genomic Landscape of Human Breast Cancer Drivers, Vulnerabilities, and Resistance (RNASeq)",https://www.ncbi.nlm.nih.gov/geo/query/acc.cgi?acc=GSE173634,https://www.ncbi.nlm.nih.gov/geo/query/acc.cgi?acc=GSE73526
GSE173634,GSE81032,0,,1,,0,0,0,manual_review_required,Molecular phenotyping of breast cancer cell lines at the single-cell level for automated tumour diagnosis and prediction of drug sensitivity,Comparative proteomics and transcriptomics study of signaling network proteins across multiple normal and cancer cell lines,https://www.ncbi.nlm.nih.gov/geo/query/acc.cgi?acc=GSE173634,https://www.ncbi.nlm.nih.gov/geo/query/acc.cgi?acc=GSE81032
GSE173634,GSE87006,0,,9,,0,0,0,manual_review_required,Molecular phenotyping of breast cancer cell lines at the single-cell level for automated tumour diagnosis and prediction of drug sensitivity,CDK4 phosphorylation status and a linked gene expression profile predict sensitivity to Palbociclib [lines],https://www.ncbi.nlm.nih.gov/geo/query/acc.cgi?acc=GSE173634,https://www.ncbi.nlm.nih.gov/geo/query/acc.cgi?acc=GSE87006
GSE173634,GSE87008,0,,9,,0,0,0,manual_review_required,Molecular phenotyping of breast cancer cell lines at the single-cell level for automated tumour diagnosis and prediction of drug sensitivity,CDK4 phosphorylation status and a linked gene expression profile predict sensitivity to Palbociclib,https://www.ncbi.nlm.nih.gov/geo/query/acc.cgi?acc=GSE173634,https://www.ncbi.nlm.nih.gov/geo/query/acc.cgi?acc=GSE87008
GSE173661,GSE184869,0,,26,,0,0,0,manual_review_required,Investigating the altered brain metastatic transcriptome in breast cancer,Investigating the altered brain metastatic transcriptome in breast cancer,https://www.ncbi.nlm.nih.gov/geo/query/acc.cgi?acc=GSE173661,https://www.ncbi.nlm.nih.gov/geo/query/acc.cgi?acc=GSE184869
GSE173661,GSE86945,0,,5,,0,0,0,manual_review_required,Investigating the altered brain metastatic transcriptome in breast cancer,Transcriptome characterization of triple negative breast cancer [Italy],https://www.ncbi.nlm.nih.gov/geo/query/acc.cgi?acc=GSE173661,https://www.ncbi.nlm.nih.gov/geo/query/acc.cgi?acc=GSE86945
GSE173661,GSE86948,0,,5,,0,0,0,manual_review_required,Investigating the altered brain metastatic transcriptome in breast cancer,A microRNA signature identifies four subtypes of triple-negative breast cancer and correlates miR-342-3p as a regulator of the lactate metabolic pathway through silencing the monocarboxylate transporter 1,https://www.ncbi.nlm.nih.gov/geo/query/acc.cgi?acc=GSE173661,https://www.ncbi.nlm.nih.gov/geo/query/acc.cgi?acc=GSE86948
GSE173662,GSE173664,20,complete_containment,0,,0,0,0,high_confidence_overlap,Transcriptional reprogramming by oxidative stress occurs within a predefined chromatin accessibility landscape [RNA-seq],Transcriptional reprogramming by oxidative stress occurs within a predefined chromatin accessibility landscape,https://www.ncbi.nlm.nih.gov/geo/query/acc.cgi?acc=GSE173662,https://www.ncbi.nlm.nih.gov/geo/query/acc.cgi?acc=GSE173664
GSE173841,GSE173872,9,complete_containment,0,,0,0,0,high_confidence_overlap,EBF1 nuclear repositioning instructs chromatin refolding to promote therapy resistance in T leukemic cells. [MB157_RNA-seq],EBF1 nuclear repositioning instructs chromatin refolding to promote therapy resistance in T leukemic cells.,https://www.ncbi.nlm.nih.gov/geo/query/acc.cgi?acc=GSE173841,https://www.ncbi.nlm.nih.gov/geo/query/acc.cgi?acc=GSE173872
GSE173976,GSE173981,8,complete_containment,0,,0,0,0,high_confidence_overlap,The role of PARP-1 in estrogen-dependent transcription [RNA-seq],The role of PARP-1 in estrogen-dependent transcription,https://www.ncbi.nlm.nih.gov/geo/query/acc.cgi?acc=GSE173976,https://www.ncbi.nlm.nih.gov/geo/query/acc.cgi?acc=GSE173981
GSE173991,GSE190275,0,,6,,0,0,0,manual_review_required,Integrated Metabolic Profiling and Gene Expression Analysis Reveals Therapeutic Modalities in Breast Cancer,TP53 signature predicts survival outcome in triple-negative breast cancer with neoadjuvant chemotherapy,https://www.ncbi.nlm.nih.gov/geo/query/acc.cgi?acc=GSE173991,https://www.ncbi.nlm.nih.gov/geo/query/acc.cgi?acc=GSE190275
GSE173991,GSE94899,0,,5,,0,0,0,manual_review_required,Integrated Metabolic Profiling and Gene Expression Analysis Reveals Therapeutic Modalities in Breast Cancer,Robust Stratification of Breast Cancer Subtypes,https://www.ncbi.nlm.nih.gov/geo/query/acc.cgi?acc=GSE173991,https://www.ncbi.nlm.nih.gov/geo/query/acc.cgi?acc=GSE94899
GSE174431,GSE174463,8,complete_containment,0,,0,0,0,high_confidence_overlap,Bulk RNAseq Analysis of PBMCs from metastatic breast cancer patients,PBMCs from metastatic breast cancer patients,https://www.ncbi.nlm.nih.gov/geo/query/acc.cgi?acc=GSE174431,https://www.ncbi.nlm.nih.gov/geo/query/acc.cgi?acc=GSE174463
GSE174461,GSE174463,35,complete_containment,0,,0,0,0,high_confidence_overlap,Analysis of PBMCs from metastatic breast cancer patients,PBMCs from metastatic breast cancer patients,https://www.ncbi.nlm.nih.gov/geo/query/acc.cgi?acc=GSE174461,https://www.ncbi.nlm.nih.gov/geo/query/acc.cgi?acc=GSE174463
GSE174588,GSE95700,0,,2,,0,0,0,manual_review_required,Pre-neoplastic stromal cells drive BRCA1-mediated breast tumorigenesis,Molecular subtyping of Triple negative Breast Cancer from Taiwanese,https://www.ncbi.nlm.nih.gov/geo/query/acc.cgi?acc=GSE174588,https://www.ncbi.nlm.nih.gov/geo/query/acc.cgi?acc=GSE95700
GSE175401,GSE175420,14,complete_containment,0,,0,0,0,high_confidence_overlap,ER reprogramming promotes a select pro-metastatic secretome in high FOXA1-expressing ER-positive endocrine-resistant and metastatic breast cancer [RNA-seq],ER reprogramming promotes a select pro-metastatic secretome in high FOXA1-expressing ER-positive endocrine-resistant and metastatic breast cancer,https://www.ncbi.nlm.nih.gov/geo/query/acc.cgi?acc=GSE175401,https://www.ncbi.nlm.nih.gov/geo/query/acc.cgi?acc=GSE175420
GSE175469,GSE201595,16,complete_containment,0,,0,0,0,high_confidence_overlap,Annotation of estrogen-regulated enhancer RNAs,Annotation of estrogen-regulated enhancer RNAs [RNA-Seq],https://www.ncbi.nlm.nih.gov/geo/query/acc.cgi?acc=GSE175469,https://www.ncbi.nlm.nih.gov/geo/query/acc.cgi?acc=GSE201595
GSE176005,GSE176010,16,complete_containment,0,,0,0,0,high_confidence_overlap,AR interacts with GATA3 to induce a luminal epithelial phenotype in breast cancer through regulation of lineage-restricted genes [ER-positive cell line RNA-seq],AR interacts with GATA3 to induce a luminal epithelial phenotype in breast cancer through regulation of lineage-restricted genes,https://www.ncbi.nlm.nih.gov/geo/query/acc.cgi?acc=GSE176005,https://www.ncbi.nlm.nih.gov/geo/query/acc.cgi?acc=GSE176010
GSE176006,GSE176010,22,complete_containment,0,,0,0,0,high_confidence_overlap,AR interacts with GATA3 to induce a luminal epithelial phenotype in breast cancer through regulation of lineage-restricted genes [ER-negative cell line RNA-seq],AR interacts with GATA3 to induce a luminal epithelial phenotype in breast cancer through regulation of lineage-restricted genes,https://www.ncbi.nlm.nih.gov/geo/query/acc.cgi?acc=GSE176006,https://www.ncbi.nlm.nih.gov/geo/query/acc.cgi?acc=GSE176010
GSE17630,GSE23720,0,,1,,0,0,0,manual_review_required,HER2-positive breast cancer cells resistant to trastuzumab and lapatinib lose reliance upon HER2 and are sensitive to the multitargeted kinase inhibitor sorafenib,High-resolution comparative genomic hybridization of inflammatory breast cancer and identification of candidate genes,https://www.ncbi.nlm.nih.gov/geo/query/acc.cgi?acc=GSE17630,https://www.ncbi.nlm.nih.gov/geo/query/acc.cgi?acc=GSE23720
GSE17630,GSE81538,0,,1,,0,0,0,manual_review_required,HER2-positive breast cancer cells resistant to trastuzumab and lapatinib lose reliance upon HER2 and are sensitive to the multitargeted kinase inhibitor sorafenib,Clinical Value of RNA Sequencing–Based Classifiers for Prediction of the Five Conventional Breast Cancer Biomarkers: A Report From the Population-Based Multicenter Sweden Cancerome Analysis Network—Breast Initiative [cohort 405],https://www.ncbi.nlm.nih.gov/geo/query/acc.cgi?acc=GSE17630,https://www.ncbi.nlm.nih.gov/geo/query/acc.cgi?acc=GSE81538
GSE17630,GSE81540,0,,1,,0,0,0,manual_review_required,HER2-positive breast cancer cells resistant to trastuzumab and lapatinib lose reliance upon HER2 and are sensitive to the multitargeted kinase inhibitor sorafenib,Clinical Value of RNA Sequencing–Based Classifiers for Prediction of the Five Conventional Breast Cancer Biomarkers: A Report From the Population-Based Multicenter Sweden Cancerome Analysis Network—Breast Initiative [superseries],https://www.ncbi.nlm.nih.gov/geo/query/acc.cgi?acc=GSE17630,https://www.ncbi.nlm.nih.gov/geo/query/acc.cgi?acc=GSE81540
GSE176304,GSE234179,0,,2,,0,0,0,manual_review_required,Expression and Function of C1orf132 Long-Noncoding RNA in Breast Cancer Cell Lines and Tissues,High-throughput sequencing in ARID1A knockout MDA-MB-231 cells,https://www.ncbi.nlm.nih.gov/geo/query/acc.cgi?acc=GSE176304,https://www.ncbi.nlm.nih.gov/geo/query/acc.cgi?acc=GSE234179
GSE176534,GSE176535,9,complete_containment,0,,0,0,0,high_confidence_overlap,RNA-sequencing for dynamic epi-transcriptomic landscape mapping with disease progression in ER-positive breast cancer,Dynamic epi-transcriptomic landscape mapping with disease progression in ER-positive breast cancer,https://www.ncbi.nlm.nih.gov/geo/query/acc.cgi?acc=GSE176534,https://www.ncbi.nlm.nih.gov/geo/query/acc.cgi?acc=GSE176535
GSE176535,GSE214789,14,complete_containment,0,,0,0,0,high_confidence_overlap,Dynamic epi-transcriptomic landscape mapping with disease progression in ER-positive breast cancer,RNA-sequencing for dynamic epi-transcriptomic landscape mapping with disease progression in patient primary breast tumours.,https://www.ncbi.nlm.nih.gov/geo/query/acc.cgi?acc=GSE176535,https://www.ncbi.nlm.nih.gov/geo/query/acc.cgi?acc=GSE214789
GSE176537,GSE176538,4,complete_containment,0,,0,0,0,high_confidence_overlap,SNP rs4971059 Predisposes to Breast Carcinogenesis and Chemoresistance by Powering DNA Replication [RNA-seq],SNP rs4971059 Predisposes to Breast Carcinogenesis and Chemoresistance by Powering DNA Replication.,https://www.ncbi.nlm.nih.gov/geo/query/acc.cgi?acc=GSE176537,https://www.ncbi.nlm.nih.gov/geo/query/acc.cgi?acc=GSE176538
GSE177043,GSE54275,0,,1,,0,0,0,manual_review_required,Spatial immunophenotypes predict response to anti-PD1 treatment and capture distinct paths of T-cell  evasion in triple negative breast cancer,Microarray gene expression analysis: Batch effect removal improves the cross-platform consistency,https://www.ncbi.nlm.nih.gov/geo/query/acc.cgi?acc=GSE177043,https://www.ncbi.nlm.nih.gov/geo/query/acc.cgi?acc=GSE54275
GSE17768,GSE21541,10,complete_containment,0,,0,0,0,high_confidence_overlap,An integrative multi-dimensional genetic and epigenetic strategy to identify aberrant genes and pathways in cancer: gene expression,An integrative multi-dimensional genetic and epigenetic strategy to identify aberrant genes and pathways in cancer,https://www.ncbi.nlm.nih.gov/geo/query/acc.cgi?acc=GSE17768,https://www.ncbi.nlm.nih.gov/geo/query/acc.cgi?acc=GSE21541
GSE178303,GSE178373,15,complete_containment,0,,0,0,0,high_confidence_overlap,"Gene expression regulation in MCF7 cells by H3B-6545, H3B-9709, Fulvestrant and Tamoxifen","RNA-seq and ChIP-seq in MCF7 cells treated with H3B-6545, H3B-9709, Fulvestrant and Tamoxifen",https://www.ncbi.nlm.nih.gov/geo/query/acc.cgi?acc=GSE178303,https://www.ncbi.nlm.nih.gov/geo/query/acc.cgi?acc=GSE178373
GSE17945,GSE206324,0,,1,,0,0,0,manual_review_required,tRNA Over-Expression in Breast Cancer,Evaluating Cancer Subtypes and Enhancer Dynamics During the Acquisition of Drug Resistance by Nascent RNA-Sequencing,https://www.ncbi.nlm.nih.gov/geo/query/acc.cgi?acc=GSE17945,https://www.ncbi.nlm.nih.gov/geo/query/acc.cgi?acc=GSE206324
GSE17945,GSE207696,0,,2,,0,0,0,manual_review_required,tRNA Over-Expression in Breast Cancer,Identification of recurrent chromosome breaks underlying structural rearrangements in mammary cancer cell lines [RNA-seq],https://www.ncbi.nlm.nih.gov/geo/query/acc.cgi?acc=GSE17945,https://www.ncbi.nlm.nih.gov/geo/query/acc.cgi?acc=GSE207696
GSE17945,GSE208238,0,,1,,0,0,0,manual_review_required,tRNA Over-Expression in Breast Cancer,Alternative promoters and splicing create multiple functionally distinct isoforms of estrogen receptor alpha in breast cancer and healthy tissues,https://www.ncbi.nlm.nih.gov/geo/query/acc.cgi?acc=GSE17945,https://www.ncbi.nlm.nih.gov/geo/query/acc.cgi?acc=GSE208238
GSE17945,GSE212143,0,,3,,0,0,0,manual_review_required,tRNA Over-Expression in Breast Cancer,Transcriptome analysis of 15 different breast cancer cell lines,https://www.ncbi.nlm.nih.gov/geo/query/acc.cgi?acc=GSE17945,https://www.ncbi.nlm.nih.gov/geo/query/acc.cgi?acc=GSE212143
GSE17945,GSE21217,0,,2,,0,0,0,manual_review_required,tRNA Over-Expression in Breast Cancer,18F-fluorodeoxy-glucose positron emission tomography marks MYC-overexpressing human basal-like breast cancers.,https://www.ncbi.nlm.nih.gov/geo/query/acc.cgi?acc=GSE17945,https://www.ncbi.nlm.nih.gov/geo/query/acc.cgi?acc=GSE21217
GSE17945,GSE217579,0,,1,,0,0,0,manual_review_required,tRNA Over-Expression in Breast Cancer,Nuclear pCHK1 as a potential biomarker of increased sensitivity to ATR inhibition,https://www.ncbi.nlm.nih.gov/geo/query/acc.cgi?acc=GSE17945,https://www.ncbi.nlm.nih.gov/geo/query/acc.cgi?acc=GSE217579
GSE17945,GSE24578,0,,1,,0,0,0,manual_review_required,tRNA Over-Expression in Breast Cancer,Basal gene expression of breast cancer cell lines,https://www.ncbi.nlm.nih.gov/geo/query/acc.cgi?acc=GSE17945,https://www.ncbi.nlm.nih.gov/geo/query/acc.cgi?acc=GSE24578
GSE17945,GSE24717,0,,1,,0,0,0,manual_review_required,tRNA Over-Expression in Breast Cancer,Using a Stem Cell-Based Signature to Guide Therapeutic Selection in Cancer,https://www.ncbi.nlm.nih.gov/geo/query/acc.cgi?acc=GSE17945,https://www.ncbi.nlm.nih.gov/geo/query/acc.cgi?acc=GSE24717
GSE17945,GSE24737,0,,1,,0,0,0,manual_review_required,tRNA Over-Expression in Breast Cancer,Large scale screening for known fusion genes in cancer cell lines,https://www.ncbi.nlm.nih.gov/geo/query/acc.cgi?acc=GSE17945,https://www.ncbi.nlm.nih.gov/geo/query/acc.cgi?acc=GSE24737
GSE17945,GSE262110,0,,1,,0,0,0,manual_review_required,tRNA Over-Expression in Breast Cancer,Patient-derived response estimates from zero-passage organoids of luminal breast cancer,https://www.ncbi.nlm.nih.gov/geo/query/acc.cgi?acc=GSE17945,https://www.ncbi.nlm.nih.gov/geo/query/acc.cgi?acc=GSE262110
GSE17945,GSE40559,0,,1,,0,0,0,manual_review_required,tRNA Over-Expression in Breast Cancer,Gene expression profiles of 5 cancer cell lines,https://www.ncbi.nlm.nih.gov/geo/query/acc.cgi?acc=GSE17945,https://www.ncbi.nlm.nih.gov/geo/query/acc.cgi?acc=GSE40559
GSE17945,GSE52643,0,,2,,0,0,0,manual_review_required,tRNA Over-Expression in Breast Cancer,Fusion discovery in breast cancer cell line,https://www.ncbi.nlm.nih.gov/geo/query/acc.cgi?acc=GSE17945,https://www.ncbi.nlm.nih.gov/geo/query/acc.cgi?acc=GSE52643
GSE17945,GSE57083,0,,1,,0,0,0,manual_review_required,tRNA Over-Expression in Breast Cancer,Expression data from AstraZeneca internal cell lines,https://www.ncbi.nlm.nih.gov/geo/query/acc.cgi?acc=GSE17945,https://www.ncbi.nlm.nih.gov/geo/query/acc.cgi?acc=GSE57083
GSE17945,GSE58135,0,,4,,0,0,0,manual_review_required,tRNA Over-Expression in Breast Cancer,Breast Cancer RNA-seq,https://www.ncbi.nlm.nih.gov/geo/query/acc.cgi?acc=GSE17945,https://www.ncbi.nlm.nih.gov/geo/query/acc.cgi?acc=GSE58135
GSE17945,GSE59242,0,,3,,0,0,0,manual_review_required,tRNA Over-Expression in Breast Cancer,Profiling of human cancer breast cell lines (Affymetrix),https://www.ncbi.nlm.nih.gov/geo/query/acc.cgi?acc=GSE17945,https://www.ncbi.nlm.nih.gov/geo/query/acc.cgi?acc=GSE59242
GSE17945,GSE65314,0,,1,,0,0,0,manual_review_required,tRNA Over-Expression in Breast Cancer,Experimental gene expression analysis of 12 cancer cell lines,https://www.ncbi.nlm.nih.gov/geo/query/acc.cgi?acc=GSE17945,https://www.ncbi.nlm.nih.gov/geo/query/acc.cgi?acc=GSE65314
GSE17945,GSE73526,0,,4,,0,0,0,manual_review_required,tRNA Over-Expression in Breast Cancer,"The Functional Genomic Landscape of Human Breast Cancer Drivers, Vulnerabilities, and Resistance (RNASeq)",https://www.ncbi.nlm.nih.gov/geo/query/acc.cgi?acc=GSE17945,https://www.ncbi.nlm.nih.gov/geo/query/acc.cgi?acc=GSE73526
GSE17945,GSE87006,0,,4,,0,0,0,manual_review_required,tRNA Over-Expression in Breast Cancer,CDK4 phosphorylation status and a linked gene expression profile predict sensitivity to Palbociclib [lines],https://www.ncbi.nlm.nih.gov/geo/query/acc.cgi?acc=GSE17945,https://www.ncbi.nlm.nih.gov/geo/query/acc.cgi?acc=GSE87006
GSE17945,GSE87008,0,,4,,0,0,0,manual_review_required,tRNA Over-Expression in Breast Cancer,CDK4 phosphorylation status and a linked gene expression profile predict sensitivity to Palbociclib,https://www.ncbi.nlm.nih.gov/geo/query/acc.cgi?acc=GSE17945,https://www.ncbi.nlm.nih.gov/geo/query/acc.cgi?acc=GSE87008
GSE180284,GSE180285,15,complete_containment,0,,0,0,0,high_confidence_overlap,Cancer coopts differentiation of B-cell precursors into macrophages [human],Cancer coopts differentiation of B-cell precursors into macrophages,https://www.ncbi.nlm.nih.gov/geo/query/acc.cgi?acc=GSE180284,https://www.ncbi.nlm.nih.gov/geo/query/acc.cgi?acc=GSE180285
GSE180606,GSE180607,30,complete_containment,0,,0,0,0,high_confidence_overlap,Network-based assessment of HDAC6 activity is highly predictive of pre-clinical and clinical responses to the HDAC6 inhibitor ricolinostat [array],Network-based assessment of HDAC6 activity is highly predictive of pre-clinical and clinical responses to the HDAC6 inhibitor ricolinostat,https://www.ncbi.nlm.nih.gov/geo/query/acc.cgi?acc=GSE180606,https://www.ncbi.nlm.nih.gov/geo/query/acc.cgi?acc=GSE180607
GSE180847,GSE180850,56,complete_containment,0,,0,0,0,high_confidence_overlap,Compartment-specific and HuR-coordinated regulation of intronic polyadenylation isoforms by doxorubicin [3-seq],Compartment-specific and HuR-coordinated regulation of intronic polyadenylation isoforms by doxorubicin,https://www.ncbi.nlm.nih.gov/geo/query/acc.cgi?acc=GSE180847,https://www.ncbi.nlm.nih.gov/geo/query/acc.cgi?acc=GSE180850
GSE180849,GSE180850,8,complete_containment,0,,0,0,0,high_confidence_overlap,Compartment-specific and HuR-coordinated regulation of intronic polyadenylation isoforms by doxorubicin [total RNA-seq],Compartment-specific and HuR-coordinated regulation of intronic polyadenylation isoforms by doxorubicin,https://www.ncbi.nlm.nih.gov/geo/query/acc.cgi?acc=GSE180849,https://www.ncbi.nlm.nih.gov/geo/query/acc.cgi?acc=GSE180850
GSE180941,GSE180943,22,complete_containment,0,,0,0,0,high_confidence_overlap,Cancer Cell Resistance to IFNγ Can Occur via Enhanced Double-Strand Break Repair Pathway Activity [RNA-seq],Cancer Cell Resistance to IFNγ Can Occur via Enhanced Double-Strand Break Repair Pathway Activity,https://www.ncbi.nlm.nih.gov/geo/query/acc.cgi?acc=GSE180941,https://www.ncbi.nlm.nih.gov/geo/query/acc.cgi?acc=GSE180943
GSE181010,GSE181016,12,complete_containment,0,,0,0,0,high_confidence_overlap,"Only the loss-of-function but not the gain-of-function properties of mutant TP53 are critical for the sustained proliferation, survival and metastasis of a broad range of cancer cells [breast cancer]","Only the loss-of-function but not the gain-of-function properties of mutant TP53 are critical for the sustained proliferation, survival and metastasis of a broad range of cancer cells",https://www.ncbi.nlm.nih.gov/geo/query/acc.cgi?acc=GSE181010,https://www.ncbi.nlm.nih.gov/geo/query/acc.cgi?acc=GSE181016
GSE181466,GSE181548,0,,97,,0,0,0,manual_review_required,RNAseq of a Triple-Negative Breast Cancer Cohort Treated with Neoadjuvant Carboplatin and Docetaxel According to Lehmann's Refined Classification,Pam50 of a Triple-Negative Breast Cancer Cohort Treated with Neoadjuvant Carboplatin and Docetaxel According to Lehmann's Refined Classification,https://www.ncbi.nlm.nih.gov/geo/query/acc.cgi?acc=GSE181466,https://www.ncbi.nlm.nih.gov/geo/query/acc.cgi?acc=GSE181548
GSE181471,GSE76460,0,,2,,0,0,0,manual_review_required,Enhancer reactivation mediates adaptive resistance to FGFR inhibitors in triple-negative breast cancer [PDX_RNA_seq],The Chromatin-Looping Factor ZNF143 Engages at Looping Promoters to Favor the Estrogen Response in Breast Cancer,https://www.ncbi.nlm.nih.gov/geo/query/acc.cgi?acc=GSE181471,https://www.ncbi.nlm.nih.gov/geo/query/acc.cgi?acc=GSE76460
GSE181471,GSE85141,0,,2,,0,0,0,manual_review_required,Enhancer reactivation mediates adaptive resistance to FGFR inhibitors in triple-negative breast cancer [PDX_RNA_seq],Gene expression profile perturbed by ATRA,https://www.ncbi.nlm.nih.gov/geo/query/acc.cgi?acc=GSE181471,https://www.ncbi.nlm.nih.gov/geo/query/acc.cgi?acc=GSE85141
GSE18229,GSE1992,163,near_containment,0,,0,0,0,high_confidence_overlap,Phenotypic and Molecular Characterization of the Claudin-low Intrinsic Subtype of Breast Cancer,A New Breast Tumor Intrinsic Gene List Identifies Novel Characteristics that are Conserved Across Microarray Platforms,https://www.ncbi.nlm.nih.gov/geo/query/acc.cgi?acc=GSE18229,https://www.ncbi.nlm.nih.gov/geo/query/acc.cgi?acc=GSE1992
GSE18229,GSE20234,8,complete_containment,0,,0,0,0,high_confidence_overlap,Phenotypic and Molecular Characterization of the Claudin-low Intrinsic Subtype of Breast Cancer,SWISS MADE: Standardized WithIn class Sum of Squares to evaluate Methodologies And Dataset Elements,https://www.ncbi.nlm.nih.gov/geo/query/acc.cgi?acc=GSE18229,https://www.ncbi.nlm.nih.gov/geo/query/acc.cgi?acc=GSE20234
GSE18229,GSE20624,184,partial_overlap,0,,0,0,0,high_confidence_overlap,Phenotypic and Molecular Characterization of the Claudin-low Intrinsic Subtype of Breast Cancer,Breast Carcinomas arising at a Young Age:  A Unique Biology or a Surrogate for Aggressive Intrinsic Subtypes.,https://www.ncbi.nlm.nih.gov/geo/query/acc.cgi?acc=GSE18229,https://www.ncbi.nlm.nih.gov/geo/query/acc.cgi?acc=GSE20624
GSE18229,GSE22049,35,partial_overlap,0,,0,0,0,high_confidence_overlap,Phenotypic and Molecular Characterization of the Claudin-low Intrinsic Subtype of Breast Cancer,MicroRNA-30c inhibits Human Breast Tumor Chemotherapy Resistance by regulating TWF1 and IL-11: Patient DataSet,https://www.ncbi.nlm.nih.gov/geo/query/acc.cgi?acc=GSE18229,https://www.ncbi.nlm.nih.gov/geo/query/acc.cgi?acc=GSE22049
GSE18229,GSE2607,102,near_containment,0,,0,0,0,high_confidence_overlap,Phenotypic and Molecular Characterization of the Claudin-low Intrinsic Subtype of Breast Cancer,Biological Classification of Breast Cancer by Real-Time Quantitative RTPCR: Comparisons to Microarray and Histopathology,https://www.ncbi.nlm.nih.gov/geo/query/acc.cgi?acc=GSE18229,https://www.ncbi.nlm.nih.gov/geo/query/acc.cgi?acc=GSE2607
GSE18229,GSE26338,319,near_containment,0,,0,0,0,high_confidence_overlap,Phenotypic and Molecular Characterization of the Claudin-low Intrinsic Subtype of Breast Cancer,"Genomic analysis identifies unique signatures predictive of brain, lung, and liver relapse",https://www.ncbi.nlm.nih.gov/geo/query/acc.cgi?acc=GSE18229,https://www.ncbi.nlm.nih.gov/geo/query/acc.cgi?acc=GSE26338
GSE18229,GSE2740,154,near_containment,0,,0,0,0,high_confidence_overlap,Phenotypic and Molecular Characterization of the Claudin-low Intrinsic Subtype of Breast Cancer,Estrogen-regulated genes predict survival in estrogen receptor and/or progesterone receptor-positive breast cancers,https://www.ncbi.nlm.nih.gov/geo/query/acc.cgi?acc=GSE18229,https://www.ncbi.nlm.nih.gov/geo/query/acc.cgi?acc=GSE2740
GSE18229,GSE2741,143,near_containment,0,,0,0,0,high_confidence_overlap,Phenotypic and Molecular Characterization of the Claudin-low Intrinsic Subtype of Breast Cancer,Breast Tumor's study,https://www.ncbi.nlm.nih.gov/geo/query/acc.cgi?acc=GSE18229,https://www.ncbi.nlm.nih.gov/geo/query/acc.cgi?acc=GSE2741
GSE18229,GSE3165,231,partial_overlap,0,,0,0,0,high_confidence_overlap,Phenotypic and Molecular Characterization of the Claudin-low Intrinsic Subtype of Breast Cancer,Identification of conserved gene expression features across human and murine mammary tumors,https://www.ncbi.nlm.nih.gov/geo/query/acc.cgi?acc=GSE18229,https://www.ncbi.nlm.nih.gov/geo/query/acc.cgi?acc=GSE3165
GSE18229,GSE3521,188,near_containment,0,,0,0,0,high_confidence_overlap,Phenotypic and Molecular Characterization of the Claudin-low Intrinsic Subtype of Breast Cancer,A compact VEGF signature associated with distant metastases and poor outcomes,https://www.ncbi.nlm.nih.gov/geo/query/acc.cgi?acc=GSE18229,https://www.ncbi.nlm.nih.gov/geo/query/acc.cgi?acc=GSE3521
GSE18229,GSE35629,0,,9,,0,0,0,manual_review_required,Phenotypic and Molecular Characterization of the Claudin-low Intrinsic Subtype of Breast Cancer,Vimentin DNA Methylation Predicts Survival in Breast Cancer,https://www.ncbi.nlm.nih.gov/geo/query/acc.cgi?acc=GSE18229,https://www.ncbi.nlm.nih.gov/geo/query/acc.cgi?acc=GSE35629
GSE18229,GSE50470,5,partial_overlap,1,,0,0,0,high_confidence_overlap,Phenotypic and Molecular Characterization of the Claudin-low Intrinsic Subtype of Breast Cancer,Characterization of Cell Lines Derived from Breast Cancers and Normal Mammary Tissues for the Study of the Intrinsic Molecular Subtypes,https://www.ncbi.nlm.nih.gov/geo/query/acc.cgi?acc=GSE18229,https://www.ncbi.nlm.nih.gov/geo/query/acc.cgi?acc=GSE50470
GSE18229,GSE6128,38,partial_overlap,0,,0,0,0,high_confidence_overlap,Phenotypic and Molecular Characterization of the Claudin-low Intrinsic Subtype of Breast Cancer,EGFR signaling varies with breast tumor subtype,https://www.ncbi.nlm.nih.gov/geo/query/acc.cgi?acc=GSE18229,https://www.ncbi.nlm.nih.gov/geo/query/acc.cgi?acc=GSE6128
GSE18229,GSE6130,134,near_containment,0,,0,0,0,high_confidence_overlap,Phenotypic and Molecular Characterization of the Claudin-low Intrinsic Subtype of Breast Cancer,Agreement in Breast Cancer Classification between Microarray and qRT-PCR from Fresh-Frozen and Formalin-Fixed Tissues,https://www.ncbi.nlm.nih.gov/geo/query/acc.cgi?acc=GSE18229,https://www.ncbi.nlm.nih.gov/geo/query/acc.cgi?acc=GSE6130
GSE182387,GSE182389,18,complete_containment,0,,0,0,0,high_confidence_overlap,Molecular signatures of in-situ to invasive progression for basal-like breast cancers: An integrated mouse model and human tumor study [human],Molecular signatures of in-situ to invasive progression for basal-like breast cancers: An integrated mouse model and human tumor study,https://www.ncbi.nlm.nih.gov/geo/query/acc.cgi?acc=GSE182387,https://www.ncbi.nlm.nih.gov/geo/query/acc.cgi?acc=GSE182389
GSE182545,GSE182547,3,complete_containment,0,,0,0,0,high_confidence_overlap,TRIM37 augments AP-2γ transcriptional activity and cellular localization via K63-linked polyubiquitination to drive breast cancer progression [RNA-seq],TRIM37 augments AP-2γ transcriptional activity and cellular localization via K63-linked polyubiquitination to drive breast cancer progression.,https://www.ncbi.nlm.nih.gov/geo/query/acc.cgi?acc=GSE182545,https://www.ncbi.nlm.nih.gov/geo/query/acc.cgi?acc=GSE182547
GSE183016,GSE183017,4,complete_containment,0,,0,0,0,high_confidence_overlap,polysome profiling RNA seq experiments on extracts from METTL3-WT and METTL3-K177Q reconstituting cells,METTL3-WT and METTL3-K177Q,https://www.ncbi.nlm.nih.gov/geo/query/acc.cgi?acc=GSE183016,https://www.ncbi.nlm.nih.gov/geo/query/acc.cgi?acc=GSE183017
GSE183458,GSE183459,15,complete_containment,0,,0,0,0,high_confidence_overlap,EZH2-mediated epigenetic suppression of IFNa/b-STAT2 signaling enhances anti-tumor immunity in breast cancer [RNA-Seq],EZH2-mediated epigenetic suppression of IFNa/b-STAT2 signaling enhances anti-tumor immunity in breast cancer,https://www.ncbi.nlm.nih.gov/geo/query/acc.cgi?acc=GSE183458,https://www.ncbi.nlm.nih.gov/geo/query/acc.cgi?acc=GSE183459
GSE184540,GSE184543,34,complete_containment,0,,0,0,0,high_confidence_overlap,Transcriptional heterogeneity among subclonal populations of MDA-MBA-468 triple-negative breast cancer cells,Transcriptional heterogeneity of MDA-MBA-468 triple-negative breast cancer cells,https://www.ncbi.nlm.nih.gov/geo/query/acc.cgi?acc=GSE184540,https://www.ncbi.nlm.nih.gov/geo/query/acc.cgi?acc=GSE184543
GSE184541,GSE184543,12,complete_containment,0,,0,0,0,high_confidence_overlap,Transcriptional heterogeneity among xenograft tumors derived from subclonal populations of MDA-MBA-468 triple-negative breast cancer cells,Transcriptional heterogeneity of MDA-MBA-468 triple-negative breast cancer cells,https://www.ncbi.nlm.nih.gov/geo/query/acc.cgi?acc=GSE184541,https://www.ncbi.nlm.nih.gov/geo/query/acc.cgi?acc=GSE184543
GSE184542,GSE184543,1,complete_containment,0,,0,0,0,high_confidence_overlap,Transcriptional heterogeneity among MDA-MBA-468 triple-negative breast cancer cells,Transcriptional heterogeneity of MDA-MBA-468 triple-negative breast cancer cells,https://www.ncbi.nlm.nih.gov/geo/query/acc.cgi?acc=GSE184542,https://www.ncbi.nlm.nih.gov/geo/query/acc.cgi?acc=GSE184543
GSE184869,GSE86945,0,,5,,0,0,0,manual_review_required,Investigating the altered brain metastatic transcriptome in breast cancer,Transcriptome characterization of triple negative breast cancer [Italy],https://www.ncbi.nlm.nih.gov/geo/query/acc.cgi?acc=GSE184869,https://www.ncbi.nlm.nih.gov/geo/query/acc.cgi?acc=GSE86945
GSE184869,GSE86948,0,,5,,0,0,0,manual_review_required,Investigating the altered brain metastatic transcriptome in breast cancer,A microRNA signature identifies four subtypes of triple-negative breast cancer and correlates miR-342-3p as a regulator of the lactate metabolic pathway through silencing the monocarboxylate transporter 1,https://www.ncbi.nlm.nih.gov/geo/query/acc.cgi?acc=GSE184869,https://www.ncbi.nlm.nih.gov/geo/query/acc.cgi?acc=GSE86948
GSE18494,GSE18505,36,complete_containment,0,,0,0,0,high_confidence_overlap,"Expression profiling of hypoxic HepG2 hepatoma, U87 glioma, and MDA-MB231 breast cancer cells: time course",HepG2 hepatoma and U87 glioma cells: transcriptomic and genomic analyses,https://www.ncbi.nlm.nih.gov/geo/query/acc.cgi?acc=GSE18494,https://www.ncbi.nlm.nih.gov/geo/query/acc.cgi?acc=GSE18505
GSE185831,GSE185836,13,complete_containment,0,,0,0,0,high_confidence_overlap,Regulatin of KDM5C stability and enhancer reprogramming in breast cancer [RNA-seq],Regulatin of KDM5C stability and enhancer reprogramming in breast cancer,https://www.ncbi.nlm.nih.gov/geo/query/acc.cgi?acc=GSE185831,https://www.ncbi.nlm.nih.gov/geo/query/acc.cgi?acc=GSE185836
GSE186261,GSE186263,6,complete_containment,0,,0,0,0,high_confidence_overlap,RNA-seq analysis of triple negative breast cancer cell line BT20 with knockdown of cytokeratin 5 (CK5),RNA-seq analysis of triple negative breast cancer cell lines with knockdown of cytokeratin 5 (CK5),https://www.ncbi.nlm.nih.gov/geo/query/acc.cgi?acc=GSE186261,https://www.ncbi.nlm.nih.gov/geo/query/acc.cgi?acc=GSE186263
GSE186262,GSE186263,6,complete_containment,0,,0,0,0,high_confidence_overlap,RNA-seq analysis of triple negative breast cancer cell line MDA-MB-468 with knockdown of cytokeratin 5 (CK5),RNA-seq analysis of triple negative breast cancer cell lines with knockdown of cytokeratin 5 (CK5),https://www.ncbi.nlm.nih.gov/geo/query/acc.cgi?acc=GSE186262,https://www.ncbi.nlm.nih.gov/geo/query/acc.cgi?acc=GSE186263
GSE186637,GSE186647,8,complete_containment,0,,0,0,0,high_confidence_overlap,Comparing alternative polyadenylation landscapes in highly and poorly metastatic breast cancer cells,An HNRNPC-PABPC4 axis governs translational control from the nucleus,https://www.ncbi.nlm.nih.gov/geo/query/acc.cgi?acc=GSE186637,https://www.ncbi.nlm.nih.gov/geo/query/acc.cgi?acc=GSE186647
GSE186638,GSE186647,8,complete_containment,0,,0,0,0,high_confidence_overlap,The role of HNRNPC-PABPC4 on polyA site selection,An HNRNPC-PABPC4 axis governs translational control from the nucleus,https://www.ncbi.nlm.nih.gov/geo/query/acc.cgi?acc=GSE186638,https://www.ncbi.nlm.nih.gov/geo/query/acc.cgi?acc=GSE186647
GSE186644,GSE186646,2,complete_containment,0,,0,0,0,high_confidence_overlap,A super enhancer-controlled BRD4/ERα-RET-ERα positive feedback loop promotes ERα-positive breast cancer [RNA-seq],A super enhancer-controlled BRD4/ERα-RET-ERα positive feedback loop promotes ERα-positive breast cancer,https://www.ncbi.nlm.nih.gov/geo/query/acc.cgi?acc=GSE186644,https://www.ncbi.nlm.nih.gov/geo/query/acc.cgi?acc=GSE186646
GSE186647,GSE217287,24,complete_containment,0,,0,0,0,high_confidence_overlap,An HNRNPC-PABPC4 axis governs translational control from the nucleus,"An mRNA processing pathway suppresses metastasis by governing translational control from the nucleus [Ribo-seq, RNA-seq]",https://www.ncbi.nlm.nih.gov/geo/query/acc.cgi?acc=GSE186647,https://www.ncbi.nlm.nih.gov/geo/query/acc.cgi?acc=GSE217287
GSE186647,GSE217288,42,complete_containment,0,,0,0,0,high_confidence_overlap,An HNRNPC-PABPC4 axis governs translational control from the nucleus,An mRNA processing pathway suppresses metastasis by governing translational control from the nucleus [Quant-seq],https://www.ncbi.nlm.nih.gov/geo/query/acc.cgi?acc=GSE186647,https://www.ncbi.nlm.nih.gov/geo/query/acc.cgi?acc=GSE217288
GSE186679,GSE186683,9,complete_containment,0,,0,0,0,high_confidence_overlap,Transcription regulation and genome rewiring governing sensitivity and resistance to FOXM1 inhibition in breast cancer I,Transcription regulation and genome rewiring governing sensitivity and resistance to FOXM1 inhibition in breast cancer,https://www.ncbi.nlm.nih.gov/geo/query/acc.cgi?acc=GSE186679,https://www.ncbi.nlm.nih.gov/geo/query/acc.cgi?acc=GSE186683
GSE186682,GSE186683,18,complete_containment,0,,0,0,0,high_confidence_overlap,Transcription regulation and genome rewiring governing sensitivity and resistance to FOXM1 inhibition in breast cancer II,Transcription regulation and genome rewiring governing sensitivity and resistance to FOXM1 inhibition in breast cancer,https://www.ncbi.nlm.nih.gov/geo/query/acc.cgi?acc=GSE186682,https://www.ncbi.nlm.nih.gov/geo/query/acc.cgi?acc=GSE186683
GSE188505,GSE188609,4,complete_containment,0,,0,0,0,high_confidence_overlap,Human MCF7 cells engineered to overexpress MYF6 vs. Control cells containing empty vector constructs [Rec1],MYF6 suppresses cell growth through inhibition of Akt and Wnt signaling in ER-positive breast cancer,https://www.ncbi.nlm.nih.gov/geo/query/acc.cgi?acc=GSE188505,https://www.ncbi.nlm.nih.gov/geo/query/acc.cgi?acc=GSE188609
GSE188537,GSE188609,4,complete_containment,0,,0,0,0,high_confidence_overlap,Human MCF7 cells engineered to overexpress MYF6 vs. Control cells containing empty vector constructs [Rec2],MYF6 suppresses cell growth through inhibition of Akt and Wnt signaling in ER-positive breast cancer,https://www.ncbi.nlm.nih.gov/geo/query/acc.cgi?acc=GSE188537,https://www.ncbi.nlm.nih.gov/geo/query/acc.cgi?acc=GSE188609
GSE188893,GSE188899,23,complete_containment,0,,0,0,0,high_confidence_overlap,Gene expression profile of breast cancer cell line MDA-MB-231 xenograft - discovery set,Gene expression profile of breast cancer cell line MDA-MB-231 xenograft,https://www.ncbi.nlm.nih.gov/geo/query/acc.cgi?acc=GSE188893,https://www.ncbi.nlm.nih.gov/geo/query/acc.cgi?acc=GSE188899
GSE188897,GSE188899,23,complete_containment,0,,0,0,0,high_confidence_overlap,Gene expression profile of breast cancer cell line MDA-MB-231 xenograft - validation set,Gene expression profile of breast cancer cell line MDA-MB-231 xenograft,https://www.ncbi.nlm.nih.gov/geo/query/acc.cgi?acc=GSE188897,https://www.ncbi.nlm.nih.gov/geo/query/acc.cgi?acc=GSE188899
GSE189257,GSE189325,7,complete_containment,0,,0,0,0,high_confidence_overlap,Establishment of EGFR-inhibitor resistant triple negative breast cancer models from patient derived xenografts [Bulk RNA-seq],Establishment of EGFR-inhibitor resistant triple negative breast cancer models from patient derived xenografts,https://www.ncbi.nlm.nih.gov/geo/query/acc.cgi?acc=GSE189257,https://www.ncbi.nlm.nih.gov/geo/query/acc.cgi?acc=GSE189325
GSE189324,GSE189325,2,complete_containment,0,,0,0,0,high_confidence_overlap,Establishment of EGFR-inhibitor resistant triple negative breast cancer models from patient derived xenografts [scRNA-seq],Establishment of EGFR-inhibitor resistant triple negative breast cancer models from patient derived xenografts,https://www.ncbi.nlm.nih.gov/geo/query/acc.cgi?acc=GSE189324,https://www.ncbi.nlm.nih.gov/geo/query/acc.cgi?acc=GSE189325
GSE18953,GSE18955,4,complete_containment,0,,0,0,0,high_confidence_overlap,Effects of IGF 1 on MCF-7 breast cancer cells,"Effects of IGF 1 on primary breast fibroblasts, MCF-7 breast cancer cells and CCL-171 fibroblasts",https://www.ncbi.nlm.nih.gov/geo/query/acc.cgi?acc=GSE18953,https://www.ncbi.nlm.nih.gov/geo/query/acc.cgi?acc=GSE18955
GSE189827,GSE189828,2,complete_containment,0,,0,0,0,high_confidence_overlap,Identification of genes differentially expressed between breast cancer cell lines MCF7-TWIST1 and MCF7-Ctrl,TWIST1,https://www.ncbi.nlm.nih.gov/geo/query/acc.cgi?acc=GSE189827,https://www.ncbi.nlm.nih.gov/geo/query/acc.cgi?acc=GSE189828
GSE190160,GSE190163,54,complete_containment,0,,0,0,0,high_confidence_overlap,CREBBP/EP300 acetyltransferase inhibition targets lineage specific enhancers to inhibit the proliferation of ER+ breast cancer cells [RNA-Seq],CREBBP/EP300 acetyltransferase inhibition targets lineage specific enhancers to inhibit the proliferation of ER+ breast cancer cells,https://www.ncbi.nlm.nih.gov/geo/query/acc.cgi?acc=GSE190160,https://www.ncbi.nlm.nih.gov/geo/query/acc.cgi?acc=GSE190163
GSE190211,GSE190212,16,complete_containment,0,,0,0,0,high_confidence_overlap,Role of FGF-2 induced non-coding RNA in cancer [II],Role of FGF-2 induced non-coding RNA in cancer,https://www.ncbi.nlm.nih.gov/geo/query/acc.cgi?acc=GSE190211,https://www.ncbi.nlm.nih.gov/geo/query/acc.cgi?acc=GSE190212
GSE190275,GSE94899,0,,5,,0,0,0,manual_review_required,TP53 signature predicts survival outcome in triple-negative breast cancer with neoadjuvant chemotherapy,Robust Stratification of Breast Cancer Subtypes,https://www.ncbi.nlm.nih.gov/geo/query/acc.cgi?acc=GSE190275,https://www.ncbi.nlm.nih.gov/geo/query/acc.cgi?acc=GSE94899
GSE190384,GSE190386,45,complete_containment,0,,0,0,0,high_confidence_overlap,RNAseq: Elacestrant demonstrates strong anti-estrogenic activity in PDX models of estrogen- receptor positive endocrine-resistant and fulvestrant-resistant breast cancer,Elacestrant demonstrates strong anti-estrogenic activity in PDX models of estrogen- receptor positive endocrine-resistant and fulvestrant-resistant breast cancer,https://www.ncbi.nlm.nih.gov/geo/query/acc.cgi?acc=GSE190384,https://www.ncbi.nlm.nih.gov/geo/query/acc.cgi?acc=GSE190386
GSE190572,GSE190574,6,complete_containment,0,,0,0,0,high_confidence_overlap,Lipid Metabolism (LiMe) genes and the genesis of estrogen receptor negative breast cancer [RNA-seq],Lipid Metabolism (LiMe) genes and the genesis of estrogen receptor negative breast cancer,https://www.ncbi.nlm.nih.gov/geo/query/acc.cgi?acc=GSE190572,https://www.ncbi.nlm.nih.gov/geo/query/acc.cgi?acc=GSE190574
GSE190811,GSE190870,4,complete_containment,0,,0,0,0,high_confidence_overlap, Single cell profiling of primary and paired metastatic lymph node tumors in breast cancer patients (10x Visium), Single cell profiling of primary and paired metastatic lymph node tumors in breast cancer patients,https://www.ncbi.nlm.nih.gov/geo/query/acc.cgi?acc=GSE190811,https://www.ncbi.nlm.nih.gov/geo/query/acc.cgi?acc=GSE190870
GSE191050,GSE262009,0,,3,,0,0,0,manual_review_required,RNA-seq on HER2+ cell line upon treatments,Reciprocal inhibition of NOTCH and SOX2 shapes tumor cell plasticity and therapeutic escape in triple negative breast cancer.,https://www.ncbi.nlm.nih.gov/geo/query/acc.cgi?acc=GSE191050,https://www.ncbi.nlm.nih.gov/geo/query/acc.cgi?acc=GSE262009
GSE192809,GSE43306,0,,2,,0,0,0,manual_review_required,RNA-Seq of MCF7 intraductal xenografts hormonally treated,Translating transcriptome of cancer cells in situ in mesenchymal-rich tumor microenvironment,https://www.ncbi.nlm.nih.gov/geo/query/acc.cgi?acc=GSE192809,https://www.ncbi.nlm.nih.gov/geo/query/acc.cgi?acc=GSE43306
GSE19295,GSE196781,0,,2,,0,0,0,manual_review_required,HER2 and EGFR dependent activation of RalA in breast cancer,Gardenia Jasminoides induce paraptosis,https://www.ncbi.nlm.nih.gov/geo/query/acc.cgi?acc=GSE19295,https://www.ncbi.nlm.nih.gov/geo/query/acc.cgi?acc=GSE196781
GSE19295,GSE327958,0,,3,,0,0,0,manual_review_required,HER2 and EGFR dependent activation of RalA in breast cancer,Transcriptomic responses to a PDE4DIP-directed siRNA in MDA-MB-231 breast cancer cells,https://www.ncbi.nlm.nih.gov/geo/query/acc.cgi?acc=GSE19295,https://www.ncbi.nlm.nih.gov/geo/query/acc.cgi?acc=GSE327958
GSE19295,GSE51403,0,,4,,0,0,0,manual_review_required,HER2 and EGFR dependent activation of RalA in breast cancer,"RNA-seq differential expression studies: more sequence, or more replication?",https://www.ncbi.nlm.nih.gov/geo/query/acc.cgi?acc=GSE19295,https://www.ncbi.nlm.nih.gov/geo/query/acc.cgi?acc=GSE51403
GSE19295,GSE54756,0,,3,,0,0,0,manual_review_required,HER2 and EGFR dependent activation of RalA in breast cancer,Expression data from TGFBR3 controls and TGFBR3 knockdown of SUM159 3D cultures,https://www.ncbi.nlm.nih.gov/geo/query/acc.cgi?acc=GSE19295,https://www.ncbi.nlm.nih.gov/geo/query/acc.cgi?acc=GSE54756
GSE19295,GSE57243,0,,2,,0,0,0,manual_review_required,HER2 and EGFR dependent activation of RalA in breast cancer,Cell-type restricted activity of hnRNPM promotes breast cancer metastasis via regulating alternative splicing,https://www.ncbi.nlm.nih.gov/geo/query/acc.cgi?acc=GSE19295,https://www.ncbi.nlm.nih.gov/geo/query/acc.cgi?acc=GSE57243
GSE193153,GSE193156,14,complete_containment,0,,0,0,0,high_confidence_overlap,RNA N6-methyladenosine reader YTHDC1 is essential for TGF-beta-mediated metastasis of triple negative breast cancer [RNA-Seq],RNA N6-methyladenosine reader YTHDC1 is essential for TGF-beta-mediated metastasis of triple negative breast cancer,https://www.ncbi.nlm.nih.gov/geo/query/acc.cgi?acc=GSE193153,https://www.ncbi.nlm.nih.gov/geo/query/acc.cgi?acc=GSE193156
GSE193154,GSE193156,4,complete_containment,0,,0,0,0,high_confidence_overlap,RNA N6-methyladenosine reader YTHDC1 is essential for TGF-beta-mediated metastasis of triple negative breast cancer [RIP-Seq],RNA N6-methyladenosine reader YTHDC1 is essential for TGF-beta-mediated metastasis of triple negative breast cancer,https://www.ncbi.nlm.nih.gov/geo/query/acc.cgi?acc=GSE193154,https://www.ncbi.nlm.nih.gov/geo/query/acc.cgi?acc=GSE193156
GSE193155,GSE193156,4,complete_containment,0,,0,0,0,high_confidence_overlap,RNA N6-methyladenosine reader YTHDC1 is essential for TGF-beta-mediated metastasis of triple negative breast cancer [m6A-Seq],RNA N6-methyladenosine reader YTHDC1 is essential for TGF-beta-mediated metastasis of triple negative breast cancer,https://www.ncbi.nlm.nih.gov/geo/query/acc.cgi?acc=GSE193155,https://www.ncbi.nlm.nih.gov/geo/query/acc.cgi?acc=GSE193156
GSE194040,GSE196096,988,complete_containment,0,,0,0,0,high_confidence_overlap,I-SPY2-990 mRNA/RPPA Data Resource: mRNA component,I-SPY2-990 mRNA/RPPA Data Resource,https://www.ncbi.nlm.nih.gov/geo/query/acc.cgi?acc=GSE194040,https://www.ncbi.nlm.nih.gov/geo/query/acc.cgi?acc=GSE196096
GSE194201,GSE219110,14,complete_containment,0,,0,0,0,high_confidence_overlap,A SOX9-B7x axis safeguards dedifferentiated tumor cells from immune surveillance to drive breast cancer progression [RNA-seq and ChIP-seq],A SOX9-B7x axis safeguards dedifferentiated tumor cells from immune surveillance to drive breast cancer progression,https://www.ncbi.nlm.nih.gov/geo/query/acc.cgi?acc=GSE194201,https://www.ncbi.nlm.nih.gov/geo/query/acc.cgi?acc=GSE219110
GSE19536,GSE19783,101,partial_overlap,0,,0,0,0,high_confidence_overlap,Molecular Characterization of Breast Cancer Subtypes Derived from Joint Analysis of High Throughput miRNA and mRNA Data,Molecular Characterization of Breast Cancer Subtypes from Joint Analysis of High Throughput miRNA and mRNA Data (II),https://www.ncbi.nlm.nih.gov/geo/query/acc.cgi?acc=GSE19536,https://www.ncbi.nlm.nih.gov/geo/query/acc.cgi?acc=GSE19783
GSE195610,GSE195611,6,complete_containment,0,,0,0,0,high_confidence_overlap,3D chromatin architecture of drug-tolerant cancer cells at single-cell resolution (scRNA-seq dataset),3D chromatin architecture of drug-tolerant cancer cells at single-cell resolution,https://www.ncbi.nlm.nih.gov/geo/query/acc.cgi?acc=GSE195610,https://www.ncbi.nlm.nih.gov/geo/query/acc.cgi?acc=GSE195611
GSE195764,GSE195816,12,complete_containment,0,,0,0,0,high_confidence_overlap,RNAseq in breast cancer cells with EBF1 knockdown,ChIP-seq and RNA-seq in breast cancer cell lines,https://www.ncbi.nlm.nih.gov/geo/query/acc.cgi?acc=GSE195764,https://www.ncbi.nlm.nih.gov/geo/query/acc.cgi?acc=GSE195816
GSE195774,GSE195787,6,complete_containment,0,,0,0,0,high_confidence_overlap,Expression data from OSM-overexpressing and control MDA-MB-231 triple negative breast cancer cells,Effect of Oncostatin M (OSM) in breast cancer cells and cancer associated fibroblasts,https://www.ncbi.nlm.nih.gov/geo/query/acc.cgi?acc=GSE195774,https://www.ncbi.nlm.nih.gov/geo/query/acc.cgi?acc=GSE195787
GSE195775,GSE195787,6,complete_containment,0,,0,0,0,high_confidence_overlap,Expression data from cancer associated fibroblasts (CAFs) treated with OSM,Effect of Oncostatin M (OSM) in breast cancer cells and cancer associated fibroblasts,https://www.ncbi.nlm.nih.gov/geo/query/acc.cgi?acc=GSE195775,https://www.ncbi.nlm.nih.gov/geo/query/acc.cgi?acc=GSE195787
GSE196323,GSE196325,55,complete_containment,0,,0,0,0,high_confidence_overlap,Epigenetic repression of STING by MYC promotes immune evasion and resistance to immune checkpoint inhibitors in triple negative breast cancer [RNA-seq],Epigenetic repression of STING by MYC promotes immune evasion and resistance to immune checkpoint inhibitors in triple negative breast cancer.,https://www.ncbi.nlm.nih.gov/geo/query/acc.cgi?acc=GSE196323,https://www.ncbi.nlm.nih.gov/geo/query/acc.cgi?acc=GSE196325
GSE196354,GSE196404,14,complete_containment,0,,0,0,0,high_confidence_overlap,Transcriptome analysis of primary normal fibroblasts and matched cancer associated fibroblasts,Enhancer reprogramming promotes the activation of cancer-associated fibroblasts and breast cancer metastasis,https://www.ncbi.nlm.nih.gov/geo/query/acc.cgi?acc=GSE196354,https://www.ncbi.nlm.nih.gov/geo/query/acc.cgi?acc=GSE196404
GSE19639,GSE58643,0,,2,,0,0,0,manual_review_required,Hyperactivation of PI3K promotes escape from hormone dependence in estrogen receptor-positive breast cancer,An epigenetically distinct breast cancer cell subpopulation promotes collective invasion,https://www.ncbi.nlm.nih.gov/geo/query/acc.cgi?acc=GSE19639,https://www.ncbi.nlm.nih.gov/geo/query/acc.cgi?acc=GSE58643
GSE196781,GSE327958,0,,2,,0,0,0,manual_review_required,Gardenia Jasminoides induce paraptosis,Transcriptomic responses to a PDE4DIP-directed siRNA in MDA-MB-231 breast cancer cells,https://www.ncbi.nlm.nih.gov/geo/query/acc.cgi?acc=GSE196781,https://www.ncbi.nlm.nih.gov/geo/query/acc.cgi?acc=GSE327958
GSE196781,GSE51403,0,,2,,0,0,0,manual_review_required,Gardenia Jasminoides induce paraptosis,"RNA-seq differential expression studies: more sequence, or more replication?",https://www.ncbi.nlm.nih.gov/geo/query/acc.cgi?acc=GSE196781,https://www.ncbi.nlm.nih.gov/geo/query/acc.cgi?acc=GSE51403
GSE196781,GSE54756,0,,2,,0,0,0,manual_review_required,Gardenia Jasminoides induce paraptosis,Expression data from TGFBR3 controls and TGFBR3 knockdown of SUM159 3D cultures,https://www.ncbi.nlm.nih.gov/geo/query/acc.cgi?acc=GSE196781,https://www.ncbi.nlm.nih.gov/geo/query/acc.cgi?acc=GSE54756
GSE196781,GSE57243,0,,2,,0,0,0,manual_review_required,Gardenia Jasminoides induce paraptosis,Cell-type restricted activity of hnRNPM promotes breast cancer metastasis via regulating alternative splicing,https://www.ncbi.nlm.nih.gov/geo/query/acc.cgi?acc=GSE196781,https://www.ncbi.nlm.nih.gov/geo/query/acc.cgi?acc=GSE57243
GSE196876,GSE196880,12,complete_containment,0,,0,0,0,high_confidence_overlap,RNA-seq analysis of hormone receptor positive breast cancer cell line T47D with 24h hormone treatment,Hormone treatment of ER+ breast cancer cell lines,https://www.ncbi.nlm.nih.gov/geo/query/acc.cgi?acc=GSE196876,https://www.ncbi.nlm.nih.gov/geo/query/acc.cgi?acc=GSE196880
GSE196877,GSE196880,12,complete_containment,0,,0,0,0,high_confidence_overlap,RNA-seq analysis of hormone receptor positive breast cancer cell line UCD4 with 24h hormone treatment,Hormone treatment of ER+ breast cancer cell lines,https://www.ncbi.nlm.nih.gov/geo/query/acc.cgi?acc=GSE196877,https://www.ncbi.nlm.nih.gov/geo/query/acc.cgi?acc=GSE196880
GSE196952,GSE221183,0,,2,,0,0,0,manual_review_required,CD9 contributes to exit from a stem cell-like and embryonic diapause states and transit to drug resistant states ,Single cell RNA trajectory analysis reveals a CD9 positive cell state to contribute to exit from stem cell-like and embryonic diapause states and transit to drug resistant states,https://www.ncbi.nlm.nih.gov/geo/query/acc.cgi?acc=GSE196952,https://www.ncbi.nlm.nih.gov/geo/query/acc.cgi?acc=GSE221183
GSE197575,GSE197577,6,complete_containment,0,,0,0,0,high_confidence_overlap,ELK3 modulates the antitumor efficacy of natural killer cells against triple negative breast cancer by regulating mitochondrial dynamics [RNA-seq],ELK3 modulates the antitumor efficacy of natural killer cells against triple negative breast cancer by regulating mitochondrial dynamics,https://www.ncbi.nlm.nih.gov/geo/query/acc.cgi?acc=GSE197575,https://www.ncbi.nlm.nih.gov/geo/query/acc.cgi?acc=GSE197577
GSE197601,GSE197604,4,complete_containment,0,,0,0,0,high_confidence_overlap,Transcriptomic expression of SUM159 cells treated with palbociclib and indisulam,Senescence associated gene signatures,https://www.ncbi.nlm.nih.gov/geo/query/acc.cgi?acc=GSE197601,https://www.ncbi.nlm.nih.gov/geo/query/acc.cgi?acc=GSE197604
GSE197602,GSE197604,16,complete_containment,0,,0,0,0,high_confidence_overlap,Transcriptomic expression of A549 and SUM159 cells treated with palbociclib and indisulam,Senescence associated gene signatures,https://www.ncbi.nlm.nih.gov/geo/query/acc.cgi?acc=GSE197602,https://www.ncbi.nlm.nih.gov/geo/query/acc.cgi?acc=GSE197604
GSE197603,GSE197604,14,complete_containment,0,,0,0,0,high_confidence_overlap,Transcriptomic expression of A549 cells treated with palbociclib and indisulam or PF-06873600 and SUM159 cells treated with PF-06873600,Senescence associated gene signatures,https://www.ncbi.nlm.nih.gov/geo/query/acc.cgi?acc=GSE197603,https://www.ncbi.nlm.nih.gov/geo/query/acc.cgi?acc=GSE197604
GSE197763,GSE212143,0,,1,,0,0,0,manual_review_required,Pre-clinical validation of an RNA-based precision oncology platform for patient-therapy alignment in a diverse set of human malignancies resistant to standard treatments,Transcriptome analysis of 15 different breast cancer cell lines,https://www.ncbi.nlm.nih.gov/geo/query/acc.cgi?acc=GSE197763,https://www.ncbi.nlm.nih.gov/geo/query/acc.cgi?acc=GSE212143
GSE197763,GSE212854,0,,2,,0,0,0,manual_review_required,Pre-clinical validation of an RNA-based precision oncology platform for patient-therapy alignment in a diverse set of human malignancies resistant to standard treatments,An RNA-based precision oncology platform for patient-therapy alignment in a diverse set of treatment resistant malignancies,https://www.ncbi.nlm.nih.gov/geo/query/acc.cgi?acc=GSE197763,https://www.ncbi.nlm.nih.gov/geo/query/acc.cgi?acc=GSE212854
GSE197763,GSE227630,0,,1,,0,0,0,manual_review_required,Pre-clinical validation of an RNA-based precision oncology platform for patient-therapy alignment in a diverse set of human malignancies resistant to standard treatments,Changes in expression of genes +/- CREB3L1 expression,https://www.ncbi.nlm.nih.gov/geo/query/acc.cgi?acc=GSE197763,https://www.ncbi.nlm.nih.gov/geo/query/acc.cgi?acc=GSE227630
GSE197763,GSE24578,0,,1,,0,0,0,manual_review_required,Pre-clinical validation of an RNA-based precision oncology platform for patient-therapy alignment in a diverse set of human malignancies resistant to standard treatments,Basal gene expression of breast cancer cell lines,https://www.ncbi.nlm.nih.gov/geo/query/acc.cgi?acc=GSE197763,https://www.ncbi.nlm.nih.gov/geo/query/acc.cgi?acc=GSE24578
GSE197763,GSE24717,0,,1,,0,0,0,manual_review_required,Pre-clinical validation of an RNA-based precision oncology platform for patient-therapy alignment in a diverse set of human malignancies resistant to standard treatments,Using a Stem Cell-Based Signature to Guide Therapeutic Selection in Cancer,https://www.ncbi.nlm.nih.gov/geo/query/acc.cgi?acc=GSE197763,https://www.ncbi.nlm.nih.gov/geo/query/acc.cgi?acc=GSE24717
GSE197763,GSE24737,0,,1,,0,0,0,manual_review_required,Pre-clinical validation of an RNA-based precision oncology platform for patient-therapy alignment in a diverse set of human malignancies resistant to standard treatments,Large scale screening for known fusion genes in cancer cell lines,https://www.ncbi.nlm.nih.gov/geo/query/acc.cgi?acc=GSE197763,https://www.ncbi.nlm.nih.gov/geo/query/acc.cgi?acc=GSE24737
GSE197763,GSE4000,0,,1,,0,0,0,manual_review_required,Pre-clinical validation of an RNA-based precision oncology platform for patient-therapy alignment in a diverse set of human malignancies resistant to standard treatments,A molecular 'signature' of primary breast cancer cultures; patterns resembling tumor tissue.,https://www.ncbi.nlm.nih.gov/geo/query/acc.cgi?acc=GSE197763,https://www.ncbi.nlm.nih.gov/geo/query/acc.cgi?acc=GSE4000
GSE197763,GSE52643,0,,1,,0,0,0,manual_review_required,Pre-clinical validation of an RNA-based precision oncology platform for patient-therapy alignment in a diverse set of human malignancies resistant to standard treatments,Fusion discovery in breast cancer cell line,https://www.ncbi.nlm.nih.gov/geo/query/acc.cgi?acc=GSE197763,https://www.ncbi.nlm.nih.gov/geo/query/acc.cgi?acc=GSE52643
GSE197763,GSE58135,0,,1,,0,0,0,manual_review_required,Pre-clinical validation of an RNA-based precision oncology platform for patient-therapy alignment in a diverse set of human malignancies resistant to standard treatments,Breast Cancer RNA-seq,https://www.ncbi.nlm.nih.gov/geo/query/acc.cgi?acc=GSE197763,https://www.ncbi.nlm.nih.gov/geo/query/acc.cgi?acc=GSE58135
GSE197763,GSE59242,0,,1,,0,0,0,manual_review_required,Pre-clinical validation of an RNA-based precision oncology platform for patient-therapy alignment in a diverse set of human malignancies resistant to standard treatments,Profiling of human cancer breast cell lines (Affymetrix),https://www.ncbi.nlm.nih.gov/geo/query/acc.cgi?acc=GSE197763,https://www.ncbi.nlm.nih.gov/geo/query/acc.cgi?acc=GSE59242
GSE197763,GSE73526,0,,1,,0,0,0,manual_review_required,Pre-clinical validation of an RNA-based precision oncology platform for patient-therapy alignment in a diverse set of human malignancies resistant to standard treatments,"The Functional Genomic Landscape of Human Breast Cancer Drivers, Vulnerabilities, and Resistance (RNASeq)",https://www.ncbi.nlm.nih.gov/geo/query/acc.cgi?acc=GSE197763,https://www.ncbi.nlm.nih.gov/geo/query/acc.cgi?acc=GSE73526
GSE197763,GSE81032,0,,1,,0,0,0,manual_review_required,Pre-clinical validation of an RNA-based precision oncology platform for patient-therapy alignment in a diverse set of human malignancies resistant to standard treatments,Comparative proteomics and transcriptomics study of signaling network proteins across multiple normal and cancer cell lines,https://www.ncbi.nlm.nih.gov/geo/query/acc.cgi?acc=GSE197763,https://www.ncbi.nlm.nih.gov/geo/query/acc.cgi?acc=GSE81032
GSE197763,GSE87006,0,,1,,0,0,0,manual_review_required,Pre-clinical validation of an RNA-based precision oncology platform for patient-therapy alignment in a diverse set of human malignancies resistant to standard treatments,CDK4 phosphorylation status and a linked gene expression profile predict sensitivity to Palbociclib [lines],https://www.ncbi.nlm.nih.gov/geo/query/acc.cgi?acc=GSE197763,https://www.ncbi.nlm.nih.gov/geo/query/acc.cgi?acc=GSE87006
GSE197763,GSE87008,0,,1,,0,0,0,manual_review_required,Pre-clinical validation of an RNA-based precision oncology platform for patient-therapy alignment in a diverse set of human malignancies resistant to standard treatments,CDK4 phosphorylation status and a linked gene expression profile predict sensitivity to Palbociclib,https://www.ncbi.nlm.nih.gov/geo/query/acc.cgi?acc=GSE197763,https://www.ncbi.nlm.nih.gov/geo/query/acc.cgi?acc=GSE87008
GSE198660,GSE198685,6,complete_containment,0,,0,0,0,high_confidence_overlap,Next Generation Sequencing of MCF7 cells exposed to conditioned media from growing or senescent fibroblasts,MCF7 cells exposed to conditioned media from growing or senescent fibroblasts,https://www.ncbi.nlm.nih.gov/geo/query/acc.cgi?acc=GSE198660,https://www.ncbi.nlm.nih.gov/geo/query/acc.cgi?acc=GSE198685
GSE198661,GSE198685,4,complete_containment,0,,0,0,0,high_confidence_overlap,Next Generation Sequencing of LCN2+/+ and LCN2 -/- MCF7 exposed to conditioned media from senescent fibroblasts,MCF7 cells exposed to conditioned media from growing or senescent fibroblasts,https://www.ncbi.nlm.nih.gov/geo/query/acc.cgi?acc=GSE198661,https://www.ncbi.nlm.nih.gov/geo/query/acc.cgi?acc=GSE198685
GSE1992,GSE20234,4,partial_overlap,0,,0,0,0,high_confidence_overlap,A New Breast Tumor Intrinsic Gene List Identifies Novel Characteristics that are Conserved Across Microarray Platforms,SWISS MADE: Standardized WithIn class Sum of Squares to evaluate Methodologies And Dataset Elements,https://www.ncbi.nlm.nih.gov/geo/query/acc.cgi?acc=GSE1992,https://www.ncbi.nlm.nih.gov/geo/query/acc.cgi?acc=GSE20234
GSE1992,GSE20624,98,partial_overlap,1,,0,0,0,high_confidence_overlap,A New Breast Tumor Intrinsic Gene List Identifies Novel Characteristics that are Conserved Across Microarray Platforms,Breast Carcinomas arising at a Young Age:  A Unique Biology or a Surrogate for Aggressive Intrinsic Subtypes.,https://www.ncbi.nlm.nih.gov/geo/query/acc.cgi?acc=GSE1992,https://www.ncbi.nlm.nih.gov/geo/query/acc.cgi?acc=GSE20624
GSE1992,GSE22049,15,partial_overlap,0,,0,0,0,high_confidence_overlap,A New Breast Tumor Intrinsic Gene List Identifies Novel Characteristics that are Conserved Across Microarray Platforms,MicroRNA-30c inhibits Human Breast Tumor Chemotherapy Resistance by regulating TWF1 and IL-11: Patient DataSet,https://www.ncbi.nlm.nih.gov/geo/query/acc.cgi?acc=GSE1992,https://www.ncbi.nlm.nih.gov/geo/query/acc.cgi?acc=GSE22049
GSE1992,GSE2607,102,near_containment,0,,0,0,0,high_confidence_overlap,A New Breast Tumor Intrinsic Gene List Identifies Novel Characteristics that are Conserved Across Microarray Platforms,Biological Classification of Breast Cancer by Real-Time Quantitative RTPCR: Comparisons to Microarray and Histopathology,https://www.ncbi.nlm.nih.gov/geo/query/acc.cgi?acc=GSE1992,https://www.ncbi.nlm.nih.gov/geo/query/acc.cgi?acc=GSE2607
GSE1992,GSE26338,153,near_containment,0,,0,0,0,high_confidence_overlap,A New Breast Tumor Intrinsic Gene List Identifies Novel Characteristics that are Conserved Across Microarray Platforms,"Genomic analysis identifies unique signatures predictive of brain, lung, and liver relapse",https://www.ncbi.nlm.nih.gov/geo/query/acc.cgi?acc=GSE1992,https://www.ncbi.nlm.nih.gov/geo/query/acc.cgi?acc=GSE26338
GSE1992,GSE2740,156,near_containment,0,,0,0,0,high_confidence_overlap,A New Breast Tumor Intrinsic Gene List Identifies Novel Characteristics that are Conserved Across Microarray Platforms,Estrogen-regulated genes predict survival in estrogen receptor and/or progesterone receptor-positive breast cancers,https://www.ncbi.nlm.nih.gov/geo/query/acc.cgi?acc=GSE1992,https://www.ncbi.nlm.nih.gov/geo/query/acc.cgi?acc=GSE2740
GSE1992,GSE2741,146,near_containment,0,,0,0,0,high_confidence_overlap,A New Breast Tumor Intrinsic Gene List Identifies Novel Characteristics that are Conserved Across Microarray Platforms,Breast Tumor's study,https://www.ncbi.nlm.nih.gov/geo/query/acc.cgi?acc=GSE1992,https://www.ncbi.nlm.nih.gov/geo/query/acc.cgi?acc=GSE2741
GSE1992,GSE3165,163,near_containment,0,,0,0,0,high_confidence_overlap,A New Breast Tumor Intrinsic Gene List Identifies Novel Characteristics that are Conserved Across Microarray Platforms,Identification of conserved gene expression features across human and murine mammary tumors,https://www.ncbi.nlm.nih.gov/geo/query/acc.cgi?acc=GSE1992,https://www.ncbi.nlm.nih.gov/geo/query/acc.cgi?acc=GSE3165
GSE1992,GSE3521,148,near_containment,0,,0,0,0,high_confidence_overlap,A New Breast Tumor Intrinsic Gene List Identifies Novel Characteristics that are Conserved Across Microarray Platforms,A compact VEGF signature associated with distant metastases and poor outcomes,https://www.ncbi.nlm.nih.gov/geo/query/acc.cgi?acc=GSE1992,https://www.ncbi.nlm.nih.gov/geo/query/acc.cgi?acc=GSE3521
GSE1992,GSE35629,0,,1,,0,0,0,manual_review_required,A New Breast Tumor Intrinsic Gene List Identifies Novel Characteristics that are Conserved Across Microarray Platforms,Vimentin DNA Methylation Predicts Survival in Breast Cancer,https://www.ncbi.nlm.nih.gov/geo/query/acc.cgi?acc=GSE1992,https://www.ncbi.nlm.nih.gov/geo/query/acc.cgi?acc=GSE35629
GSE1992,GSE6130,100,partial_overlap,0,,0,0,0,high_confidence_overlap,A New Breast Tumor Intrinsic Gene List Identifies Novel Characteristics that are Conserved Across Microarray Platforms,Agreement in Breast Cancer Classification between Microarray and qRT-PCR from Fresh-Frozen and Formalin-Fixed Tissues,https://www.ncbi.nlm.nih.gov/geo/query/acc.cgi?acc=GSE1992,https://www.ncbi.nlm.nih.gov/geo/query/acc.cgi?acc=GSE6130
GSE200204,GSE200205,24,complete_containment,0,,0,0,0,high_confidence_overlap,RNA-seq analysis of gene expression in normoxic and hypoxic cancer cell lines,HIF-1a and HIF-2a ChIP-seq and RNA-seq of hypoxic cancer cell lines,https://www.ncbi.nlm.nih.gov/geo/query/acc.cgi?acc=GSE200204,https://www.ncbi.nlm.nih.gov/geo/query/acc.cgi?acc=GSE200205
GSE201434,GSE201435,6,complete_containment,0,,0,0,0,high_confidence_overlap,Carboplatin resistance-associated changes in the 3D chromatin landscape of a triple-negative breast cancer Patient-Derived Xenograft [RNA-Seq],Carboplatin resistance-associated changes in the 3D chromatin landscape of a triple-negative breast cancer Patient-Derived Xenograft,https://www.ncbi.nlm.nih.gov/geo/query/acc.cgi?acc=GSE201434,https://www.ncbi.nlm.nih.gov/geo/query/acc.cgi?acc=GSE201435
GSE20181,GSE5462,116,complete_containment,0,,0,0,0,high_confidence_overlap,Letrozole (Femara) early and late responses to treatment,Letrozole (Femara) early response to treatment,https://www.ncbi.nlm.nih.gov/geo/query/acc.cgi?acc=GSE20181,https://www.ncbi.nlm.nih.gov/geo/query/acc.cgi?acc=GSE5462
GSE20194,GSE20271,0,,0,,15,4,20,high_confidence_overlap,MAQC-II Project: human breast cancer (BR) data set,Expression data from breast cancer FNA biopsies from patients,https://www.ncbi.nlm.nih.gov/geo/query/acc.cgi?acc=GSE20194,https://www.ncbi.nlm.nih.gov/geo/query/acc.cgi?acc=GSE20271
GSE20194,GSE22093,0,,0,,0,0,1,manual_review_required,MAQC-II Project: human breast cancer (BR) data set,Expression data from breast cancer FNA biopsies from patients,https://www.ncbi.nlm.nih.gov/geo/query/acc.cgi?acc=GSE20194,https://www.ncbi.nlm.nih.gov/geo/query/acc.cgi?acc=GSE22093
GSE20194,GSE25055,0,,0,,187,0,1,high_confidence_overlap,MAQC-II Project: human breast cancer (BR) data set,Discovery cohort for genomic predictor of response and survival following neoadjuvant taxane-anthracycline chemotherapy in breast cancer,https://www.ncbi.nlm.nih.gov/geo/query/acc.cgi?acc=GSE20194,https://www.ncbi.nlm.nih.gov/geo/query/acc.cgi?acc=GSE25055
GSE20194,GSE25065,0,,0,,0,0,1,manual_review_required,MAQC-II Project: human breast cancer (BR) data set,Validation cohort for genomic predictor of response and survival following neoadjuvant taxane-anthracycline chemotherapy in breast cancer,https://www.ncbi.nlm.nih.gov/geo/query/acc.cgi?acc=GSE20194,https://www.ncbi.nlm.nih.gov/geo/query/acc.cgi?acc=GSE25065
GSE20194,GSE42822,0,,0,,0,0,1,manual_review_required,MAQC-II Project: human breast cancer (BR) data set,Expression data from breast cancer FNA biopsies from patients ( (USO samples),https://www.ncbi.nlm.nih.gov/geo/query/acc.cgi?acc=GSE20194,https://www.ncbi.nlm.nih.gov/geo/query/acc.cgi?acc=GSE42822
GSE20234,GSE20624,8,complete_containment,0,,0,0,0,high_confidence_overlap,SWISS MADE: Standardized WithIn class Sum of Squares to evaluate Methodologies And Dataset Elements,Breast Carcinomas arising at a Young Age:  A Unique Biology or a Surrogate for Aggressive Intrinsic Subtypes.,https://www.ncbi.nlm.nih.gov/geo/query/acc.cgi?acc=GSE20234,https://www.ncbi.nlm.nih.gov/geo/query/acc.cgi?acc=GSE20624
GSE20234,GSE2607,1,partial_overlap,0,,0,0,0,high_confidence_overlap,SWISS MADE: Standardized WithIn class Sum of Squares to evaluate Methodologies And Dataset Elements,Biological Classification of Breast Cancer by Real-Time Quantitative RTPCR: Comparisons to Microarray and Histopathology,https://www.ncbi.nlm.nih.gov/geo/query/acc.cgi?acc=GSE20234,https://www.ncbi.nlm.nih.gov/geo/query/acc.cgi?acc=GSE2607
GSE20234,GSE26338,7,near_containment,0,,0,0,0,high_confidence_overlap,SWISS MADE: Standardized WithIn class Sum of Squares to evaluate Methodologies And Dataset Elements,"Genomic analysis identifies unique signatures predictive of brain, lung, and liver relapse",https://www.ncbi.nlm.nih.gov/geo/query/acc.cgi?acc=GSE20234,https://www.ncbi.nlm.nih.gov/geo/query/acc.cgi?acc=GSE26338
GSE20234,GSE2740,4,partial_overlap,0,,0,0,0,high_confidence_overlap,SWISS MADE: Standardized WithIn class Sum of Squares to evaluate Methodologies And Dataset Elements,Estrogen-regulated genes predict survival in estrogen receptor and/or progesterone receptor-positive breast cancers,https://www.ncbi.nlm.nih.gov/geo/query/acc.cgi?acc=GSE20234,https://www.ncbi.nlm.nih.gov/geo/query/acc.cgi?acc=GSE2740
GSE20234,GSE2741,1,partial_overlap,0,,0,0,0,high_confidence_overlap,SWISS MADE: Standardized WithIn class Sum of Squares to evaluate Methodologies And Dataset Elements,Breast Tumor's study,https://www.ncbi.nlm.nih.gov/geo/query/acc.cgi?acc=GSE20234,https://www.ncbi.nlm.nih.gov/geo/query/acc.cgi?acc=GSE2741
GSE20234,GSE3165,8,complete_containment,0,,0,0,0,high_confidence_overlap,SWISS MADE: Standardized WithIn class Sum of Squares to evaluate Methodologies And Dataset Elements,Identification of conserved gene expression features across human and murine mammary tumors,https://www.ncbi.nlm.nih.gov/geo/query/acc.cgi?acc=GSE20234,https://www.ncbi.nlm.nih.gov/geo/query/acc.cgi?acc=GSE3165
GSE20234,GSE3521,8,complete_containment,0,,0,0,0,high_confidence_overlap,SWISS MADE: Standardized WithIn class Sum of Squares to evaluate Methodologies And Dataset Elements,A compact VEGF signature associated with distant metastases and poor outcomes,https://www.ncbi.nlm.nih.gov/geo/query/acc.cgi?acc=GSE20234,https://www.ncbi.nlm.nih.gov/geo/query/acc.cgi?acc=GSE3521
GSE20234,GSE6130,6,partial_overlap,0,,0,0,0,high_confidence_overlap,SWISS MADE: Standardized WithIn class Sum of Squares to evaluate Methodologies And Dataset Elements,Agreement in Breast Cancer Classification between Microarray and qRT-PCR from Fresh-Frozen and Formalin-Fixed Tissues,https://www.ncbi.nlm.nih.gov/geo/query/acc.cgi?acc=GSE20234,https://www.ncbi.nlm.nih.gov/geo/query/acc.cgi?acc=GSE6130
GSE202435,GSE202438,2,complete_containment,0,,0,0,0,high_confidence_overlap,"PARP1-SNAI2 Transcription Axis Drives Resistance to PARP Inhibitor, Talazoparib (scRNA-Seq)","PARP1-SNAI2 Transcription Axis Drives Resistance to PARP Inhibitor, Talazoparib",https://www.ncbi.nlm.nih.gov/geo/query/acc.cgi?acc=GSE202435,https://www.ncbi.nlm.nih.gov/geo/query/acc.cgi?acc=GSE202438
GSE202592,GSE202593,6,complete_containment,0,,0,0,0,high_confidence_overlap,Menin is a ‘reader’ of histone H3 lysine 79 methylation (RNA-Seq),Menin is a ‘reader’ of histone H3 lysine 79 methylation,https://www.ncbi.nlm.nih.gov/geo/query/acc.cgi?acc=GSE202592,https://www.ncbi.nlm.nih.gov/geo/query/acc.cgi?acc=GSE202593
GSE202595,GSE202923,24,complete_containment,0,,0,0,0,high_confidence_overlap,Diabetes-associated breast cancer has a distinct transcriptome and metabolome and shows DNA repair deficiency [ER positive cell lines],Diabetes-associated breast cancer has a distinct transcriptome and metabolome and shows DNA repair deficiency,https://www.ncbi.nlm.nih.gov/geo/query/acc.cgi?acc=GSE202595,https://www.ncbi.nlm.nih.gov/geo/query/acc.cgi?acc=GSE202923
GSE202597,GSE202923,8,complete_containment,0,,0,0,0,high_confidence_overlap,Diabetes-associated breast cancer has a distinct transcriptome and metabolome and shows DNA repair deficiency [CML exposed MDAMB231 cells],Diabetes-associated breast cancer has a distinct transcriptome and metabolome and shows DNA repair deficiency,https://www.ncbi.nlm.nih.gov/geo/query/acc.cgi?acc=GSE202597,https://www.ncbi.nlm.nih.gov/geo/query/acc.cgi?acc=GSE202923
GSE202598,GSE202923,8,complete_containment,0,,0,0,0,high_confidence_overlap,Diabetes-associated breast cancer has a distinct transcriptome and metabolome and shows DNA repair deficiency [MDAMB157 cell lines],Diabetes-associated breast cancer has a distinct transcriptome and metabolome and shows DNA repair deficiency,https://www.ncbi.nlm.nih.gov/geo/query/acc.cgi?acc=GSE202598,https://www.ncbi.nlm.nih.gov/geo/query/acc.cgi?acc=GSE202923
GSE202599,GSE202923,24,complete_containment,0,,0,0,0,high_confidence_overlap,Diabetes-associated breast cancer has a distinct transcriptome and metabolome and shows DNA repair deficiency [Xenografts],Diabetes-associated breast cancer has a distinct transcriptome and metabolome and shows DNA repair deficiency,https://www.ncbi.nlm.nih.gov/geo/query/acc.cgi?acc=GSE202599,https://www.ncbi.nlm.nih.gov/geo/query/acc.cgi?acc=GSE202923
GSE20271,GSE22093,0,,13,23185353,3,0,11,high_confidence_overlap,Expression data from breast cancer FNA biopsies from patients,Expression data from breast cancer FNA biopsies from patients,https://www.ncbi.nlm.nih.gov/geo/query/acc.cgi?acc=GSE20271,https://www.ncbi.nlm.nih.gov/geo/query/acc.cgi?acc=GSE22093
GSE20271,GSE25055,0,,0,,16,3,14,high_confidence_overlap,Expression data from breast cancer FNA biopsies from patients,Discovery cohort for genomic predictor of response and survival following neoadjuvant taxane-anthracycline chemotherapy in breast cancer,https://www.ncbi.nlm.nih.gov/geo/query/acc.cgi?acc=GSE20271,https://www.ncbi.nlm.nih.gov/geo/query/acc.cgi?acc=GSE25055
GSE20271,GSE25065,0,,0,,22,4,18,high_confidence_overlap,Expression data from breast cancer FNA biopsies from patients,Validation cohort for genomic predictor of response and survival following neoadjuvant taxane-anthracycline chemotherapy in breast cancer,https://www.ncbi.nlm.nih.gov/geo/query/acc.cgi?acc=GSE20271,https://www.ncbi.nlm.nih.gov/geo/query/acc.cgi?acc=GSE25065
GSE202768,GSE202776,16,complete_containment,0,,0,0,0,high_confidence_overlap,Epigenetic heterogeneity and transcriptional drivers of triple-negative breast cancer (PRRX1 KD RNA-Seq),Epigenetic heterogeneity and transcriptional drivers of triple-negative breast cancer,https://www.ncbi.nlm.nih.gov/geo/query/acc.cgi?acc=GSE202768,https://www.ncbi.nlm.nih.gov/geo/query/acc.cgi?acc=GSE202776
GSE202769,GSE202776,48,complete_containment,0,,0,0,0,high_confidence_overlap,Epigenetic heterogeneity and transcriptional drivers of triple-negative breast cancer (PRRX1 OE RNA-Seq),Epigenetic heterogeneity and transcriptional drivers of triple-negative breast cancer,https://www.ncbi.nlm.nih.gov/geo/query/acc.cgi?acc=GSE202769,https://www.ncbi.nlm.nih.gov/geo/query/acc.cgi?acc=GSE202776
GSE202770,GSE202776,34,complete_containment,0,,0,0,0,high_confidence_overlap,Epigenetic heterogeneity and transcriptional drivers of triple-negative breast cancer (TNBC cell lines RNA-Seq),Epigenetic heterogeneity and transcriptional drivers of triple-negative breast cancer,https://www.ncbi.nlm.nih.gov/geo/query/acc.cgi?acc=GSE202770,https://www.ncbi.nlm.nih.gov/geo/query/acc.cgi?acc=GSE202776
GSE202771,GSE202776,23,complete_containment,0,,0,0,0,high_confidence_overlap,Epigenetic heterogeneity and transcriptional drivers of triple-negative breast cancer (Cell lines scRNA-Seq),Epigenetic heterogeneity and transcriptional drivers of triple-negative breast cancer,https://www.ncbi.nlm.nih.gov/geo/query/acc.cgi?acc=GSE202771,https://www.ncbi.nlm.nih.gov/geo/query/acc.cgi?acc=GSE202776
GSE202773,GSE202776,15,complete_containment,0,,0,0,0,high_confidence_overlap,Epigenetic heterogeneity and transcriptional drivers of triple-negative breast cancer (PDX  RNA-Seq),Epigenetic heterogeneity and transcriptional drivers of triple-negative breast cancer,https://www.ncbi.nlm.nih.gov/geo/query/acc.cgi?acc=GSE202773,https://www.ncbi.nlm.nih.gov/geo/query/acc.cgi?acc=GSE202776
GSE202776,GSE232085,22,complete_containment,0,,0,0,0,high_confidence_overlap,Epigenetic heterogeneity and transcriptional drivers of triple-negative breast cancer,Epigenetic heterogeneity and transcriptional drivers of triple-negative breast cancer [RNA-Seq],https://www.ncbi.nlm.nih.gov/geo/query/acc.cgi?acc=GSE202776,https://www.ncbi.nlm.nih.gov/geo/query/acc.cgi?acc=GSE232085
GSE202922,GSE202923,73,complete_containment,0,,0,0,0,high_confidence_overlap,Diabetes-associated breast cancer has a distinct transcriptome and metabolome and shows DNA repair deficiency [Breast Tumors],Diabetes-associated breast cancer has a distinct transcriptome and metabolome and shows DNA repair deficiency,https://www.ncbi.nlm.nih.gov/geo/query/acc.cgi?acc=GSE202922,https://www.ncbi.nlm.nih.gov/geo/query/acc.cgi?acc=GSE202923
GSE202923,GSE236419,8,complete_containment,0,,0,0,0,high_confidence_overlap,Diabetes-associated breast cancer has a distinct transcriptome and metabolome and shows DNA repair deficiency,Diabetes-associated breast cancer has a distinct transcriptome and metabolome and shows DNA repair deficiency [RNAseq-Hs578T],https://www.ncbi.nlm.nih.gov/geo/query/acc.cgi?acc=GSE202923,https://www.ncbi.nlm.nih.gov/geo/query/acc.cgi?acc=GSE236419
GSE202923,GSE236420,16,complete_containment,0,,0,0,0,high_confidence_overlap,Diabetes-associated breast cancer has a distinct transcriptome and metabolome and shows DNA repair deficiency,Diabetes-associated breast cancer has a distinct transcriptome and metabolome and shows DNA repair deficiency [RNAseq-MDA-MB-231_and_MDA-MB-468],https://www.ncbi.nlm.nih.gov/geo/query/acc.cgi?acc=GSE202923,https://www.ncbi.nlm.nih.gov/geo/query/acc.cgi?acc=GSE236420
GSE203231,GSE203232,4,complete_containment,0,,0,0,0,high_confidence_overlap,ACK1/TNK2 Epigenetically Regulates Cell Cycle Program to Promote Breast Cancer Resistance to CDK4/6 inhibitor (RNA-Seq),ACK1/TNK2 Epigenetically Regulates Cell Cycle Program to Promote Breast Cancer Resistance to CDK4/6 inhibitor,https://www.ncbi.nlm.nih.gov/geo/query/acc.cgi?acc=GSE203231,https://www.ncbi.nlm.nih.gov/geo/query/acc.cgi?acc=GSE203232
GSE20437,GSE21947,12,partial_overlap,0,,0,0,0,high_confidence_overlap,Histologically normal epithelium from breast cancer patients and cancer-free prophylactic mastectomy patients,Gene expression profiles of breast cancer subtypes are detectable in histologically normal breast epithelium,https://www.ncbi.nlm.nih.gov/geo/query/acc.cgi?acc=GSE20437,https://www.ncbi.nlm.nih.gov/geo/query/acc.cgi?acc=GSE21947
GSE20462,GSE20486,97,complete_containment,0,,0,0,0,high_confidence_overlap,Clinical implications of gene dosage and gene expression patterns in diploid breast carcinoma (transcriptomic profiling),Clinical implications of gene dosage and gene expression patterns in diploid breast carcinoma,https://www.ncbi.nlm.nih.gov/geo/query/acc.cgi?acc=GSE20462,https://www.ncbi.nlm.nih.gov/geo/query/acc.cgi?acc=GSE20486
GSE205252,GSE326436,0,,2,,0,0,0,manual_review_required,Integrated analysis reveals effects of bioactive ingredients from Limonium Sinense (Girard) Kuntze on hypoxia-inducible factor (HIF) activation,Gene Expression Changes Induced by FBXW5 overexpression in triple-negative breast cancer cells,https://www.ncbi.nlm.nih.gov/geo/query/acc.cgi?acc=GSE205252,https://www.ncbi.nlm.nih.gov/geo/query/acc.cgi?acc=GSE326436
GSE205725,GSE277029,0,,4,,0,0,0,manual_review_required,Transcriptome profiling of normal breast tissue,A TRIM37 risk variant rs57141087 contributes to triple-negative breast cancer onset and progression in Black women.,https://www.ncbi.nlm.nih.gov/geo/query/acc.cgi?acc=GSE205725,https://www.ncbi.nlm.nih.gov/geo/query/acc.cgi?acc=GSE277029
GSE205729,GSE205731,12,complete_containment,0,,0,0,0,high_confidence_overlap,MDA-MB-468 cell line treated with AKTi (ipatasertib) and EZH2i (tazemetostat),MDA-MB-468 and SUM149PT cell lines treated with AKTi (ipatasertib) and EZH2i (tazemetostat),https://www.ncbi.nlm.nih.gov/geo/query/acc.cgi?acc=GSE205729,https://www.ncbi.nlm.nih.gov/geo/query/acc.cgi?acc=GSE205731
GSE205729,GSE250632,0,,3,39385030,0,0,0,manual_review_required,MDA-MB-468 cell line treated with AKTi (ipatasertib) and EZH2i (tazemetostat),MDA-MB-468 cells treated with docetaxel or EZH2i+AKTi I,https://www.ncbi.nlm.nih.gov/geo/query/acc.cgi?acc=GSE205729,https://www.ncbi.nlm.nih.gov/geo/query/acc.cgi?acc=GSE250632
GSE205729,GSE251710,0,,3,39385030,0,0,0,manual_review_required,MDA-MB-468 cell line treated with AKTi (ipatasertib) and EZH2i (tazemetostat),MDA-MB-468 cells treated with docetaxel or EZH2i+AKTi,https://www.ncbi.nlm.nih.gov/geo/query/acc.cgi?acc=GSE205729,https://www.ncbi.nlm.nih.gov/geo/query/acc.cgi?acc=GSE251710
GSE205730,GSE205731,12,complete_containment,0,,0,0,0,high_confidence_overlap,SUM149PT cell line treated with AKTi (ipatasertib) and EZH2i (tazemetostat),MDA-MB-468 and SUM149PT cell lines treated with AKTi (ipatasertib) and EZH2i (tazemetostat),https://www.ncbi.nlm.nih.gov/geo/query/acc.cgi?acc=GSE205730,https://www.ncbi.nlm.nih.gov/geo/query/acc.cgi?acc=GSE205731
GSE205731,GSE250632,0,,3,39385030,0,0,0,manual_review_required,MDA-MB-468 and SUM149PT cell lines treated with AKTi (ipatasertib) and EZH2i (tazemetostat),MDA-MB-468 cells treated with docetaxel or EZH2i+AKTi I,https://www.ncbi.nlm.nih.gov/geo/query/acc.cgi?acc=GSE205731,https://www.ncbi.nlm.nih.gov/geo/query/acc.cgi?acc=GSE250632
GSE205731,GSE251710,0,,3,39385030,0,0,0,manual_review_required,MDA-MB-468 and SUM149PT cell lines treated with AKTi (ipatasertib) and EZH2i (tazemetostat),MDA-MB-468 cells treated with docetaxel or EZH2i+AKTi,https://www.ncbi.nlm.nih.gov/geo/query/acc.cgi?acc=GSE205731,https://www.ncbi.nlm.nih.gov/geo/query/acc.cgi?acc=GSE251710
GSE205816,GSE205819,6,complete_containment,0,,0,0,0,high_confidence_overlap,Transcriptomic profiling of breast cancer cells on hydrogels with different stiffness [sequencing],Transcriptomic profiling of breast cancer cells on hydrogels with different stiffness,https://www.ncbi.nlm.nih.gov/geo/query/acc.cgi?acc=GSE205816,https://www.ncbi.nlm.nih.gov/geo/query/acc.cgi?acc=GSE205819
GSE205817,GSE205819,6,complete_containment,0,,0,0,0,high_confidence_overlap,Transcriptomic profiling of breast cancer cells on hydrogels with different stiffness [array],Transcriptomic profiling of breast cancer cells on hydrogels with different stiffness,https://www.ncbi.nlm.nih.gov/geo/query/acc.cgi?acc=GSE205817,https://www.ncbi.nlm.nih.gov/geo/query/acc.cgi?acc=GSE205819
GSE20624,GSE22049,26,partial_overlap,0,,0,0,0,high_confidence_overlap,Breast Carcinomas arising at a Young Age:  A Unique Biology or a Surrogate for Aggressive Intrinsic Subtypes.,MicroRNA-30c inhibits Human Breast Tumor Chemotherapy Resistance by regulating TWF1 and IL-11: Patient DataSet,https://www.ncbi.nlm.nih.gov/geo/query/acc.cgi?acc=GSE20624,https://www.ncbi.nlm.nih.gov/geo/query/acc.cgi?acc=GSE22049
GSE20624,GSE2607,73,partial_overlap,1,,0,0,0,high_confidence_overlap,Breast Carcinomas arising at a Young Age:  A Unique Biology or a Surrogate for Aggressive Intrinsic Subtypes.,Biological Classification of Breast Cancer by Real-Time Quantitative RTPCR: Comparisons to Microarray and Histopathology,https://www.ncbi.nlm.nih.gov/geo/query/acc.cgi?acc=GSE20624,https://www.ncbi.nlm.nih.gov/geo/query/acc.cgi?acc=GSE2607
GSE20624,GSE26338,192,partial_overlap,0,,0,0,0,high_confidence_overlap,Breast Carcinomas arising at a Young Age:  A Unique Biology or a Surrogate for Aggressive Intrinsic Subtypes.,"Genomic analysis identifies unique signatures predictive of brain, lung, and liver relapse",https://www.ncbi.nlm.nih.gov/geo/query/acc.cgi?acc=GSE20624,https://www.ncbi.nlm.nih.gov/geo/query/acc.cgi?acc=GSE26338
GSE20624,GSE2740,86,partial_overlap,1,,0,0,0,high_confidence_overlap,Breast Carcinomas arising at a Young Age:  A Unique Biology or a Surrogate for Aggressive Intrinsic Subtypes.,Estrogen-regulated genes predict survival in estrogen receptor and/or progesterone receptor-positive breast cancers,https://www.ncbi.nlm.nih.gov/geo/query/acc.cgi?acc=GSE20624,https://www.ncbi.nlm.nih.gov/geo/query/acc.cgi?acc=GSE2740
GSE20624,GSE2741,76,partial_overlap,1,,0,0,0,high_confidence_overlap,Breast Carcinomas arising at a Young Age:  A Unique Biology or a Surrogate for Aggressive Intrinsic Subtypes.,Breast Tumor's study,https://www.ncbi.nlm.nih.gov/geo/query/acc.cgi?acc=GSE20624,https://www.ncbi.nlm.nih.gov/geo/query/acc.cgi?acc=GSE2741
GSE20624,GSE3165,131,partial_overlap,0,,0,0,0,high_confidence_overlap,Breast Carcinomas arising at a Young Age:  A Unique Biology or a Surrogate for Aggressive Intrinsic Subtypes.,Identification of conserved gene expression features across human and murine mammary tumors,https://www.ncbi.nlm.nih.gov/geo/query/acc.cgi?acc=GSE20624,https://www.ncbi.nlm.nih.gov/geo/query/acc.cgi?acc=GSE3165
GSE20624,GSE3521,110,partial_overlap,0,,0,0,0,high_confidence_overlap,Breast Carcinomas arising at a Young Age:  A Unique Biology or a Surrogate for Aggressive Intrinsic Subtypes.,A compact VEGF signature associated with distant metastases and poor outcomes,https://www.ncbi.nlm.nih.gov/geo/query/acc.cgi?acc=GSE20624,https://www.ncbi.nlm.nih.gov/geo/query/acc.cgi?acc=GSE3521
GSE20624,GSE35629,0,,7,,0,0,0,manual_review_required,Breast Carcinomas arising at a Young Age:  A Unique Biology or a Surrogate for Aggressive Intrinsic Subtypes.,Vimentin DNA Methylation Predicts Survival in Breast Cancer,https://www.ncbi.nlm.nih.gov/geo/query/acc.cgi?acc=GSE20624,https://www.ncbi.nlm.nih.gov/geo/query/acc.cgi?acc=GSE35629
GSE20624,GSE6128,77,partial_overlap,0,,0,0,0,high_confidence_overlap,Breast Carcinomas arising at a Young Age:  A Unique Biology or a Surrogate for Aggressive Intrinsic Subtypes.,EGFR signaling varies with breast tumor subtype,https://www.ncbi.nlm.nih.gov/geo/query/acc.cgi?acc=GSE20624,https://www.ncbi.nlm.nih.gov/geo/query/acc.cgi?acc=GSE6128
GSE20624,GSE6130,110,partial_overlap,0,,0,0,0,high_confidence_overlap,Breast Carcinomas arising at a Young Age:  A Unique Biology or a Surrogate for Aggressive Intrinsic Subtypes.,Agreement in Breast Cancer Classification between Microarray and qRT-PCR from Fresh-Frozen and Formalin-Fixed Tissues,https://www.ncbi.nlm.nih.gov/geo/query/acc.cgi?acc=GSE20624,https://www.ncbi.nlm.nih.gov/geo/query/acc.cgi?acc=GSE6130
GSE206324,GSE212143,0,,1,,0,0,0,manual_review_required,Evaluating Cancer Subtypes and Enhancer Dynamics During the Acquisition of Drug Resistance by Nascent RNA-Sequencing,Transcriptome analysis of 15 different breast cancer cell lines,https://www.ncbi.nlm.nih.gov/geo/query/acc.cgi?acc=GSE206324,https://www.ncbi.nlm.nih.gov/geo/query/acc.cgi?acc=GSE212143
GSE206324,GSE217579,0,,1,,0,0,0,manual_review_required,Evaluating Cancer Subtypes and Enhancer Dynamics During the Acquisition of Drug Resistance by Nascent RNA-Sequencing,Nuclear pCHK1 as a potential biomarker of increased sensitivity to ATR inhibition,https://www.ncbi.nlm.nih.gov/geo/query/acc.cgi?acc=GSE206324,https://www.ncbi.nlm.nih.gov/geo/query/acc.cgi?acc=GSE217579
GSE206324,GSE228275,0,,1,,0,0,0,manual_review_required,Evaluating Cancer Subtypes and Enhancer Dynamics During the Acquisition of Drug Resistance by Nascent RNA-Sequencing,"Gene expression profile at single cell level of SUM149PT, SUM185PE, SUM229PE, SUM159PT and SUM1315MO2 cell lines",https://www.ncbi.nlm.nih.gov/geo/query/acc.cgi?acc=GSE206324,https://www.ncbi.nlm.nih.gov/geo/query/acc.cgi?acc=GSE228275
GSE206324,GSE228382,0,,1,,0,0,0,manual_review_required,Evaluating Cancer Subtypes and Enhancer Dynamics During the Acquisition of Drug Resistance by Nascent RNA-Sequencing,Single cell lineage tracing reveals clonal dynamics of anti-EGFR therapy resistance in triple negative breast cancer.,https://www.ncbi.nlm.nih.gov/geo/query/acc.cgi?acc=GSE206324,https://www.ncbi.nlm.nih.gov/geo/query/acc.cgi?acc=GSE228382
GSE206324,GSE24578,0,,1,,0,0,0,manual_review_required,Evaluating Cancer Subtypes and Enhancer Dynamics During the Acquisition of Drug Resistance by Nascent RNA-Sequencing,Basal gene expression of breast cancer cell lines,https://www.ncbi.nlm.nih.gov/geo/query/acc.cgi?acc=GSE206324,https://www.ncbi.nlm.nih.gov/geo/query/acc.cgi?acc=GSE24578
GSE206324,GSE24717,0,,1,,0,0,0,manual_review_required,Evaluating Cancer Subtypes and Enhancer Dynamics During the Acquisition of Drug Resistance by Nascent RNA-Sequencing,Using a Stem Cell-Based Signature to Guide Therapeutic Selection in Cancer,https://www.ncbi.nlm.nih.gov/geo/query/acc.cgi?acc=GSE206324,https://www.ncbi.nlm.nih.gov/geo/query/acc.cgi?acc=GSE24717
GSE206324,GSE25972,0,,1,,0,0,0,manual_review_required,Evaluating Cancer Subtypes and Enhancer Dynamics During the Acquisition of Drug Resistance by Nascent RNA-Sequencing,expression of human and mouse breast cancer cell lines,https://www.ncbi.nlm.nih.gov/geo/query/acc.cgi?acc=GSE206324,https://www.ncbi.nlm.nih.gov/geo/query/acc.cgi?acc=GSE25972
GSE206324,GSE32905,0,,1,,0,0,0,manual_review_required,Evaluating Cancer Subtypes and Enhancer Dynamics During the Acquisition of Drug Resistance by Nascent RNA-Sequencing,EMT inducers catalyze malignant transformation of mammary epithelial cells and drive tumorigenesis towards claudin-low tumors,https://www.ncbi.nlm.nih.gov/geo/query/acc.cgi?acc=GSE206324,https://www.ncbi.nlm.nih.gov/geo/query/acc.cgi?acc=GSE32905
GSE206324,GSE41119,0,,1,,0,0,0,manual_review_required,Evaluating Cancer Subtypes and Enhancer Dynamics During the Acquisition of Drug Resistance by Nascent RNA-Sequencing,Molecular Characterization of Basal-like and Non-Basal-like Triple-Negative Breast Cancers,https://www.ncbi.nlm.nih.gov/geo/query/acc.cgi?acc=GSE206324,https://www.ncbi.nlm.nih.gov/geo/query/acc.cgi?acc=GSE41119
GSE206324,GSE46073,0,,1,,0,0,0,manual_review_required,Evaluating Cancer Subtypes and Enhancer Dynamics During the Acquisition of Drug Resistance by Nascent RNA-Sequencing,Gene expression and genome-wide location analysis of breast cancer cell-lines,https://www.ncbi.nlm.nih.gov/geo/query/acc.cgi?acc=GSE206324,https://www.ncbi.nlm.nih.gov/geo/query/acc.cgi?acc=GSE46073
GSE206324,GSE46834,0,,1,,0,0,0,manual_review_required,Evaluating Cancer Subtypes and Enhancer Dynamics During the Acquisition of Drug Resistance by Nascent RNA-Sequencing,Gene expression profiles of human breast cancer cell lines,https://www.ncbi.nlm.nih.gov/geo/query/acc.cgi?acc=GSE206324,https://www.ncbi.nlm.nih.gov/geo/query/acc.cgi?acc=GSE46834
GSE206324,GSE57083,0,,1,,0,0,0,manual_review_required,Evaluating Cancer Subtypes and Enhancer Dynamics During the Acquisition of Drug Resistance by Nascent RNA-Sequencing,Expression data from AstraZeneca internal cell lines,https://www.ncbi.nlm.nih.gov/geo/query/acc.cgi?acc=GSE206324,https://www.ncbi.nlm.nih.gov/geo/query/acc.cgi?acc=GSE57083
GSE206324,GSE58135,0,,5,,0,0,0,manual_review_required,Evaluating Cancer Subtypes and Enhancer Dynamics During the Acquisition of Drug Resistance by Nascent RNA-Sequencing,Breast Cancer RNA-seq,https://www.ncbi.nlm.nih.gov/geo/query/acc.cgi?acc=GSE206324,https://www.ncbi.nlm.nih.gov/geo/query/acc.cgi?acc=GSE58135
GSE206324,GSE59242,0,,3,,0,0,0,manual_review_required,Evaluating Cancer Subtypes and Enhancer Dynamics During the Acquisition of Drug Resistance by Nascent RNA-Sequencing,Profiling of human cancer breast cell lines (Affymetrix),https://www.ncbi.nlm.nih.gov/geo/query/acc.cgi?acc=GSE206324,https://www.ncbi.nlm.nih.gov/geo/query/acc.cgi?acc=GSE59242
GSE206324,GSE73526,0,,8,,0,0,0,manual_review_required,Evaluating Cancer Subtypes and Enhancer Dynamics During the Acquisition of Drug Resistance by Nascent RNA-Sequencing,"The Functional Genomic Landscape of Human Breast Cancer Drivers, Vulnerabilities, and Resistance (RNASeq)",https://www.ncbi.nlm.nih.gov/geo/query/acc.cgi?acc=GSE206324,https://www.ncbi.nlm.nih.gov/geo/query/acc.cgi?acc=GSE73526
GSE206324,GSE87006,0,,1,,0,0,0,manual_review_required,Evaluating Cancer Subtypes and Enhancer Dynamics During the Acquisition of Drug Resistance by Nascent RNA-Sequencing,CDK4 phosphorylation status and a linked gene expression profile predict sensitivity to Palbociclib [lines],https://www.ncbi.nlm.nih.gov/geo/query/acc.cgi?acc=GSE206324,https://www.ncbi.nlm.nih.gov/geo/query/acc.cgi?acc=GSE87006
GSE206324,GSE87008,0,,1,,0,0,0,manual_review_required,Evaluating Cancer Subtypes and Enhancer Dynamics During the Acquisition of Drug Resistance by Nascent RNA-Sequencing,CDK4 phosphorylation status and a linked gene expression profile predict sensitivity to Palbociclib,https://www.ncbi.nlm.nih.gov/geo/query/acc.cgi?acc=GSE206324,https://www.ncbi.nlm.nih.gov/geo/query/acc.cgi?acc=GSE87008
GSE206385,GSE206389,24,complete_containment,0,,0,0,0,high_confidence_overlap,Transcriptomic comparison of a second-generation AKT degrader to the catalytic AKT inhibitor GDC0068 in breast cancer cells [RNA-seq],Transcriptomic comparison of a second-generation AKT degrader to the catalytic AKT inhibitor GDC0068 in breast cancer cells,https://www.ncbi.nlm.nih.gov/geo/query/acc.cgi?acc=GSE206385,https://www.ncbi.nlm.nih.gov/geo/query/acc.cgi?acc=GSE206389
GSE206393,GSE206396,6,complete_containment,0,,0,0,0,high_confidence_overlap,Effect of short-term glucose withdrawal on gene expression of MCF7 cells,Effect of short-term glucose withdrawal and glucose refeeding after short-term glucose withdrawal on gene expression of MCF7 cells,https://www.ncbi.nlm.nih.gov/geo/query/acc.cgi?acc=GSE206393,https://www.ncbi.nlm.nih.gov/geo/query/acc.cgi?acc=GSE206396
GSE206394,GSE206396,8,complete_containment,0,,0,0,0,high_confidence_overlap,Effect of glucose refeeding after short-term glucose withdrawal on gene expression of MCF7 cells,Effect of short-term glucose withdrawal and glucose refeeding after short-term glucose withdrawal on gene expression of MCF7 cells,https://www.ncbi.nlm.nih.gov/geo/query/acc.cgi?acc=GSE206394,https://www.ncbi.nlm.nih.gov/geo/query/acc.cgi?acc=GSE206396
GSE206912,GSE43358,0,,13,,0,0,0,manual_review_required,Identification of a minimum number of genes to predict triple negative breast cancer subgroups from gene expression profiles,Transfer of clinically relevant gene expression signatures in breast cancer: from Affymetrix microarray to Illumina RNA-Sequencing technology,https://www.ncbi.nlm.nih.gov/geo/query/acc.cgi?acc=GSE206912,https://www.ncbi.nlm.nih.gov/geo/query/acc.cgi?acc=GSE43358
GSE206912,GSE46581,0,,20,,0,0,0,manual_review_required,Identification of a minimum number of genes to predict triple negative breast cancer subgroups from gene expression profiles,Yale Triple Negative Breast Cancer Cohort,https://www.ncbi.nlm.nih.gov/geo/query/acc.cgi?acc=GSE206912,https://www.ncbi.nlm.nih.gov/geo/query/acc.cgi?acc=GSE46581
GSE206912,GSE86946,0,,15,,0,0,0,manual_review_required,Identification of a minimum number of genes to predict triple negative breast cancer subgroups from gene expression profiles,Transcriptome characterization of triple negative breast cancer [Mexico],https://www.ncbi.nlm.nih.gov/geo/query/acc.cgi?acc=GSE206912,https://www.ncbi.nlm.nih.gov/geo/query/acc.cgi?acc=GSE86946
GSE206912,GSE86948,0,,15,,0,0,0,manual_review_required,Identification of a minimum number of genes to predict triple negative breast cancer subgroups from gene expression profiles,A microRNA signature identifies four subtypes of triple-negative breast cancer and correlates miR-342-3p as a regulator of the lactate metabolic pathway through silencing the monocarboxylate transporter 1,https://www.ncbi.nlm.nih.gov/geo/query/acc.cgi?acc=GSE206912,https://www.ncbi.nlm.nih.gov/geo/query/acc.cgi?acc=GSE86948
GSE206912,GSE87007,0,,1,,0,0,0,manual_review_required,Identification of a minimum number of genes to predict triple negative breast cancer subgroups from gene expression profiles,CDK4 phosphorylation status and a linked gene expression profile predict sensitivity to Palbociclib [tumors],https://www.ncbi.nlm.nih.gov/geo/query/acc.cgi?acc=GSE206912,https://www.ncbi.nlm.nih.gov/geo/query/acc.cgi?acc=GSE87007
GSE206912,GSE87008,0,,1,,0,0,0,manual_review_required,Identification of a minimum number of genes to predict triple negative breast cancer subgroups from gene expression profiles,CDK4 phosphorylation status and a linked gene expression profile predict sensitivity to Palbociclib,https://www.ncbi.nlm.nih.gov/geo/query/acc.cgi?acc=GSE206912,https://www.ncbi.nlm.nih.gov/geo/query/acc.cgi?acc=GSE87008
GSE20711,GSE20713,90,complete_containment,0,,0,0,0,high_confidence_overlap,Epigenetic portraits of human breast cancers (expression data),Epigenetic portraits of human breast cancers,https://www.ncbi.nlm.nih.gov/geo/query/acc.cgi?acc=GSE20711,https://www.ncbi.nlm.nih.gov/geo/query/acc.cgi?acc=GSE20713
GSE20713,GSE22250,18,complete_containment,0,,0,0,0,high_confidence_overlap,Epigenetic portraits of human breast cancers,Epigenetic portraits of human breast cancers (various cell lines expression data),https://www.ncbi.nlm.nih.gov/geo/query/acc.cgi?acc=GSE20713,https://www.ncbi.nlm.nih.gov/geo/query/acc.cgi?acc=GSE22250
GSE207472,GSE207474,12,complete_containment,0,,0,0,0,high_confidence_overlap,AP-2β activates enhancers that define mammary hormone sensing cell identity [RNA-seq],AP-2β activates enhancers that define mammary hormone sensing cell identity,https://www.ncbi.nlm.nih.gov/geo/query/acc.cgi?acc=GSE207472,https://www.ncbi.nlm.nih.gov/geo/query/acc.cgi?acc=GSE207474
GSE207514,GSE207515,12,complete_containment,0,,0,0,0,high_confidence_overlap,N-acetylcysteine overcomes NF1-loss driven resistance to PI3K alpha inhibition in breast cancer [T47D RNA-seq],N-acetylcysteine overcomes NF1-loss driven resistance to PI3K alpha inhibition in breast cancer,https://www.ncbi.nlm.nih.gov/geo/query/acc.cgi?acc=GSE207514,https://www.ncbi.nlm.nih.gov/geo/query/acc.cgi?acc=GSE207515
GSE207618,GSE38858,0,,2,,0,0,0,manual_review_required,Phenylacetaldehyde inhibits development of colorectal cancer,AcceSssIble Assay to Study the Chomatin Accessibility and DNA Methylation,https://www.ncbi.nlm.nih.gov/geo/query/acc.cgi?acc=GSE207618,https://www.ncbi.nlm.nih.gov/geo/query/acc.cgi?acc=GSE38858
GSE207795,GSE207796,12,complete_containment,0,,0,0,0,high_confidence_overlap,EZH2 T367 phosphorylation activates p38 signaling through lysine methylation to promote breast cancer progression [RNA-seq],EZH2 T367 phosphorylation activates p38 signaling through lysine methylation to promote breast cancer progression,https://www.ncbi.nlm.nih.gov/geo/query/acc.cgi?acc=GSE207795,https://www.ncbi.nlm.nih.gov/geo/query/acc.cgi?acc=GSE207796
GSE207847,GSE208102,60,complete_containment,0,,0,0,0,high_confidence_overlap,Gene expression profile of luminal breast cancer samples from FFPE sample of primary luminal breast cancer from patient who had a loco-regional recurrence [cohort A],Gene expression profile of luminal breast cancer samples from FFPE sample of primary luminal breast cancer from patient who had a loco-regional recurrence,https://www.ncbi.nlm.nih.gov/geo/query/acc.cgi?acc=GSE207847,https://www.ncbi.nlm.nih.gov/geo/query/acc.cgi?acc=GSE208102
GSE208101,GSE208102,51,complete_containment,0,,0,0,0,high_confidence_overlap,Gene expression profile of luminal breast cancer samples from FFPE sample of primary luminal breast cancer from patient who had a loco-regional recurrence [cohort B],Gene expression profile of luminal breast cancer samples from FFPE sample of primary luminal breast cancer from patient who had a loco-regional recurrence,https://www.ncbi.nlm.nih.gov/geo/query/acc.cgi?acc=GSE208101,https://www.ncbi.nlm.nih.gov/geo/query/acc.cgi?acc=GSE208102
GSE208238,GSE212143,0,,1,,0,0,0,manual_review_required,Alternative promoters and splicing create multiple functionally distinct isoforms of estrogen receptor alpha in breast cancer and healthy tissues,Transcriptome analysis of 15 different breast cancer cell lines,https://www.ncbi.nlm.nih.gov/geo/query/acc.cgi?acc=GSE208238,https://www.ncbi.nlm.nih.gov/geo/query/acc.cgi?acc=GSE212143
GSE208238,GSE24578,0,,1,,0,0,0,manual_review_required,Alternative promoters and splicing create multiple functionally distinct isoforms of estrogen receptor alpha in breast cancer and healthy tissues,Basal gene expression of breast cancer cell lines,https://www.ncbi.nlm.nih.gov/geo/query/acc.cgi?acc=GSE208238,https://www.ncbi.nlm.nih.gov/geo/query/acc.cgi?acc=GSE24578
GSE208238,GSE24717,0,,1,,0,0,0,manual_review_required,Alternative promoters and splicing create multiple functionally distinct isoforms of estrogen receptor alpha in breast cancer and healthy tissues,Using a Stem Cell-Based Signature to Guide Therapeutic Selection in Cancer,https://www.ncbi.nlm.nih.gov/geo/query/acc.cgi?acc=GSE208238,https://www.ncbi.nlm.nih.gov/geo/query/acc.cgi?acc=GSE24717
GSE208238,GSE52643,0,,1,,0,0,0,manual_review_required,Alternative promoters and splicing create multiple functionally distinct isoforms of estrogen receptor alpha in breast cancer and healthy tissues,Fusion discovery in breast cancer cell line,https://www.ncbi.nlm.nih.gov/geo/query/acc.cgi?acc=GSE208238,https://www.ncbi.nlm.nih.gov/geo/query/acc.cgi?acc=GSE52643
GSE208238,GSE58135,0,,1,,0,0,0,manual_review_required,Alternative promoters and splicing create multiple functionally distinct isoforms of estrogen receptor alpha in breast cancer and healthy tissues,Breast Cancer RNA-seq,https://www.ncbi.nlm.nih.gov/geo/query/acc.cgi?acc=GSE208238,https://www.ncbi.nlm.nih.gov/geo/query/acc.cgi?acc=GSE58135
GSE208238,GSE65314,0,,1,,0,0,0,manual_review_required,Alternative promoters and splicing create multiple functionally distinct isoforms of estrogen receptor alpha in breast cancer and healthy tissues,Experimental gene expression analysis of 12 cancer cell lines,https://www.ncbi.nlm.nih.gov/geo/query/acc.cgi?acc=GSE208238,https://www.ncbi.nlm.nih.gov/geo/query/acc.cgi?acc=GSE65314
GSE208238,GSE73526,0,,1,,0,0,0,manual_review_required,Alternative promoters and splicing create multiple functionally distinct isoforms of estrogen receptor alpha in breast cancer and healthy tissues,"The Functional Genomic Landscape of Human Breast Cancer Drivers, Vulnerabilities, and Resistance (RNASeq)",https://www.ncbi.nlm.nih.gov/geo/query/acc.cgi?acc=GSE208238,https://www.ncbi.nlm.nih.gov/geo/query/acc.cgi?acc=GSE73526
GSE208238,GSE87006,0,,1,,0,0,0,manual_review_required,Alternative promoters and splicing create multiple functionally distinct isoforms of estrogen receptor alpha in breast cancer and healthy tissues,CDK4 phosphorylation status and a linked gene expression profile predict sensitivity to Palbociclib [lines],https://www.ncbi.nlm.nih.gov/geo/query/acc.cgi?acc=GSE208238,https://www.ncbi.nlm.nih.gov/geo/query/acc.cgi?acc=GSE87006
GSE208238,GSE87008,0,,1,,0,0,0,manual_review_required,Alternative promoters and splicing create multiple functionally distinct isoforms of estrogen receptor alpha in breast cancer and healthy tissues,CDK4 phosphorylation status and a linked gene expression profile predict sensitivity to Palbociclib,https://www.ncbi.nlm.nih.gov/geo/query/acc.cgi?acc=GSE208238,https://www.ncbi.nlm.nih.gov/geo/query/acc.cgi?acc=GSE87008
GSE209909,GSE209910,12,complete_containment,0,,0,0,0,high_confidence_overlap,CARM1 interacts and hypermethylates the NuRD chromatin remodeling complex to promote gene transcriptional activation and cell cycle progression,CARM1 interacts and hypermethylates the NuRD chromatin remodeling complex to promote gene transcriptional activation and cell cycle progression,https://www.ncbi.nlm.nih.gov/geo/query/acc.cgi?acc=GSE209909,https://www.ncbi.nlm.nih.gov/geo/query/acc.cgi?acc=GSE209910
GSE209998,GSE212375,129,complete_containment,0,,0,0,0,high_confidence_overlap,Multiplatform Analysis of Primary and Metastatic Breast Tumors from the AURORA US Network identifies microenvironment and epigenetics differences as drivers of metastasis [RNA-Seq],Multiplatform Analysis of Primary and Metastatic Breast Tumors from the AURORA US Network identifies microenvironment and epigenetics differences as drivers of metastasis,https://www.ncbi.nlm.nih.gov/geo/query/acc.cgi?acc=GSE209998,https://www.ncbi.nlm.nih.gov/geo/query/acc.cgi?acc=GSE212375
GSE210274,GSE210277,27,complete_containment,0,,0,0,0,high_confidence_overlap,Synthetic epigenetic reprogramming of mesenchymal to epithelial states using the CRISPR/dCas9 platform in triple negative breast cancer [RNA-seq],Synthetic epigenetic reprogramming of mesenchymal to epithelial states using the CRISPR/dCas9 platform in triple negative breast cancer,https://www.ncbi.nlm.nih.gov/geo/query/acc.cgi?acc=GSE210274,https://www.ncbi.nlm.nih.gov/geo/query/acc.cgi?acc=GSE210277
GSE210283,GSE211145,8,complete_containment,0,,0,0,0,high_confidence_overlap,Gene expression profile at single cell level of breast cancer patient-derived xenograft models using SMART-seq and MULTI-seq,Gene expression profile at single cell level of breast cancer patient-derived xenograft models,https://www.ncbi.nlm.nih.gov/geo/query/acc.cgi?acc=GSE210283,https://www.ncbi.nlm.nih.gov/geo/query/acc.cgi?acc=GSE211145
GSE210283,GSE211146,2090,complete_containment,0,,0,0,0,high_confidence_overlap,Gene expression profile at single cell level of breast cancer patient-derived xenograft models using SMART-seq and MULTI-seq,Gene expression profile at single cell level of matched primary tumor and metastatic cells of breast cancer patient-derived xenograft models,https://www.ncbi.nlm.nih.gov/geo/query/acc.cgi?acc=GSE210283,https://www.ncbi.nlm.nih.gov/geo/query/acc.cgi?acc=GSE211146
GSE210607,GSE210608,16,complete_containment,0,,0,0,0,high_confidence_overlap,MAF Amplification licenses Estrogen Receptor α to Drive Breast Cancer Metastasis [RNA-seq],MAF Amplification licenses Estrogen Receptor α to Drive Breast Cancer Metastasis,https://www.ncbi.nlm.nih.gov/geo/query/acc.cgi?acc=GSE210607,https://www.ncbi.nlm.nih.gov/geo/query/acc.cgi?acc=GSE210608
GSE210787,GSE210793,12,complete_containment,0,,0,0,0,high_confidence_overlap,Tumor-specific circRNAs elicit anti-tumor immune response via encoding cryptic peptides [RNA-Seq],Tumor-specific cicrRNAs elicit anti-tumor immune response via encoding cryptic peptides,https://www.ncbi.nlm.nih.gov/geo/query/acc.cgi?acc=GSE210787,https://www.ncbi.nlm.nih.gov/geo/query/acc.cgi?acc=GSE210793
GSE210793,GSE229571,12,complete_containment,0,,0,0,0,high_confidence_overlap,Tumor-specific cicrRNAs elicit anti-tumor immune response via encoding cryptic peptides,Tumor-specific circRNAs elicit anti-tumor immune response via encoding cryptic peptides [RNA-Seq 2],https://www.ncbi.nlm.nih.gov/geo/query/acc.cgi?acc=GSE210793,https://www.ncbi.nlm.nih.gov/geo/query/acc.cgi?acc=GSE229571
GSE211183,GSE223524,0,,1,,0,0,0,manual_review_required,"In vitro transcriptomic analyses reveal pathway perturbations, estrogenic activities, and potencies of data-poor BPA alternative chemicals",Breast cancer prevention with liquiritigenin,https://www.ncbi.nlm.nih.gov/geo/query/acc.cgi?acc=GSE211183,https://www.ncbi.nlm.nih.gov/geo/query/acc.cgi?acc=GSE223524
GSE211183,GSE290030,0,,1,,0,0,0,manual_review_required,"In vitro transcriptomic analyses reveal pathway perturbations, estrogenic activities, and potencies of data-poor BPA alternative chemicals",Reprogramming SREBP1-dependent lipogenesis and inflammation in high-risk breast with licochalcone A: a novel path to cancer prevention,https://www.ncbi.nlm.nih.gov/geo/query/acc.cgi?acc=GSE211183,https://www.ncbi.nlm.nih.gov/geo/query/acc.cgi?acc=GSE290030
GSE212143,GSE21217,0,,2,,0,0,0,manual_review_required,Transcriptome analysis of 15 different breast cancer cell lines,18F-fluorodeoxy-glucose positron emission tomography marks MYC-overexpressing human basal-like breast cancers.,https://www.ncbi.nlm.nih.gov/geo/query/acc.cgi?acc=GSE212143,https://www.ncbi.nlm.nih.gov/geo/query/acc.cgi?acc=GSE21217
GSE212143,GSE212854,0,,1,,0,0,0,manual_review_required,Transcriptome analysis of 15 different breast cancer cell lines,An RNA-based precision oncology platform for patient-therapy alignment in a diverse set of treatment resistant malignancies,https://www.ncbi.nlm.nih.gov/geo/query/acc.cgi?acc=GSE212143,https://www.ncbi.nlm.nih.gov/geo/query/acc.cgi?acc=GSE212854
GSE212143,GSE217579,0,,1,,0,0,0,manual_review_required,Transcriptome analysis of 15 different breast cancer cell lines,Nuclear pCHK1 as a potential biomarker of increased sensitivity to ATR inhibition,https://www.ncbi.nlm.nih.gov/geo/query/acc.cgi?acc=GSE212143,https://www.ncbi.nlm.nih.gov/geo/query/acc.cgi?acc=GSE217579
GSE212143,GSE227630,0,,1,,0,0,0,manual_review_required,Transcriptome analysis of 15 different breast cancer cell lines,Changes in expression of genes +/- CREB3L1 expression,https://www.ncbi.nlm.nih.gov/geo/query/acc.cgi?acc=GSE212143,https://www.ncbi.nlm.nih.gov/geo/query/acc.cgi?acc=GSE227630
GSE212143,GSE24578,0,,2,,0,0,0,manual_review_required,Transcriptome analysis of 15 different breast cancer cell lines,Basal gene expression of breast cancer cell lines,https://www.ncbi.nlm.nih.gov/geo/query/acc.cgi?acc=GSE212143,https://www.ncbi.nlm.nih.gov/geo/query/acc.cgi?acc=GSE24578
GSE212143,GSE24717,0,,2,,0,0,0,manual_review_required,Transcriptome analysis of 15 different breast cancer cell lines,Using a Stem Cell-Based Signature to Guide Therapeutic Selection in Cancer,https://www.ncbi.nlm.nih.gov/geo/query/acc.cgi?acc=GSE212143,https://www.ncbi.nlm.nih.gov/geo/query/acc.cgi?acc=GSE24717
GSE212143,GSE24737,0,,2,,0,0,0,manual_review_required,Transcriptome analysis of 15 different breast cancer cell lines,Large scale screening for known fusion genes in cancer cell lines,https://www.ncbi.nlm.nih.gov/geo/query/acc.cgi?acc=GSE212143,https://www.ncbi.nlm.nih.gov/geo/query/acc.cgi?acc=GSE24737
GSE212143,GSE250156,0,,1,,0,0,0,manual_review_required,Transcriptome analysis of 15 different breast cancer cell lines,An inflamed tumor cell subpopulation promotes chemotherapy resistance in triple negative breast cancer [scRNA-Seq],https://www.ncbi.nlm.nih.gov/geo/query/acc.cgi?acc=GSE212143,https://www.ncbi.nlm.nih.gov/geo/query/acc.cgi?acc=GSE250156
GSE212143,GSE250158,0,,1,,0,0,0,manual_review_required,Transcriptome analysis of 15 different breast cancer cell lines,An inflamed tumor cell subpopulation promotes chemotherapy resistance in triple negative breast cancer,https://www.ncbi.nlm.nih.gov/geo/query/acc.cgi?acc=GSE212143,https://www.ncbi.nlm.nih.gov/geo/query/acc.cgi?acc=GSE250158
GSE212143,GSE262110,0,,2,,0,0,0,manual_review_required,Transcriptome analysis of 15 different breast cancer cell lines,Patient-derived response estimates from zero-passage organoids of luminal breast cancer,https://www.ncbi.nlm.nih.gov/geo/query/acc.cgi?acc=GSE212143,https://www.ncbi.nlm.nih.gov/geo/query/acc.cgi?acc=GSE262110
GSE212143,GSE28866,0,,1,,0,0,0,manual_review_required,Transcriptome analysis of 15 different breast cancer cell lines,Transcriptional profiling of lncRNAs and novel transcribed regions across a diverse panel of archived human cancers,https://www.ncbi.nlm.nih.gov/geo/query/acc.cgi?acc=GSE212143,https://www.ncbi.nlm.nih.gov/geo/query/acc.cgi?acc=GSE28866
GSE212143,GSE3353,0,,1,,0,0,0,manual_review_required,Transcriptome analysis of 15 different breast cancer cell lines,A comparison of gene expression signatures from breast tumors and breast tissue derived cell lines,https://www.ncbi.nlm.nih.gov/geo/query/acc.cgi?acc=GSE212143,https://www.ncbi.nlm.nih.gov/geo/query/acc.cgi?acc=GSE3353
GSE212143,GSE4000,0,,1,,0,0,0,manual_review_required,Transcriptome analysis of 15 different breast cancer cell lines,A molecular 'signature' of primary breast cancer cultures; patterns resembling tumor tissue.,https://www.ncbi.nlm.nih.gov/geo/query/acc.cgi?acc=GSE212143,https://www.ncbi.nlm.nih.gov/geo/query/acc.cgi?acc=GSE4000
GSE212143,GSE40559,0,,1,,0,0,0,manual_review_required,Transcriptome analysis of 15 different breast cancer cell lines,Gene expression profiles of 5 cancer cell lines,https://www.ncbi.nlm.nih.gov/geo/query/acc.cgi?acc=GSE212143,https://www.ncbi.nlm.nih.gov/geo/query/acc.cgi?acc=GSE40559
GSE212143,GSE41119,0,,1,,0,0,0,manual_review_required,Transcriptome analysis of 15 different breast cancer cell lines,Molecular Characterization of Basal-like and Non-Basal-like Triple-Negative Breast Cancers,https://www.ncbi.nlm.nih.gov/geo/query/acc.cgi?acc=GSE212143,https://www.ncbi.nlm.nih.gov/geo/query/acc.cgi?acc=GSE41119
GSE212143,GSE45133,0,,1,,0,0,0,manual_review_required,Transcriptome analysis of 15 different breast cancer cell lines,Breakpoint analysis of transcriptional and genomic profiles uncovers novel gene fusions spanning multiple human cancer types (RNA-seq),https://www.ncbi.nlm.nih.gov/geo/query/acc.cgi?acc=GSE212143,https://www.ncbi.nlm.nih.gov/geo/query/acc.cgi?acc=GSE45133
GSE212143,GSE45137,0,,1,,0,0,0,manual_review_required,Transcriptome analysis of 15 different breast cancer cell lines,Breakpoint analysis of transcriptional and genomic profiles uncovers novel gene fusions spanning multiple human cancer types,https://www.ncbi.nlm.nih.gov/geo/query/acc.cgi?acc=GSE212143,https://www.ncbi.nlm.nih.gov/geo/query/acc.cgi?acc=GSE45137
GSE212143,GSE52643,0,,4,,0,0,0,manual_review_required,Transcriptome analysis of 15 different breast cancer cell lines,Fusion discovery in breast cancer cell line,https://www.ncbi.nlm.nih.gov/geo/query/acc.cgi?acc=GSE212143,https://www.ncbi.nlm.nih.gov/geo/query/acc.cgi?acc=GSE52643
GSE212143,GSE57083,0,,2,,0,0,0,manual_review_required,Transcriptome analysis of 15 different breast cancer cell lines,Expression data from AstraZeneca internal cell lines,https://www.ncbi.nlm.nih.gov/geo/query/acc.cgi?acc=GSE212143,https://www.ncbi.nlm.nih.gov/geo/query/acc.cgi?acc=GSE57083
GSE212143,GSE58135,0,,9,,0,0,0,manual_review_required,Transcriptome analysis of 15 different breast cancer cell lines,Breast Cancer RNA-seq,https://www.ncbi.nlm.nih.gov/geo/query/acc.cgi?acc=GSE212143,https://www.ncbi.nlm.nih.gov/geo/query/acc.cgi?acc=GSE58135
GSE212143,GSE59242,0,,9,,0,0,0,manual_review_required,Transcriptome analysis of 15 different breast cancer cell lines,Profiling of human cancer breast cell lines (Affymetrix),https://www.ncbi.nlm.nih.gov/geo/query/acc.cgi?acc=GSE212143,https://www.ncbi.nlm.nih.gov/geo/query/acc.cgi?acc=GSE59242
GSE212143,GSE65314,0,,1,,0,0,0,manual_review_required,Transcriptome analysis of 15 different breast cancer cell lines,Experimental gene expression analysis of 12 cancer cell lines,https://www.ncbi.nlm.nih.gov/geo/query/acc.cgi?acc=GSE212143,https://www.ncbi.nlm.nih.gov/geo/query/acc.cgi?acc=GSE65314
GSE212143,GSE72955,0,,1,,0,0,0,manual_review_required,Transcriptome analysis of 15 different breast cancer cell lines,Retroviral Replicating Vectors Deliver Cytosine Deaminase Leading to Targeted 5-FU-Mediated Cytotoxicity in Multiple Human Cancer Types,https://www.ncbi.nlm.nih.gov/geo/query/acc.cgi?acc=GSE212143,https://www.ncbi.nlm.nih.gov/geo/query/acc.cgi?acc=GSE72955
GSE212143,GSE73526,0,,11,,0,0,0,manual_review_required,Transcriptome analysis of 15 different breast cancer cell lines,"The Functional Genomic Landscape of Human Breast Cancer Drivers, Vulnerabilities, and Resistance (RNASeq)",https://www.ncbi.nlm.nih.gov/geo/query/acc.cgi?acc=GSE212143,https://www.ncbi.nlm.nih.gov/geo/query/acc.cgi?acc=GSE73526
GSE212143,GSE81032,0,,1,,0,0,0,manual_review_required,Transcriptome analysis of 15 different breast cancer cell lines,Comparative proteomics and transcriptomics study of signaling network proteins across multiple normal and cancer cell lines,https://www.ncbi.nlm.nih.gov/geo/query/acc.cgi?acc=GSE212143,https://www.ncbi.nlm.nih.gov/geo/query/acc.cgi?acc=GSE81032
GSE212143,GSE87006,0,,9,,0,0,0,manual_review_required,Transcriptome analysis of 15 different breast cancer cell lines,CDK4 phosphorylation status and a linked gene expression profile predict sensitivity to Palbociclib [lines],https://www.ncbi.nlm.nih.gov/geo/query/acc.cgi?acc=GSE212143,https://www.ncbi.nlm.nih.gov/geo/query/acc.cgi?acc=GSE87006
GSE212143,GSE87008,0,,9,,0,0,0,manual_review_required,Transcriptome analysis of 15 different breast cancer cell lines,CDK4 phosphorylation status and a linked gene expression profile predict sensitivity to Palbociclib,https://www.ncbi.nlm.nih.gov/geo/query/acc.cgi?acc=GSE212143,https://www.ncbi.nlm.nih.gov/geo/query/acc.cgi?acc=GSE87008
GSE212168,GSE212170,6,complete_containment,0,,0,0,0,high_confidence_overlap,MUC1-C INDUCES PBRM1-MEDIATED CHROMATIN REMODELING IN DRIVING CHRONIC INFLAMMATION AND DNA DAMAGE RESISTANCE IN TRIPLE-NEGATIVE BREAST CANCER [BT549_shIRF1],MUC1-C INDUCES PBRM1-MEDIATED CHROMATIN REMODELING IN DRIVING CHRONIC INFLAMMATION AND DNA DAMAGE RESISTANCE IN TRIPLE-NEGATIVE BREAST CANCER,https://www.ncbi.nlm.nih.gov/geo/query/acc.cgi?acc=GSE212168,https://www.ncbi.nlm.nih.gov/geo/query/acc.cgi?acc=GSE212170
GSE212169,GSE212170,6,complete_containment,0,,0,0,0,high_confidence_overlap,MUC1-C INDUCES PBRM1-MEDIATED CHROMATIN REMODELING IN DRIVING CHRONIC INFLAMMATION AND DNA DAMAGE RESISTANCE IN TRIPLE-NEGATIVE BREAST CANCER [BT549_shPBRM1],MUC1-C INDUCES PBRM1-MEDIATED CHROMATIN REMODELING IN DRIVING CHRONIC INFLAMMATION AND DNA DAMAGE RESISTANCE IN TRIPLE-NEGATIVE BREAST CANCER,https://www.ncbi.nlm.nih.gov/geo/query/acc.cgi?acc=GSE212169,https://www.ncbi.nlm.nih.gov/geo/query/acc.cgi?acc=GSE212170
GSE21217,GSE24737,0,,1,,0,0,0,manual_review_required,18F-fluorodeoxy-glucose positron emission tomography marks MYC-overexpressing human basal-like breast cancers.,Large scale screening for known fusion genes in cancer cell lines,https://www.ncbi.nlm.nih.gov/geo/query/acc.cgi?acc=GSE21217,https://www.ncbi.nlm.nih.gov/geo/query/acc.cgi?acc=GSE24737
GSE21217,GSE262110,0,,2,,0,0,0,manual_review_required,18F-fluorodeoxy-glucose positron emission tomography marks MYC-overexpressing human basal-like breast cancers.,Patient-derived response estimates from zero-passage organoids of luminal breast cancer,https://www.ncbi.nlm.nih.gov/geo/query/acc.cgi?acc=GSE21217,https://www.ncbi.nlm.nih.gov/geo/query/acc.cgi?acc=GSE262110
GSE21217,GSE28866,0,,3,,0,0,0,manual_review_required,18F-fluorodeoxy-glucose positron emission tomography marks MYC-overexpressing human basal-like breast cancers.,Transcriptional profiling of lncRNAs and novel transcribed regions across a diverse panel of archived human cancers,https://www.ncbi.nlm.nih.gov/geo/query/acc.cgi?acc=GSE21217,https://www.ncbi.nlm.nih.gov/geo/query/acc.cgi?acc=GSE28866
GSE21217,GSE40559,0,,1,,0,0,0,manual_review_required,18F-fluorodeoxy-glucose positron emission tomography marks MYC-overexpressing human basal-like breast cancers.,Gene expression profiles of 5 cancer cell lines,https://www.ncbi.nlm.nih.gov/geo/query/acc.cgi?acc=GSE21217,https://www.ncbi.nlm.nih.gov/geo/query/acc.cgi?acc=GSE40559
GSE21217,GSE41119,0,,1,,0,0,0,manual_review_required,18F-fluorodeoxy-glucose positron emission tomography marks MYC-overexpressing human basal-like breast cancers.,Molecular Characterization of Basal-like and Non-Basal-like Triple-Negative Breast Cancers,https://www.ncbi.nlm.nih.gov/geo/query/acc.cgi?acc=GSE21217,https://www.ncbi.nlm.nih.gov/geo/query/acc.cgi?acc=GSE41119
GSE21217,GSE52643,0,,1,,0,0,0,manual_review_required,18F-fluorodeoxy-glucose positron emission tomography marks MYC-overexpressing human basal-like breast cancers.,Fusion discovery in breast cancer cell line,https://www.ncbi.nlm.nih.gov/geo/query/acc.cgi?acc=GSE21217,https://www.ncbi.nlm.nih.gov/geo/query/acc.cgi?acc=GSE52643
GSE21217,GSE57083,0,,1,,0,0,0,manual_review_required,18F-fluorodeoxy-glucose positron emission tomography marks MYC-overexpressing human basal-like breast cancers.,Expression data from AstraZeneca internal cell lines,https://www.ncbi.nlm.nih.gov/geo/query/acc.cgi?acc=GSE21217,https://www.ncbi.nlm.nih.gov/geo/query/acc.cgi?acc=GSE57083
GSE21217,GSE58135,0,,3,,0,0,0,manual_review_required,18F-fluorodeoxy-glucose positron emission tomography marks MYC-overexpressing human basal-like breast cancers.,Breast Cancer RNA-seq,https://www.ncbi.nlm.nih.gov/geo/query/acc.cgi?acc=GSE21217,https://www.ncbi.nlm.nih.gov/geo/query/acc.cgi?acc=GSE58135
GSE21217,GSE59242,0,,3,,0,0,0,manual_review_required,18F-fluorodeoxy-glucose positron emission tomography marks MYC-overexpressing human basal-like breast cancers.,Profiling of human cancer breast cell lines (Affymetrix),https://www.ncbi.nlm.nih.gov/geo/query/acc.cgi?acc=GSE21217,https://www.ncbi.nlm.nih.gov/geo/query/acc.cgi?acc=GSE59242
GSE21217,GSE73526,0,,5,,0,0,0,manual_review_required,18F-fluorodeoxy-glucose positron emission tomography marks MYC-overexpressing human basal-like breast cancers.,"The Functional Genomic Landscape of Human Breast Cancer Drivers, Vulnerabilities, and Resistance (RNASeq)",https://www.ncbi.nlm.nih.gov/geo/query/acc.cgi?acc=GSE21217,https://www.ncbi.nlm.nih.gov/geo/query/acc.cgi?acc=GSE73526
GSE21217,GSE87006,0,,3,,0,0,0,manual_review_required,18F-fluorodeoxy-glucose positron emission tomography marks MYC-overexpressing human basal-like breast cancers.,CDK4 phosphorylation status and a linked gene expression profile predict sensitivity to Palbociclib [lines],https://www.ncbi.nlm.nih.gov/geo/query/acc.cgi?acc=GSE21217,https://www.ncbi.nlm.nih.gov/geo/query/acc.cgi?acc=GSE87006
GSE21217,GSE87008,0,,3,,0,0,0,manual_review_required,18F-fluorodeoxy-glucose positron emission tomography marks MYC-overexpressing human basal-like breast cancers.,CDK4 phosphorylation status and a linked gene expression profile predict sensitivity to Palbociclib,https://www.ncbi.nlm.nih.gov/geo/query/acc.cgi?acc=GSE21217,https://www.ncbi.nlm.nih.gov/geo/query/acc.cgi?acc=GSE87008
GSE212170,GSE212587,6,complete_containment,0,,0,0,0,high_confidence_overlap,MUC1-C INDUCES PBRM1-MEDIATED CHROMATIN REMODELING IN DRIVING CHRONIC INFLAMMATION AND DNA DAMAGE RESISTANCE IN TRIPLE-NEGATIVE BREAST CANCER,MUC1-C INDUCES PBRM1-MEDIATED CHROMATIN REMODELING IN DRIVING CHRONIC INFLAMMATION AND DNA DAMAGE RESISTANCE IN TRIPLE-NEGATIVE BREAST CANCER [tet-MUC1 shRNA],https://www.ncbi.nlm.nih.gov/geo/query/acc.cgi?acc=GSE212170,https://www.ncbi.nlm.nih.gov/geo/query/acc.cgi?acc=GSE212587
GSE212461,GSE212482,5,complete_containment,0,,0,0,0,high_confidence_overlap,Multiomic analysis reveals conservation of cancer associated fibroblast phenotypes across species and tissue of origin [scRNA-seq],Multiomic analysis reveals conservation of cancer associated fibroblast phenotypes across species and tissue of origin,https://www.ncbi.nlm.nih.gov/geo/query/acc.cgi?acc=GSE212461,https://www.ncbi.nlm.nih.gov/geo/query/acc.cgi?acc=GSE212482
GSE212482,GSE212707,12,partial_overlap,0,,0,0,0,high_confidence_overlap,Multiomic analysis reveals conservation of cancer associated fibroblast phenotypes across species and tissue of origin,Multiomic analysis reveals conservation of cancer associated fibroblast phenotypes across species and tissue of origin [multiome],https://www.ncbi.nlm.nih.gov/geo/query/acc.cgi?acc=GSE212482,https://www.ncbi.nlm.nih.gov/geo/query/acc.cgi?acc=GSE212707
GSE212854,GSE227630,0,,1,,0,0,0,manual_review_required,An RNA-based precision oncology platform for patient-therapy alignment in a diverse set of treatment resistant malignancies,Changes in expression of genes +/- CREB3L1 expression,https://www.ncbi.nlm.nih.gov/geo/query/acc.cgi?acc=GSE212854,https://www.ncbi.nlm.nih.gov/geo/query/acc.cgi?acc=GSE227630
GSE212854,GSE24578,0,,1,,0,0,0,manual_review_required,An RNA-based precision oncology platform for patient-therapy alignment in a diverse set of treatment resistant malignancies,Basal gene expression of breast cancer cell lines,https://www.ncbi.nlm.nih.gov/geo/query/acc.cgi?acc=GSE212854,https://www.ncbi.nlm.nih.gov/geo/query/acc.cgi?acc=GSE24578
GSE212854,GSE24717,0,,1,,0,0,0,manual_review_required,An RNA-based precision oncology platform for patient-therapy alignment in a diverse set of treatment resistant malignancies,Using a Stem Cell-Based Signature to Guide Therapeutic Selection in Cancer,https://www.ncbi.nlm.nih.gov/geo/query/acc.cgi?acc=GSE212854,https://www.ncbi.nlm.nih.gov/geo/query/acc.cgi?acc=GSE24717
GSE212854,GSE24737,0,,1,,0,0,0,manual_review_required,An RNA-based precision oncology platform for patient-therapy alignment in a diverse set of treatment resistant malignancies,Large scale screening for known fusion genes in cancer cell lines,https://www.ncbi.nlm.nih.gov/geo/query/acc.cgi?acc=GSE212854,https://www.ncbi.nlm.nih.gov/geo/query/acc.cgi?acc=GSE24737
GSE212854,GSE4000,0,,1,,0,0,0,manual_review_required,An RNA-based precision oncology platform for patient-therapy alignment in a diverse set of treatment resistant malignancies,A molecular 'signature' of primary breast cancer cultures; patterns resembling tumor tissue.,https://www.ncbi.nlm.nih.gov/geo/query/acc.cgi?acc=GSE212854,https://www.ncbi.nlm.nih.gov/geo/query/acc.cgi?acc=GSE4000
GSE212854,GSE52643,0,,1,,0,0,0,manual_review_required,An RNA-based precision oncology platform for patient-therapy alignment in a diverse set of treatment resistant malignancies,Fusion discovery in breast cancer cell line,https://www.ncbi.nlm.nih.gov/geo/query/acc.cgi?acc=GSE212854,https://www.ncbi.nlm.nih.gov/geo/query/acc.cgi?acc=GSE52643
GSE212854,GSE58135,0,,1,,0,0,0,manual_review_required,An RNA-based precision oncology platform for patient-therapy alignment in a diverse set of treatment resistant malignancies,Breast Cancer RNA-seq,https://www.ncbi.nlm.nih.gov/geo/query/acc.cgi?acc=GSE212854,https://www.ncbi.nlm.nih.gov/geo/query/acc.cgi?acc=GSE58135
GSE212854,GSE59242,0,,1,,0,0,0,manual_review_required,An RNA-based precision oncology platform for patient-therapy alignment in a diverse set of treatment resistant malignancies,Profiling of human cancer breast cell lines (Affymetrix),https://www.ncbi.nlm.nih.gov/geo/query/acc.cgi?acc=GSE212854,https://www.ncbi.nlm.nih.gov/geo/query/acc.cgi?acc=GSE59242
GSE212854,GSE73526,0,,1,,0,0,0,manual_review_required,An RNA-based precision oncology platform for patient-therapy alignment in a diverse set of treatment resistant malignancies,"The Functional Genomic Landscape of Human Breast Cancer Drivers, Vulnerabilities, and Resistance (RNASeq)",https://www.ncbi.nlm.nih.gov/geo/query/acc.cgi?acc=GSE212854,https://www.ncbi.nlm.nih.gov/geo/query/acc.cgi?acc=GSE73526
GSE212854,GSE81032,0,,1,,0,0,0,manual_review_required,An RNA-based precision oncology platform for patient-therapy alignment in a diverse set of treatment resistant malignancies,Comparative proteomics and transcriptomics study of signaling network proteins across multiple normal and cancer cell lines,https://www.ncbi.nlm.nih.gov/geo/query/acc.cgi?acc=GSE212854,https://www.ncbi.nlm.nih.gov/geo/query/acc.cgi?acc=GSE81032
GSE212854,GSE87006,0,,1,,0,0,0,manual_review_required,An RNA-based precision oncology platform for patient-therapy alignment in a diverse set of treatment resistant malignancies,CDK4 phosphorylation status and a linked gene expression profile predict sensitivity to Palbociclib [lines],https://www.ncbi.nlm.nih.gov/geo/query/acc.cgi?acc=GSE212854,https://www.ncbi.nlm.nih.gov/geo/query/acc.cgi?acc=GSE87006
GSE212854,GSE87008,0,,1,,0,0,0,manual_review_required,An RNA-based precision oncology platform for patient-therapy alignment in a diverse set of treatment resistant malignancies,CDK4 phosphorylation status and a linked gene expression profile predict sensitivity to Palbociclib,https://www.ncbi.nlm.nih.gov/geo/query/acc.cgi?acc=GSE212854,https://www.ncbi.nlm.nih.gov/geo/query/acc.cgi?acc=GSE87008
GSE213474,GSE214054,30,complete_containment,0,,0,0,0,high_confidence_overlap,Endocrine treatment potentiates antigen presentation and in combination with SMAC mimetics enhances an anti-tumor immune response in hormone receptor positive breast cancer (RNA-seq),Endocrine treatment potentiates antigen presentation and in combination with SMAC mimetics enhances an anti-tumor immune response in hormone receptor positive breast cancer,https://www.ncbi.nlm.nih.gov/geo/query/acc.cgi?acc=GSE213474,https://www.ncbi.nlm.nih.gov/geo/query/acc.cgi?acc=GSE214054
GSE213477,GSE214054,16,complete_containment,0,,0,0,0,high_confidence_overlap,Endocrine treatment potentiates antigen presentation and in combination with SMAC mimetics enhances an anti-tumor immune response in hormone receptor positive breast cancer (RNA-seq WT_Talen),Endocrine treatment potentiates antigen presentation and in combination with SMAC mimetics enhances an anti-tumor immune response in hormone receptor positive breast cancer,https://www.ncbi.nlm.nih.gov/geo/query/acc.cgi?acc=GSE213477,https://www.ncbi.nlm.nih.gov/geo/query/acc.cgi?acc=GSE214054
GSE213481,GSE214054,24,complete_containment,0,,0,0,0,high_confidence_overlap,Endocrine treatment potentiates antigen presentation and in combination with SMAC mimetics enhances an anti-tumor immune response in hormone receptor positive breast cancer (orig),Endocrine treatment potentiates antigen presentation and in combination with SMAC mimetics enhances an anti-tumor immune response in hormone receptor positive breast cancer,https://www.ncbi.nlm.nih.gov/geo/query/acc.cgi?acc=GSE213481,https://www.ncbi.nlm.nih.gov/geo/query/acc.cgi?acc=GSE214054
GSE213839,GSE213841,24,complete_containment,0,,0,0,0,high_confidence_overlap,FOXC1 in triple negative breast cancer [RNA-seq],FOXC1 in triple negative breast cancer,https://www.ncbi.nlm.nih.gov/geo/query/acc.cgi?acc=GSE213839,https://www.ncbi.nlm.nih.gov/geo/query/acc.cgi?acc=GSE213841
GSE213841,GSE53370,0,,1,,0,0,0,manual_review_required,FOXC1 in triple negative breast cancer,RNA m5C Methylation in breast cancer using MeRIP-Seq,https://www.ncbi.nlm.nih.gov/geo/query/acc.cgi?acc=GSE213841,https://www.ncbi.nlm.nih.gov/geo/query/acc.cgi?acc=GSE53370
GSE214052,GSE214054,48,complete_containment,0,,0,0,0,high_confidence_overlap,Endocrine treatment potentiates antigen presentation and in combination with SMAC mimetics enhances an anti-tumor immune response in hormone receptor positive breast cancer (RNA-rela-KOs),Endocrine treatment potentiates antigen presentation and in combination with SMAC mimetics enhances an anti-tumor immune response in hormone receptor positive breast cancer,https://www.ncbi.nlm.nih.gov/geo/query/acc.cgi?acc=GSE214052,https://www.ncbi.nlm.nih.gov/geo/query/acc.cgi?acc=GSE214054
GSE214093,GSE214094,48,complete_containment,0,,0,0,0,high_confidence_overlap,Epigenetic activation of SOX11 is associated with recurrence and progression of DCIS to invasive breast cancer [Nanostring],Epigenetic activation of SOX11 is associated with recurrence and progression of DCIS to invasive breast cancer,https://www.ncbi.nlm.nih.gov/geo/query/acc.cgi?acc=GSE214093,https://www.ncbi.nlm.nih.gov/geo/query/acc.cgi?acc=GSE214094
GSE214331,GSE214333,6,complete_containment,0,,0,0,0,high_confidence_overlap,Targeting MLL methyltransferases enhance the anti-tumor effects of PI3K inhibition in hormone receptor-positive breast cancer [RNA-Seq],Targeting MLL methyltransferases enhance the anti-tumor effects of PI3K inhibition in hormone receptor-positive breast cancer,https://www.ncbi.nlm.nih.gov/geo/query/acc.cgi?acc=GSE214331,https://www.ncbi.nlm.nih.gov/geo/query/acc.cgi?acc=GSE214333
GSE214507,GSE214509,18,complete_containment,0,,0,0,0,high_confidence_overlap,MicroRNA-874 targets phosphomevalonate kinase and inhibits cancer cell growth via the mevalonate pathway [bulkRNA-seq],MicroRNA-874 targets phosphomevalonate kinase and inhibits cancer cell growth via the mevalonate pathway,https://www.ncbi.nlm.nih.gov/geo/query/acc.cgi?acc=GSE214507,https://www.ncbi.nlm.nih.gov/geo/query/acc.cgi?acc=GSE214509
GSE214508,GSE214509,4,complete_containment,0,,0,0,0,high_confidence_overlap,MicroRNA-874 targets phosphomevalonate kinase and inhibits cancer cell growth via the mevalonate pathway [scRNA-seq],MicroRNA-874 targets phosphomevalonate kinase and inhibits cancer cell growth via the mevalonate pathway,https://www.ncbi.nlm.nih.gov/geo/query/acc.cgi?acc=GSE214508,https://www.ncbi.nlm.nih.gov/geo/query/acc.cgi?acc=GSE214509
GSE214579,GSE214580,24,complete_containment,0,,0,0,0,high_confidence_overlap,Estrogen receptor alpha mutations regulate gene expression and cell growth in breast cancer through microRNAs (RNA-Seq),Estrogen receptor alpha mutations regulate gene expression and cell growth in breast cancer through microRNAs,https://www.ncbi.nlm.nih.gov/geo/query/acc.cgi?acc=GSE214579,https://www.ncbi.nlm.nih.gov/geo/query/acc.cgi?acc=GSE214580
GSE214827,GSE56306,0,,1,,0,0,0,manual_review_required,Gene expression profile at single cell level of MDAMB468 and CAL51 cell lines,The molecular changes that have occurred in breast cancer cells through the introduction of the MZF-1 fragment,https://www.ncbi.nlm.nih.gov/geo/query/acc.cgi?acc=GSE214827,https://www.ncbi.nlm.nih.gov/geo/query/acc.cgi?acc=GSE56306
GSE215289,GSE215290,22,complete_containment,0,,0,0,0,high_confidence_overlap,HOTAIR-YTHDF3 interaction in promoting breast cancer cell metastasis [RNA-seq],HOTAIR-YTHDF3 interaction in promoting breast cancer cell metastasis,https://www.ncbi.nlm.nih.gov/geo/query/acc.cgi?acc=GSE215289,https://www.ncbi.nlm.nih.gov/geo/query/acc.cgi?acc=GSE215290
GSE216345,GSE216346,14,complete_containment,0,,0,0,0,high_confidence_overlap,Effect of SAP30 in breast cancer progression and metastasis (RNA-Seq),SAP30 promotes breast cancer progression and metastasis by gene activation,https://www.ncbi.nlm.nih.gov/geo/query/acc.cgi?acc=GSE216345,https://www.ncbi.nlm.nih.gov/geo/query/acc.cgi?acc=GSE216346
GSE216526,GSE216530,8,complete_containment,0,,0,0,0,high_confidence_overlap,VGLL1 drives therapy resistance in estrogen receptor positive breast cancer [RNA-Seq 1],VGLL1 drives therapy resistance in estrogen receptor positive breast cancer,https://www.ncbi.nlm.nih.gov/geo/query/acc.cgi?acc=GSE216526,https://www.ncbi.nlm.nih.gov/geo/query/acc.cgi?acc=GSE216530
GSE216527,GSE216530,12,complete_containment,0,,0,0,0,high_confidence_overlap,VGLL1 drives therapy resistance in estrogen receptor positive breast cancer [RNA-Seq 2],VGLL1 drives therapy resistance in estrogen receptor positive breast cancer,https://www.ncbi.nlm.nih.gov/geo/query/acc.cgi?acc=GSE216527,https://www.ncbi.nlm.nih.gov/geo/query/acc.cgi?acc=GSE216530
GSE216528,GSE216530,12,complete_containment,0,,0,0,0,high_confidence_overlap,VGLL1 drives therapy resistance in estrogen receptor positive breast cancer [RNA-Seq 3],VGLL1 drives therapy resistance in estrogen receptor positive breast cancer,https://www.ncbi.nlm.nih.gov/geo/query/acc.cgi?acc=GSE216528,https://www.ncbi.nlm.nih.gov/geo/query/acc.cgi?acc=GSE216530
GSE21653,GSE281492,0,,1,,0,0,0,manual_review_required,A gene expression signature identifies two prognostic subgroups of basal breast cancer,Molecular characterisation of the metastatic cell state in Breast Cancer,https://www.ncbi.nlm.nih.gov/geo/query/acc.cgi?acc=GSE21653,https://www.ncbi.nlm.nih.gov/geo/query/acc.cgi?acc=GSE281492
GSE21653,GSE281580,0,,1,,0,0,0,manual_review_required,A gene expression signature identifies two prognostic subgroups of basal breast cancer,Human scRNA-seq of three primary and five metastatic breast cancers,https://www.ncbi.nlm.nih.gov/geo/query/acc.cgi?acc=GSE21653,https://www.ncbi.nlm.nih.gov/geo/query/acc.cgi?acc=GSE281580
GSE21653,GSE288482,0,,3,,0,0,0,manual_review_required,A gene expression signature identifies two prognostic subgroups of basal breast cancer,Integration activity of evolutionarily recent human retroelements Alu and LINE in tumors,https://www.ncbi.nlm.nih.gov/geo/query/acc.cgi?acc=GSE21653,https://www.ncbi.nlm.nih.gov/geo/query/acc.cgi?acc=GSE288482
GSE21653,GSE3193,0,,10,,0,0,0,manual_review_required,A gene expression signature identifies two prognostic subgroups of basal breast cancer,Breast Tumor Clinical Implications,https://www.ncbi.nlm.nih.gov/geo/query/acc.cgi?acc=GSE21653,https://www.ncbi.nlm.nih.gov/geo/query/acc.cgi?acc=GSE3193
GSE21653,GSE3281,0,,6,,0,0,0,manual_review_required,A gene expression signature identifies two prognostic subgroups of basal breast cancer,Breast Cancer aCGH,https://www.ncbi.nlm.nih.gov/geo/query/acc.cgi?acc=GSE21653,https://www.ncbi.nlm.nih.gov/geo/query/acc.cgi?acc=GSE3281
GSE21653,GSE4335,0,,10,,0,0,0,manual_review_required,A gene expression signature identifies two prognostic subgroups of basal breast cancer,Norway/Stanford Breast Tumors,https://www.ncbi.nlm.nih.gov/geo/query/acc.cgi?acc=GSE21653,https://www.ncbi.nlm.nih.gov/geo/query/acc.cgi?acc=GSE4335
GSE21653,GSE43615,0,,77,,0,0,0,manual_review_required,A gene expression signature identifies two prognostic subgroups of basal breast cancer,IRCC Breast Cancer dataset,https://www.ncbi.nlm.nih.gov/geo/query/acc.cgi?acc=GSE21653,https://www.ncbi.nlm.nih.gov/geo/query/acc.cgi?acc=GSE43615
GSE21653,GSE4382,0,,10,,0,0,0,manual_review_required,A gene expression signature identifies two prognostic subgroups of basal breast cancer,Repeated observation of breast tumor subtypes in independent gene expression data sets,https://www.ncbi.nlm.nih.gov/geo/query/acc.cgi?acc=GSE21653,https://www.ncbi.nlm.nih.gov/geo/query/acc.cgi?acc=GSE4382
GSE21653,GSE61,0,,6,,0,0,0,manual_review_required,A gene expression signature identifies two prognostic subgroups of basal breast cancer,Molecular portraits of human breast tumors,https://www.ncbi.nlm.nih.gov/geo/query/acc.cgi?acc=GSE21653,https://www.ncbi.nlm.nih.gov/geo/query/acc.cgi?acc=GSE61
GSE217127,GSE217130,12,complete_containment,0,,0,0,0,high_confidence_overlap,The methyltransferases METTL7A and METTL7B confer resistance of cancer cells to thiol-based histone deacetylate inhibitors (RNA-Seq),The methyltransferases METTL7A and METTL7B confer resistance of cancer cells to thiol-based histone deacetylate inhibitors,https://www.ncbi.nlm.nih.gov/geo/query/acc.cgi?acc=GSE217127,https://www.ncbi.nlm.nih.gov/geo/query/acc.cgi?acc=GSE217130
GSE217418,GSE234074,76,complete_containment,0,,0,0,0,high_confidence_overlap,NR2F2 is a key downstream effector of NF1 loss in estorgen receptor positive breast cancer,NR2F2 is a key downstream effector of NF1 loss in estorgen receptor positive breast cancer (RNA-seq),https://www.ncbi.nlm.nih.gov/geo/query/acc.cgi?acc=GSE217418,https://www.ncbi.nlm.nih.gov/geo/query/acc.cgi?acc=GSE234074
GSE217579,GSE24737,0,,2,,0,0,0,manual_review_required,Nuclear pCHK1 as a potential biomarker of increased sensitivity to ATR inhibition,Large scale screening for known fusion genes in cancer cell lines,https://www.ncbi.nlm.nih.gov/geo/query/acc.cgi?acc=GSE217579,https://www.ncbi.nlm.nih.gov/geo/query/acc.cgi?acc=GSE24737
GSE217579,GSE57083,0,,2,,0,0,0,manual_review_required,Nuclear pCHK1 as a potential biomarker of increased sensitivity to ATR inhibition,Expression data from AstraZeneca internal cell lines,https://www.ncbi.nlm.nih.gov/geo/query/acc.cgi?acc=GSE217579,https://www.ncbi.nlm.nih.gov/geo/query/acc.cgi?acc=GSE57083
GSE217579,GSE58135,0,,1,,0,0,0,manual_review_required,Nuclear pCHK1 as a potential biomarker of increased sensitivity to ATR inhibition,Breast Cancer RNA-seq,https://www.ncbi.nlm.nih.gov/geo/query/acc.cgi?acc=GSE217579,https://www.ncbi.nlm.nih.gov/geo/query/acc.cgi?acc=GSE58135
GSE217579,GSE59242,0,,2,,0,0,0,manual_review_required,Nuclear pCHK1 as a potential biomarker of increased sensitivity to ATR inhibition,Profiling of human cancer breast cell lines (Affymetrix),https://www.ncbi.nlm.nih.gov/geo/query/acc.cgi?acc=GSE217579,https://www.ncbi.nlm.nih.gov/geo/query/acc.cgi?acc=GSE59242
GSE217579,GSE73526,0,,2,,0,0,0,manual_review_required,Nuclear pCHK1 as a potential biomarker of increased sensitivity to ATR inhibition,"The Functional Genomic Landscape of Human Breast Cancer Drivers, Vulnerabilities, and Resistance (RNASeq)",https://www.ncbi.nlm.nih.gov/geo/query/acc.cgi?acc=GSE217579,https://www.ncbi.nlm.nih.gov/geo/query/acc.cgi?acc=GSE73526
GSE217579,GSE87006,0,,1,,0,0,0,manual_review_required,Nuclear pCHK1 as a potential biomarker of increased sensitivity to ATR inhibition,CDK4 phosphorylation status and a linked gene expression profile predict sensitivity to Palbociclib [lines],https://www.ncbi.nlm.nih.gov/geo/query/acc.cgi?acc=GSE217579,https://www.ncbi.nlm.nih.gov/geo/query/acc.cgi?acc=GSE87006
GSE217579,GSE87008,0,,1,,0,0,0,manual_review_required,Nuclear pCHK1 as a potential biomarker of increased sensitivity to ATR inhibition,CDK4 phosphorylation status and a linked gene expression profile predict sensitivity to Palbociclib,https://www.ncbi.nlm.nih.gov/geo/query/acc.cgi?acc=GSE217579,https://www.ncbi.nlm.nih.gov/geo/query/acc.cgi?acc=GSE87008
GSE21832,GSE21834,9,complete_containment,0,,0,0,0,high_confidence_overlap,Identification of the receptor tyrosine kinase AXL in triple negative breast cancer as a novel target for the human miR-34a microRNA (gene expression),Identification of the receptor tyrosine kinase AXL in triple negative breast cancer as a novel target for the human miR-34a microRNA,https://www.ncbi.nlm.nih.gov/geo/query/acc.cgi?acc=GSE21832,https://www.ncbi.nlm.nih.gov/geo/query/acc.cgi?acc=GSE21834
GSE219166,GSE219168,12,complete_containment,0,,0,0,0,high_confidence_overlap,CRISPR screens identify gene targets at breast cancer risk loci [RNA-seq],CRISPR screens identify gene targets at breast cancer risk loci,https://www.ncbi.nlm.nih.gov/geo/query/acc.cgi?acc=GSE219166,https://www.ncbi.nlm.nih.gov/geo/query/acc.cgi?acc=GSE219168
GSE219274,GSE219276,12,complete_containment,0,,0,0,0,high_confidence_overlap,Effect of Doxorubicin on gene expression of HS578T cells with or without heterozygous chromosomal 17p deletion [RNA-seq],Effect of Doxorubicin on gene expression of HS578T cells with or without heterozygous chromosomal 17p deletion,https://www.ncbi.nlm.nih.gov/geo/query/acc.cgi?acc=GSE219274,https://www.ncbi.nlm.nih.gov/geo/query/acc.cgi?acc=GSE219276
GSE219275,GSE219276,1,complete_containment,0,,0,0,0,high_confidence_overlap,Effect of Doxorubicin on gene expression of HS578T cells with or without heterozygous chromosomal 17p deletion [scRNA-seq],Effect of Doxorubicin on gene expression of HS578T cells with or without heterozygous chromosomal 17p deletion,https://www.ncbi.nlm.nih.gov/geo/query/acc.cgi?acc=GSE219275,https://www.ncbi.nlm.nih.gov/geo/query/acc.cgi?acc=GSE219276
GSE21997,GSE31589,0,,4,,0,0,0,manual_review_required,Genomic predictors of response to doxorubicin versus docetaxel in breast cancer,Expression of Epithelial-to-Mesenchymal Transition (EMT)-associated genes in extratumoral microenvironment predicts poor clinical outcome in breast cancer patients,https://www.ncbi.nlm.nih.gov/geo/query/acc.cgi?acc=GSE21997,https://www.ncbi.nlm.nih.gov/geo/query/acc.cgi?acc=GSE31589
GSE22049,GSE2607,11,partial_overlap,0,,0,0,0,high_confidence_overlap,MicroRNA-30c inhibits Human Breast Tumor Chemotherapy Resistance by regulating TWF1 and IL-11: Patient DataSet,Biological Classification of Breast Cancer by Real-Time Quantitative RTPCR: Comparisons to Microarray and Histopathology,https://www.ncbi.nlm.nih.gov/geo/query/acc.cgi?acc=GSE22049,https://www.ncbi.nlm.nih.gov/geo/query/acc.cgi?acc=GSE2607
GSE22049,GSE26338,34,partial_overlap,0,,0,0,0,high_confidence_overlap,MicroRNA-30c inhibits Human Breast Tumor Chemotherapy Resistance by regulating TWF1 and IL-11: Patient DataSet,"Genomic analysis identifies unique signatures predictive of brain, lung, and liver relapse",https://www.ncbi.nlm.nih.gov/geo/query/acc.cgi?acc=GSE22049,https://www.ncbi.nlm.nih.gov/geo/query/acc.cgi?acc=GSE26338
GSE22049,GSE2740,12,partial_overlap,0,,0,0,0,high_confidence_overlap,MicroRNA-30c inhibits Human Breast Tumor Chemotherapy Resistance by regulating TWF1 and IL-11: Patient DataSet,Estrogen-regulated genes predict survival in estrogen receptor and/or progesterone receptor-positive breast cancers,https://www.ncbi.nlm.nih.gov/geo/query/acc.cgi?acc=GSE22049,https://www.ncbi.nlm.nih.gov/geo/query/acc.cgi?acc=GSE2740
GSE22049,GSE2741,12,partial_overlap,0,,0,0,0,high_confidence_overlap,MicroRNA-30c inhibits Human Breast Tumor Chemotherapy Resistance by regulating TWF1 and IL-11: Patient DataSet,Breast Tumor's study,https://www.ncbi.nlm.nih.gov/geo/query/acc.cgi?acc=GSE22049,https://www.ncbi.nlm.nih.gov/geo/query/acc.cgi?acc=GSE2741
GSE22049,GSE3165,30,partial_overlap,0,,0,0,0,high_confidence_overlap,MicroRNA-30c inhibits Human Breast Tumor Chemotherapy Resistance by regulating TWF1 and IL-11: Patient DataSet,Identification of conserved gene expression features across human and murine mammary tumors,https://www.ncbi.nlm.nih.gov/geo/query/acc.cgi?acc=GSE22049,https://www.ncbi.nlm.nih.gov/geo/query/acc.cgi?acc=GSE3165
GSE22049,GSE3521,19,partial_overlap,0,,0,0,0,high_confidence_overlap,MicroRNA-30c inhibits Human Breast Tumor Chemotherapy Resistance by regulating TWF1 and IL-11: Patient DataSet,A compact VEGF signature associated with distant metastases and poor outcomes,https://www.ncbi.nlm.nih.gov/geo/query/acc.cgi?acc=GSE22049,https://www.ncbi.nlm.nih.gov/geo/query/acc.cgi?acc=GSE3521
GSE22049,GSE35629,0,,2,,0,0,0,manual_review_required,MicroRNA-30c inhibits Human Breast Tumor Chemotherapy Resistance by regulating TWF1 and IL-11: Patient DataSet,Vimentin DNA Methylation Predicts Survival in Breast Cancer,https://www.ncbi.nlm.nih.gov/geo/query/acc.cgi?acc=GSE22049,https://www.ncbi.nlm.nih.gov/geo/query/acc.cgi?acc=GSE35629
GSE22049,GSE6130,15,partial_overlap,0,,0,0,0,high_confidence_overlap,MicroRNA-30c inhibits Human Breast Tumor Chemotherapy Resistance by regulating TWF1 and IL-11: Patient DataSet,Agreement in Breast Cancer Classification between Microarray and qRT-PCR from Fresh-Frozen and Formalin-Fixed Tissues,https://www.ncbi.nlm.nih.gov/geo/query/acc.cgi?acc=GSE22049,https://www.ncbi.nlm.nih.gov/geo/query/acc.cgi?acc=GSE6130
GSE220605,GSE220608,36,complete_containment,0,,0,0,0,high_confidence_overlap,Effective methods for bulk RNA-seq deconvolution using scnRNA-seq transcriptomes [cell mixtures bulk],Effective methods for bulk RNA-seq deconvolution using scnRNA-seq transcriptomes,https://www.ncbi.nlm.nih.gov/geo/query/acc.cgi?acc=GSE220605,https://www.ncbi.nlm.nih.gov/geo/query/acc.cgi?acc=GSE220608
GSE220606,GSE220608,6,complete_containment,0,,0,0,0,high_confidence_overlap,Effective methods for bulk RNA-seq deconvolution using scnRNA-seq transcriptomes [cell mixtures scRNA-seq],Effective methods for bulk RNA-seq deconvolution using scnRNA-seq transcriptomes,https://www.ncbi.nlm.nih.gov/geo/query/acc.cgi?acc=GSE220606,https://www.ncbi.nlm.nih.gov/geo/query/acc.cgi?acc=GSE220608
GSE22093,GSE25065,0,,0,,4,0,0,high_confidence_overlap,Expression data from breast cancer FNA biopsies from patients,Validation cohort for genomic predictor of response and survival following neoadjuvant taxane-anthracycline chemotherapy in breast cancer,https://www.ncbi.nlm.nih.gov/geo/query/acc.cgi?acc=GSE22093,https://www.ncbi.nlm.nih.gov/geo/query/acc.cgi?acc=GSE25065
GSE22133,GSE25307,359,partial_overlap,0,,0,0,0,high_confidence_overlap,Genomic Subtypes of Breast Cancer Identified by Array Comparative Genomic Hybridization,The retinoblastoma gene is targeted for rearrangements in BRCA1-deficient basal-like breast cancer.,https://www.ncbi.nlm.nih.gov/geo/query/acc.cgi?acc=GSE22133,https://www.ncbi.nlm.nih.gov/geo/query/acc.cgi?acc=GSE25307
GSE221731,GSE221743,1,complete_containment,0,,0,0,0,high_confidence_overlap,SIPA1 expression in breast cancer patient,SIPA1 Functions as a Transcription Regulator to Sustain Progression of Triple-Negative Breast Cancer,https://www.ncbi.nlm.nih.gov/geo/query/acc.cgi?acc=GSE221731,https://www.ncbi.nlm.nih.gov/geo/query/acc.cgi?acc=GSE221743
GSE221742,GSE221743,9,complete_containment,0,,0,0,0,high_confidence_overlap,Exploring mechanism the transcription factor SIPA1 promote the progression of triple-negative breast cancer,SIPA1 Functions as a Transcription Regulator to Sustain Progression of Triple-Negative Breast Cancer,https://www.ncbi.nlm.nih.gov/geo/query/acc.cgi?acc=GSE221742,https://www.ncbi.nlm.nih.gov/geo/query/acc.cgi?acc=GSE221743
GSE221934,GSE221935,4,complete_containment,0,,0,0,0,high_confidence_overlap,FOXA1 O-GlcNAcylation-mediated transcriptional switch governs metastasis capacity in breast cancer [RNA-seq],FOXA1 O-GlcNAcylation-mediated transcriptional switch governs metastasis capacity in breast cancer.,https://www.ncbi.nlm.nih.gov/geo/query/acc.cgi?acc=GSE221934,https://www.ncbi.nlm.nih.gov/geo/query/acc.cgi?acc=GSE221935
GSE22219,GSE22220,216,complete_containment,0,,0,0,0,high_confidence_overlap,Gene expression profiling of early primary breast cancer to identify prognostic markers and associated pathways,Analysis of early primary breast cancer to identify prognostic markers and associated pathways: mRNA and miRNA profiling,https://www.ncbi.nlm.nih.gov/geo/query/acc.cgi?acc=GSE22219,https://www.ncbi.nlm.nih.gov/geo/query/acc.cgi?acc=GSE22220
GSE222313,GSE222343,12,complete_containment,0,,0,0,0,high_confidence_overlap,Transcriptome changes following acute serine starvation in breast cancer cells,Transcriptomic and epigenomic changes following acute serine starvation in breast cancer cells,https://www.ncbi.nlm.nih.gov/geo/query/acc.cgi?acc=GSE222313,https://www.ncbi.nlm.nih.gov/geo/query/acc.cgi?acc=GSE222343
GSE222693,GSE222694,10,complete_containment,0,,0,0,0,high_confidence_overlap,TXNIP loss expands Myc transcriptome,TXNIP loss,https://www.ncbi.nlm.nih.gov/geo/query/acc.cgi?acc=GSE222693,https://www.ncbi.nlm.nih.gov/geo/query/acc.cgi?acc=GSE222694
GSE222728,GSE222799,9,complete_containment,0,,0,0,0,high_confidence_overlap,Glucocorticoid Receptor Action in Breast Cancer [RNA-Seq],Glucocorticoid Receptor Action in Breast Cancer,https://www.ncbi.nlm.nih.gov/geo/query/acc.cgi?acc=GSE222728,https://www.ncbi.nlm.nih.gov/geo/query/acc.cgi?acc=GSE222799
GSE223181,GSE223183,16,complete_containment,0,,0,0,0,high_confidence_overlap,Integrated chromatin accessibility and gene expression landscape of human triple-negative breast cancer cell lines reveals variation by patient donor ancestry [RNA-seq],Integrated chromatin accessibility and gene expression landscape of human triple-negative breast cancer cell lines reveals variation by patient donor ancestry,https://www.ncbi.nlm.nih.gov/geo/query/acc.cgi?acc=GSE223181,https://www.ncbi.nlm.nih.gov/geo/query/acc.cgi?acc=GSE223183
GSE223247,GSE223354,16,complete_containment,0,,0,0,0,high_confidence_overlap,Distinct tumor architectures for metastatic colonization of the brain [Flura-seq],Distinct tumor architectures for metastatic colonization of the brain,https://www.ncbi.nlm.nih.gov/geo/query/acc.cgi?acc=GSE223247,https://www.ncbi.nlm.nih.gov/geo/query/acc.cgi?acc=GSE223354
GSE223309,GSE223354,12,complete_containment,0,,0,0,0,high_confidence_overlap,Distinct tumor architectures for metastatic colonization of the brain [scRNA-seq],Distinct tumor architectures for metastatic colonization of the brain,https://www.ncbi.nlm.nih.gov/geo/query/acc.cgi?acc=GSE223309,https://www.ncbi.nlm.nih.gov/geo/query/acc.cgi?acc=GSE223354
GSE223351,GSE223354,11,complete_containment,0,,0,0,0,high_confidence_overlap,Distinct tumor architectures for metastatic colonization of the brain [RNA-seq],Distinct tumor architectures for metastatic colonization of the brain,https://www.ncbi.nlm.nih.gov/geo/query/acc.cgi?acc=GSE223351,https://www.ncbi.nlm.nih.gov/geo/query/acc.cgi?acc=GSE223354
GSE223524,GSE290030,0,,6,,0,0,0,manual_review_required,Breast cancer prevention with liquiritigenin,Reprogramming SREBP1-dependent lipogenesis and inflammation in high-risk breast with licochalcone A: a novel path to cancer prevention,https://www.ncbi.nlm.nih.gov/geo/query/acc.cgi?acc=GSE223524,https://www.ncbi.nlm.nih.gov/geo/query/acc.cgi?acc=GSE290030
GSE22384,GSE31589,12,partial_overlap,2,,0,0,0,high_confidence_overlap,Systematic Bias in Genomic Classification Due to Contaminating Normal Tissue in Breast Tumor Samples,Expression of Epithelial-to-Mesenchymal Transition (EMT)-associated genes in extratumoral microenvironment predicts poor clinical outcome in breast cancer patients,https://www.ncbi.nlm.nih.gov/geo/query/acc.cgi?acc=GSE22384,https://www.ncbi.nlm.nih.gov/geo/query/acc.cgi?acc=GSE31589
GSE22384,GSE41119,29,partial_overlap,0,,0,0,0,high_confidence_overlap,Systematic Bias in Genomic Classification Due to Contaminating Normal Tissue in Breast Tumor Samples,Molecular Characterization of Basal-like and Non-Basal-like Triple-Negative Breast Cancers,https://www.ncbi.nlm.nih.gov/geo/query/acc.cgi?acc=GSE22384,https://www.ncbi.nlm.nih.gov/geo/query/acc.cgi?acc=GSE41119
GSE22384,GSE46604,2,partial_overlap,0,,0,0,0,high_confidence_overlap,Systematic Bias in Genomic Classification Due to Contaminating Normal Tissue in Breast Tumor Samples,Xenografting of advanced stage breast cancer preserves the genomic and clonal architecture and captures luminal tumors harboring mutations and gene rearrangements in ESR1,https://www.ncbi.nlm.nih.gov/geo/query/acc.cgi?acc=GSE22384,https://www.ncbi.nlm.nih.gov/geo/query/acc.cgi?acc=GSE46604
GSE224319,GSE224322,6,complete_containment,0,,0,0,0,high_confidence_overlap,Acquisition of CCDC88A/GIV through Tumor-Stroma Tunnels Promotes Aggressive Phenotypes of Estrogen Receptor-Positive Breast Cancer [dataset1],Acquisition of CCDC88A/GIV through Tumor-Stroma Tunnels Promotes Aggressive Phenotypes of Estrogen Receptor-Positive Breast Cancer.,https://www.ncbi.nlm.nih.gov/geo/query/acc.cgi?acc=GSE224319,https://www.ncbi.nlm.nih.gov/geo/query/acc.cgi?acc=GSE224322
GSE224320,GSE224322,21,complete_containment,0,,0,0,0,high_confidence_overlap,Acquisition of CCDC88A/GIV through Tumor-Stroma Tunnels Promotes Aggressive Phenotypes of Estrogen Receptor-Positive Breast Cancer [dataset2],Acquisition of CCDC88A/GIV through Tumor-Stroma Tunnels Promotes Aggressive Phenotypes of Estrogen Receptor-Positive Breast Cancer.,https://www.ncbi.nlm.nih.gov/geo/query/acc.cgi?acc=GSE224320,https://www.ncbi.nlm.nih.gov/geo/query/acc.cgi?acc=GSE224322
GSE224321,GSE224322,9,complete_containment,0,,0,0,0,high_confidence_overlap,Acquisition of CCDC88A/GIV through Tumor-Stroma Tunnels Promotes Aggressive Phenotypes of Estrogen Receptor-Positive Breast Cancer [dataset3],Acquisition of CCDC88A/GIV through Tumor-Stroma Tunnels Promotes Aggressive Phenotypes of Estrogen Receptor-Positive Breast Cancer.,https://www.ncbi.nlm.nih.gov/geo/query/acc.cgi?acc=GSE224321,https://www.ncbi.nlm.nih.gov/geo/query/acc.cgi?acc=GSE224322
GSE224611,GSE224613,24,complete_containment,0,,0,0,0,high_confidence_overlap,MYC enhancer invasion promotes prognostic cancer type-specific gene programs through an epigenetic switch [RNA-seq],MYC activity at enhancers drives prognostic transcriptional programs through an epigenetic switch,https://www.ncbi.nlm.nih.gov/geo/query/acc.cgi?acc=GSE224611,https://www.ncbi.nlm.nih.gov/geo/query/acc.cgi?acc=GSE224613
GSE224612,GSE224613,6,complete_containment,0,,0,0,0,high_confidence_overlap,MYC enhancer invasion promotes prognostic cancer type-specific gene programs through an epigenetic switch [CAGE-seq],MYC activity at enhancers drives prognostic transcriptional programs through an epigenetic switch,https://www.ncbi.nlm.nih.gov/geo/query/acc.cgi?acc=GSE224612,https://www.ncbi.nlm.nih.gov/geo/query/acc.cgi?acc=GSE224613
GSE224941,GSE224942,59,complete_containment,0,,0,0,0,high_confidence_overlap,Restoring Tumor Immunogenicity with Dendritic Cell Reprogramming [scRNA-seq],Restoring Tumor Immunogenicity with Dendritic Cell Reprogramming,https://www.ncbi.nlm.nih.gov/geo/query/acc.cgi?acc=GSE224941,https://www.ncbi.nlm.nih.gov/geo/query/acc.cgi?acc=GSE224942
GSE224941,GSE72955,0,,1,,0,0,0,manual_review_required,Restoring Tumor Immunogenicity with Dendritic Cell Reprogramming [scRNA-seq],Retroviral Replicating Vectors Deliver Cytosine Deaminase Leading to Targeted 5-FU-Mediated Cytotoxicity in Multiple Human Cancer Types,https://www.ncbi.nlm.nih.gov/geo/query/acc.cgi?acc=GSE224941,https://www.ncbi.nlm.nih.gov/geo/query/acc.cgi?acc=GSE72955
GSE224942,GSE72955,0,,1,,0,0,0,manual_review_required,Restoring Tumor Immunogenicity with Dendritic Cell Reprogramming,Retroviral Replicating Vectors Deliver Cytosine Deaminase Leading to Targeted 5-FU-Mediated Cytotoxicity in Multiple Human Cancer Types,https://www.ncbi.nlm.nih.gov/geo/query/acc.cgi?acc=GSE224942,https://www.ncbi.nlm.nih.gov/geo/query/acc.cgi?acc=GSE72955
GSE225327,GSE225328,67,complete_containment,0,,0,0,0,high_confidence_overlap,Integrative analysis of mRNA-miRNA expression profiles and somatic variants in oxysterol signaling in early-stage luminal breast cancer,Transcriptome profiling in early-stage luminal breast cancer,https://www.ncbi.nlm.nih.gov/geo/query/acc.cgi?acc=GSE225327,https://www.ncbi.nlm.nih.gov/geo/query/acc.cgi?acc=GSE225328
GSE22533,GSE37955,12,complete_containment,0,,0,0,0,high_confidence_overlap,"Breast cancer cells resistant to hormone deprivation maintain an estrogen receptor alpha-dependent, E2F-directed transcriptional program",ERa-dependent E2F transcription can mediate resistance to estrogen deprivation in human breast cancer,https://www.ncbi.nlm.nih.gov/geo/query/acc.cgi?acc=GSE22533,https://www.ncbi.nlm.nih.gov/geo/query/acc.cgi?acc=GSE37955
GSE22544,GSE22840,20,complete_containment,0,,0,0,0,high_confidence_overlap,"Integration of transcript expression, copy number and LOH analysis of infiltrating ductal carcinoma of the breast: expression analysis","Integration of transcript expression, copy number and LOH analysis of infiltrating ductal carcinoma of the breast",https://www.ncbi.nlm.nih.gov/geo/query/acc.cgi?acc=GSE22544,https://www.ncbi.nlm.nih.gov/geo/query/acc.cgi?acc=GSE22840
GSE225846,GSE225847,155,complete_containment,0,,0,0,0,high_confidence_overlap,High neighborhood deprivation impacts DNA methylation and gene expression in cancer-related genes (RNA-Seq),High neighborhood deprivation impacts DNA methylation and gene expression in cancer-related genes,https://www.ncbi.nlm.nih.gov/geo/query/acc.cgi?acc=GSE225846,https://www.ncbi.nlm.nih.gov/geo/query/acc.cgi?acc=GSE225847
GSE22593,GSE22610,24,complete_containment,0,,0,0,0,high_confidence_overlap,WT and DBDmut Breast Cancer Cells,Genome-Wide Analysis of Estrogen Receptor-α DNA Binding and Tethering Mechanisms,https://www.ncbi.nlm.nih.gov/geo/query/acc.cgi?acc=GSE22593,https://www.ncbi.nlm.nih.gov/geo/query/acc.cgi?acc=GSE22610
GSE226111,GSE226210,6,complete_containment,0,,0,0,0,high_confidence_overlap,PML modulates epigenetic composition of chromatin to regulate expression of pro-metastatic genes in triple-negative breast cancer [RNA-seq],PML modulates epigenetic composition of chromatin to regulate expression of pro-metastatic genes in triple-negative breast cancer,https://www.ncbi.nlm.nih.gov/geo/query/acc.cgi?acc=GSE226111,https://www.ncbi.nlm.nih.gov/geo/query/acc.cgi?acc=GSE226210
GSE227187,GSE227188,4,complete_containment,0,,0,0,0,high_confidence_overlap,In vivo CRISPR screen identifies SNRPC as a regulator for facilitating triple-negative breast cancer progression [RNA-Seq],In vivo CRISPR screen identifies SNRPC as a regulator for facilitating triple-negative breast cancer progression,https://www.ncbi.nlm.nih.gov/geo/query/acc.cgi?acc=GSE227187,https://www.ncbi.nlm.nih.gov/geo/query/acc.cgi?acc=GSE227188
GSE227630,GSE24578,0,,1,,0,0,0,manual_review_required,Changes in expression of genes +/- CREB3L1 expression,Basal gene expression of breast cancer cell lines,https://www.ncbi.nlm.nih.gov/geo/query/acc.cgi?acc=GSE227630,https://www.ncbi.nlm.nih.gov/geo/query/acc.cgi?acc=GSE24578
GSE227630,GSE24717,0,,1,,0,0,0,manual_review_required,Changes in expression of genes +/- CREB3L1 expression,Using a Stem Cell-Based Signature to Guide Therapeutic Selection in Cancer,https://www.ncbi.nlm.nih.gov/geo/query/acc.cgi?acc=GSE227630,https://www.ncbi.nlm.nih.gov/geo/query/acc.cgi?acc=GSE24717
GSE227630,GSE24737,0,,1,,0,0,0,manual_review_required,Changes in expression of genes +/- CREB3L1 expression,Large scale screening for known fusion genes in cancer cell lines,https://www.ncbi.nlm.nih.gov/geo/query/acc.cgi?acc=GSE227630,https://www.ncbi.nlm.nih.gov/geo/query/acc.cgi?acc=GSE24737
GSE227630,GSE2603,0,,1,,0,0,0,manual_review_required,Changes in expression of genes +/- CREB3L1 expression,Subpopulations of MDA-MB-231 and Primary Breast Cancers,https://www.ncbi.nlm.nih.gov/geo/query/acc.cgi?acc=GSE227630,https://www.ncbi.nlm.nih.gov/geo/query/acc.cgi?acc=GSE2603
GSE227630,GSE30489,0,,1,,0,0,0,manual_review_required,Changes in expression of genes +/- CREB3L1 expression,Defining the cellular precursors to human breast cancer,https://www.ncbi.nlm.nih.gov/geo/query/acc.cgi?acc=GSE227630,https://www.ncbi.nlm.nih.gov/geo/query/acc.cgi?acc=GSE30489
GSE227630,GSE3353,0,,1,,0,0,0,manual_review_required,Changes in expression of genes +/- CREB3L1 expression,A comparison of gene expression signatures from breast tumors and breast tissue derived cell lines,https://www.ncbi.nlm.nih.gov/geo/query/acc.cgi?acc=GSE227630,https://www.ncbi.nlm.nih.gov/geo/query/acc.cgi?acc=GSE3353
GSE227630,GSE4000,0,,1,,0,0,0,manual_review_required,Changes in expression of genes +/- CREB3L1 expression,A molecular 'signature' of primary breast cancer cultures; patterns resembling tumor tissue.,https://www.ncbi.nlm.nih.gov/geo/query/acc.cgi?acc=GSE227630,https://www.ncbi.nlm.nih.gov/geo/query/acc.cgi?acc=GSE4000
GSE227630,GSE44354,0,,1,,0,0,0,manual_review_required,Changes in expression of genes +/- CREB3L1 expression,Identification of novel metastases-suppressor genes involved in breast cancer brain metastases (BCBM) formation,https://www.ncbi.nlm.nih.gov/geo/query/acc.cgi?acc=GSE227630,https://www.ncbi.nlm.nih.gov/geo/query/acc.cgi?acc=GSE44354
GSE227630,GSE50470,0,,1,,0,0,0,manual_review_required,Changes in expression of genes +/- CREB3L1 expression,Characterization of Cell Lines Derived from Breast Cancers and Normal Mammary Tissues for the Study of the Intrinsic Molecular Subtypes,https://www.ncbi.nlm.nih.gov/geo/query/acc.cgi?acc=GSE227630,https://www.ncbi.nlm.nih.gov/geo/query/acc.cgi?acc=GSE50470
GSE227630,GSE52643,0,,2,,0,0,0,manual_review_required,Changes in expression of genes +/- CREB3L1 expression,Fusion discovery in breast cancer cell line,https://www.ncbi.nlm.nih.gov/geo/query/acc.cgi?acc=GSE227630,https://www.ncbi.nlm.nih.gov/geo/query/acc.cgi?acc=GSE52643
GSE227630,GSE58135,0,,1,,0,0,0,manual_review_required,Changes in expression of genes +/- CREB3L1 expression,Breast Cancer RNA-seq,https://www.ncbi.nlm.nih.gov/geo/query/acc.cgi?acc=GSE227630,https://www.ncbi.nlm.nih.gov/geo/query/acc.cgi?acc=GSE58135
GSE227630,GSE59242,0,,1,,0,0,0,manual_review_required,Changes in expression of genes +/- CREB3L1 expression,Profiling of human cancer breast cell lines (Affymetrix),https://www.ncbi.nlm.nih.gov/geo/query/acc.cgi?acc=GSE227630,https://www.ncbi.nlm.nih.gov/geo/query/acc.cgi?acc=GSE59242
GSE227630,GSE73526,0,,2,,0,0,0,manual_review_required,Changes in expression of genes +/- CREB3L1 expression,"The Functional Genomic Landscape of Human Breast Cancer Drivers, Vulnerabilities, and Resistance (RNASeq)",https://www.ncbi.nlm.nih.gov/geo/query/acc.cgi?acc=GSE227630,https://www.ncbi.nlm.nih.gov/geo/query/acc.cgi?acc=GSE73526
GSE227630,GSE81032,0,,2,,0,0,0,manual_review_required,Changes in expression of genes +/- CREB3L1 expression,Comparative proteomics and transcriptomics study of signaling network proteins across multiple normal and cancer cell lines,https://www.ncbi.nlm.nih.gov/geo/query/acc.cgi?acc=GSE227630,https://www.ncbi.nlm.nih.gov/geo/query/acc.cgi?acc=GSE81032
GSE227630,GSE87006,0,,1,,0,0,0,manual_review_required,Changes in expression of genes +/- CREB3L1 expression,CDK4 phosphorylation status and a linked gene expression profile predict sensitivity to Palbociclib [lines],https://www.ncbi.nlm.nih.gov/geo/query/acc.cgi?acc=GSE227630,https://www.ncbi.nlm.nih.gov/geo/query/acc.cgi?acc=GSE87006
GSE227630,GSE87008,0,,1,,0,0,0,manual_review_required,Changes in expression of genes +/- CREB3L1 expression,CDK4 phosphorylation status and a linked gene expression profile predict sensitivity to Palbociclib,https://www.ncbi.nlm.nih.gov/geo/query/acc.cgi?acc=GSE227630,https://www.ncbi.nlm.nih.gov/geo/query/acc.cgi?acc=GSE87008
GSE227876,GSE227877,6,complete_containment,0,,0,0,0,high_confidence_overlap,DAB2IP Loss in Luminal A Breast Cancer Leads to NF-kB- Associated Aggressive Oncogenic Phenotypes ,DAB2IP Loss in Luminal A Breast Cancer Leads to NF-kB- Associated Aggressive Oncogenic Phenotypes ,https://www.ncbi.nlm.nih.gov/geo/query/acc.cgi?acc=GSE227876,https://www.ncbi.nlm.nih.gov/geo/query/acc.cgi?acc=GSE227877
GSE227973,GSE227974,21,complete_containment,0,,0,0,0,high_confidence_overlap,"MY-COMP, an inhibitor of the transcriptional activity of YAP-B-MYB, identifies NEK2 as a novel mediator of YAP oncogenesis in uveal melanoma cells [RNA-seq]","MY-COMP, an inhibitor of the transcriptional activity of YAP-B-MYB, identifies NEK2 as a novel mediator of YAP oncogenesis in uveal melanoma cells",https://www.ncbi.nlm.nih.gov/geo/query/acc.cgi?acc=GSE227973,https://www.ncbi.nlm.nih.gov/geo/query/acc.cgi?acc=GSE227974
GSE228154,GSE228382,5,complete_containment,0,,0,0,0,high_confidence_overlap,Single cell lineage tracing reveals clonal dynamics of anti-EGFR therapy resistance in triple negative breast cancer,Single cell lineage tracing reveals clonal dynamics of anti-EGFR therapy resistance in triple negative breast cancer.,https://www.ncbi.nlm.nih.gov/geo/query/acc.cgi?acc=GSE228154,https://www.ncbi.nlm.nih.gov/geo/query/acc.cgi?acc=GSE228382
GSE228275,GSE228382,5,complete_containment,0,,0,0,0,high_confidence_overlap,"Gene expression profile at single cell level of SUM149PT, SUM185PE, SUM229PE, SUM159PT and SUM1315MO2 cell lines",Single cell lineage tracing reveals clonal dynamics of anti-EGFR therapy resistance in triple negative breast cancer.,https://www.ncbi.nlm.nih.gov/geo/query/acc.cgi?acc=GSE228275,https://www.ncbi.nlm.nih.gov/geo/query/acc.cgi?acc=GSE228382
GSE228275,GSE59242,0,,1,,0,0,0,manual_review_required,"Gene expression profile at single cell level of SUM149PT, SUM185PE, SUM229PE, SUM159PT and SUM1315MO2 cell lines",Profiling of human cancer breast cell lines (Affymetrix),https://www.ncbi.nlm.nih.gov/geo/query/acc.cgi?acc=GSE228275,https://www.ncbi.nlm.nih.gov/geo/query/acc.cgi?acc=GSE59242
GSE228382,GSE59242,0,,1,,0,0,0,manual_review_required,Single cell lineage tracing reveals clonal dynamics of anti-EGFR therapy resistance in triple negative breast cancer.,Profiling of human cancer breast cell lines (Affymetrix),https://www.ncbi.nlm.nih.gov/geo/query/acc.cgi?acc=GSE228382,https://www.ncbi.nlm.nih.gov/geo/query/acc.cgi?acc=GSE59242
GSE228458,GSE228459,13,complete_containment,0,,0,0,0,high_confidence_overlap,Choroid plexus mis-splicing and altered cerebrospinal fluid composition in myotonic dystrophy type 1 [human],Choroid plexus mis-splicing and altered cerebrospinal fluid composition in myotonic dystrophy type 1,https://www.ncbi.nlm.nih.gov/geo/query/acc.cgi?acc=GSE228458,https://www.ncbi.nlm.nih.gov/geo/query/acc.cgi?acc=GSE228459
GSE22955,GSE23176,16,complete_containment,0,,0,0,0,high_confidence_overlap,"Genome-wide analysis of time-dependent gene expression in SUM-225 cells treated with the HER-2-specific inhibitor CP724,714 for 45 hours",Oncogene activation induces metabolic transformation resulting in insulin independence in human breast cancer cells,https://www.ncbi.nlm.nih.gov/geo/query/acc.cgi?acc=GSE22955,https://www.ncbi.nlm.nih.gov/geo/query/acc.cgi?acc=GSE23176
GSE230062,GSE230063,45,complete_containment,0,,0,0,0,high_confidence_overlap,The tumor suppressive role of ANCO1 in early-stage triple-negative breast cancer [RNA-seq],The tumor suppressive role of ANCO1 in early-stage triple negative breast cancer,https://www.ncbi.nlm.nih.gov/geo/query/acc.cgi?acc=GSE230062,https://www.ncbi.nlm.nih.gov/geo/query/acc.cgi?acc=GSE230063
GSE230118,GSE230119,12,complete_containment,0,,0,0,0,high_confidence_overlap,FOXD1 is associated with poor outcome and maintains tumor-promoting enhancer-gene programs in basal-like breast cancer [RNA-seq],FOXD1 is associated with poor outcome and maintains tumor-promoting enhancer-gene programs in basal-like breast cancer.,https://www.ncbi.nlm.nih.gov/geo/query/acc.cgi?acc=GSE230118,https://www.ncbi.nlm.nih.gov/geo/query/acc.cgi?acc=GSE230119
GSE230326,GSE230328,12,complete_containment,0,,0,0,0,high_confidence_overlap,BRD8 is a therapeutic vulnerability for overcoming resistance to dual ER/HER2 blockade therapy in HR+/HER2+ breast cancer [bulkRNA-seq],BRD8 is a therapeutic vulnerability for overcoming resistance to dual ER/HER2 blockade therapy in HR+/HER2+ breast cancer,https://www.ncbi.nlm.nih.gov/geo/query/acc.cgi?acc=GSE230326,https://www.ncbi.nlm.nih.gov/geo/query/acc.cgi?acc=GSE230328
GSE230327,GSE230328,4,complete_containment,0,,0,0,0,high_confidence_overlap,BRD8 is a therapeutic vulnerability for overcoming resistance to dual ER/HER2 blockade therapy in HR+/HER2+ breast cancer [scRNA-seq],BRD8 is a therapeutic vulnerability for overcoming resistance to dual ER/HER2 blockade therapy in HR+/HER2+ breast cancer,https://www.ncbi.nlm.nih.gov/geo/query/acc.cgi?acc=GSE230327,https://www.ncbi.nlm.nih.gov/geo/query/acc.cgi?acc=GSE230328
GSE230521,GSE230540,12,complete_containment,0,,0,0,0,high_confidence_overlap,NK cell-triggered CCL5/IFNg-CXCL9/10 axis underlies the clinical efficacy of HER2-targeted antibodies in primary HER2-positive breast cancer [array],NK cell-triggered CCL5/IFNg-CXCL9/10 axis underlies the clinical efficacy of HER2-targeted antibodies in primary HER2-positive breast cancer,https://www.ncbi.nlm.nih.gov/geo/query/acc.cgi?acc=GSE230521,https://www.ncbi.nlm.nih.gov/geo/query/acc.cgi?acc=GSE230540
GSE230536,GSE230540,15,complete_containment,0,,0,0,0,high_confidence_overlap,NK cell-triggered CCL5/IFN?-CXCL9/10 axis underlies the clinical efficacy of HER2-targeted antibodies in primary HER2 positive breast cancer [RNA-seq],NK cell-triggered CCL5/IFNg-CXCL9/10 axis underlies the clinical efficacy of HER2-targeted antibodies in primary HER2-positive breast cancer,https://www.ncbi.nlm.nih.gov/geo/query/acc.cgi?acc=GSE230536,https://www.ncbi.nlm.nih.gov/geo/query/acc.cgi?acc=GSE230540
GSE231363,GSE231364,9,complete_containment,0,,0,0,0,high_confidence_overlap,Phase Separation of FOXA1 Unpacks the Condensed Chromatin to Function as a Pioneer Factor [RNA-seq],Phase Separation of FOXA1 Unpacks the Condensed Chromatin to Function as a Pioneer Factor,https://www.ncbi.nlm.nih.gov/geo/query/acc.cgi?acc=GSE231363,https://www.ncbi.nlm.nih.gov/geo/query/acc.cgi?acc=GSE231364
GSE231483,GSE251869,12,complete_containment,0,,0,0,0,high_confidence_overlap,TWEAK/Fn14 signalling in Breast Cancer,TWEAK/Fn14 signalling in Breast Cancer  (RNA-Seq),https://www.ncbi.nlm.nih.gov/geo/query/acc.cgi?acc=GSE231483,https://www.ncbi.nlm.nih.gov/geo/query/acc.cgi?acc=GSE251869
GSE231524,GSE231526,6,complete_containment,0,,0,0,0,high_confidence_overlap,DUSP6 inhibition overcomes Neuregulin/HER3-driven therapy resistance in HER2+ breast cancer [MDA],DUSP6 inhibition overcomes neuregulin/HER3-driven therapy tolerance in HER2+ breast cancer,https://www.ncbi.nlm.nih.gov/geo/query/acc.cgi?acc=GSE231524,https://www.ncbi.nlm.nih.gov/geo/query/acc.cgi?acc=GSE231526
GSE231525,GSE231526,12,complete_containment,0,,0,0,0,high_confidence_overlap,DUSP6 inhibition overcomes Neuregulin/HER3-driven therapy resistance in HER2+ breast cancer [BT474],DUSP6 inhibition overcomes neuregulin/HER3-driven therapy tolerance in HER2+ breast cancer,https://www.ncbi.nlm.nih.gov/geo/query/acc.cgi?acc=GSE231525,https://www.ncbi.nlm.nih.gov/geo/query/acc.cgi?acc=GSE231526
GSE232175,GSE232389,24,complete_containment,0,,0,0,0,high_confidence_overlap,MAF Amplification licenses Estrogen Receptor α to Drive Breast Cancer Metastasis [dataset 1],MAF Amplification licenses Estrogen Receptor α to Drive Breast Cancer Metastasis.,https://www.ncbi.nlm.nih.gov/geo/query/acc.cgi?acc=GSE232175,https://www.ncbi.nlm.nih.gov/geo/query/acc.cgi?acc=GSE232389
GSE232212,GSE232214,6,complete_containment,0,,0,0,0,high_confidence_overlap,FOXC2 knockdown in MDA-MB-231 cells,Investigating vasculogenic mimicry in breast cancer,https://www.ncbi.nlm.nih.gov/geo/query/acc.cgi?acc=GSE232212,https://www.ncbi.nlm.nih.gov/geo/query/acc.cgi?acc=GSE232214
GSE232233,GSE232235,18,complete_containment,0,,0,0,0,high_confidence_overlap,Dietary ligands diindolylmethane and resveratrol result in diverse ERα signaling not seen after E2 and a subset of diindolylmethane mediated signaling needs concurrent AHR activation. [RNA-Seq],Dietary ligands diindolylmethane and resveratrol result in diverse ERα signaling not seen after E2 and a subset of diindolylmethane mediated signaling needs concurrent AHR activation.,https://www.ncbi.nlm.nih.gov/geo/query/acc.cgi?acc=GSE232233,https://www.ncbi.nlm.nih.gov/geo/query/acc.cgi?acc=GSE232235
GSE232303,GSE263449,36,complete_containment,0,,0,0,0,high_confidence_overlap,TAD hierarchy restricts poised LTR activation and loss of TAD hierarchy promotes LTR co-option in cancer,Transcription start site analysis of NIPBL depletion in cancer cell line,https://www.ncbi.nlm.nih.gov/geo/query/acc.cgi?acc=GSE232303,https://www.ncbi.nlm.nih.gov/geo/query/acc.cgi?acc=GSE263449
GSE233783,GSE233789,96,complete_containment,0,,0,0,0,high_confidence_overlap,"Targeting KAT6A/KAT6B dependencies in breast cancer with a novel selective, orally bioavailable KAT6 inhibitor, CTx-648/PF-9363 [RNA-Seq]","Targeting KAT6A/KAT6B dependencies in breast cancer with a novel selective, orally bioavailable KAT6 inhibitor, CTx-648/PF-9363",https://www.ncbi.nlm.nih.gov/geo/query/acc.cgi?acc=GSE233783,https://www.ncbi.nlm.nih.gov/geo/query/acc.cgi?acc=GSE233789
GSE233787,GSE233789,54,complete_containment,0,,0,0,0,high_confidence_overlap,"Targeting KAT6A/KAT6B dependencies in breast cancer with a novel selective, orally bioavailable KAT6 inhibitor, CTx-648/PF-9363 [BrU-Seq]","Targeting KAT6A/KAT6B dependencies in breast cancer with a novel selective, orally bioavailable KAT6 inhibitor, CTx-648/PF-9363",https://www.ncbi.nlm.nih.gov/geo/query/acc.cgi?acc=GSE233787,https://www.ncbi.nlm.nih.gov/geo/query/acc.cgi?acc=GSE233789
GSE23384,GSE23386,25,complete_containment,0,,0,0,0,high_confidence_overlap,Gene profiling using archival formalin-fixed paraffin-embedded breast cancer specimens can generate informative microarray data: A comparison with matched fresh fine needle aspiration biopsy samples (FFPE samples),Clinical relevance of DNA microarray analyses using archival formalin-fixed paraffin-embedded breast cancer specimens,https://www.ncbi.nlm.nih.gov/geo/query/acc.cgi?acc=GSE23384,https://www.ncbi.nlm.nih.gov/geo/query/acc.cgi?acc=GSE23386
GSE23385,GSE23386,25,complete_containment,0,,0,0,0,high_confidence_overlap,Gene profiling using archival formalin-fixed paraffin-embedded breast cancer specimens can generate informative microarray data: A comparison with matched fresh fine needle aspiration biopsy samples (FNA samples),Clinical relevance of DNA microarray analyses using archival formalin-fixed paraffin-embedded breast cancer specimens,https://www.ncbi.nlm.nih.gov/geo/query/acc.cgi?acc=GSE23385,https://www.ncbi.nlm.nih.gov/geo/query/acc.cgi?acc=GSE23386
GSE234171,GSE234185,51,complete_containment,0,,0,0,0,high_confidence_overlap,Long-term multi-modal recording reveals epigenetic adaptation routes in dormant breast cancer cells [RNA-Seq],Long-term multi-modal recording reveals epigenetic adaptation routes in dormant breast cancer cells,https://www.ncbi.nlm.nih.gov/geo/query/acc.cgi?acc=GSE234171,https://www.ncbi.nlm.nih.gov/geo/query/acc.cgi?acc=GSE234185
GSE234171,GSE23720,0,,2,,0,0,0,manual_review_required,Long-term multi-modal recording reveals epigenetic adaptation routes in dormant breast cancer cells [RNA-Seq],High-resolution comparative genomic hybridization of inflammatory breast cancer and identification of candidate genes,https://www.ncbi.nlm.nih.gov/geo/query/acc.cgi?acc=GSE234171,https://www.ncbi.nlm.nih.gov/geo/query/acc.cgi?acc=GSE23720
GSE234171,GSE334033,0,,1,,0,0,0,manual_review_required,Long-term multi-modal recording reveals epigenetic adaptation routes in dormant breast cancer cells [RNA-Seq],A Patient-Derived Xenograft Model Identifies AK1 as a Key Regulator of Metastatic Potential in Primary Triple-Negative Breast Cancer,https://www.ncbi.nlm.nih.gov/geo/query/acc.cgi?acc=GSE234171,https://www.ncbi.nlm.nih.gov/geo/query/acc.cgi?acc=GSE334033
GSE234171,GSE81538,0,,4,,0,0,0,manual_review_required,Long-term multi-modal recording reveals epigenetic adaptation routes in dormant breast cancer cells [RNA-Seq],Clinical Value of RNA Sequencing–Based Classifiers for Prediction of the Five Conventional Breast Cancer Biomarkers: A Report From the Population-Based Multicenter Sweden Cancerome Analysis Network—Breast Initiative [cohort 405],https://www.ncbi.nlm.nih.gov/geo/query/acc.cgi?acc=GSE234171,https://www.ncbi.nlm.nih.gov/geo/query/acc.cgi?acc=GSE81538
GSE234171,GSE81540,0,,4,,0,0,0,manual_review_required,Long-term multi-modal recording reveals epigenetic adaptation routes in dormant breast cancer cells [RNA-Seq],Clinical Value of RNA Sequencing–Based Classifiers for Prediction of the Five Conventional Breast Cancer Biomarkers: A Report From the Population-Based Multicenter Sweden Cancerome Analysis Network—Breast Initiative [superseries],https://www.ncbi.nlm.nih.gov/geo/query/acc.cgi?acc=GSE234171,https://www.ncbi.nlm.nih.gov/geo/query/acc.cgi?acc=GSE81540
GSE234177,GSE234179,6,complete_containment,0,,0,0,0,high_confidence_overlap,High-throughput sequencing in ARID1A knockout MDA-MB-231 cells [RNA-seq],High-throughput sequencing in ARID1A knockout MDA-MB-231 cells,https://www.ncbi.nlm.nih.gov/geo/query/acc.cgi?acc=GSE234177,https://www.ncbi.nlm.nih.gov/geo/query/acc.cgi?acc=GSE234179
GSE234181,GSE234185,184,complete_containment,0,,0,0,0,high_confidence_overlap,Long-term multi-modal recording reveals epigenetic adaptation routes in dormant breast cancer cells [scRNA-Seq],Long-term multi-modal recording reveals epigenetic adaptation routes in dormant breast cancer cells,https://www.ncbi.nlm.nih.gov/geo/query/acc.cgi?acc=GSE234181,https://www.ncbi.nlm.nih.gov/geo/query/acc.cgi?acc=GSE234185
GSE234185,GSE23720,0,,2,,0,0,0,manual_review_required,Long-term multi-modal recording reveals epigenetic adaptation routes in dormant breast cancer cells,High-resolution comparative genomic hybridization of inflammatory breast cancer and identification of candidate genes,https://www.ncbi.nlm.nih.gov/geo/query/acc.cgi?acc=GSE234185,https://www.ncbi.nlm.nih.gov/geo/query/acc.cgi?acc=GSE23720
GSE234185,GSE334033,0,,1,,0,0,0,manual_review_required,Long-term multi-modal recording reveals epigenetic adaptation routes in dormant breast cancer cells,A Patient-Derived Xenograft Model Identifies AK1 as a Key Regulator of Metastatic Potential in Primary Triple-Negative Breast Cancer,https://www.ncbi.nlm.nih.gov/geo/query/acc.cgi?acc=GSE234185,https://www.ncbi.nlm.nih.gov/geo/query/acc.cgi?acc=GSE334033
GSE234185,GSE81538,0,,4,,0,0,0,manual_review_required,Long-term multi-modal recording reveals epigenetic adaptation routes in dormant breast cancer cells,Clinical Value of RNA Sequencing–Based Classifiers for Prediction of the Five Conventional Breast Cancer Biomarkers: A Report From the Population-Based Multicenter Sweden Cancerome Analysis Network—Breast Initiative [cohort 405],https://www.ncbi.nlm.nih.gov/geo/query/acc.cgi?acc=GSE234185,https://www.ncbi.nlm.nih.gov/geo/query/acc.cgi?acc=GSE81538
GSE234185,GSE81540,0,,4,,0,0,0,manual_review_required,Long-term multi-modal recording reveals epigenetic adaptation routes in dormant breast cancer cells,Clinical Value of RNA Sequencing–Based Classifiers for Prediction of the Five Conventional Breast Cancer Biomarkers: A Report From the Population-Based Multicenter Sweden Cancerome Analysis Network—Breast Initiative [superseries],https://www.ncbi.nlm.nih.gov/geo/query/acc.cgi?acc=GSE234185,https://www.ncbi.nlm.nih.gov/geo/query/acc.cgi?acc=GSE81540
GSE234324,GSE234328,104,complete_containment,0,,0,0,0,high_confidence_overlap,CRISPR-Enabled Profiling of Enhancer RNA-Producing Super-Enhancers in Triple-Negative Breast Cancer Identifies Drivers of Tumor Progression [RNA-Seq],CRISPR Screening of Transcribed Super-Enhancers Identifies Drivers of Triple-Negative Breast Cancer Progression,https://www.ncbi.nlm.nih.gov/geo/query/acc.cgi?acc=GSE234324,https://www.ncbi.nlm.nih.gov/geo/query/acc.cgi?acc=GSE234328
GSE234514,GSE234516,12,complete_containment,0,,0,0,0,high_confidence_overlap,O-GlcNAcylation promotes Palbociclib resistance in breast cancer by regulating MITF nuclear translocation [RNA-seq],O-GlcNAcylation promotes Palbociclib resistance in breast cancer by regulating MITF nuclear translocation,https://www.ncbi.nlm.nih.gov/geo/query/acc.cgi?acc=GSE234514,https://www.ncbi.nlm.nih.gov/geo/query/acc.cgi?acc=GSE234516
GSE235052,GSE236750,155,complete_containment,0,,0,0,0,high_confidence_overlap,Identification of a Notch transcriptomic signature for breast cancer [dataset1],Identification of a Notch transcriptomic signature for breast cancer,https://www.ncbi.nlm.nih.gov/geo/query/acc.cgi?acc=GSE235052,https://www.ncbi.nlm.nih.gov/geo/query/acc.cgi?acc=GSE236750
GSE235167,GSE235169,76,complete_containment,0,,0,0,0,high_confidence_overlap,Establishment of breast cancer PDX RNA-sequencing data library [bulk RNA-seq],Evaluation of breast cancer PDX tumor heterogeneity,https://www.ncbi.nlm.nih.gov/geo/query/acc.cgi?acc=GSE235167,https://www.ncbi.nlm.nih.gov/geo/query/acc.cgi?acc=GSE235169
GSE235168,GSE235169,25,complete_containment,0,,0,0,0,high_confidence_overlap,Evaluation of breast cancer PDX tumor heterogeneity at single cell resolution [scRNA-seq],Evaluation of breast cancer PDX tumor heterogeneity,https://www.ncbi.nlm.nih.gov/geo/query/acc.cgi?acc=GSE235168,https://www.ncbi.nlm.nih.gov/geo/query/acc.cgi?acc=GSE235169
GSE235254,GSE235259,4,complete_containment,0,,0,0,0,high_confidence_overlap,ZDHHC15 mediates Hippo/YAP pathway palmitoylation and regulates tumor progression [TOV-112D],ZDHHC15 mediates Hippo/YAP pathway palmitoylation and regulates tumor progression,https://www.ncbi.nlm.nih.gov/geo/query/acc.cgi?acc=GSE235254,https://www.ncbi.nlm.nih.gov/geo/query/acc.cgi?acc=GSE235259
GSE235258,GSE235259,4,complete_containment,0,,0,0,0,high_confidence_overlap,ZDHHC15 mediates Hippo/YAP pathway palmitoylation and regulates tumor progression [HCC1954],ZDHHC15 mediates Hippo/YAP pathway palmitoylation and regulates tumor progression,https://www.ncbi.nlm.nih.gov/geo/query/acc.cgi?acc=GSE235258,https://www.ncbi.nlm.nih.gov/geo/query/acc.cgi?acc=GSE235259
GSE235387,GSE235389,20,complete_containment,0,,0,0,0,high_confidence_overlap,Depletion of pyruvate kinase (PK) activity causes glycolytic intermediate imbalances and reveals a PK-TXNIP regulatory axis [RNA-seq],Depletion of pyruvate kinase (PK) activity causes glycolytic intermediate imbalances and reveals a PK-TXNIP regulatory axis.,https://www.ncbi.nlm.nih.gov/geo/query/acc.cgi?acc=GSE235387,https://www.ncbi.nlm.nih.gov/geo/query/acc.cgi?acc=GSE235389
GSE236172,GSE236176,23,complete_containment,0,,0,0,0,high_confidence_overlap,TRPS1 modulates chromatin accessibility to regulate estrogen receptor (ER) binding and ER target gene expression in luminal breast cancer cells (Time course PRO-seq),TRPS1 modulates chromatin accessibility to regulate estrogen receptor (ER) binding and ER target gene expression in luminal breast cancer cells,https://www.ncbi.nlm.nih.gov/geo/query/acc.cgi?acc=GSE236172,https://www.ncbi.nlm.nih.gov/geo/query/acc.cgi?acc=GSE236176
GSE236176,GSE251772,24,complete_containment,0,,0,0,0,high_confidence_overlap,TRPS1 modulates chromatin accessibility to regulate estrogen receptor (ER) binding and ER target gene expression in luminal breast cancer cells,TRPS1 modulates chromatin accessibility to regulate estrogen receptor (ER) binding and ER target gene expression in luminal breast cancer cells (3 clone PRO-seq),https://www.ncbi.nlm.nih.gov/geo/query/acc.cgi?acc=GSE236176,https://www.ncbi.nlm.nih.gov/geo/query/acc.cgi?acc=GSE251772
GSE236497,GSE236500,6,complete_containment,0,,0,0,0,high_confidence_overlap,Protein arginine methyltransferase 5 (PRMT5) is an actionable therapeutic target in CDK4/6 inhibitor-resistant ER+/RB-deficient breast cancer [RNA-seq_Pemrametostat],Protein arginine methyltransferase 5 (PRMT5) is an actionable therapeutic target in CDK4/6 inhibitor-resistant ER+/RB-deficient breast cancer,https://www.ncbi.nlm.nih.gov/geo/query/acc.cgi?acc=GSE236497,https://www.ncbi.nlm.nih.gov/geo/query/acc.cgi?acc=GSE236500
GSE236498,GSE236500,12,complete_containment,0,,0,0,0,high_confidence_overlap,Protein arginine methyltransferase 5 (PRMT5) is an actionable therapeutic target in CDK4/6 inhibitor-resistant ER+/RB-deficient breast cancer [RNA-seq_RBKO vs WT],Protein arginine methyltransferase 5 (PRMT5) is an actionable therapeutic target in CDK4/6 inhibitor-resistant ER+/RB-deficient breast cancer,https://www.ncbi.nlm.nih.gov/geo/query/acc.cgi?acc=GSE236498,https://www.ncbi.nlm.nih.gov/geo/query/acc.cgi?acc=GSE236500
GSE236499,GSE236500,12,complete_containment,0,,0,0,0,high_confidence_overlap,Protein arginine methyltransferase 5 (PRMT5) is an actionable therapeutic target in CDK4/6 inhibitor-resistant ER+/RB-deficient breast cancer [RNA-seq_siPRMT5],Protein arginine methyltransferase 5 (PRMT5) is an actionable therapeutic target in CDK4/6 inhibitor-resistant ER+/RB-deficient breast cancer,https://www.ncbi.nlm.nih.gov/geo/query/acc.cgi?acc=GSE236499,https://www.ncbi.nlm.nih.gov/geo/query/acc.cgi?acc=GSE236500
GSE236749,GSE236750,106,complete_containment,0,,0,0,0,high_confidence_overlap,Identification of a Notch transcriptomic signature for breast cancer [dataset2],Identification of a Notch transcriptomic signature for breast cancer,https://www.ncbi.nlm.nih.gov/geo/query/acc.cgi?acc=GSE236749,https://www.ncbi.nlm.nih.gov/geo/query/acc.cgi?acc=GSE236750
GSE236783,GSE237728,16,complete_containment,0,,0,0,0,high_confidence_overlap,"RNA-seq gene expression profile of  SUM159PT breast cancer cell line upon manipulation of two TDMD triggers, NREP and SERPINE1",miRNA-seq and RNA-seq profiles of breast cancer cell lines,https://www.ncbi.nlm.nih.gov/geo/query/acc.cgi?acc=GSE236783,https://www.ncbi.nlm.nih.gov/geo/query/acc.cgi?acc=GSE237728
GSE236835,GSE236972,6,complete_containment,0,,0,0,0,high_confidence_overlap,HSF1 excludes CD8+ T cells from breast tumors via suppression of CCL5 [MDA-MB-231],HSF1 excludes CD8+ T cells from breast tumors via suppression of CCL5,https://www.ncbi.nlm.nih.gov/geo/query/acc.cgi?acc=GSE236835,https://www.ncbi.nlm.nih.gov/geo/query/acc.cgi?acc=GSE236972
GSE23720,GSE266680,0,,1,,0,0,0,manual_review_required,High-resolution comparative genomic hybridization of inflammatory breast cancer and identification of candidate genes,Architecture of the neutrophil compartment in mice,https://www.ncbi.nlm.nih.gov/geo/query/acc.cgi?acc=GSE23720,https://www.ncbi.nlm.nih.gov/geo/query/acc.cgi?acc=GSE266680
GSE23720,GSE334033,0,,9,,0,0,0,manual_review_required,High-resolution comparative genomic hybridization of inflammatory breast cancer and identification of candidate genes,A Patient-Derived Xenograft Model Identifies AK1 as a Key Regulator of Metastatic Potential in Primary Triple-Negative Breast Cancer,https://www.ncbi.nlm.nih.gov/geo/query/acc.cgi?acc=GSE23720,https://www.ncbi.nlm.nih.gov/geo/query/acc.cgi?acc=GSE334033
GSE23720,GSE69240,0,,16,,0,0,0,manual_review_required,High-resolution comparative genomic hybridization of inflammatory breast cancer and identification of candidate genes,A Molecular Portrait Of High-Grade Ductal Carcinoma In Situ (DCIS) [RNA-seq],https://www.ncbi.nlm.nih.gov/geo/query/acc.cgi?acc=GSE23720,https://www.ncbi.nlm.nih.gov/geo/query/acc.cgi?acc=GSE69240
GSE23720,GSE81538,0,,188,,0,0,0,manual_review_required,High-resolution comparative genomic hybridization of inflammatory breast cancer and identification of candidate genes,Clinical Value of RNA Sequencing–Based Classifiers for Prediction of the Five Conventional Breast Cancer Biomarkers: A Report From the Population-Based Multicenter Sweden Cancerome Analysis Network—Breast Initiative [cohort 405],https://www.ncbi.nlm.nih.gov/geo/query/acc.cgi?acc=GSE23720,https://www.ncbi.nlm.nih.gov/geo/query/acc.cgi?acc=GSE81538
GSE23720,GSE81540,0,,188,,0,0,0,manual_review_required,High-resolution comparative genomic hybridization of inflammatory breast cancer and identification of candidate genes,Clinical Value of RNA Sequencing–Based Classifiers for Prediction of the Five Conventional Breast Cancer Biomarkers: A Report From the Population-Based Multicenter Sweden Cancerome Analysis Network—Breast Initiative [superseries],https://www.ncbi.nlm.nih.gov/geo/query/acc.cgi?acc=GSE23720,https://www.ncbi.nlm.nih.gov/geo/query/acc.cgi?acc=GSE81540
GSE23720,GSE86159,0,,1,,0,0,0,manual_review_required,High-resolution comparative genomic hybridization of inflammatory breast cancer and identification of candidate genes,"LINC00520 is Induced by Src, STAT3, and PI3K and Plays a Functional Role in Breast Cancer",https://www.ncbi.nlm.nih.gov/geo/query/acc.cgi?acc=GSE23720,https://www.ncbi.nlm.nih.gov/geo/query/acc.cgi?acc=GSE86159
GSE237606,GSE237607,40,complete_containment,0,,0,0,0,high_confidence_overlap,Molecular Atlas of HER2+ Breast Cancer Cells Stimulated with EGF and HRG: Temporal Insights into Mechanisms in Trastuzumab Resistance [RNA-Seq],Molecular Atlas of HER2+ Breast Cancer Cells Stimulated with EGF and HRG: Temporal Insights into Mechanisms in Trastuzumab Resistance,https://www.ncbi.nlm.nih.gov/geo/query/acc.cgi?acc=GSE237606,https://www.ncbi.nlm.nih.gov/geo/query/acc.cgi?acc=GSE237607
GSE237726,GSE237728,5,complete_containment,0,,0,0,0,high_confidence_overlap,Gene expression profile at single cell level of breast cell lines HMLE and BT-549,miRNA-seq and RNA-seq profiles of breast cancer cell lines,https://www.ncbi.nlm.nih.gov/geo/query/acc.cgi?acc=GSE237726,https://www.ncbi.nlm.nih.gov/geo/query/acc.cgi?acc=GSE237728
GSE23904,GSE23905,4,complete_containment,0,,0,0,0,high_confidence_overlap,Gene expression profilling of poorly metastatic MDA cells and highly metastatic LM2 cells.,miR-126 over-expression in highly metastatic LM2 breast cancer cells.,https://www.ncbi.nlm.nih.gov/geo/query/acc.cgi?acc=GSE23904,https://www.ncbi.nlm.nih.gov/geo/query/acc.cgi?acc=GSE23905
GSE23904,GSE23921,4,complete_containment,0,,0,0,0,high_confidence_overlap,Gene expression profilling of poorly metastatic MDA cells and highly metastatic LM2 cells.,A microRNA regulon that mediates endothelial recruitment by metastatic human breast cancer cells.,https://www.ncbi.nlm.nih.gov/geo/query/acc.cgi?acc=GSE23904,https://www.ncbi.nlm.nih.gov/geo/query/acc.cgi?acc=GSE23921
GSE23905,GSE23921,8,complete_containment,0,,0,0,0,high_confidence_overlap,miR-126 over-expression in highly metastatic LM2 breast cancer cells.,A microRNA regulon that mediates endothelial recruitment by metastatic human breast cancer cells.,https://www.ncbi.nlm.nih.gov/geo/query/acc.cgi?acc=GSE23905,https://www.ncbi.nlm.nih.gov/geo/query/acc.cgi?acc=GSE23921
GSE23988,GSE42822,0,,60,,57,1,2,high_confidence_overlap,Expression data from breast cancer FNA biopsies from patients (US samples),Expression data from breast cancer FNA biopsies from patients ( (USO samples),https://www.ncbi.nlm.nih.gov/geo/query/acc.cgi?acc=GSE23988,https://www.ncbi.nlm.nih.gov/geo/query/acc.cgi?acc=GSE42822
GSE239933,GSE239935,93,complete_containment,0,,0,0,0,high_confidence_overlap,Peripheral blood TCR clonotype diversity as an age-associated marker of breast cancer progression (blood),Peripheral blood TCR clonotype diversity as an age-associated marker of breast cancer progression,https://www.ncbi.nlm.nih.gov/geo/query/acc.cgi?acc=GSE239933,https://www.ncbi.nlm.nih.gov/geo/query/acc.cgi?acc=GSE239935
GSE239934,GSE239935,18,complete_containment,0,,0,0,0,high_confidence_overlap,Peripheral blood TCR clonotype diversity as an age-associated marker of breast cancer progression (tumor),Peripheral blood TCR clonotype diversity as an age-associated marker of breast cancer progression,https://www.ncbi.nlm.nih.gov/geo/query/acc.cgi?acc=GSE239934,https://www.ncbi.nlm.nih.gov/geo/query/acc.cgi?acc=GSE239935
GSE24124,GSE32641,75,partial_overlap,0,,0,0,0,high_confidence_overlap,The inferred mechanisms for prognostic features of signal transducer and activator of transcription 3 in an ER(+) breast cancer model system,Major functional transcriptome of an inferred center regulator of an ER(-) breast cancer model system,https://www.ncbi.nlm.nih.gov/geo/query/acc.cgi?acc=GSE24124,https://www.ncbi.nlm.nih.gov/geo/query/acc.cgi?acc=GSE32641
GSE241306,GSE241309,16,complete_containment,0,,0,0,0,high_confidence_overlap,Effect of TOP1 knockdown and/or RNase H OE on the transcriptional profile of MCF-7 cells [CEL_Seq],R-loops and Topoisomerase 1 facilitate formation of transcriptional DSBs at gene bodies of hypertranscribed cancer genes,https://www.ncbi.nlm.nih.gov/geo/query/acc.cgi?acc=GSE241306,https://www.ncbi.nlm.nih.gov/geo/query/acc.cgi?acc=GSE241309
GSE241599,GSE241601,3,complete_containment,0,,0,0,0,high_confidence_overlap,Proteasome inhibition reprograms chromatin landscape in breast cancer (Start-Seq),Proteasome inhibition reprograms chromatin landscape in breast cancer,https://www.ncbi.nlm.nih.gov/geo/query/acc.cgi?acc=GSE241599,https://www.ncbi.nlm.nih.gov/geo/query/acc.cgi?acc=GSE241601
GSE241600,GSE241601,9,complete_containment,0,,0,0,0,high_confidence_overlap,Proteasome inhibition reprograms chromatin landscape in breast cancer (RNA-Seq),Proteasome inhibition reprograms chromatin landscape in breast cancer,https://www.ncbi.nlm.nih.gov/geo/query/acc.cgi?acc=GSE241600,https://www.ncbi.nlm.nih.gov/geo/query/acc.cgi?acc=GSE241601
GSE241764,GSE241944,96,complete_containment,0,,0,0,0,high_confidence_overlap,"PRO-seq analysis of estradiol, OP-1250, fulvestrant and 4OH-tamoxifen treatments at multiple timepoints in breast cancer cells",Analysis of breast cancer cells,https://www.ncbi.nlm.nih.gov/geo/query/acc.cgi?acc=GSE241764,https://www.ncbi.nlm.nih.gov/geo/query/acc.cgi?acc=GSE241944
GSE241852,GSE241854,12,complete_containment,0,,0,0,0,high_confidence_overlap,"Grainyhead-like-2, an epithelial master programmer, promotes interferon induction and suppresses breast cancer recurrence [RNA-Seq]","Grainyhead-like-2, an epithelial master programmer, promotes interferon induction and suppresses breast cancer recurrence",https://www.ncbi.nlm.nih.gov/geo/query/acc.cgi?acc=GSE241852,https://www.ncbi.nlm.nih.gov/geo/query/acc.cgi?acc=GSE241854
GSE241942,GSE241944,21,complete_containment,0,,0,0,0,high_confidence_overlap,RNA-seq analysis of CAMA1 breast cancer cells after treatment with estradiol or antiestrogens in estradiol-depleted media,Analysis of breast cancer cells,https://www.ncbi.nlm.nih.gov/geo/query/acc.cgi?acc=GSE241942,https://www.ncbi.nlm.nih.gov/geo/query/acc.cgi?acc=GSE241944
GSE241943,GSE241944,32,complete_containment,0,,0,0,0,high_confidence_overlap,RNA-seq analysis of MCF7 xenografts after treatment with OP-1250 and/or CDK4/6 inhibitors palbociclib or ribociclib,Analysis of breast cancer cells,https://www.ncbi.nlm.nih.gov/geo/query/acc.cgi?acc=GSE241943,https://www.ncbi.nlm.nih.gov/geo/query/acc.cgi?acc=GSE241944
GSE241992,GSE241994,8,complete_containment,0,,0,0,0,high_confidence_overlap,Glucocorticoid Receptor Activation in Lobular Breast Cancer is Associated with Reduced Cell Proliferation and Promotion of Metastases; SUM44-GR-GFP,Glucocorticoid Receptor Activation in Lobular Breast Cancer is Associated with Reduced Cell Proliferation and Promotion of Metastases.,https://www.ncbi.nlm.nih.gov/geo/query/acc.cgi?acc=GSE241992,https://www.ncbi.nlm.nih.gov/geo/query/acc.cgi?acc=GSE241994
GSE241993,GSE241994,8,complete_containment,0,,0,0,0,high_confidence_overlap,Glucocorticoid Receptor Activation in Lobular Breast Cancer is Associated with Reduced Cell Proliferation and Promotion of Metastases; MM134,Glucocorticoid Receptor Activation in Lobular Breast Cancer is Associated with Reduced Cell Proliferation and Promotion of Metastases.,https://www.ncbi.nlm.nih.gov/geo/query/acc.cgi?acc=GSE241993,https://www.ncbi.nlm.nih.gov/geo/query/acc.cgi?acc=GSE241994
GSE242539,GSE242541,6,complete_containment,0,,0,0,0,high_confidence_overlap,ONECUT2 is a druggable driver of luminal to basal breast cancer plasticity [OE_BT474],ONECUT2 is a druggable driver of luminal to basal breast cancer plasticity,https://www.ncbi.nlm.nih.gov/geo/query/acc.cgi?acc=GSE242539,https://www.ncbi.nlm.nih.gov/geo/query/acc.cgi?acc=GSE242541
GSE242540,GSE242541,6,complete_containment,0,,0,0,0,high_confidence_overlap,ONECUT2 is a druggable driver of luminal to basal breast cancer plasticity [OE_MCF7],ONECUT2 is a druggable driver of luminal to basal breast cancer plasticity,https://www.ncbi.nlm.nih.gov/geo/query/acc.cgi?acc=GSE242540,https://www.ncbi.nlm.nih.gov/geo/query/acc.cgi?acc=GSE242541
GSE243150,GSE243154,48,complete_containment,0,,0,0,0,high_confidence_overlap,"Therapeutic efficacy of INX-315, a selective CDK2 inhibitor, in solid tumors [MCF7 and T47D RNAseq]","Therapeutic efficacy of INX-315, a selective CDK2 inhibitor, in solid tumors",https://www.ncbi.nlm.nih.gov/geo/query/acc.cgi?acc=GSE243150,https://www.ncbi.nlm.nih.gov/geo/query/acc.cgi?acc=GSE243154
GSE243275,GSE243280,4,complete_containment,0,,0,0,0,high_confidence_overlap,"High resolution mapping of the tumor microenvironment using integrated single-cell, spatial and in situ analysis [scRNA-seq and Visium]","High resolution mapping of the tumor microenvironment using integrated single-cell, spatial and in situ analysis",https://www.ncbi.nlm.nih.gov/geo/query/acc.cgi?acc=GSE243275,https://www.ncbi.nlm.nih.gov/geo/query/acc.cgi?acc=GSE243280
GSE243416,GSE243418,30,complete_containment,0,,0,0,0,high_confidence_overlap,Epigenetic coordination of transcriptional and translational programs in hypoxia. [RNA-Seq],Epigenetic coordination of transcriptional and translational programs in hypoxia.,https://www.ncbi.nlm.nih.gov/geo/query/acc.cgi?acc=GSE243416,https://www.ncbi.nlm.nih.gov/geo/query/acc.cgi?acc=GSE243418
GSE243418,GSE283812,8,complete_containment,0,,0,0,0,high_confidence_overlap,Epigenetic coordination of transcriptional and translational programs in hypoxia.,"Epigenetic coordination of transcriptional and translational programs in hypoxia. [RNA-Seq, 2]",https://www.ncbi.nlm.nih.gov/geo/query/acc.cgi?acc=GSE243418,https://www.ncbi.nlm.nih.gov/geo/query/acc.cgi?acc=GSE283812
GSE243750,GSE260461,39,complete_containment,0,,0,0,0,high_confidence_overlap,SEX-DEPENDENT APOE4 NEUTROPHIL-MICROGLIA INTERACTIONS DRIVE COGNITIVE IMPAIRMENT IN ALZHEIMER'S DISEASE,Sex-dependent APOE4 Neutrophil-microglia interactions drive cognitive impairment in Alzheimer's Disease,https://www.ncbi.nlm.nih.gov/geo/query/acc.cgi?acc=GSE243750,https://www.ncbi.nlm.nih.gov/geo/query/acc.cgi?acc=GSE260461
GSE243883,GSE243884,24,complete_containment,0,,0,0,0,high_confidence_overlap,CRISPR  pooled screen and QuantSeq 3' mRNA sequencing to identify  microRNAs (miRNAs) important for Breast Cancer 3D growth [RNA-seq],CRISPR  pooled screen and QuantSeq 3' mRNA sequencing to identify  microRNAs (miRNAs) important for Breast Cancer 3D growth,https://www.ncbi.nlm.nih.gov/geo/query/acc.cgi?acc=GSE243883,https://www.ncbi.nlm.nih.gov/geo/query/acc.cgi?acc=GSE243884
GSE244271,GSE244283,41,complete_containment,0,,0,0,0,high_confidence_overlap,Identification of a Therapeutically Targetable JAK-STAT Enriched Androgen Receptor (AR) and AR Splice Variant Positive Triple Negative Breast Cancer Subtype [project2],Identification of a Therapeutically Targetable JAK-STAT Enriched Androgen Receptor (AR) and AR Splice Variant Positive Triple Negative Breast Cancer Subtype,https://www.ncbi.nlm.nih.gov/geo/query/acc.cgi?acc=GSE244271,https://www.ncbi.nlm.nih.gov/geo/query/acc.cgi?acc=GSE244283
GSE244271,GSE329391,0,,19,,0,0,0,manual_review_required,Identification of a Therapeutically Targetable JAK-STAT Enriched Androgen Receptor (AR) and AR Splice Variant Positive Triple Negative Breast Cancer Subtype [project2],Uncovering of Intratumoral Androgen -Dependent Molecular Signature for Better Breast Cancer Prognosis [RNA-Seq],https://www.ncbi.nlm.nih.gov/geo/query/acc.cgi?acc=GSE244271,https://www.ncbi.nlm.nih.gov/geo/query/acc.cgi?acc=GSE329391
GSE244272,GSE244283,11,complete_containment,0,,0,0,0,high_confidence_overlap,Identification of a Therapeutically Targetable JAK-STAT Enriched Androgen Receptor (AR) and AR Splice Variant Positive Triple Negative Breast Cancer Subtype [project3],Identification of a Therapeutically Targetable JAK-STAT Enriched Androgen Receptor (AR) and AR Splice Variant Positive Triple Negative Breast Cancer Subtype,https://www.ncbi.nlm.nih.gov/geo/query/acc.cgi?acc=GSE244272,https://www.ncbi.nlm.nih.gov/geo/query/acc.cgi?acc=GSE244283
GSE244282,GSE244283,6,complete_containment,0,,0,0,0,high_confidence_overlap,Identification of a Therapeutically Targetable JAK-STAT Enriched Androgen Receptor (AR) and AR Splice Variant Positive Triple Negative Breast Cancer Subtype [project4],Identification of a Therapeutically Targetable JAK-STAT Enriched Androgen Receptor (AR) and AR Splice Variant Positive Triple Negative Breast Cancer Subtype,https://www.ncbi.nlm.nih.gov/geo/query/acc.cgi?acc=GSE244282,https://www.ncbi.nlm.nih.gov/geo/query/acc.cgi?acc=GSE244283
GSE244283,GSE329391,0,,19,,0,0,0,manual_review_required,Identification of a Therapeutically Targetable JAK-STAT Enriched Androgen Receptor (AR) and AR Splice Variant Positive Triple Negative Breast Cancer Subtype,Uncovering of Intratumoral Androgen -Dependent Molecular Signature for Better Breast Cancer Prognosis [RNA-Seq],https://www.ncbi.nlm.nih.gov/geo/query/acc.cgi?acc=GSE244283,https://www.ncbi.nlm.nih.gov/geo/query/acc.cgi?acc=GSE329391
GSE244533,GSE244537,6,complete_containment,0,,0,0,0,high_confidence_overlap,Unveiling alterations of epigenetic modifications and chromatin architecture leading to lipid metabolic reprogramming during the evolutionary trastuzumab adaptation of HER2-positive breast cancer [RNA-Seq],Unveiling alterations of epigenetic modifications and chromatin architecture leading to lipid metabolic reprogramming during the evolutionary trastuzumab adaptation of HER2-positive breast cancer,https://www.ncbi.nlm.nih.gov/geo/query/acc.cgi?acc=GSE244533,https://www.ncbi.nlm.nih.gov/geo/query/acc.cgi?acc=GSE244537
GSE24468,GSE25077,0,,2,,0,0,0,manual_review_required,Elucidation of the Mechanisms by which the Progesterone Receptor Inhibits Inflammatory Responses in Cellular Models of Breast Cancer,Gene expression in response to progestin R5020,https://www.ncbi.nlm.nih.gov/geo/query/acc.cgi?acc=GSE24468,https://www.ncbi.nlm.nih.gov/geo/query/acc.cgi?acc=GSE25077
GSE24491,GSE25291,13,near_containment,0,,0,0,0,high_confidence_overlap,Gene expression profiling of human tissue samples using SAGE-Seq,Altered antisense-to-sense transcript ratios in breast cancer: Sage-Seq,https://www.ncbi.nlm.nih.gov/geo/query/acc.cgi?acc=GSE24491,https://www.ncbi.nlm.nih.gov/geo/query/acc.cgi?acc=GSE25291
GSE24491,GSE25292,13,near_containment,0,,0,0,0,high_confidence_overlap,Gene expression profiling of human tissue samples using SAGE-Seq,Altered antisense-to-sense transcript ratios in breast cancer,https://www.ncbi.nlm.nih.gov/geo/query/acc.cgi?acc=GSE24491,https://www.ncbi.nlm.nih.gov/geo/query/acc.cgi?acc=GSE25292
GSE24506,GSE24509,2,complete_containment,0,,0,0,0,high_confidence_overlap,Expression of microRNAs and their gene targets are dysregulated in pre-invasive breast cancer (mRNA),Expression of microRNAs and their gene targets are dysregulated in pre-invasive breast cancer,https://www.ncbi.nlm.nih.gov/geo/query/acc.cgi?acc=GSE24506,https://www.ncbi.nlm.nih.gov/geo/query/acc.cgi?acc=GSE24509
GSE245144,GSE245145,6,complete_containment,0,,0,0,0,high_confidence_overlap,LINC00115 promotes chemoresistant breast cancer stem-like cell stemness and metastasis through SETDB1/PLK3/HIF1α signaling [RNA-Seq],LINC00115 promotes chemoresistant breast cancer stem-like cell stemness and metastasis through SETDB1/PLK3/HIF1α signaling,https://www.ncbi.nlm.nih.gov/geo/query/acc.cgi?acc=GSE245144,https://www.ncbi.nlm.nih.gov/geo/query/acc.cgi?acc=GSE245145
GSE24578,GSE24717,14,complete_containment,0,,0,0,0,high_confidence_overlap,Basal gene expression of breast cancer cell lines,Using a Stem Cell-Based Signature to Guide Therapeutic Selection in Cancer,https://www.ncbi.nlm.nih.gov/geo/query/acc.cgi?acc=GSE24578,https://www.ncbi.nlm.nih.gov/geo/query/acc.cgi?acc=GSE24717
GSE24578,GSE24737,0,,1,,0,0,0,manual_review_required,Basal gene expression of breast cancer cell lines,Large scale screening for known fusion genes in cancer cell lines,https://www.ncbi.nlm.nih.gov/geo/query/acc.cgi?acc=GSE24578,https://www.ncbi.nlm.nih.gov/geo/query/acc.cgi?acc=GSE24737
GSE24578,GSE295979,0,,1,,0,0,0,manual_review_required,Basal gene expression of breast cancer cell lines,The effect of BQ323636.1 overexpression on mRNA expression profile in breast cancer cells,https://www.ncbi.nlm.nih.gov/geo/query/acc.cgi?acc=GSE24578,https://www.ncbi.nlm.nih.gov/geo/query/acc.cgi?acc=GSE295979
GSE24578,GSE32905,0,,1,,0,0,0,manual_review_required,Basal gene expression of breast cancer cell lines,EMT inducers catalyze malignant transformation of mammary epithelial cells and drive tumorigenesis towards claudin-low tumors,https://www.ncbi.nlm.nih.gov/geo/query/acc.cgi?acc=GSE24578,https://www.ncbi.nlm.nih.gov/geo/query/acc.cgi?acc=GSE32905
GSE24578,GSE4000,0,,1,,0,0,0,manual_review_required,Basal gene expression of breast cancer cell lines,A molecular 'signature' of primary breast cancer cultures; patterns resembling tumor tissue.,https://www.ncbi.nlm.nih.gov/geo/query/acc.cgi?acc=GSE24578,https://www.ncbi.nlm.nih.gov/geo/query/acc.cgi?acc=GSE4000
GSE24578,GSE41119,0,,1,,0,0,0,manual_review_required,Basal gene expression of breast cancer cell lines,Molecular Characterization of Basal-like and Non-Basal-like Triple-Negative Breast Cancers,https://www.ncbi.nlm.nih.gov/geo/query/acc.cgi?acc=GSE24578,https://www.ncbi.nlm.nih.gov/geo/query/acc.cgi?acc=GSE41119
GSE24578,GSE52643,0,,2,,0,0,0,manual_review_required,Basal gene expression of breast cancer cell lines,Fusion discovery in breast cancer cell line,https://www.ncbi.nlm.nih.gov/geo/query/acc.cgi?acc=GSE24578,https://www.ncbi.nlm.nih.gov/geo/query/acc.cgi?acc=GSE52643
GSE24578,GSE57083,0,,1,,0,0,0,manual_review_required,Basal gene expression of breast cancer cell lines,Expression data from AstraZeneca internal cell lines,https://www.ncbi.nlm.nih.gov/geo/query/acc.cgi?acc=GSE24578,https://www.ncbi.nlm.nih.gov/geo/query/acc.cgi?acc=GSE57083
GSE24578,GSE58135,0,,3,,0,0,0,manual_review_required,Basal gene expression of breast cancer cell lines,Breast Cancer RNA-seq,https://www.ncbi.nlm.nih.gov/geo/query/acc.cgi?acc=GSE24578,https://www.ncbi.nlm.nih.gov/geo/query/acc.cgi?acc=GSE58135
GSE24578,GSE59242,0,,2,,0,0,0,manual_review_required,Basal gene expression of breast cancer cell lines,Profiling of human cancer breast cell lines (Affymetrix),https://www.ncbi.nlm.nih.gov/geo/query/acc.cgi?acc=GSE24578,https://www.ncbi.nlm.nih.gov/geo/query/acc.cgi?acc=GSE59242
GSE24578,GSE65314,0,,1,,0,0,0,manual_review_required,Basal gene expression of breast cancer cell lines,Experimental gene expression analysis of 12 cancer cell lines,https://www.ncbi.nlm.nih.gov/geo/query/acc.cgi?acc=GSE24578,https://www.ncbi.nlm.nih.gov/geo/query/acc.cgi?acc=GSE65314
GSE24578,GSE66072,0,,1,,0,0,0,manual_review_required,Basal gene expression of breast cancer cell lines,Mcl-1 is a key determinant of breast cancer cell survival,https://www.ncbi.nlm.nih.gov/geo/query/acc.cgi?acc=GSE24578,https://www.ncbi.nlm.nih.gov/geo/query/acc.cgi?acc=GSE66072
GSE24578,GSE73526,0,,5,,0,0,0,manual_review_required,Basal gene expression of breast cancer cell lines,"The Functional Genomic Landscape of Human Breast Cancer Drivers, Vulnerabilities, and Resistance (RNASeq)",https://www.ncbi.nlm.nih.gov/geo/query/acc.cgi?acc=GSE24578,https://www.ncbi.nlm.nih.gov/geo/query/acc.cgi?acc=GSE73526
GSE24578,GSE81032,0,,1,,0,0,0,manual_review_required,Basal gene expression of breast cancer cell lines,Comparative proteomics and transcriptomics study of signaling network proteins across multiple normal and cancer cell lines,https://www.ncbi.nlm.nih.gov/geo/query/acc.cgi?acc=GSE24578,https://www.ncbi.nlm.nih.gov/geo/query/acc.cgi?acc=GSE81032
GSE24578,GSE87006,0,,2,,0,0,0,manual_review_required,Basal gene expression of breast cancer cell lines,CDK4 phosphorylation status and a linked gene expression profile predict sensitivity to Palbociclib [lines],https://www.ncbi.nlm.nih.gov/geo/query/acc.cgi?acc=GSE24578,https://www.ncbi.nlm.nih.gov/geo/query/acc.cgi?acc=GSE87006
GSE24578,GSE87008,0,,2,,0,0,0,manual_review_required,Basal gene expression of breast cancer cell lines,CDK4 phosphorylation status and a linked gene expression profile predict sensitivity to Palbociclib,https://www.ncbi.nlm.nih.gov/geo/query/acc.cgi?acc=GSE24578,https://www.ncbi.nlm.nih.gov/geo/query/acc.cgi?acc=GSE87008
GSE245824,GSE245830,6,complete_containment,0,,0,0,0,high_confidence_overlap,"Transcriptional regulation of amino acid metabolism by KDM2B, in the context of ncPRC1.1 and in concert with MYC and ATF4 [RNA-Seq]","Transcriptional regulation of amino acid metabolism by KDM2B, in the context of ncPRC1.1 and in concert with MYC and ATF4",https://www.ncbi.nlm.nih.gov/geo/query/acc.cgi?acc=GSE245824,https://www.ncbi.nlm.nih.gov/geo/query/acc.cgi?acc=GSE245830
GSE245866,GSE245869,14,complete_containment,0,,0,0,0,high_confidence_overlap,Study of MED1 acetylation in ER positive breast cancer cells [RNA-seq],Study of MED1 acetylation in ER positive breast cancer cells,https://www.ncbi.nlm.nih.gov/geo/query/acc.cgi?acc=GSE245866,https://www.ncbi.nlm.nih.gov/geo/query/acc.cgi?acc=GSE245869
GSE245869,GSE276763,6,complete_containment,0,,0,0,0,high_confidence_overlap,Study of MED1 acetylation in ER positive breast cancer cells,Study of MED1 acetylation in ER positive breast cancer cells [RNA-Seq II],https://www.ncbi.nlm.nih.gov/geo/query/acc.cgi?acc=GSE245869,https://www.ncbi.nlm.nih.gov/geo/query/acc.cgi?acc=GSE276763
GSE245869,GSE297932,12,complete_containment,0,,0,0,0,high_confidence_overlap,Study of MED1 acetylation in ER positive breast cancer cells,Study of MED1 acetylation in ER positive breast cancer cells [RNA-Seq III],https://www.ncbi.nlm.nih.gov/geo/query/acc.cgi?acc=GSE245869,https://www.ncbi.nlm.nih.gov/geo/query/acc.cgi?acc=GSE297932
GSE245869,GSE297974,12,complete_containment,0,,0,0,0,high_confidence_overlap,Study of MED1 acetylation in ER positive breast cancer cells,Study of MED1 acetylation in ER positive breast cancer cells [RNA-Seq IV],https://www.ncbi.nlm.nih.gov/geo/query/acc.cgi?acc=GSE245869,https://www.ncbi.nlm.nih.gov/geo/query/acc.cgi?acc=GSE297974
GSE246215,GSE246219,38,complete_containment,0,,0,0,0,high_confidence_overlap,Cross-tissue human fibroblast atlas reveals myofibroblast subtypes with distinct roles in immune modulation [scRNA-seq],Cross-tissue human fibroblast atlas reveals myofibroblast subtypes with distinct roles in immune modulation,https://www.ncbi.nlm.nih.gov/geo/query/acc.cgi?acc=GSE246215,https://www.ncbi.nlm.nih.gov/geo/query/acc.cgi?acc=GSE246219
GSE246689,GSE316327,0,,1,,0,0,0,manual_review_required,Deterioration of multi-level 3D genome organization during breast cancer progression,HP1α depletion and TGFβ activation exert antagonistic effects on 3D genome organization,https://www.ncbi.nlm.nih.gov/geo/query/acc.cgi?acc=GSE246689,https://www.ncbi.nlm.nih.gov/geo/query/acc.cgi?acc=GSE316327
GSE246793,GSE246796,18,complete_containment,0,,0,0,0,high_confidence_overlap,TRIM24 as therapeutic target in endocrine treatment resistant breast cancer (RNA-Seq),TRIM24 as therapeutic target in endocrine treatment resistant breast cancer,https://www.ncbi.nlm.nih.gov/geo/query/acc.cgi?acc=GSE246793,https://www.ncbi.nlm.nih.gov/geo/query/acc.cgi?acc=GSE246796
GSE246886,GSE246889,24,complete_containment,0,,0,0,0,high_confidence_overlap,MTOR modulation induces selective perturbations in histone methylation which influence the anti-proliferative effects of mTOR inhibitors [RNA-Seq],MTOR modulation induces selective perturbations in histone methylation which influence the anti-proliferative effects of mTOR inhibitors,https://www.ncbi.nlm.nih.gov/geo/query/acc.cgi?acc=GSE246886,https://www.ncbi.nlm.nih.gov/geo/query/acc.cgi?acc=GSE246889
GSE24697,GSE24707,78,complete_containment,0,,0,0,0,high_confidence_overlap,Breast tumors from CHEK2 1100delC mutation carriers: genomic landscape and clinical implications (GEX),Breast tumors from CHEK2 1100delC mutation carriers: genomic landscape and clinical implications,https://www.ncbi.nlm.nih.gov/geo/query/acc.cgi?acc=GSE24697,https://www.ncbi.nlm.nih.gov/geo/query/acc.cgi?acc=GSE24707
GSE24716,GSE24717,8,complete_containment,0,,0,0,0,high_confidence_overlap,Expression data from CD133+ and CD133- glioma cells,Using a Stem Cell-Based Signature to Guide Therapeutic Selection in Cancer,https://www.ncbi.nlm.nih.gov/geo/query/acc.cgi?acc=GSE24716,https://www.ncbi.nlm.nih.gov/geo/query/acc.cgi?acc=GSE24717
GSE24717,GSE24737,0,,1,,0,0,0,manual_review_required,Using a Stem Cell-Based Signature to Guide Therapeutic Selection in Cancer,Large scale screening for known fusion genes in cancer cell lines,https://www.ncbi.nlm.nih.gov/geo/query/acc.cgi?acc=GSE24717,https://www.ncbi.nlm.nih.gov/geo/query/acc.cgi?acc=GSE24737
GSE24717,GSE295979,0,,1,,0,0,0,manual_review_required,Using a Stem Cell-Based Signature to Guide Therapeutic Selection in Cancer,The effect of BQ323636.1 overexpression on mRNA expression profile in breast cancer cells,https://www.ncbi.nlm.nih.gov/geo/query/acc.cgi?acc=GSE24717,https://www.ncbi.nlm.nih.gov/geo/query/acc.cgi?acc=GSE295979
GSE24717,GSE32905,0,,1,,0,0,0,manual_review_required,Using a Stem Cell-Based Signature to Guide Therapeutic Selection in Cancer,EMT inducers catalyze malignant transformation of mammary epithelial cells and drive tumorigenesis towards claudin-low tumors,https://www.ncbi.nlm.nih.gov/geo/query/acc.cgi?acc=GSE24717,https://www.ncbi.nlm.nih.gov/geo/query/acc.cgi?acc=GSE32905
GSE24717,GSE4000,0,,1,,0,0,0,manual_review_required,Using a Stem Cell-Based Signature to Guide Therapeutic Selection in Cancer,A molecular 'signature' of primary breast cancer cultures; patterns resembling tumor tissue.,https://www.ncbi.nlm.nih.gov/geo/query/acc.cgi?acc=GSE24717,https://www.ncbi.nlm.nih.gov/geo/query/acc.cgi?acc=GSE4000
GSE24717,GSE41119,0,,1,,0,0,0,manual_review_required,Using a Stem Cell-Based Signature to Guide Therapeutic Selection in Cancer,Molecular Characterization of Basal-like and Non-Basal-like Triple-Negative Breast Cancers,https://www.ncbi.nlm.nih.gov/geo/query/acc.cgi?acc=GSE24717,https://www.ncbi.nlm.nih.gov/geo/query/acc.cgi?acc=GSE41119
GSE24717,GSE52643,0,,2,,0,0,0,manual_review_required,Using a Stem Cell-Based Signature to Guide Therapeutic Selection in Cancer,Fusion discovery in breast cancer cell line,https://www.ncbi.nlm.nih.gov/geo/query/acc.cgi?acc=GSE24717,https://www.ncbi.nlm.nih.gov/geo/query/acc.cgi?acc=GSE52643
GSE24717,GSE57083,0,,1,,0,0,0,manual_review_required,Using a Stem Cell-Based Signature to Guide Therapeutic Selection in Cancer,Expression data from AstraZeneca internal cell lines,https://www.ncbi.nlm.nih.gov/geo/query/acc.cgi?acc=GSE24717,https://www.ncbi.nlm.nih.gov/geo/query/acc.cgi?acc=GSE57083
GSE24717,GSE58135,0,,3,,0,0,0,manual_review_required,Using a Stem Cell-Based Signature to Guide Therapeutic Selection in Cancer,Breast Cancer RNA-seq,https://www.ncbi.nlm.nih.gov/geo/query/acc.cgi?acc=GSE24717,https://www.ncbi.nlm.nih.gov/geo/query/acc.cgi?acc=GSE58135
GSE24717,GSE59242,0,,2,,0,0,0,manual_review_required,Using a Stem Cell-Based Signature to Guide Therapeutic Selection in Cancer,Profiling of human cancer breast cell lines (Affymetrix),https://www.ncbi.nlm.nih.gov/geo/query/acc.cgi?acc=GSE24717,https://www.ncbi.nlm.nih.gov/geo/query/acc.cgi?acc=GSE59242
GSE24717,GSE65314,0,,1,,0,0,0,manual_review_required,Using a Stem Cell-Based Signature to Guide Therapeutic Selection in Cancer,Experimental gene expression analysis of 12 cancer cell lines,https://www.ncbi.nlm.nih.gov/geo/query/acc.cgi?acc=GSE24717,https://www.ncbi.nlm.nih.gov/geo/query/acc.cgi?acc=GSE65314
GSE24717,GSE66072,0,,1,,0,0,0,manual_review_required,Using a Stem Cell-Based Signature to Guide Therapeutic Selection in Cancer,Mcl-1 is a key determinant of breast cancer cell survival,https://www.ncbi.nlm.nih.gov/geo/query/acc.cgi?acc=GSE24717,https://www.ncbi.nlm.nih.gov/geo/query/acc.cgi?acc=GSE66072
GSE24717,GSE73526,0,,5,,0,0,0,manual_review_required,Using a Stem Cell-Based Signature to Guide Therapeutic Selection in Cancer,"The Functional Genomic Landscape of Human Breast Cancer Drivers, Vulnerabilities, and Resistance (RNASeq)",https://www.ncbi.nlm.nih.gov/geo/query/acc.cgi?acc=GSE24717,https://www.ncbi.nlm.nih.gov/geo/query/acc.cgi?acc=GSE73526
GSE24717,GSE81032,0,,1,,0,0,0,manual_review_required,Using a Stem Cell-Based Signature to Guide Therapeutic Selection in Cancer,Comparative proteomics and transcriptomics study of signaling network proteins across multiple normal and cancer cell lines,https://www.ncbi.nlm.nih.gov/geo/query/acc.cgi?acc=GSE24717,https://www.ncbi.nlm.nih.gov/geo/query/acc.cgi?acc=GSE81032
GSE24717,GSE87006,0,,2,,0,0,0,manual_review_required,Using a Stem Cell-Based Signature to Guide Therapeutic Selection in Cancer,CDK4 phosphorylation status and a linked gene expression profile predict sensitivity to Palbociclib [lines],https://www.ncbi.nlm.nih.gov/geo/query/acc.cgi?acc=GSE24717,https://www.ncbi.nlm.nih.gov/geo/query/acc.cgi?acc=GSE87006
GSE24717,GSE87008,0,,2,,0,0,0,manual_review_required,Using a Stem Cell-Based Signature to Guide Therapeutic Selection in Cancer,CDK4 phosphorylation status and a linked gene expression profile predict sensitivity to Palbociclib,https://www.ncbi.nlm.nih.gov/geo/query/acc.cgi?acc=GSE24717,https://www.ncbi.nlm.nih.gov/geo/query/acc.cgi?acc=GSE87008
GSE24737,GSE262110,0,,1,,0,0,0,manual_review_required,Large scale screening for known fusion genes in cancer cell lines,Patient-derived response estimates from zero-passage organoids of luminal breast cancer,https://www.ncbi.nlm.nih.gov/geo/query/acc.cgi?acc=GSE24737,https://www.ncbi.nlm.nih.gov/geo/query/acc.cgi?acc=GSE262110
GSE24737,GSE4000,0,,1,,0,0,0,manual_review_required,Large scale screening for known fusion genes in cancer cell lines,A molecular 'signature' of primary breast cancer cultures; patterns resembling tumor tissue.,https://www.ncbi.nlm.nih.gov/geo/query/acc.cgi?acc=GSE24737,https://www.ncbi.nlm.nih.gov/geo/query/acc.cgi?acc=GSE4000
GSE24737,GSE40559,0,,1,,0,0,0,manual_review_required,Large scale screening for known fusion genes in cancer cell lines,Gene expression profiles of 5 cancer cell lines,https://www.ncbi.nlm.nih.gov/geo/query/acc.cgi?acc=GSE24737,https://www.ncbi.nlm.nih.gov/geo/query/acc.cgi?acc=GSE40559
GSE24737,GSE52643,0,,2,,0,0,0,manual_review_required,Large scale screening for known fusion genes in cancer cell lines,Fusion discovery in breast cancer cell line,https://www.ncbi.nlm.nih.gov/geo/query/acc.cgi?acc=GSE24737,https://www.ncbi.nlm.nih.gov/geo/query/acc.cgi?acc=GSE52643
GSE24737,GSE57083,0,,7,,0,0,0,manual_review_required,Large scale screening for known fusion genes in cancer cell lines,Expression data from AstraZeneca internal cell lines,https://www.ncbi.nlm.nih.gov/geo/query/acc.cgi?acc=GSE24737,https://www.ncbi.nlm.nih.gov/geo/query/acc.cgi?acc=GSE57083
GSE24737,GSE58135,0,,2,,0,0,0,manual_review_required,Large scale screening for known fusion genes in cancer cell lines,Breast Cancer RNA-seq,https://www.ncbi.nlm.nih.gov/geo/query/acc.cgi?acc=GSE24737,https://www.ncbi.nlm.nih.gov/geo/query/acc.cgi?acc=GSE58135
GSE24737,GSE59242,0,,2,,0,0,0,manual_review_required,Large scale screening for known fusion genes in cancer cell lines,Profiling of human cancer breast cell lines (Affymetrix),https://www.ncbi.nlm.nih.gov/geo/query/acc.cgi?acc=GSE24737,https://www.ncbi.nlm.nih.gov/geo/query/acc.cgi?acc=GSE59242
GSE24737,GSE73526,0,,2,,0,0,0,manual_review_required,Large scale screening for known fusion genes in cancer cell lines,"The Functional Genomic Landscape of Human Breast Cancer Drivers, Vulnerabilities, and Resistance (RNASeq)",https://www.ncbi.nlm.nih.gov/geo/query/acc.cgi?acc=GSE24737,https://www.ncbi.nlm.nih.gov/geo/query/acc.cgi?acc=GSE73526
GSE24737,GSE81032,0,,1,,0,0,0,manual_review_required,Large scale screening for known fusion genes in cancer cell lines,Comparative proteomics and transcriptomics study of signaling network proteins across multiple normal and cancer cell lines,https://www.ncbi.nlm.nih.gov/geo/query/acc.cgi?acc=GSE24737,https://www.ncbi.nlm.nih.gov/geo/query/acc.cgi?acc=GSE81032
GSE24737,GSE81538,0,,1,,0,0,0,manual_review_required,Large scale screening for known fusion genes in cancer cell lines,Clinical Value of RNA Sequencing–Based Classifiers for Prediction of the Five Conventional Breast Cancer Biomarkers: A Report From the Population-Based Multicenter Sweden Cancerome Analysis Network—Breast Initiative [cohort 405],https://www.ncbi.nlm.nih.gov/geo/query/acc.cgi?acc=GSE24737,https://www.ncbi.nlm.nih.gov/geo/query/acc.cgi?acc=GSE81538
GSE24737,GSE81540,0,,1,,0,0,0,manual_review_required,Large scale screening for known fusion genes in cancer cell lines,Clinical Value of RNA Sequencing–Based Classifiers for Prediction of the Five Conventional Breast Cancer Biomarkers: A Report From the Population-Based Multicenter Sweden Cancerome Analysis Network—Breast Initiative [superseries],https://www.ncbi.nlm.nih.gov/geo/query/acc.cgi?acc=GSE24737,https://www.ncbi.nlm.nih.gov/geo/query/acc.cgi?acc=GSE81540
GSE24737,GSE87006,0,,2,,0,0,0,manual_review_required,Large scale screening for known fusion genes in cancer cell lines,CDK4 phosphorylation status and a linked gene expression profile predict sensitivity to Palbociclib [lines],https://www.ncbi.nlm.nih.gov/geo/query/acc.cgi?acc=GSE24737,https://www.ncbi.nlm.nih.gov/geo/query/acc.cgi?acc=GSE87006
GSE24737,GSE87008,0,,2,,0,0,0,manual_review_required,Large scale screening for known fusion genes in cancer cell lines,CDK4 phosphorylation status and a linked gene expression profile predict sensitivity to Palbociclib,https://www.ncbi.nlm.nih.gov/geo/query/acc.cgi?acc=GSE24737,https://www.ncbi.nlm.nih.gov/geo/query/acc.cgi?acc=GSE87008
GSE247819,GSE247822,9,complete_containment,0,,0,0,0,high_confidence_overlap,A functional genomics process for systematic dissection and mutation-specific target discovery in breast cancer PIK3CA hotspot mutations [RNA-seq],A functional genomics process for systematic dissection and mutation-specific target discovery in breast cancer PIK3CA hotspot mutations,https://www.ncbi.nlm.nih.gov/geo/query/acc.cgi?acc=GSE247819,https://www.ncbi.nlm.nih.gov/geo/query/acc.cgi?acc=GSE247822
GSE248131,GSE248132,6,complete_containment,0,,0,0,0,high_confidence_overlap,LARP6 promotes carcinogenic features of triple negative breast cancer cell line by directly modulating alternative splicing of associated genes [RNA-Seq],LARP6 promotes carcinogenic features of triple negative breast cancer cell line by directly modulating alternative splicing of associated genes,https://www.ncbi.nlm.nih.gov/geo/query/acc.cgi?acc=GSE248131,https://www.ncbi.nlm.nih.gov/geo/query/acc.cgi?acc=GSE248132
GSE248150,GSE248151,12,complete_containment,0,,0,0,0,high_confidence_overlap,Nitric oxide inhibits ten-eleven translocation DNA demethylase activity to regulate 5mC and 5hmC across the genome [RNA-seq],Nitric oxide inhibits Ten-eleven translocation DNA demethylase activity to regulate 5mC and 5hmC across the genome,https://www.ncbi.nlm.nih.gov/geo/query/acc.cgi?acc=GSE248150,https://www.ncbi.nlm.nih.gov/geo/query/acc.cgi?acc=GSE248151
GSE248294,GSE272312,0,,6,39393354,0,0,0,manual_review_required,Effect of long-term abemaiclicb and deletion of TP53 on gene expression in MCF7 cells,Effect of abemaiclicb and deletion of TP53 on gene expression in MCF7 cells at different timepoints,https://www.ncbi.nlm.nih.gov/geo/query/acc.cgi?acc=GSE248294,https://www.ncbi.nlm.nih.gov/geo/query/acc.cgi?acc=GSE272312
GSE248441,GSE248446,3,complete_containment,0,,0,0,0,high_confidence_overlap,MCF7 wild-type RNA profiling for i-motif DNA studies,i-motif studies,https://www.ncbi.nlm.nih.gov/geo/query/acc.cgi?acc=GSE248441,https://www.ncbi.nlm.nih.gov/geo/query/acc.cgi?acc=GSE248446
GSE248620,GSE248622,6,complete_containment,0,,0,0,0,high_confidence_overlap,Identification of differentially expressed tumour-related genes regulated by UHRF1 regulated  DNA methylation [RNA-Seq],Identification of differentially expressed tumour-related genes regulated by UHRF1 regulated  DNA methylation,https://www.ncbi.nlm.nih.gov/geo/query/acc.cgi?acc=GSE248620,https://www.ncbi.nlm.nih.gov/geo/query/acc.cgi?acc=GSE248622
GSE249322,GSE249323,6,complete_containment,0,,0,0,0,high_confidence_overlap,Dishevelled-1 regulates global transcriptomic changes in MDA-MB-231 triple negative breast cancer cells (RNA-Seq).,Dishevelled-1 regulates global transcriptomic changes in MDA-MB-231 triple negative breast cancer cells,https://www.ncbi.nlm.nih.gov/geo/query/acc.cgi?acc=GSE249322,https://www.ncbi.nlm.nih.gov/geo/query/acc.cgi?acc=GSE249323
GSE249573,GSE249574,40,complete_containment,0,,0,0,0,high_confidence_overlap,Cancer-stromal cell interactions in breast cancer brain metastases induce glycocalyx-mediated resistance to HER2-targeting therapies [RNA-seq],Cancer-stromal cell interactions in breast cancer brain metastases induce glycocalyx-mediated resistance to HER2-targeting therapies,https://www.ncbi.nlm.nih.gov/geo/query/acc.cgi?acc=GSE249573,https://www.ncbi.nlm.nih.gov/geo/query/acc.cgi?acc=GSE249574
GSE249723,GSE266408,36,complete_containment,0,,0,0,0,high_confidence_overlap,ESR1 fusions invoke breast cancer subtype-dependent enrichment of ligand independent oncogenic signatures and phenotypes [RNA-seq],ESR1 fusions invoke breast cancer subtype-dependent enrichment of ligand independent oncogenic signatures and phenotypes,https://www.ncbi.nlm.nih.gov/geo/query/acc.cgi?acc=GSE249723,https://www.ncbi.nlm.nih.gov/geo/query/acc.cgi?acc=GSE266408
GSE249943,GSE249945,12,complete_containment,0,,0,0,0,high_confidence_overlap,Breast cancer cells can recognize and respond to different levels of progestins to achieve different phenotypic outputs [RNA-seq],Breast cancer cells can recognize and respond to different levels of progestins to achieve different phenotypic outputs,https://www.ncbi.nlm.nih.gov/geo/query/acc.cgi?acc=GSE249943,https://www.ncbi.nlm.nih.gov/geo/query/acc.cgi?acc=GSE249945
GSE250156,GSE250158,5,complete_containment,0,,0,0,0,high_confidence_overlap,An inflamed tumor cell subpopulation promotes chemotherapy resistance in triple negative breast cancer [scRNA-Seq],An inflamed tumor cell subpopulation promotes chemotherapy resistance in triple negative breast cancer,https://www.ncbi.nlm.nih.gov/geo/query/acc.cgi?acc=GSE250156,https://www.ncbi.nlm.nih.gov/geo/query/acc.cgi?acc=GSE250158
GSE250156,GSE58135,0,,1,,0,0,0,manual_review_required,An inflamed tumor cell subpopulation promotes chemotherapy resistance in triple negative breast cancer [scRNA-Seq],Breast Cancer RNA-seq,https://www.ncbi.nlm.nih.gov/geo/query/acc.cgi?acc=GSE250156,https://www.ncbi.nlm.nih.gov/geo/query/acc.cgi?acc=GSE58135
GSE250156,GSE59242,0,,1,,0,0,0,manual_review_required,An inflamed tumor cell subpopulation promotes chemotherapy resistance in triple negative breast cancer [scRNA-Seq],Profiling of human cancer breast cell lines (Affymetrix),https://www.ncbi.nlm.nih.gov/geo/query/acc.cgi?acc=GSE250156,https://www.ncbi.nlm.nih.gov/geo/query/acc.cgi?acc=GSE59242
GSE250156,GSE73526,0,,1,,0,0,0,manual_review_required,An inflamed tumor cell subpopulation promotes chemotherapy resistance in triple negative breast cancer [scRNA-Seq],"The Functional Genomic Landscape of Human Breast Cancer Drivers, Vulnerabilities, and Resistance (RNASeq)",https://www.ncbi.nlm.nih.gov/geo/query/acc.cgi?acc=GSE250156,https://www.ncbi.nlm.nih.gov/geo/query/acc.cgi?acc=GSE73526
GSE250156,GSE87006,0,,1,,0,0,0,manual_review_required,An inflamed tumor cell subpopulation promotes chemotherapy resistance in triple negative breast cancer [scRNA-Seq],CDK4 phosphorylation status and a linked gene expression profile predict sensitivity to Palbociclib [lines],https://www.ncbi.nlm.nih.gov/geo/query/acc.cgi?acc=GSE250156,https://www.ncbi.nlm.nih.gov/geo/query/acc.cgi?acc=GSE87006
GSE250156,GSE87008,0,,1,,0,0,0,manual_review_required,An inflamed tumor cell subpopulation promotes chemotherapy resistance in triple negative breast cancer [scRNA-Seq],CDK4 phosphorylation status and a linked gene expression profile predict sensitivity to Palbociclib,https://www.ncbi.nlm.nih.gov/geo/query/acc.cgi?acc=GSE250156,https://www.ncbi.nlm.nih.gov/geo/query/acc.cgi?acc=GSE87008
GSE250157,GSE250158,8,complete_containment,0,,0,0,0,high_confidence_overlap,An inflamed tumor cell subpopulation promotes chemotherapy resistance in triple negative breast cancer [RNA-Seq],An inflamed tumor cell subpopulation promotes chemotherapy resistance in triple negative breast cancer,https://www.ncbi.nlm.nih.gov/geo/query/acc.cgi?acc=GSE250157,https://www.ncbi.nlm.nih.gov/geo/query/acc.cgi?acc=GSE250158
GSE250158,GSE58135,0,,1,,0,0,0,manual_review_required,An inflamed tumor cell subpopulation promotes chemotherapy resistance in triple negative breast cancer,Breast Cancer RNA-seq,https://www.ncbi.nlm.nih.gov/geo/query/acc.cgi?acc=GSE250158,https://www.ncbi.nlm.nih.gov/geo/query/acc.cgi?acc=GSE58135
GSE250158,GSE59242,0,,1,,0,0,0,manual_review_required,An inflamed tumor cell subpopulation promotes chemotherapy resistance in triple negative breast cancer,Profiling of human cancer breast cell lines (Affymetrix),https://www.ncbi.nlm.nih.gov/geo/query/acc.cgi?acc=GSE250158,https://www.ncbi.nlm.nih.gov/geo/query/acc.cgi?acc=GSE59242
GSE250158,GSE73526,0,,1,,0,0,0,manual_review_required,An inflamed tumor cell subpopulation promotes chemotherapy resistance in triple negative breast cancer,"The Functional Genomic Landscape of Human Breast Cancer Drivers, Vulnerabilities, and Resistance (RNASeq)",https://www.ncbi.nlm.nih.gov/geo/query/acc.cgi?acc=GSE250158,https://www.ncbi.nlm.nih.gov/geo/query/acc.cgi?acc=GSE73526
GSE250158,GSE87006,0,,1,,0,0,0,manual_review_required,An inflamed tumor cell subpopulation promotes chemotherapy resistance in triple negative breast cancer,CDK4 phosphorylation status and a linked gene expression profile predict sensitivity to Palbociclib [lines],https://www.ncbi.nlm.nih.gov/geo/query/acc.cgi?acc=GSE250158,https://www.ncbi.nlm.nih.gov/geo/query/acc.cgi?acc=GSE87006
GSE250158,GSE87008,0,,1,,0,0,0,manual_review_required,An inflamed tumor cell subpopulation promotes chemotherapy resistance in triple negative breast cancer,CDK4 phosphorylation status and a linked gene expression profile predict sensitivity to Palbociclib,https://www.ncbi.nlm.nih.gov/geo/query/acc.cgi?acc=GSE250158,https://www.ncbi.nlm.nih.gov/geo/query/acc.cgi?acc=GSE87008
GSE25055,GSE25066,310,complete_containment,0,,0,0,0,high_confidence_overlap,Discovery cohort for genomic predictor of response and survival following neoadjuvant taxane-anthracycline chemotherapy in breast cancer,Genomic predictor of response and survival following neoadjuvant taxane-anthracycline chemotherapy in breast cancer,https://www.ncbi.nlm.nih.gov/geo/query/acc.cgi?acc=GSE25055,https://www.ncbi.nlm.nih.gov/geo/query/acc.cgi?acc=GSE25066
GSE250561,GSE250562,12,complete_containment,0,,0,0,0,high_confidence_overlap,ANP32E drives vulnerabiliy to ATR inhibitors in Triple Negative Breast Cancer by accumulation of R-loops [RNA-Seq],ANP32E drives vulnerabiliy to ATR inhibitors in Triple Negative Breast Cancer by accumulation of R-loops,https://www.ncbi.nlm.nih.gov/geo/query/acc.cgi?acc=GSE250561,https://www.ncbi.nlm.nih.gov/geo/query/acc.cgi?acc=GSE250562
GSE250632,GSE251710,12,complete_containment,0,,0,0,0,high_confidence_overlap,MDA-MB-468 cells treated with docetaxel or EZH2i+AKTi I,MDA-MB-468 cells treated with docetaxel or EZH2i+AKTi,https://www.ncbi.nlm.nih.gov/geo/query/acc.cgi?acc=GSE250632,https://www.ncbi.nlm.nih.gov/geo/query/acc.cgi?acc=GSE251710
GSE25065,GSE25066,198,complete_containment,0,,0,0,0,high_confidence_overlap,Validation cohort for genomic predictor of response and survival following neoadjuvant taxane-anthracycline chemotherapy in breast cancer,Genomic predictor of response and survival following neoadjuvant taxane-anthracycline chemotherapy in breast cancer,https://www.ncbi.nlm.nih.gov/geo/query/acc.cgi?acc=GSE25065,https://www.ncbi.nlm.nih.gov/geo/query/acc.cgi?acc=GSE25066
GSE251651,GSE251654,9,complete_containment,0,,0,0,0,high_confidence_overlap,Altered Cofactor Recruitment and Nucleosome Dynamics Underlie Bisphenol A's Impact on Estrogen Receptor-Mediated Transcriptional Bursting [RNA-seq],Altered cofactor recruitment and nucleosome dynamics underlie bisphenol A's impact on ERα-mediated transcriptional bursting,https://www.ncbi.nlm.nih.gov/geo/query/acc.cgi?acc=GSE251651,https://www.ncbi.nlm.nih.gov/geo/query/acc.cgi?acc=GSE251654
GSE251708,GSE251710,24,complete_containment,0,,0,0,0,high_confidence_overlap,MDA-MB-468 cells treated with docetaxel or EZH2i+AKTi II,MDA-MB-468 cells treated with docetaxel or EZH2i+AKTi,https://www.ncbi.nlm.nih.gov/geo/query/acc.cgi?acc=GSE251708,https://www.ncbi.nlm.nih.gov/geo/query/acc.cgi?acc=GSE251710
GSE251873,GSE76487,0,,2,,0,0,0,manual_review_required,Loss of the lipid transfer protein STARD7 triggers metabolic reprogramming and an epigenetic-mediated cell cycle arrest in breast cancer,MBNL1-dependent modulation of gene expression in MDA-MB-231 breast cancer cells,https://www.ncbi.nlm.nih.gov/geo/query/acc.cgi?acc=GSE251873,https://www.ncbi.nlm.nih.gov/geo/query/acc.cgi?acc=GSE76487
GSE251873,GSE76488,0,,2,,0,0,0,manual_review_required,Loss of the lipid transfer protein STARD7 triggers metabolic reprogramming and an epigenetic-mediated cell cycle arrest in breast cancer,Muscleblind-like 1 suppresses breast cancer metastatic colonization and stabilizes metastasis suppressor transcripts,https://www.ncbi.nlm.nih.gov/geo/query/acc.cgi?acc=GSE251873,https://www.ncbi.nlm.nih.gov/geo/query/acc.cgi?acc=GSE76488
GSE25231,GSE25234,91,complete_containment,0,,0,0,0,high_confidence_overlap,Expression Profiling of Formalin-Fixed Parafin-Embedded Primary Breast Tumors DASL Cancer Panel,Expression Profiling of Formalin-Fixed Parafin-Embedded Primary Breast Tumors,https://www.ncbi.nlm.nih.gov/geo/query/acc.cgi?acc=GSE25231,https://www.ncbi.nlm.nih.gov/geo/query/acc.cgi?acc=GSE25234
GSE25233,GSE25234,40,complete_containment,0,,0,0,0,high_confidence_overlap,Expression Profiling of Formalin-Fixed Parafin-Embedded Primary Breast Tumors Whole Genome DASL,Expression Profiling of Formalin-Fixed Parafin-Embedded Primary Breast Tumors,https://www.ncbi.nlm.nih.gov/geo/query/acc.cgi?acc=GSE25233,https://www.ncbi.nlm.nih.gov/geo/query/acc.cgi?acc=GSE25234
GSE25291,GSE25292,21,complete_containment,0,,0,0,0,high_confidence_overlap,Altered antisense-to-sense transcript ratios in breast cancer: Sage-Seq,Altered antisense-to-sense transcript ratios in breast cancer,https://www.ncbi.nlm.nih.gov/geo/query/acc.cgi?acc=GSE25291,https://www.ncbi.nlm.nih.gov/geo/query/acc.cgi?acc=GSE25292
GSE25291,GSE32017,6,partial_overlap,0,,0,0,0,high_confidence_overlap,Altered antisense-to-sense transcript ratios in breast cancer: Sage-Seq,Molecular profiling of human mammary gland links breast cancer risk to a p27+ cell population with progenitor characteristics,https://www.ncbi.nlm.nih.gov/geo/query/acc.cgi?acc=GSE25291,https://www.ncbi.nlm.nih.gov/geo/query/acc.cgi?acc=GSE32017
GSE25292,GSE25932,3,complete_containment,0,,0,0,0,high_confidence_overlap,Altered antisense-to-sense transcript ratios in breast cancer,Altered antisense-to-sense transcript ratios in breast cancer: ASSAGE,https://www.ncbi.nlm.nih.gov/geo/query/acc.cgi?acc=GSE25292,https://www.ncbi.nlm.nih.gov/geo/query/acc.cgi?acc=GSE25932
GSE25292,GSE26000,4,complete_containment,0,,0,0,0,high_confidence_overlap,Altered antisense-to-sense transcript ratios in breast cancer,Altered antisense-to-sense transcript ratios in breast cancer: Agilent,https://www.ncbi.nlm.nih.gov/geo/query/acc.cgi?acc=GSE25292,https://www.ncbi.nlm.nih.gov/geo/query/acc.cgi?acc=GSE26000
GSE25292,GSE32017,6,partial_overlap,0,,0,0,0,high_confidence_overlap,Altered antisense-to-sense transcript ratios in breast cancer,Molecular profiling of human mammary gland links breast cancer risk to a p27+ cell population with progenitor characteristics,https://www.ncbi.nlm.nih.gov/geo/query/acc.cgi?acc=GSE25292,https://www.ncbi.nlm.nih.gov/geo/query/acc.cgi?acc=GSE32017
GSE252950,GSE253036,9,complete_containment,0,,0,0,0,high_confidence_overlap,Tumor Cell JAGGED-1 Promotes Lymph Node Metastasis and Predicts Recurrence in Lymph Node Positive Breast Cancer Patients [MDA231LN_JAG1_KO1_KO2],Tumor Cell JAGGED-1 Promotes Lymph Node Metastasis and Predicts Recurrence in Lymph Node Positive Breast Cancer Patients,https://www.ncbi.nlm.nih.gov/geo/query/acc.cgi?acc=GSE252950,https://www.ncbi.nlm.nih.gov/geo/query/acc.cgi?acc=GSE253036
GSE252952,GSE253036,6,complete_containment,0,,0,0,0,high_confidence_overlap,Tumor Cell JAGGED-1 Promotes Lymph Node Metastasis and Predicts Recurrence in Lymph Node Positive Breast Cancer Patients [MDA231LN_JAG1_KO1cnt_KO1rescue],Tumor Cell JAGGED-1 Promotes Lymph Node Metastasis and Predicts Recurrence in Lymph Node Positive Breast Cancer Patients,https://www.ncbi.nlm.nih.gov/geo/query/acc.cgi?acc=GSE252952,https://www.ncbi.nlm.nih.gov/geo/query/acc.cgi?acc=GSE253036
GSE252953,GSE253036,6,complete_containment,0,,0,0,0,high_confidence_overlap,Tumor Cell JAGGED-1 Promotes Lymph Node Metastasis and Predicts Recurrence in Lymph Node Positive Breast Cancer Patients [hdLEC_JAG1_TLA],Tumor Cell JAGGED-1 Promotes Lymph Node Metastasis and Predicts Recurrence in Lymph Node Positive Breast Cancer Patients,https://www.ncbi.nlm.nih.gov/geo/query/acc.cgi?acc=GSE252953,https://www.ncbi.nlm.nih.gov/geo/query/acc.cgi?acc=GSE253036
GSE253035,GSE253036,6,complete_containment,0,,0,0,0,high_confidence_overlap,Tumor Cell JAGGED-1 Promotes Lymph Node Metastasis and Predicts Recurrence in Lymph Node Positive Breast Cancer Patients [MDA231-P_MDA231-LN],Tumor Cell JAGGED-1 Promotes Lymph Node Metastasis and Predicts Recurrence in Lymph Node Positive Breast Cancer Patients,https://www.ncbi.nlm.nih.gov/geo/query/acc.cgi?acc=GSE253035,https://www.ncbi.nlm.nih.gov/geo/query/acc.cgi?acc=GSE253036
GSE253237,GSE253239,27,complete_containment,0,,0,0,0,high_confidence_overlap,Global transcriptomics analysis for TDO2 alteration in human triple-negative breast cancer cell lines,Breast cancer cell lines,https://www.ncbi.nlm.nih.gov/geo/query/acc.cgi?acc=GSE253237,https://www.ncbi.nlm.nih.gov/geo/query/acc.cgi?acc=GSE253239
GSE253238,GSE253239,9,complete_containment,0,,0,0,0,high_confidence_overlap,Effect of TDO2/IDO dual inhibitor AT0174 on  human MDA-MB-453 breast cancer cells,Breast cancer cell lines,https://www.ncbi.nlm.nih.gov/geo/query/acc.cgi?acc=GSE253238,https://www.ncbi.nlm.nih.gov/geo/query/acc.cgi?acc=GSE253239
GSE253572,GSE253587,101,complete_containment,0,,0,0,0,high_confidence_overlap,Deconvolution of regulatory T cell heterogeneity identifies cycling precursors as conductors of immune escape during breast carcinoma progression,Deconvolution of regulatory T cell heterogeneity identifies cycling precursors as conductors of immune escape during breast carcinoma progression,https://www.ncbi.nlm.nih.gov/geo/query/acc.cgi?acc=GSE253572,https://www.ncbi.nlm.nih.gov/geo/query/acc.cgi?acc=GSE253587
GSE253683,GSE81540,0,,3,,0,0,0,manual_review_required,Effects of Huaier of different TNBC cells on gene expression.,Clinical Value of RNA Sequencing–Based Classifiers for Prediction of the Five Conventional Breast Cancer Biomarkers: A Report From the Population-Based Multicenter Sweden Cancerome Analysis Network—Breast Initiative [superseries],https://www.ncbi.nlm.nih.gov/geo/query/acc.cgi?acc=GSE253683,https://www.ncbi.nlm.nih.gov/geo/query/acc.cgi?acc=GSE81540
GSE253683,GSE96058,0,,3,,0,0,0,manual_review_required,Effects of Huaier of different TNBC cells on gene expression.,Clinical Value of RNA Sequencing–Based Classifiers for Prediction of the Five Conventional Breast Cancer Biomarkers: A Report From the Population-Based Multicenter Sweden Cancerome Analysis Network—Breast Initiative [cohort 3273],https://www.ncbi.nlm.nih.gov/geo/query/acc.cgi?acc=GSE253683,https://www.ncbi.nlm.nih.gov/geo/query/acc.cgi?acc=GSE96058
GSE25428,GSE25429,95,complete_containment,0,,0,0,0,high_confidence_overlap,Gene expression profiles of ovarian cancer cell lines in the presence and absence of a DNA methyltransferase inhibitor,Gene expression profiles of primary cultured ovarian cells and ovarian cancer cell lines in the presence and absence of a DNA methyltransferase inhibitor,https://www.ncbi.nlm.nih.gov/geo/query/acc.cgi?acc=GSE25428,https://www.ncbi.nlm.nih.gov/geo/query/acc.cgi?acc=GSE25429
GSE254413,GSE254414,6,complete_containment,0,,0,0,0,high_confidence_overlap,Loss of ZNF408 Is Linked to Immune Escape in Breast Carcinogenesis [RNA-seq],Loss of ZNF408 Is Linked to Immune Escape in Breast Carcinogenesis.,https://www.ncbi.nlm.nih.gov/geo/query/acc.cgi?acc=GSE254413,https://www.ncbi.nlm.nih.gov/geo/query/acc.cgi?acc=GSE254414
GSE255392,GSE255393,6,complete_containment,0,,0,0,0,high_confidence_overlap,Resf1 is a compound G4 quadruplex-associated tumor suppressor for triple negative breast cancer V,Resf1 is a compound G4 quadruplex-associated tumor suppressor for triple negative breast cancer,https://www.ncbi.nlm.nih.gov/geo/query/acc.cgi?acc=GSE255392,https://www.ncbi.nlm.nih.gov/geo/query/acc.cgi?acc=GSE255393
GSE259249,GSE259252,63,complete_containment,0,,0,0,0,high_confidence_overlap,ZBTB7A is a modulator of KDM5-driven transcriptional networks in basal breast cancer  (RNA-Seq),ZBTB7A is a modulator of KDM5-driven transcriptional networks in basal breast cancer ,https://www.ncbi.nlm.nih.gov/geo/query/acc.cgi?acc=GSE259249,https://www.ncbi.nlm.nih.gov/geo/query/acc.cgi?acc=GSE259252
GSE259252,GSE263161,4,complete_containment,0,,0,0,0,high_confidence_overlap,ZBTB7A is a modulator of KDM5-driven transcriptional networks in basal breast cancer ,ZBTB7A is a modulator of KDM5-driven transcriptional networks in basal breast cancer  (scRNA-seq),https://www.ncbi.nlm.nih.gov/geo/query/acc.cgi?acc=GSE259252,https://www.ncbi.nlm.nih.gov/geo/query/acc.cgi?acc=GSE263161
GSE25972,GSE46073,0,,1,,0,0,0,manual_review_required,expression of human and mouse breast cancer cell lines,Gene expression and genome-wide location analysis of breast cancer cell-lines,https://www.ncbi.nlm.nih.gov/geo/query/acc.cgi?acc=GSE25972,https://www.ncbi.nlm.nih.gov/geo/query/acc.cgi?acc=GSE46073
GSE25972,GSE46834,0,,1,,0,0,0,manual_review_required,expression of human and mouse breast cancer cell lines,Gene expression profiles of human breast cancer cell lines,https://www.ncbi.nlm.nih.gov/geo/query/acc.cgi?acc=GSE25972,https://www.ncbi.nlm.nih.gov/geo/query/acc.cgi?acc=GSE46834
GSE25972,GSE58135,0,,1,,0,0,0,manual_review_required,expression of human and mouse breast cancer cell lines,Breast Cancer RNA-seq,https://www.ncbi.nlm.nih.gov/geo/query/acc.cgi?acc=GSE25972,https://www.ncbi.nlm.nih.gov/geo/query/acc.cgi?acc=GSE58135
GSE25972,GSE73526,0,,1,,0,0,0,manual_review_required,expression of human and mouse breast cancer cell lines,"The Functional Genomic Landscape of Human Breast Cancer Drivers, Vulnerabilities, and Resistance (RNASeq)",https://www.ncbi.nlm.nih.gov/geo/query/acc.cgi?acc=GSE25972,https://www.ncbi.nlm.nih.gov/geo/query/acc.cgi?acc=GSE73526
GSE2603,GSE30489,0,,1,,0,0,0,manual_review_required,Subpopulations of MDA-MB-231 and Primary Breast Cancers,Defining the cellular precursors to human breast cancer,https://www.ncbi.nlm.nih.gov/geo/query/acc.cgi?acc=GSE2603,https://www.ncbi.nlm.nih.gov/geo/query/acc.cgi?acc=GSE30489
GSE2603,GSE3353,0,,1,,0,0,0,manual_review_required,Subpopulations of MDA-MB-231 and Primary Breast Cancers,A comparison of gene expression signatures from breast tumors and breast tissue derived cell lines,https://www.ncbi.nlm.nih.gov/geo/query/acc.cgi?acc=GSE2603,https://www.ncbi.nlm.nih.gov/geo/query/acc.cgi?acc=GSE3353
GSE2603,GSE44354,0,,1,,0,0,0,manual_review_required,Subpopulations of MDA-MB-231 and Primary Breast Cancers,Identification of novel metastases-suppressor genes involved in breast cancer brain metastases (BCBM) formation,https://www.ncbi.nlm.nih.gov/geo/query/acc.cgi?acc=GSE2603,https://www.ncbi.nlm.nih.gov/geo/query/acc.cgi?acc=GSE44354
GSE2603,GSE50470,0,,1,,0,0,0,manual_review_required,Subpopulations of MDA-MB-231 and Primary Breast Cancers,Characterization of Cell Lines Derived from Breast Cancers and Normal Mammary Tissues for the Study of the Intrinsic Molecular Subtypes,https://www.ncbi.nlm.nih.gov/geo/query/acc.cgi?acc=GSE2603,https://www.ncbi.nlm.nih.gov/geo/query/acc.cgi?acc=GSE50470
GSE2603,GSE52643,0,,1,,0,0,0,manual_review_required,Subpopulations of MDA-MB-231 and Primary Breast Cancers,Fusion discovery in breast cancer cell line,https://www.ncbi.nlm.nih.gov/geo/query/acc.cgi?acc=GSE2603,https://www.ncbi.nlm.nih.gov/geo/query/acc.cgi?acc=GSE52643
GSE2603,GSE73526,0,,1,,0,0,0,manual_review_required,Subpopulations of MDA-MB-231 and Primary Breast Cancers,"The Functional Genomic Landscape of Human Breast Cancer Drivers, Vulnerabilities, and Resistance (RNASeq)",https://www.ncbi.nlm.nih.gov/geo/query/acc.cgi?acc=GSE2603,https://www.ncbi.nlm.nih.gov/geo/query/acc.cgi?acc=GSE73526
GSE2603,GSE81032,0,,1,,0,0,0,manual_review_required,Subpopulations of MDA-MB-231 and Primary Breast Cancers,Comparative proteomics and transcriptomics study of signaling network proteins across multiple normal and cancer cell lines,https://www.ncbi.nlm.nih.gov/geo/query/acc.cgi?acc=GSE2603,https://www.ncbi.nlm.nih.gov/geo/query/acc.cgi?acc=GSE81032
GSE260485,GSE260486,15,complete_containment,0,,0,0,0,high_confidence_overlap,Fasting boosts breast cancer therapy efficacy via glucocorticoid activation (RNA-Seq),Fasting boosts breast cancer therapy efficacy via glucocorticoid activation,https://www.ncbi.nlm.nih.gov/geo/query/acc.cgi?acc=GSE260485,https://www.ncbi.nlm.nih.gov/geo/query/acc.cgi?acc=GSE260486
GSE2607,GSE26338,105,near_containment,0,,0,0,0,high_confidence_overlap,Biological Classification of Breast Cancer by Real-Time Quantitative RTPCR: Comparisons to Microarray and Histopathology,"Genomic analysis identifies unique signatures predictive of brain, lung, and liver relapse",https://www.ncbi.nlm.nih.gov/geo/query/acc.cgi?acc=GSE2607,https://www.ncbi.nlm.nih.gov/geo/query/acc.cgi?acc=GSE26338
GSE2607,GSE2740,101,near_containment,0,,0,0,0,high_confidence_overlap,Biological Classification of Breast Cancer by Real-Time Quantitative RTPCR: Comparisons to Microarray and Histopathology,Estrogen-regulated genes predict survival in estrogen receptor and/or progesterone receptor-positive breast cancers,https://www.ncbi.nlm.nih.gov/geo/query/acc.cgi?acc=GSE2607,https://www.ncbi.nlm.nih.gov/geo/query/acc.cgi?acc=GSE2740
GSE2607,GSE2741,101,near_containment,0,,0,0,0,high_confidence_overlap,Biological Classification of Breast Cancer by Real-Time Quantitative RTPCR: Comparisons to Microarray and Histopathology,Breast Tumor's study,https://www.ncbi.nlm.nih.gov/geo/query/acc.cgi?acc=GSE2607,https://www.ncbi.nlm.nih.gov/geo/query/acc.cgi?acc=GSE2741
GSE2607,GSE3165,101,near_containment,0,,0,0,0,high_confidence_overlap,Biological Classification of Breast Cancer by Real-Time Quantitative RTPCR: Comparisons to Microarray and Histopathology,Identification of conserved gene expression features across human and murine mammary tumors,https://www.ncbi.nlm.nih.gov/geo/query/acc.cgi?acc=GSE2607,https://www.ncbi.nlm.nih.gov/geo/query/acc.cgi?acc=GSE3165
GSE2607,GSE3521,97,partial_overlap,0,,0,0,0,high_confidence_overlap,Biological Classification of Breast Cancer by Real-Time Quantitative RTPCR: Comparisons to Microarray and Histopathology,A compact VEGF signature associated with distant metastases and poor outcomes,https://www.ncbi.nlm.nih.gov/geo/query/acc.cgi?acc=GSE2607,https://www.ncbi.nlm.nih.gov/geo/query/acc.cgi?acc=GSE3521
GSE2607,GSE6130,76,partial_overlap,0,,0,0,0,high_confidence_overlap,Biological Classification of Breast Cancer by Real-Time Quantitative RTPCR: Comparisons to Microarray and Histopathology,Agreement in Breast Cancer Classification between Microarray and qRT-PCR from Fresh-Frozen and Formalin-Fixed Tissues,https://www.ncbi.nlm.nih.gov/geo/query/acc.cgi?acc=GSE2607,https://www.ncbi.nlm.nih.gov/geo/query/acc.cgi?acc=GSE6130
GSE26082,GSE28860,40,complete_containment,0,,0,0,0,high_confidence_overlap,Prototypes for 4x44K PAM50 Subtyping,"WU-BC 3, 4, and 5 PAM50 Subtypes with Passage and Gene Expression Comparison Between Xenografts and Primary Tumors",https://www.ncbi.nlm.nih.gov/geo/query/acc.cgi?acc=GSE26082,https://www.ncbi.nlm.nih.gov/geo/query/acc.cgi?acc=GSE28860
GSE26082,GSE29442,1,partial_overlap,0,,0,0,0,high_confidence_overlap,Prototypes for 4x44K PAM50 Subtyping,BRC77 Agilent Gene Expression Arrays,https://www.ncbi.nlm.nih.gov/geo/query/acc.cgi?acc=GSE26082,https://www.ncbi.nlm.nih.gov/geo/query/acc.cgi?acc=GSE29442
GSE26082,GSE35186,8,partial_overlap,0,,0,0,0,high_confidence_overlap,Prototypes for 4x44K PAM50 Subtyping,Paradigm Test Set Expression Array,https://www.ncbi.nlm.nih.gov/geo/query/acc.cgi?acc=GSE26082,https://www.ncbi.nlm.nih.gov/geo/query/acc.cgi?acc=GSE35186
GSE26082,GSE35191,8,partial_overlap,0,,0,0,0,high_confidence_overlap,Prototypes for 4x44K PAM50 Subtyping,Paradigm Test Set,https://www.ncbi.nlm.nih.gov/geo/query/acc.cgi?acc=GSE26082,https://www.ncbi.nlm.nih.gov/geo/query/acc.cgi?acc=GSE35191
GSE261192,GSE261195,18,complete_containment,0,,0,0,0,high_confidence_overlap,CDKN1B (p27kip1) enhances drug tolerant persister CTCs by restricting polyploidy following mitotic inhibitors [CTClineRNAseq],CDKN1B (p27kip1) enhances drug tolerant persister CTCs by restricting polyploidy following mitotic inhibitors.,https://www.ncbi.nlm.nih.gov/geo/query/acc.cgi?acc=GSE261192,https://www.ncbi.nlm.nih.gov/geo/query/acc.cgi?acc=GSE261195
GSE261193,GSE261195,45,complete_containment,0,,0,0,0,high_confidence_overlap,CDKN1B (p27kip1) enhances drug tolerant persister CTCs by restricting polyploidy following mitotic inhibitors [docetaxelRNAseq],CDKN1B (p27kip1) enhances drug tolerant persister CTCs by restricting polyploidy following mitotic inhibitors.,https://www.ncbi.nlm.nih.gov/geo/query/acc.cgi?acc=GSE261193,https://www.ncbi.nlm.nih.gov/geo/query/acc.cgi?acc=GSE261195
GSE261194,GSE261195,257,complete_containment,0,,0,0,0,high_confidence_overlap,CDKN1B (p27kip1) enhances drug tolerant persister CTCs by restricting polyploidy following mitotic inhibitors [scRNAseq],CDKN1B (p27kip1) enhances drug tolerant persister CTCs by restricting polyploidy following mitotic inhibitors.,https://www.ncbi.nlm.nih.gov/geo/query/acc.cgi?acc=GSE261194,https://www.ncbi.nlm.nih.gov/geo/query/acc.cgi?acc=GSE261195
GSE262001,GSE262009,12,complete_containment,0,,0,0,0,high_confidence_overlap,Gene expression profiling of Triple Negative Breast Cancer MB157 cells and GSI-resistant MB157R cells upon induction of Notch1 or Sox2 signaling.,Reciprocal inhibition of NOTCH and SOX2 shapes tumor cell plasticity and therapeutic escape in triple negative breast cancer.,https://www.ncbi.nlm.nih.gov/geo/query/acc.cgi?acc=GSE262001,https://www.ncbi.nlm.nih.gov/geo/query/acc.cgi?acc=GSE262009
GSE262110,GSE28866,0,,1,,0,0,0,manual_review_required,Patient-derived response estimates from zero-passage organoids of luminal breast cancer,Transcriptional profiling of lncRNAs and novel transcribed regions across a diverse panel of archived human cancers,https://www.ncbi.nlm.nih.gov/geo/query/acc.cgi?acc=GSE262110,https://www.ncbi.nlm.nih.gov/geo/query/acc.cgi?acc=GSE28866
GSE262110,GSE40559,0,,1,,0,0,0,manual_review_required,Patient-derived response estimates from zero-passage organoids of luminal breast cancer,Gene expression profiles of 5 cancer cell lines,https://www.ncbi.nlm.nih.gov/geo/query/acc.cgi?acc=GSE262110,https://www.ncbi.nlm.nih.gov/geo/query/acc.cgi?acc=GSE40559
GSE262110,GSE52643,0,,1,,0,0,0,manual_review_required,Patient-derived response estimates from zero-passage organoids of luminal breast cancer,Fusion discovery in breast cancer cell line,https://www.ncbi.nlm.nih.gov/geo/query/acc.cgi?acc=GSE262110,https://www.ncbi.nlm.nih.gov/geo/query/acc.cgi?acc=GSE52643
GSE262110,GSE57083,0,,1,,0,0,0,manual_review_required,Patient-derived response estimates from zero-passage organoids of luminal breast cancer,Expression data from AstraZeneca internal cell lines,https://www.ncbi.nlm.nih.gov/geo/query/acc.cgi?acc=GSE262110,https://www.ncbi.nlm.nih.gov/geo/query/acc.cgi?acc=GSE57083
GSE262110,GSE58135,0,,1,,0,0,0,manual_review_required,Patient-derived response estimates from zero-passage organoids of luminal breast cancer,Breast Cancer RNA-seq,https://www.ncbi.nlm.nih.gov/geo/query/acc.cgi?acc=GSE262110,https://www.ncbi.nlm.nih.gov/geo/query/acc.cgi?acc=GSE58135
GSE262110,GSE59242,0,,1,,0,0,0,manual_review_required,Patient-derived response estimates from zero-passage organoids of luminal breast cancer,Profiling of human cancer breast cell lines (Affymetrix),https://www.ncbi.nlm.nih.gov/geo/query/acc.cgi?acc=GSE262110,https://www.ncbi.nlm.nih.gov/geo/query/acc.cgi?acc=GSE59242
GSE262110,GSE73526,0,,3,,0,0,0,manual_review_required,Patient-derived response estimates from zero-passage organoids of luminal breast cancer,"The Functional Genomic Landscape of Human Breast Cancer Drivers, Vulnerabilities, and Resistance (RNASeq)",https://www.ncbi.nlm.nih.gov/geo/query/acc.cgi?acc=GSE262110,https://www.ncbi.nlm.nih.gov/geo/query/acc.cgi?acc=GSE73526
GSE262110,GSE87006,0,,2,,0,0,0,manual_review_required,Patient-derived response estimates from zero-passage organoids of luminal breast cancer,CDK4 phosphorylation status and a linked gene expression profile predict sensitivity to Palbociclib [lines],https://www.ncbi.nlm.nih.gov/geo/query/acc.cgi?acc=GSE262110,https://www.ncbi.nlm.nih.gov/geo/query/acc.cgi?acc=GSE87006
GSE262110,GSE87008,0,,2,,0,0,0,manual_review_required,Patient-derived response estimates from zero-passage organoids of luminal breast cancer,CDK4 phosphorylation status and a linked gene expression profile predict sensitivity to Palbociclib,https://www.ncbi.nlm.nih.gov/geo/query/acc.cgi?acc=GSE262110,https://www.ncbi.nlm.nih.gov/geo/query/acc.cgi?acc=GSE87008
GSE26304,GSE29581,0,,10,,0,0,0,manual_review_required,Molecular diversity in ductal carcinoma in situ (DCIS) and early invasive breast cancer,Lysyl oxidase-like 2 (LOXL2) a new regulator of cell polarity required for metastatic dissemination of basal-like breast carcinomas,https://www.ncbi.nlm.nih.gov/geo/query/acc.cgi?acc=GSE26304,https://www.ncbi.nlm.nih.gov/geo/query/acc.cgi?acc=GSE29581
GSE26304,GSE55639,0,,1,,0,0,0,manual_review_required,Molecular diversity in ductal carcinoma in situ (DCIS) and early invasive breast cancer,Expression profiling of papillary carcinoma of the breast,https://www.ncbi.nlm.nih.gov/geo/query/acc.cgi?acc=GSE26304,https://www.ncbi.nlm.nih.gov/geo/query/acc.cgi?acc=GSE55639
GSE26304,GSE55640,0,,1,,0,0,0,manual_review_required,Molecular diversity in ductal carcinoma in situ (DCIS) and early invasive breast cancer,SNP6 and expression profiling of papillary carcinoma of the breast,https://www.ncbi.nlm.nih.gov/geo/query/acc.cgi?acc=GSE26304,https://www.ncbi.nlm.nih.gov/geo/query/acc.cgi?acc=GSE55640
GSE26304,GSE87517,0,,1,,0,0,0,manual_review_required,Molecular diversity in ductal carcinoma in situ (DCIS) and early invasive breast cancer,Immune escape in breast cancer during in situ to invasive carcinoma transition,https://www.ncbi.nlm.nih.gov/geo/query/acc.cgi?acc=GSE26304,https://www.ncbi.nlm.nih.gov/geo/query/acc.cgi?acc=GSE87517
GSE26338,GSE2740,142,near_containment,0,,0,0,0,high_confidence_overlap,"Genomic analysis identifies unique signatures predictive of brain, lung, and liver relapse",Estrogen-regulated genes predict survival in estrogen receptor and/or progesterone receptor-positive breast cancers,https://www.ncbi.nlm.nih.gov/geo/query/acc.cgi?acc=GSE26338,https://www.ncbi.nlm.nih.gov/geo/query/acc.cgi?acc=GSE2740
GSE26338,GSE2741,152,near_containment,0,,0,0,0,high_confidence_overlap,"Genomic analysis identifies unique signatures predictive of brain, lung, and liver relapse",Breast Tumor's study,https://www.ncbi.nlm.nih.gov/geo/query/acc.cgi?acc=GSE26338,https://www.ncbi.nlm.nih.gov/geo/query/acc.cgi?acc=GSE2741
GSE26338,GSE3165,215,partial_overlap,0,,0,0,0,high_confidence_overlap,"Genomic analysis identifies unique signatures predictive of brain, lung, and liver relapse",Identification of conserved gene expression features across human and murine mammary tumors,https://www.ncbi.nlm.nih.gov/geo/query/acc.cgi?acc=GSE26338,https://www.ncbi.nlm.nih.gov/geo/query/acc.cgi?acc=GSE3165
GSE26338,GSE3521,179,near_containment,0,,0,0,0,high_confidence_overlap,"Genomic analysis identifies unique signatures predictive of brain, lung, and liver relapse",A compact VEGF signature associated with distant metastases and poor outcomes,https://www.ncbi.nlm.nih.gov/geo/query/acc.cgi?acc=GSE26338,https://www.ncbi.nlm.nih.gov/geo/query/acc.cgi?acc=GSE3521
GSE26338,GSE35629,0,,9,,0,0,0,manual_review_required,"Genomic analysis identifies unique signatures predictive of brain, lung, and liver relapse",Vimentin DNA Methylation Predicts Survival in Breast Cancer,https://www.ncbi.nlm.nih.gov/geo/query/acc.cgi?acc=GSE26338,https://www.ncbi.nlm.nih.gov/geo/query/acc.cgi?acc=GSE35629
GSE26338,GSE6128,58,partial_overlap,0,,0,0,0,high_confidence_overlap,"Genomic analysis identifies unique signatures predictive of brain, lung, and liver relapse",EGFR signaling varies with breast tumor subtype,https://www.ncbi.nlm.nih.gov/geo/query/acc.cgi?acc=GSE26338,https://www.ncbi.nlm.nih.gov/geo/query/acc.cgi?acc=GSE6128
GSE26338,GSE6130,137,near_containment,0,,0,0,0,high_confidence_overlap,"Genomic analysis identifies unique signatures predictive of brain, lung, and liver relapse",Agreement in Breast Cancer Classification between Microarray and qRT-PCR from Fresh-Frozen and Formalin-Fixed Tissues,https://www.ncbi.nlm.nih.gov/geo/query/acc.cgi?acc=GSE26338,https://www.ncbi.nlm.nih.gov/geo/query/acc.cgi?acc=GSE6130
GSE26349,GSE266680,0,,1,,0,0,0,manual_review_required,Breast Cancer Methylomes Establish an Epigenomic Foundation for Metastasis,Architecture of the neutrophil compartment in mice,https://www.ncbi.nlm.nih.gov/geo/query/acc.cgi?acc=GSE26349,https://www.ncbi.nlm.nih.gov/geo/query/acc.cgi?acc=GSE266680
GSE26349,GSE302031,0,,2,,0,0,0,manual_review_required,Breast Cancer Methylomes Establish an Epigenomic Foundation for Metastasis,"XMD8-92 and JWG-045 exhibit anti-ferroptotic activities, independently of inhibiting ERK5",https://www.ncbi.nlm.nih.gov/geo/query/acc.cgi?acc=GSE26349,https://www.ncbi.nlm.nih.gov/geo/query/acc.cgi?acc=GSE302031
GSE26349,GSE37340,0,,5,,0,0,0,manual_review_required,Breast Cancer Methylomes Establish an Epigenomic Foundation for Metastasis,Preference of mitochondrial respiration over the Warbürg effect in breast tumor initiating cells in conditions of oxygen and glucose deprivation.,https://www.ncbi.nlm.nih.gov/geo/query/acc.cgi?acc=GSE26349,https://www.ncbi.nlm.nih.gov/geo/query/acc.cgi?acc=GSE37340
GSE263728,GSE263731,8,complete_containment,0,,0,0,0,high_confidence_overlap,Impact of EMT-driven plasticity on phenotypic diversity dynamics under chemotherapy [organoids],EMT-driven plasticity prospectively increases cell-cell variability to promote therapeutic adaptation in breast cancer,https://www.ncbi.nlm.nih.gov/geo/query/acc.cgi?acc=GSE263728,https://www.ncbi.nlm.nih.gov/geo/query/acc.cgi?acc=GSE263731
GSE263729,GSE263731,12,complete_containment,0,,0,0,0,high_confidence_overlap,Impact of EMT-driven plasticity on phenotypic diversity dynamics under chemotherapy [spontaneous],EMT-driven plasticity prospectively increases cell-cell variability to promote therapeutic adaptation in breast cancer,https://www.ncbi.nlm.nih.gov/geo/query/acc.cgi?acc=GSE263729,https://www.ncbi.nlm.nih.gov/geo/query/acc.cgi?acc=GSE263731
GSE26411,GSE52783,0,,1,,0,0,0,manual_review_required,Interactions with Fibroblasts are Distinct in Basal-like and Luminal Breast Cancers,Over-expression of miR-146a in basal-like breast cancer cells confers enhanced tumorigenic potential in association with altered p53 status,https://www.ncbi.nlm.nih.gov/geo/query/acc.cgi?acc=GSE26411,https://www.ncbi.nlm.nih.gov/geo/query/acc.cgi?acc=GSE52783
GSE264252,GSE291966,0,,34,,0,0,0,manual_review_required,Targeting neddylation and sumoylation in chemoresistant triple negative breast cancer,An annotated biobank of triple negative breast cancer patient-derived xenografts featuring treatment-naïve and longitudinal samples throughout neoadjuvant chemotherapy,https://www.ncbi.nlm.nih.gov/geo/query/acc.cgi?acc=GSE264252,https://www.ncbi.nlm.nih.gov/geo/query/acc.cgi?acc=GSE291966
GSE264644,GSE270363,1,complete_containment,0,,0,0,0,high_confidence_overlap,Obtention of viable cell suspensions from breast cancer tumor biopsies for 3D chromatin conformation and single cell transcriptome analysis [scRNA-seq1],Obtention of viable cell suspensions from breast cancer tumor biopsies for 3D chromatin conformation and single cell transcriptome analysis,https://www.ncbi.nlm.nih.gov/geo/query/acc.cgi?acc=GSE264644,https://www.ncbi.nlm.nih.gov/geo/query/acc.cgi?acc=GSE270363
GSE264707,GSE264708,6,complete_containment,0,,0,0,0,high_confidence_overlap,Oncogenic transcription factors instruct promoter-enhancer hubs in individual triple negative breast cancer cells [RNA-seq],Oncogenic transcription factors instruct promoter-enhancer hubs in individual triple negative breast cancer cells,https://www.ncbi.nlm.nih.gov/geo/query/acc.cgi?acc=GSE264707,https://www.ncbi.nlm.nih.gov/geo/query/acc.cgi?acc=GSE264708
GSE26539,GSE50470,0,,4,,0,0,0,manual_review_required,Generation of tumor initiating cells by exogenous delivery of OCT4 transcription factor,Characterization of Cell Lines Derived from Breast Cancers and Normal Mammary Tissues for the Study of the Intrinsic Molecular Subtypes,https://www.ncbi.nlm.nih.gov/geo/query/acc.cgi?acc=GSE26539,https://www.ncbi.nlm.nih.gov/geo/query/acc.cgi?acc=GSE50470
GSE266011,GSE266013,36,complete_containment,0,,0,0,0,high_confidence_overlap,Effect of CRY2 stabilizer and proteasome inhibitor on the transcription of MDA-MB-231 cells [RNA-seq],Effect of CRY2 stabilizer and proteasome inhibitor on MDA-MB-231 cells,https://www.ncbi.nlm.nih.gov/geo/query/acc.cgi?acc=GSE266011,https://www.ncbi.nlm.nih.gov/geo/query/acc.cgi?acc=GSE266013
GSE266351,GSE266356,2,complete_containment,0,,0,0,0,high_confidence_overlap,Decoding gene expression heterogeneity in Triple Negative Breast Cancer [scRNA-seq],Decoding gene expression heterogeneity in Triple Negative Breast Cancer,https://www.ncbi.nlm.nih.gov/geo/query/acc.cgi?acc=GSE266351,https://www.ncbi.nlm.nih.gov/geo/query/acc.cgi?acc=GSE266356
GSE266354,GSE266356,2,complete_containment,0,,0,0,0,high_confidence_overlap,Decoding gene expression heterogeneity in Triple Negative Breast Cancer [bulk RNA-seq],Decoding gene expression heterogeneity in Triple Negative Breast Cancer,https://www.ncbi.nlm.nih.gov/geo/query/acc.cgi?acc=GSE266354,https://www.ncbi.nlm.nih.gov/geo/query/acc.cgi?acc=GSE266356
GSE266680,GSE48408,0,,2,,0,0,0,manual_review_required,Architecture of the neutrophil compartment in mice,Long non-coding RNA HOTAIR is an independent prognostic marker of metastasis in estrogen receptor positive primary breast cancer,https://www.ncbi.nlm.nih.gov/geo/query/acc.cgi?acc=GSE266680,https://www.ncbi.nlm.nih.gov/geo/query/acc.cgi?acc=GSE48408
GSE266680,GSE69240,0,,1,,0,0,0,manual_review_required,Architecture of the neutrophil compartment in mice,A Molecular Portrait Of High-Grade Ductal Carcinoma In Situ (DCIS) [RNA-seq],https://www.ncbi.nlm.nih.gov/geo/query/acc.cgi?acc=GSE266680,https://www.ncbi.nlm.nih.gov/geo/query/acc.cgi?acc=GSE69240
GSE266680,GSE81538,0,,1,,0,0,0,manual_review_required,Architecture of the neutrophil compartment in mice,Clinical Value of RNA Sequencing–Based Classifiers for Prediction of the Five Conventional Breast Cancer Biomarkers: A Report From the Population-Based Multicenter Sweden Cancerome Analysis Network—Breast Initiative [cohort 405],https://www.ncbi.nlm.nih.gov/geo/query/acc.cgi?acc=GSE266680,https://www.ncbi.nlm.nih.gov/geo/query/acc.cgi?acc=GSE81538
GSE266680,GSE81540,0,,1,,0,0,0,manual_review_required,Architecture of the neutrophil compartment in mice,Clinical Value of RNA Sequencing–Based Classifiers for Prediction of the Five Conventional Breast Cancer Biomarkers: A Report From the Population-Based Multicenter Sweden Cancerome Analysis Network—Breast Initiative [superseries],https://www.ncbi.nlm.nih.gov/geo/query/acc.cgi?acc=GSE266680,https://www.ncbi.nlm.nih.gov/geo/query/acc.cgi?acc=GSE81540
GSE266952,GSE280817,6,complete_containment,0,,0,0,0,high_confidence_overlap,Inflammation awakens dormant cancer cells by modulating epithelial-mesenchymal phenotypic state [scRNA-Seq],Inflammation awakens dormant cancer cells by modulating epithelial-mesenchymal phenotypic state,https://www.ncbi.nlm.nih.gov/geo/query/acc.cgi?acc=GSE266952,https://www.ncbi.nlm.nih.gov/geo/query/acc.cgi?acc=GSE280817
GSE266953,GSE280817,6,complete_containment,0,,0,0,0,high_confidence_overlap,Inflammation awakens dormant cancer cells by modulating epithelial-mesenchymal phenotypic state [RNA-Seq],Inflammation awakens dormant cancer cells by modulating epithelial-mesenchymal phenotypic state,https://www.ncbi.nlm.nih.gov/geo/query/acc.cgi?acc=GSE266953,https://www.ncbi.nlm.nih.gov/geo/query/acc.cgi?acc=GSE280817
GSE26740,GSE26741,6,complete_containment,0,,0,0,0,high_confidence_overlap,Activator protein-2γ is a critical determinant of estrogen receptor interactome formation and gene transcription in breast cancer [expression],Activator protein-2γ is a critical determinant of estrogen receptor interactome formation and gene transcription in breast cancer,https://www.ncbi.nlm.nih.gov/geo/query/acc.cgi?acc=GSE26740,https://www.ncbi.nlm.nih.gov/geo/query/acc.cgi?acc=GSE26741
GSE267442,GSE267444,16,complete_containment,0,,0,0,0,high_confidence_overlap,Identification of CLIC3 as a novel prognostic biomarker in triple-negative breast cancer via characteristic analysis (RNA-Seq),Identification of CLIC3 as a novel prognostic biomarker in triple-negative breast cancer via characteristic analysis,https://www.ncbi.nlm.nih.gov/geo/query/acc.cgi?acc=GSE267442,https://www.ncbi.nlm.nih.gov/geo/query/acc.cgi?acc=GSE267444
GSE269984,GSE270903,4,complete_containment,0,,0,0,0,high_confidence_overlap,Hypoxic Memory Mediates Prolonged Tumor Intrinsic Type I Interferon Suppression to Promote Breast Cancer Progression [RNA-Seq],Hypoxic Memory Mediates Prolonged Tumor Intrinsic Type I Interferon Suppression to Promote Breast Cancer Progression,https://www.ncbi.nlm.nih.gov/geo/query/acc.cgi?acc=GSE269984,https://www.ncbi.nlm.nih.gov/geo/query/acc.cgi?acc=GSE270903
GSE270362,GSE270363,1,complete_containment,0,,0,0,0,high_confidence_overlap,Obtention of viable cell suspensions from breast cancer tumor biopsies for 3D chromatin conformation and single cell transcriptome analysis [scRNA-seq 2],Obtention of viable cell suspensions from breast cancer tumor biopsies for 3D chromatin conformation and single cell transcriptome analysis,https://www.ncbi.nlm.nih.gov/geo/query/acc.cgi?acc=GSE270362,https://www.ncbi.nlm.nih.gov/geo/query/acc.cgi?acc=GSE270363
GSE272935,GSE272937,9,complete_containment,0,,0,0,0,high_confidence_overlap,Transcriptomes of UFMylation gene knockdown in human breast cancer cell treated with hypoxia for 6 hours [human],Transcriptomes of UFMylation gene knockdown in mouse and human cells treated with hypoxia,https://www.ncbi.nlm.nih.gov/geo/query/acc.cgi?acc=GSE272935,https://www.ncbi.nlm.nih.gov/geo/query/acc.cgi?acc=GSE272937
GSE2740,GSE2741,146,near_containment,0,,0,0,0,high_confidence_overlap,Estrogen-regulated genes predict survival in estrogen receptor and/or progesterone receptor-positive breast cancers,Breast Tumor's study,https://www.ncbi.nlm.nih.gov/geo/query/acc.cgi?acc=GSE2740,https://www.ncbi.nlm.nih.gov/geo/query/acc.cgi?acc=GSE2741
GSE2740,GSE3165,154,near_containment,0,,0,0,0,high_confidence_overlap,Estrogen-regulated genes predict survival in estrogen receptor and/or progesterone receptor-positive breast cancers,Identification of conserved gene expression features across human and murine mammary tumors,https://www.ncbi.nlm.nih.gov/geo/query/acc.cgi?acc=GSE2740,https://www.ncbi.nlm.nih.gov/geo/query/acc.cgi?acc=GSE3165
GSE2740,GSE3521,147,near_containment,0,,0,0,0,high_confidence_overlap,Estrogen-regulated genes predict survival in estrogen receptor and/or progesterone receptor-positive breast cancers,A compact VEGF signature associated with distant metastases and poor outcomes,https://www.ncbi.nlm.nih.gov/geo/query/acc.cgi?acc=GSE2740,https://www.ncbi.nlm.nih.gov/geo/query/acc.cgi?acc=GSE3521
GSE2740,GSE35629,0,,1,,0,0,0,manual_review_required,Estrogen-regulated genes predict survival in estrogen receptor and/or progesterone receptor-positive breast cancers,Vimentin DNA Methylation Predicts Survival in Breast Cancer,https://www.ncbi.nlm.nih.gov/geo/query/acc.cgi?acc=GSE2740,https://www.ncbi.nlm.nih.gov/geo/query/acc.cgi?acc=GSE35629
GSE2740,GSE6130,97,partial_overlap,0,,0,0,0,high_confidence_overlap,Estrogen-regulated genes predict survival in estrogen receptor and/or progesterone receptor-positive breast cancers,Agreement in Breast Cancer Classification between Microarray and qRT-PCR from Fresh-Frozen and Formalin-Fixed Tissues,https://www.ncbi.nlm.nih.gov/geo/query/acc.cgi?acc=GSE2740,https://www.ncbi.nlm.nih.gov/geo/query/acc.cgi?acc=GSE6130
GSE2741,GSE3165,143,near_containment,0,,0,0,0,high_confidence_overlap,Breast Tumor's study,Identification of conserved gene expression features across human and murine mammary tumors,https://www.ncbi.nlm.nih.gov/geo/query/acc.cgi?acc=GSE2741,https://www.ncbi.nlm.nih.gov/geo/query/acc.cgi?acc=GSE3165
GSE2741,GSE3521,137,near_containment,0,,0,0,0,high_confidence_overlap,Breast Tumor's study,A compact VEGF signature associated with distant metastases and poor outcomes,https://www.ncbi.nlm.nih.gov/geo/query/acc.cgi?acc=GSE2741,https://www.ncbi.nlm.nih.gov/geo/query/acc.cgi?acc=GSE3521
GSE2741,GSE35629,0,,1,,0,0,0,manual_review_required,Breast Tumor's study,Vimentin DNA Methylation Predicts Survival in Breast Cancer,https://www.ncbi.nlm.nih.gov/geo/query/acc.cgi?acc=GSE2741,https://www.ncbi.nlm.nih.gov/geo/query/acc.cgi?acc=GSE35629
GSE2741,GSE6130,86,partial_overlap,0,,0,0,0,high_confidence_overlap,Breast Tumor's study,Agreement in Breast Cancer Classification between Microarray and qRT-PCR from Fresh-Frozen and Formalin-Fixed Tissues,https://www.ncbi.nlm.nih.gov/geo/query/acc.cgi?acc=GSE2741,https://www.ncbi.nlm.nih.gov/geo/query/acc.cgi?acc=GSE6130
GSE274139,GSE274142,35,complete_containment,0,,0,0,0,high_confidence_overlap,Single-Cell RNA Sequencing Identifies Molecular Biomarkers Predicting Late Progression to CDK4/6 Inhibition in Patients with HR+/HER2- Metastatic Breast Cancer [tissue],Single-Cell RNA Sequencing Identifies Molecular Biomarkers Predicting Late Progression to CDK4/6 Inhibition in Patients with HR+/HER2- Metastatic Breast Cancer,https://www.ncbi.nlm.nih.gov/geo/query/acc.cgi?acc=GSE274139,https://www.ncbi.nlm.nih.gov/geo/query/acc.cgi?acc=GSE274142
GSE274141,GSE274142,54,complete_containment,0,,0,0,0,high_confidence_overlap,Single-Cell RNA Sequencing Identifies Molecular Biomarkers Predicting Late Progression to CDK4/6 Inhibition in Patients with HR+/HER2- Metastatic Breast Cancer [FFPE],Single-Cell RNA Sequencing Identifies Molecular Biomarkers Predicting Late Progression to CDK4/6 Inhibition in Patients with HR+/HER2- Metastatic Breast Cancer,https://www.ncbi.nlm.nih.gov/geo/query/acc.cgi?acc=GSE274141,https://www.ncbi.nlm.nih.gov/geo/query/acc.cgi?acc=GSE274142
GSE274401,GSE274409,9,complete_containment,0,,0,0,0,high_confidence_overlap,Disruption of ARID1B recruitment to the nuclear pore complex as a new anticancer therapeutic strategy [RNA-seq],Disruption of ARID1B recruitment to the nuclear pore complex as a new anticancer therapeutic strategy,https://www.ncbi.nlm.nih.gov/geo/query/acc.cgi?acc=GSE274401,https://www.ncbi.nlm.nih.gov/geo/query/acc.cgi?acc=GSE274409
GSE274409,GSE296383,15,complete_containment,0,,0,0,0,high_confidence_overlap,Disruption of ARID1B recruitment to the nuclear pore complex as a new anticancer therapeutic strategy,Disruption of ARID1B recruitment to the nuclear pore complex as a new anticancer therapeutic strategy [RNA-Seq 2],https://www.ncbi.nlm.nih.gov/geo/query/acc.cgi?acc=GSE274409,https://www.ncbi.nlm.nih.gov/geo/query/acc.cgi?acc=GSE296383
GSE274715,GSE274731,12,complete_containment,0,,0,0,0,high_confidence_overlap,"A Molecular Switch from Tumor Suppressor to Oncogene in ER-Positive Breast Cancer: Role of Androgen Receptor, JAK-STAT, and Lineage Plasticity [AR low/high]","A Molecular Switch from Tumor Suppressor to Oncogene in ER-Positive Breast Cancer: Role of Androgen Receptor, JAK-STAT, and Lineage Plasticity",https://www.ncbi.nlm.nih.gov/geo/query/acc.cgi?acc=GSE274715,https://www.ncbi.nlm.nih.gov/geo/query/acc.cgi?acc=GSE274731
GSE274720,GSE274731,30,complete_containment,0,,0,0,0,high_confidence_overlap,"A Molecular Switch from Tumor Suppressor to Oncogene in ER-Positive Breast Cancer: Role of Androgen Receptor, JAK-STAT, and Lineage Plasticity [RNA-seq I]","A Molecular Switch from Tumor Suppressor to Oncogene in ER-Positive Breast Cancer: Role of Androgen Receptor, JAK-STAT, and Lineage Plasticity",https://www.ncbi.nlm.nih.gov/geo/query/acc.cgi?acc=GSE274720,https://www.ncbi.nlm.nih.gov/geo/query/acc.cgi?acc=GSE274731
GSE274728,GSE274731,12,complete_containment,0,,0,0,0,high_confidence_overlap,"A Molecular Switch from Tumor Suppressor to Oncogene in ER-Positive Breast Cancer: Role of Androgen Receptor, JAK-STAT, and Lineage Plasticity [RNA-seq II]","A Molecular Switch from Tumor Suppressor to Oncogene in ER-Positive Breast Cancer: Role of Androgen Receptor, JAK-STAT, and Lineage Plasticity",https://www.ncbi.nlm.nih.gov/geo/query/acc.cgi?acc=GSE274728,https://www.ncbi.nlm.nih.gov/geo/query/acc.cgi?acc=GSE274731
GSE274729,GSE274731,8,complete_containment,0,,0,0,0,high_confidence_overlap,"A Molecular Switch from Tumor Suppressor to Oncogene in ER-Positive Breast Cancer: Role of Androgen Receptor, JAK-STAT, and Lineage Plasticity [scRNA-seq]","A Molecular Switch from Tumor Suppressor to Oncogene in ER-Positive Breast Cancer: Role of Androgen Receptor, JAK-STAT, and Lineage Plasticity",https://www.ncbi.nlm.nih.gov/geo/query/acc.cgi?acc=GSE274729,https://www.ncbi.nlm.nih.gov/geo/query/acc.cgi?acc=GSE274731
GSE27562,GSE27567,162,complete_containment,0,,0,0,0,high_confidence_overlap,Expression data from human PBMCs from breast cancer patients and controls,Integrating Factor Analysis and a Transgenic Mouse Model to Reveal a Peripheral Blood Predictor of Breast Tumors,https://www.ncbi.nlm.nih.gov/geo/query/acc.cgi?acc=GSE27562,https://www.ncbi.nlm.nih.gov/geo/query/acc.cgi?acc=GSE27567
GSE276755,GSE276760,168,complete_containment,0,,0,0,0,high_confidence_overlap,Systemic and breast chronic inflammation and hormone disposition promote a tumor-permissive environment for breast cancer in older women (Human Bulk RNA-Seq),Systemic and breast chronic inflammation and hormone disposition promote a tumor-permissive environment for breast cancer in older women (All Samples; Human and Rat),https://www.ncbi.nlm.nih.gov/geo/query/acc.cgi?acc=GSE276755,https://www.ncbi.nlm.nih.gov/geo/query/acc.cgi?acc=GSE276760
GSE27830,GSE54219,155,complete_containment,0,,0,0,0,high_confidence_overlap,Expression data from primary breast tumors,Molecular genomic and transcriptomic profiling of familial breast cancer.,https://www.ncbi.nlm.nih.gov/geo/query/acc.cgi?acc=GSE27830,https://www.ncbi.nlm.nih.gov/geo/query/acc.cgi?acc=GSE54219
GSE28006,GSE28008,8,complete_containment,0,,0,0,0,high_confidence_overlap,The pioneer factor PBX1 guides a distinct ERa signaling in breast cancer [mRNA profiling],The pioneer factor PBX1 guides a distinct ERa signaling in breast cancer,https://www.ncbi.nlm.nih.gov/geo/query/acc.cgi?acc=GSE28006,https://www.ncbi.nlm.nih.gov/geo/query/acc.cgi?acc=GSE28008
GSE280617,GSE280618,18,complete_containment,0,,0,0,0,high_confidence_overlap,H3K27me3 chromatin heterogeneity reveals variable cell responses to estrogen and endocrine treatment [RNA-seq],H3K27me3 chromatin heterogeneity reveals variable cell responses to estrogen and endocrine treatment,https://www.ncbi.nlm.nih.gov/geo/query/acc.cgi?acc=GSE280617,https://www.ncbi.nlm.nih.gov/geo/query/acc.cgi?acc=GSE280618
GSE280704,GSE280731,12,complete_containment,0,,0,0,0,high_confidence_overlap,Pioneering new enhancers by GATA3: role of facilitating transcription factors and chromatin remodeling [RNA-seq],Pioneering new enhancers by GATA3: role of facilitating transcription factors and chromatin remodeling,https://www.ncbi.nlm.nih.gov/geo/query/acc.cgi?acc=GSE280704,https://www.ncbi.nlm.nih.gov/geo/query/acc.cgi?acc=GSE280731
GSE280817,GSE289726,8,complete_containment,0,,0,0,0,high_confidence_overlap,Inflammation awakens dormant cancer cells by modulating epithelial-mesenchymal phenotypic state,Inflammation awakens dormant cancer cells by modulating epithelial-mesenchymal phenotypic state [Sum159],https://www.ncbi.nlm.nih.gov/geo/query/acc.cgi?acc=GSE280817,https://www.ncbi.nlm.nih.gov/geo/query/acc.cgi?acc=GSE289726
GSE280897,GSE280899,40,complete_containment,0,,0,0,0,high_confidence_overlap,PUF60-Mediated Splicing Is a Key Driver of Triple Negative Breast Cancer [RNA-seq],PUF60-Mediated Splicing Is a Key Driver of Triple Negative Breast Cancer,https://www.ncbi.nlm.nih.gov/geo/query/acc.cgi?acc=GSE280897,https://www.ncbi.nlm.nih.gov/geo/query/acc.cgi?acc=GSE280899
GSE281487,GSE281492,8,complete_containment,0,,0,0,0,high_confidence_overlap,Bulk RNA-seq of human metastatic Breast Cancer cells,Molecular characterisation of the metastatic cell state in Breast Cancer,https://www.ncbi.nlm.nih.gov/geo/query/acc.cgi?acc=GSE281487,https://www.ncbi.nlm.nih.gov/geo/query/acc.cgi?acc=GSE281492
GSE281490,GSE281492,6,complete_containment,0,,0,0,0,high_confidence_overlap,Human scRNA-seq of three breast cancer metastases and three normal mammary glands,Molecular characterisation of the metastatic cell state in Breast Cancer,https://www.ncbi.nlm.nih.gov/geo/query/acc.cgi?acc=GSE281490,https://www.ncbi.nlm.nih.gov/geo/query/acc.cgi?acc=GSE281492
GSE281492,GSE281580,8,complete_containment,0,,0,0,0,high_confidence_overlap,Molecular characterisation of the metastatic cell state in Breast Cancer,Human scRNA-seq of three primary and five metastatic breast cancers,https://www.ncbi.nlm.nih.gov/geo/query/acc.cgi?acc=GSE281492,https://www.ncbi.nlm.nih.gov/geo/query/acc.cgi?acc=GSE281580
GSE281492,GSE310156,6,complete_containment,0,,0,0,0,high_confidence_overlap,Molecular characterisation of the metastatic cell state in Breast Cancer,Bulk RNA-seq of human MDA cells with ETV4 KO,https://www.ncbi.nlm.nih.gov/geo/query/acc.cgi?acc=GSE281492,https://www.ncbi.nlm.nih.gov/geo/query/acc.cgi?acc=GSE310156
GSE281492,GSE3193,0,,1,,0,0,0,manual_review_required,Molecular characterisation of the metastatic cell state in Breast Cancer,Breast Tumor Clinical Implications,https://www.ncbi.nlm.nih.gov/geo/query/acc.cgi?acc=GSE281492,https://www.ncbi.nlm.nih.gov/geo/query/acc.cgi?acc=GSE3193
GSE281492,GSE3281,0,,1,,0,0,0,manual_review_required,Molecular characterisation of the metastatic cell state in Breast Cancer,Breast Cancer aCGH,https://www.ncbi.nlm.nih.gov/geo/query/acc.cgi?acc=GSE281492,https://www.ncbi.nlm.nih.gov/geo/query/acc.cgi?acc=GSE3281
GSE281492,GSE4335,0,,1,,0,0,0,manual_review_required,Molecular characterisation of the metastatic cell state in Breast Cancer,Norway/Stanford Breast Tumors,https://www.ncbi.nlm.nih.gov/geo/query/acc.cgi?acc=GSE281492,https://www.ncbi.nlm.nih.gov/geo/query/acc.cgi?acc=GSE4335
GSE281492,GSE43615,0,,1,,0,0,0,manual_review_required,Molecular characterisation of the metastatic cell state in Breast Cancer,IRCC Breast Cancer dataset,https://www.ncbi.nlm.nih.gov/geo/query/acc.cgi?acc=GSE281492,https://www.ncbi.nlm.nih.gov/geo/query/acc.cgi?acc=GSE43615
GSE281492,GSE4382,0,,1,,0,0,0,manual_review_required,Molecular characterisation of the metastatic cell state in Breast Cancer,Repeated observation of breast tumor subtypes in independent gene expression data sets,https://www.ncbi.nlm.nih.gov/geo/query/acc.cgi?acc=GSE281492,https://www.ncbi.nlm.nih.gov/geo/query/acc.cgi?acc=GSE4382
GSE281492,GSE61,0,,1,,0,0,0,manual_review_required,Molecular characterisation of the metastatic cell state in Breast Cancer,Molecular portraits of human breast tumors,https://www.ncbi.nlm.nih.gov/geo/query/acc.cgi?acc=GSE281492,https://www.ncbi.nlm.nih.gov/geo/query/acc.cgi?acc=GSE61
GSE281580,GSE3193,0,,1,,0,0,0,manual_review_required,Human scRNA-seq of three primary and five metastatic breast cancers,Breast Tumor Clinical Implications,https://www.ncbi.nlm.nih.gov/geo/query/acc.cgi?acc=GSE281580,https://www.ncbi.nlm.nih.gov/geo/query/acc.cgi?acc=GSE3193
GSE281580,GSE3281,0,,1,,0,0,0,manual_review_required,Human scRNA-seq of three primary and five metastatic breast cancers,Breast Cancer aCGH,https://www.ncbi.nlm.nih.gov/geo/query/acc.cgi?acc=GSE281580,https://www.ncbi.nlm.nih.gov/geo/query/acc.cgi?acc=GSE3281
GSE281580,GSE4335,0,,1,,0,0,0,manual_review_required,Human scRNA-seq of three primary and five metastatic breast cancers,Norway/Stanford Breast Tumors,https://www.ncbi.nlm.nih.gov/geo/query/acc.cgi?acc=GSE281580,https://www.ncbi.nlm.nih.gov/geo/query/acc.cgi?acc=GSE4335
GSE281580,GSE43615,0,,1,,0,0,0,manual_review_required,Human scRNA-seq of three primary and five metastatic breast cancers,IRCC Breast Cancer dataset,https://www.ncbi.nlm.nih.gov/geo/query/acc.cgi?acc=GSE281580,https://www.ncbi.nlm.nih.gov/geo/query/acc.cgi?acc=GSE43615
GSE281580,GSE4382,0,,1,,0,0,0,manual_review_required,Human scRNA-seq of three primary and five metastatic breast cancers,Repeated observation of breast tumor subtypes in independent gene expression data sets,https://www.ncbi.nlm.nih.gov/geo/query/acc.cgi?acc=GSE281580,https://www.ncbi.nlm.nih.gov/geo/query/acc.cgi?acc=GSE4382
GSE281580,GSE61,0,,1,,0,0,0,manual_review_required,Human scRNA-seq of three primary and five metastatic breast cancers,Molecular portraits of human breast tumors,https://www.ncbi.nlm.nih.gov/geo/query/acc.cgi?acc=GSE281580,https://www.ncbi.nlm.nih.gov/geo/query/acc.cgi?acc=GSE61
GSE2824,GSE4433,0,,16,16518402,0,0,0,manual_review_required,MCF10A_MYC_PLUS_CSN5,Genetic regulators of large-scale transcriptional signatures in cancer,https://www.ncbi.nlm.nih.gov/geo/query/acc.cgi?acc=GSE2824,https://www.ncbi.nlm.nih.gov/geo/query/acc.cgi?acc=GSE4433
GSE28305,GSE28789,8,complete_containment,0,,0,0,0,high_confidence_overlap,Effect of 5a-dihydrotestosterone on breast cancer cell line MDA-MB-453,Breast cancer cell line MDA-MB-453 response to DHT,https://www.ncbi.nlm.nih.gov/geo/query/acc.cgi?acc=GSE28305,https://www.ncbi.nlm.nih.gov/geo/query/acc.cgi?acc=GSE28789
GSE283106,GSE283109,6,complete_containment,0,,0,0,0,high_confidence_overlap,Regulation of ribosomal gene expression and senescence by a PML-mTOR-RONIN nuclear complex in triple-negative breast cancer [RNA-seq_shPML],Regulation of ribosomal gene expression and senescence by a PML-mTOR-RONIN nuclear complex in triple-negative breast cancer,https://www.ncbi.nlm.nih.gov/geo/query/acc.cgi?acc=GSE283106,https://www.ncbi.nlm.nih.gov/geo/query/acc.cgi?acc=GSE283109
GSE28413,GSE28415,6,complete_containment,0,,0,0,0,high_confidence_overlap,Expression profile of etoposide-resistant MCF7 (MCF7VP) cells,Deciphering the Cancer Cell Resistome: Gene and microRNA Expression Signatures reveal Unique Molecular Targets for Therapeutic Intervention in Etoposide Resistant Breast Cancer,https://www.ncbi.nlm.nih.gov/geo/query/acc.cgi?acc=GSE28413,https://www.ncbi.nlm.nih.gov/geo/query/acc.cgi?acc=GSE28415
GSE28414,GSE28415,2,complete_containment,0,,0,0,0,high_confidence_overlap,Expression profile of etoposide-resistant MCF7 (MCF7VP) cells with targeted RUNX2 knockdown,Deciphering the Cancer Cell Resistome: Gene and microRNA Expression Signatures reveal Unique Molecular Targets for Therapeutic Intervention in Etoposide Resistant Breast Cancer,https://www.ncbi.nlm.nih.gov/geo/query/acc.cgi?acc=GSE28414,https://www.ncbi.nlm.nih.gov/geo/query/acc.cgi?acc=GSE28415
GSE28444,GSE30350,4,complete_containment,0,,0,0,0,high_confidence_overlap,"Expression data for MCF-7 treated with PolII inhibitors, Triptolide or alpha-amanitin",Transcription of muscle actin genes by a nuclear form of mitochondrial RNA polymerase,https://www.ncbi.nlm.nih.gov/geo/query/acc.cgi?acc=GSE28444,https://www.ncbi.nlm.nih.gov/geo/query/acc.cgi?acc=GSE30350
GSE28503,GSE30350,4,complete_containment,0,,0,0,0,high_confidence_overlap,Expression data for knockdown of POLRMT or RNA PolII in MCF-7 cell line,Transcription of muscle actin genes by a nuclear form of mitochondrial RNA polymerase,https://www.ncbi.nlm.nih.gov/geo/query/acc.cgi?acc=GSE28503,https://www.ncbi.nlm.nih.gov/geo/query/acc.cgi?acc=GSE30350
GSE285391,GSE285392,28,complete_containment,0,,0,0,0,high_confidence_overlap,Incorporating histone H2B variants into chromatin modifies chromatin accessibility to induce the epithelial-to-mesenchymal transition in breast cancer [RNA],Incorporating histone H2B variants into chromatin modifies chromatin accessibility to induce the epithelial-to-mesenchymal transition in breast cancer,https://www.ncbi.nlm.nih.gov/geo/query/acc.cgi?acc=GSE285391,https://www.ncbi.nlm.nih.gov/geo/query/acc.cgi?acc=GSE285392
GSE28542,GSE28544,24,complete_containment,0,,0,0,0,high_confidence_overlap,"Expression Profiling of Inflammatory Breast Cancer Cells Treated with the Novel Histone Deacetylase Inhibitor, CG-1521 (Affymetrix HuGene-1_0)","Expression Profiling of Inflammatory Breast Cancer Cells Treated with the Novel Histone Deacetylase Inhibitor, CG-1521",https://www.ncbi.nlm.nih.gov/geo/query/acc.cgi?acc=GSE28542,https://www.ncbi.nlm.nih.gov/geo/query/acc.cgi?acc=GSE28544
GSE28583,GSE28844,20,complete_containment,0,,0,0,0,high_confidence_overlap,Differentially expressed genes after treatment with chemotherapy in breast cancer and their correlation with pathologic mid-response (Miller & Payne grade 3),Differentially expressed genes after treatment with chemotherapy in breast cancer and their correlation with pathologic response,https://www.ncbi.nlm.nih.gov/geo/query/acc.cgi?acc=GSE28583,https://www.ncbi.nlm.nih.gov/geo/query/acc.cgi?acc=GSE28844
GSE286890,GSE286892,24,complete_containment,0,,0,0,0,high_confidence_overlap,Activated Glucocorticoid Receptor is an Estrogen Receptor Silencer in ERα+ metastatic breast cancer [RNA-seq],Activated Glucocorticoid Receptor is an Estrogen Receptor Silencer in ERα+ metastatic breast cancer.,https://www.ncbi.nlm.nih.gov/geo/query/acc.cgi?acc=GSE286890,https://www.ncbi.nlm.nih.gov/geo/query/acc.cgi?acc=GSE286892
GSE28694,GSE28844,13,complete_containment,0,,0,0,0,high_confidence_overlap,Differentially expressed genes after treatment with chemotherapy in breast cancer and their correlation with pathologic good response (Miller & Payne grades 4 and 5),Differentially expressed genes after treatment with chemotherapy in breast cancer and their correlation with pathologic response,https://www.ncbi.nlm.nih.gov/geo/query/acc.cgi?acc=GSE28694,https://www.ncbi.nlm.nih.gov/geo/query/acc.cgi?acc=GSE28844
GSE28826,GSE28844,28,complete_containment,0,,0,0,0,high_confidence_overlap,Differentially expressed genes after treatment with chemotherapy in breast cancer and their correlation with pathologic bad response (Miller & Payne grades 1 and 2),Differentially expressed genes after treatment with chemotherapy in breast cancer and their correlation with pathologic response,https://www.ncbi.nlm.nih.gov/geo/query/acc.cgi?acc=GSE28826,https://www.ncbi.nlm.nih.gov/geo/query/acc.cgi?acc=GSE28844
GSE288482,GSE43615,0,,3,,0,0,0,manual_review_required,Integration activity of evolutionarily recent human retroelements Alu and LINE in tumors,IRCC Breast Cancer dataset,https://www.ncbi.nlm.nih.gov/geo/query/acc.cgi?acc=GSE288482,https://www.ncbi.nlm.nih.gov/geo/query/acc.cgi?acc=GSE43615
GSE28860,GSE29442,1,partial_overlap,0,,0,0,0,high_confidence_overlap,"WU-BC 3, 4, and 5 PAM50 Subtypes with Passage and Gene Expression Comparison Between Xenografts and Primary Tumors",BRC77 Agilent Gene Expression Arrays,https://www.ncbi.nlm.nih.gov/geo/query/acc.cgi?acc=GSE28860,https://www.ncbi.nlm.nih.gov/geo/query/acc.cgi?acc=GSE29442
GSE28860,GSE35186,8,partial_overlap,0,,0,0,0,high_confidence_overlap,"WU-BC 3, 4, and 5 PAM50 Subtypes with Passage and Gene Expression Comparison Between Xenografts and Primary Tumors",Paradigm Test Set Expression Array,https://www.ncbi.nlm.nih.gov/geo/query/acc.cgi?acc=GSE28860,https://www.ncbi.nlm.nih.gov/geo/query/acc.cgi?acc=GSE35186
GSE28860,GSE35191,8,partial_overlap,0,,0,0,0,high_confidence_overlap,"WU-BC 3, 4, and 5 PAM50 Subtypes with Passage and Gene Expression Comparison Between Xenografts and Primary Tumors",Paradigm Test Set,https://www.ncbi.nlm.nih.gov/geo/query/acc.cgi?acc=GSE28860,https://www.ncbi.nlm.nih.gov/geo/query/acc.cgi?acc=GSE35191
GSE28860,GSE41685,9,partial_overlap,0,,0,0,0,high_confidence_overlap,"WU-BC 3, 4, and 5 PAM50 Subtypes with Passage and Gene Expression Comparison Between Xenografts and Primary Tumors",WHIM Gene Expression Data_Update Through WHIM 26,https://www.ncbi.nlm.nih.gov/geo/query/acc.cgi?acc=GSE28860,https://www.ncbi.nlm.nih.gov/geo/query/acc.cgi?acc=GSE41685
GSE28866,GSE41119,0,,1,,0,0,0,manual_review_required,Transcriptional profiling of lncRNAs and novel transcribed regions across a diverse panel of archived human cancers,Molecular Characterization of Basal-like and Non-Basal-like Triple-Negative Breast Cancers,https://www.ncbi.nlm.nih.gov/geo/query/acc.cgi?acc=GSE28866,https://www.ncbi.nlm.nih.gov/geo/query/acc.cgi?acc=GSE41119
GSE28866,GSE58135,0,,1,,0,0,0,manual_review_required,Transcriptional profiling of lncRNAs and novel transcribed regions across a diverse panel of archived human cancers,Breast Cancer RNA-seq,https://www.ncbi.nlm.nih.gov/geo/query/acc.cgi?acc=GSE28866,https://www.ncbi.nlm.nih.gov/geo/query/acc.cgi?acc=GSE58135
GSE28866,GSE59242,0,,1,,0,0,0,manual_review_required,Transcriptional profiling of lncRNAs and novel transcribed regions across a diverse panel of archived human cancers,Profiling of human cancer breast cell lines (Affymetrix),https://www.ncbi.nlm.nih.gov/geo/query/acc.cgi?acc=GSE28866,https://www.ncbi.nlm.nih.gov/geo/query/acc.cgi?acc=GSE59242
GSE28866,GSE73526,0,,4,,0,0,0,manual_review_required,Transcriptional profiling of lncRNAs and novel transcribed regions across a diverse panel of archived human cancers,"The Functional Genomic Landscape of Human Breast Cancer Drivers, Vulnerabilities, and Resistance (RNASeq)",https://www.ncbi.nlm.nih.gov/geo/query/acc.cgi?acc=GSE28866,https://www.ncbi.nlm.nih.gov/geo/query/acc.cgi?acc=GSE73526
GSE28866,GSE87006,0,,1,,0,0,0,manual_review_required,Transcriptional profiling of lncRNAs and novel transcribed regions across a diverse panel of archived human cancers,CDK4 phosphorylation status and a linked gene expression profile predict sensitivity to Palbociclib [lines],https://www.ncbi.nlm.nih.gov/geo/query/acc.cgi?acc=GSE28866,https://www.ncbi.nlm.nih.gov/geo/query/acc.cgi?acc=GSE87006
GSE28866,GSE87008,0,,1,,0,0,0,manual_review_required,Transcriptional profiling of lncRNAs and novel transcribed regions across a diverse panel of archived human cancers,CDK4 phosphorylation status and a linked gene expression profile predict sensitivity to Palbociclib,https://www.ncbi.nlm.nih.gov/geo/query/acc.cgi?acc=GSE28866,https://www.ncbi.nlm.nih.gov/geo/query/acc.cgi?acc=GSE87008
GSE28884,GSE29174,161,complete_containment,0,,0,0,0,high_confidence_overlap,MicroRNA sequence and expression analysis in breast tumors by deep sequencing,MicroRNA sequence and expression analysis in breast tumors by deep sequencing [mRNA expression array data],https://www.ncbi.nlm.nih.gov/geo/query/acc.cgi?acc=GSE28884,https://www.ncbi.nlm.nih.gov/geo/query/acc.cgi?acc=GSE29174
GSE288868,GSE288983,48,complete_containment,0,,0,0,0,high_confidence_overlap,"X-Linked Cancer-Associated Polypeptide, Encoded by a Putative Noncoding RNA, Regulates Gene Expression and Cellular Pathways in Breast Cancer [RNA-seq]","X-Linked Cancer-Associated Polypeptide, Encoded by a Putative Noncoding RNA, Regulates Gene Expression and Cellular Pathways in Breast Cancer",https://www.ncbi.nlm.nih.gov/geo/query/acc.cgi?acc=GSE288868,https://www.ncbi.nlm.nih.gov/geo/query/acc.cgi?acc=GSE288983
GSE289189,GSE289193,22,complete_containment,0,,0,0,0,high_confidence_overlap,Histone H4 lysine 20 tri-methylation safeguards breast cancer lineage fidelity and unfolded protein response [Bulk RNA-seq],Histone H4 lysine 20 tri-methylation safeguards breast cancer lineage fidelity and unfolded protein response,https://www.ncbi.nlm.nih.gov/geo/query/acc.cgi?acc=GSE289189,https://www.ncbi.nlm.nih.gov/geo/query/acc.cgi?acc=GSE289193
GSE289277,GSE289278,8,complete_containment,0,,0,0,0,high_confidence_overlap,Non-enzymatic SETD1A activity drives breast cancer cell proliferation via cyclin K. (RNA-seq),Non-enzymatic SETD1A activity drives breast cancer cell proliferation via cyclin K.,https://www.ncbi.nlm.nih.gov/geo/query/acc.cgi?acc=GSE289277,https://www.ncbi.nlm.nih.gov/geo/query/acc.cgi?acc=GSE289278
GSE28968,GSE28976,42,complete_containment,0,,0,0,0,high_confidence_overlap,MRNA expression data from human breast cancer cell lines after demethylation treatment.,Expression data from human breast cancer cell lines after demethylation treatment,https://www.ncbi.nlm.nih.gov/geo/query/acc.cgi?acc=GSE28968,https://www.ncbi.nlm.nih.gov/geo/query/acc.cgi?acc=GSE28976
GSE290058,GSE290064,6,complete_containment,0,,0,0,0,high_confidence_overlap,H3K4me3 instructs transcription at intergenic active regulatory elements [RNA-seq],H3K4me3 amplifies transcription at intergenic active regulatory elements,https://www.ncbi.nlm.nih.gov/geo/query/acc.cgi?acc=GSE290058,https://www.ncbi.nlm.nih.gov/geo/query/acc.cgi?acc=GSE290064
GSE290450,GSE290554,78,complete_containment,0,,0,0,0,high_confidence_overlap,Mapping the Molecular Signature of Progressive Multiple Sclerosis [194017],Mapping the Molecular Signature of Progressive Multiple Sclerosis,https://www.ncbi.nlm.nih.gov/geo/query/acc.cgi?acc=GSE290450,https://www.ncbi.nlm.nih.gov/geo/query/acc.cgi?acc=GSE290554
GSE29069,GSE29119,2,complete_containment,0,,0,0,0,high_confidence_overlap,Global DNA Hypomethylation Coupled to Repressive Chromatin Domain Formation and Gene Silencing in Breast Cancer,Gene expression analysis of breast cancer (HCC1954) and normal breast cells (HMEC),https://www.ncbi.nlm.nih.gov/geo/query/acc.cgi?acc=GSE29069,https://www.ncbi.nlm.nih.gov/geo/query/acc.cgi?acc=GSE29119
GSE290733,GSE290738,66,complete_containment,0,,0,0,0,high_confidence_overlap,Molecular Portraits of Social Adversity in Breast Cancer [RNA-Seq],Molecular Portraits of Social Adversity in Breast Cancer,https://www.ncbi.nlm.nih.gov/geo/query/acc.cgi?acc=GSE290733,https://www.ncbi.nlm.nih.gov/geo/query/acc.cgi?acc=GSE290738
GSE292363,GSE292364,23,complete_containment,0,,0,0,0,high_confidence_overlap,p53 drives epigenetic programs associated with luminal cell identity in breast cancer [RNA-seq],p53 regulates the expression of histone modifiers to restrict stemness and maintain differentiated luminal identity in breast cancer,https://www.ncbi.nlm.nih.gov/geo/query/acc.cgi?acc=GSE292363,https://www.ncbi.nlm.nih.gov/geo/query/acc.cgi?acc=GSE292364
GSE292476,GSE292567,4,complete_containment,0,,0,0,0,high_confidence_overlap,Cancer stem cells are hyper-responsive sensors of tumor microenvironment in orchestrating metastasis dynamics,Cancer stem cells are hyper-responsive sensors of tumor microenvironment in orchestrating metastasis dynamics,https://www.ncbi.nlm.nih.gov/geo/query/acc.cgi?acc=GSE292476,https://www.ncbi.nlm.nih.gov/geo/query/acc.cgi?acc=GSE292567
GSE292485,GSE292567,8,complete_containment,0,,0,0,0,high_confidence_overlap,Cancer stem cells are hyper-responsive sensors of tumor microenvironment in orchestrating metastasis dynamics,Cancer stem cells are hyper-responsive sensors of tumor microenvironment in orchestrating metastasis dynamics,https://www.ncbi.nlm.nih.gov/geo/query/acc.cgi?acc=GSE292485,https://www.ncbi.nlm.nih.gov/geo/query/acc.cgi?acc=GSE292567
GSE29431,GSE45498,0,,3,,0,0,0,manual_review_required,Identifying breast cancer biomarkers,Integrated microRNA and mRNA Signatures Associated with Survival in Triple Negative Breast Cancer II,https://www.ncbi.nlm.nih.gov/geo/query/acc.cgi?acc=GSE29431,https://www.ncbi.nlm.nih.gov/geo/query/acc.cgi?acc=GSE45498
GSE294997,GSE295075,0,,9,40696096,0,0,0,manual_review_required,Transcriptomic analysis of lncrna NRAD1 knockdown in SUM149 Breast cancer cells,The effect of lncRNA NRAD1 knockdown on mature miRNA levels in MDA-MB-468 and SUM149 cells,https://www.ncbi.nlm.nih.gov/geo/query/acc.cgi?acc=GSE294997,https://www.ncbi.nlm.nih.gov/geo/query/acc.cgi?acc=GSE295075
GSE29581,GSE55639,0,,9,,0,0,0,manual_review_required,Lysyl oxidase-like 2 (LOXL2) a new regulator of cell polarity required for metastatic dissemination of basal-like breast carcinomas,Expression profiling of papillary carcinoma of the breast,https://www.ncbi.nlm.nih.gov/geo/query/acc.cgi?acc=GSE29581,https://www.ncbi.nlm.nih.gov/geo/query/acc.cgi?acc=GSE55639
GSE29581,GSE55640,0,,9,,0,0,0,manual_review_required,Lysyl oxidase-like 2 (LOXL2) a new regulator of cell polarity required for metastatic dissemination of basal-like breast carcinomas,SNP6 and expression profiling of papillary carcinoma of the breast,https://www.ncbi.nlm.nih.gov/geo/query/acc.cgi?acc=GSE29581,https://www.ncbi.nlm.nih.gov/geo/query/acc.cgi?acc=GSE55640
GSE296212,GSE296213,80,complete_containment,0,,0,0,0,high_confidence_overlap,LINE-1 locus transcription nucleates oncogenic chromatin architecture [RNA-Seq],LINE-1 locus transcription nucleates oncogenic chromatin architecture,https://www.ncbi.nlm.nih.gov/geo/query/acc.cgi?acc=GSE296212,https://www.ncbi.nlm.nih.gov/geo/query/acc.cgi?acc=GSE296213
GSE298771,GSE298773,23,complete_containment,0,,0,0,0,high_confidence_overlap,Dose-dependent Effects of Estrogen on Genomic Regulation in Breast Cancer Cells [RNA-seq],Dose-dependent Effects of Estrogen on Genomic Regulation in Breast Cancer Cells,https://www.ncbi.nlm.nih.gov/geo/query/acc.cgi?acc=GSE298771,https://www.ncbi.nlm.nih.gov/geo/query/acc.cgi?acc=GSE298773
GSE2990,GSE6532,189,complete_containment,0,,0,0,0,high_confidence_overlap,Gene Expression Profiling in Breast Cancer: Understanding the Molecular Basis of Histologic Grade To Improve Prognosis,Definition of clinically distinct molecular subtypes in estrogen receptor positive breast carcinomas using genomic grade,https://www.ncbi.nlm.nih.gov/geo/query/acc.cgi?acc=GSE2990,https://www.ncbi.nlm.nih.gov/geo/query/acc.cgi?acc=GSE6532
GSE301426,GSE301535,12,complete_containment,0,,0,0,0,high_confidence_overlap,Integrative analysis of mRNA stability regulation uncovers a metastasis-suppressive program in breast cancer [BRCA_SLAM-seq],Integrative analysis of mRNA stability regulation uncovers a metastasis-suppressive program in breast cancer,https://www.ncbi.nlm.nih.gov/geo/query/acc.cgi?acc=GSE301426,https://www.ncbi.nlm.nih.gov/geo/query/acc.cgi?acc=GSE301535
GSE301427,GSE301535,6,complete_containment,0,,0,0,0,high_confidence_overlap,Integrative analysis of mRNA stability regulation uncovers a metastasis-suppressive program in breast cancer [shRBMS3_RNAseq],Integrative analysis of mRNA stability regulation uncovers a metastasis-suppressive program in breast cancer,https://www.ncbi.nlm.nih.gov/geo/query/acc.cgi?acc=GSE301427,https://www.ncbi.nlm.nih.gov/geo/query/acc.cgi?acc=GSE301535
GSE30193,GSE33851,3,partial_overlap,0,,0,0,0,high_confidence_overlap,Estrogen-like activity and dual roles in cell signaling of an Agaricus blazei Murrill mycelia-dikaryon extract,Estrogen-like activity and dual roles in cell signaling of brefeldin A,https://www.ncbi.nlm.nih.gov/geo/query/acc.cgi?acc=GSE30193,https://www.ncbi.nlm.nih.gov/geo/query/acc.cgi?acc=GSE33851
GSE30193,GSE64155,3,partial_overlap,0,,0,0,0,high_confidence_overlap,Estrogen-like activity and dual roles in cell signaling of an Agaricus blazei Murrill mycelia-dikaryon extract,Estrogen-like activity in cell signaling of capsaicinoids,https://www.ncbi.nlm.nih.gov/geo/query/acc.cgi?acc=GSE30193,https://www.ncbi.nlm.nih.gov/geo/query/acc.cgi?acc=GSE64155
GSE30193,GSE86565,3,partial_overlap,0,,0,0,0,high_confidence_overlap,Estrogen-like activity and dual roles in cell signaling of an Agaricus blazei Murrill mycelia-dikaryon extract,Estrogen-like activity in cell signaling of lignans,https://www.ncbi.nlm.nih.gov/geo/query/acc.cgi?acc=GSE30193,https://www.ncbi.nlm.nih.gov/geo/query/acc.cgi?acc=GSE86565
GSE302031,GSE93193,0,,1,,0,0,0,manual_review_required,"XMD8-92 and JWG-045 exhibit anti-ferroptotic activities, independently of inhibiting ERK5",Inhibition of CDK8 Mediator Kinase Suppresses Estrogen Receptor Signaling and Growth of Estrogen Receptor Positive Breast Cancer,https://www.ncbi.nlm.nih.gov/geo/query/acc.cgi?acc=GSE302031,https://www.ncbi.nlm.nih.gov/geo/query/acc.cgi?acc=GSE93193
GSE303576,GSE307693,24,complete_containment,0,,0,0,0,high_confidence_overlap,Rb-driven transcription limits its tumour suppressive effects in breast cancer,Transcriptomic profiling in estrogen-receptor positive cell line MCF7 following treatment with abemaciclib and fulvestrant,https://www.ncbi.nlm.nih.gov/geo/query/acc.cgi?acc=GSE303576,https://www.ncbi.nlm.nih.gov/geo/query/acc.cgi?acc=GSE307693
GSE303576,GSE307842,6,complete_containment,0,,0,0,0,high_confidence_overlap,Rb-driven transcription limits its tumour suppressive effects in breast cancer,Transcriptomic profiling in ZR-75-1 parent and RB1 knockout cells following treatment with abemaciclib,https://www.ncbi.nlm.nih.gov/geo/query/acc.cgi?acc=GSE303576,https://www.ncbi.nlm.nih.gov/geo/query/acc.cgi?acc=GSE307842
GSE303576,GSE307843,12,complete_containment,0,,0,0,0,high_confidence_overlap,Rb-driven transcription limits its tumour suppressive effects in breast cancer,Transcriptomic profiling in MCF7 parent and RB1 knockout cells following treatment with abemaciclib,https://www.ncbi.nlm.nih.gov/geo/query/acc.cgi?acc=GSE303576,https://www.ncbi.nlm.nih.gov/geo/query/acc.cgi?acc=GSE307843
GSE303576,GSE311210,8,complete_containment,0,,0,0,0,high_confidence_overlap,Rb-driven transcription limits its tumour suppressive effects in breast cancer,Transcriptomic profiling in human breast cancer patient-derived xenograft following treatment with palbociclib and fulvestrant,https://www.ncbi.nlm.nih.gov/geo/query/acc.cgi?acc=GSE303576,https://www.ncbi.nlm.nih.gov/geo/query/acc.cgi?acc=GSE311210
GSE303576,GSE311211,18,complete_containment,0,,0,0,0,high_confidence_overlap,Rb-driven transcription limits its tumour suppressive effects in breast cancer,Transcriptomic profiling in MCF7 cells following KDM5A knockdown and treatment with abemaciclib,https://www.ncbi.nlm.nih.gov/geo/query/acc.cgi?acc=GSE303576,https://www.ncbi.nlm.nih.gov/geo/query/acc.cgi?acc=GSE311211
GSE303576,GSE311212,6,complete_containment,0,,0,0,0,high_confidence_overlap,Rb-driven transcription limits its tumour suppressive effects in breast cancer,Transcriptomic profiling in human ovarian cancer cell line OVCAR-3 following CDK2 inhibitor treatment,https://www.ncbi.nlm.nih.gov/geo/query/acc.cgi?acc=GSE303576,https://www.ncbi.nlm.nih.gov/geo/query/acc.cgi?acc=GSE311212
GSE303576,GSE311215,18,complete_containment,0,,0,0,0,high_confidence_overlap,Rb-driven transcription limits its tumour suppressive effects in breast cancer,Transcriptomic profiling in estrogen receptor-positive breast cancer cell lines CAMA-1 and ZR-75-1 following CDK4/6 inhibitor treatment,https://www.ncbi.nlm.nih.gov/geo/query/acc.cgi?acc=GSE303576,https://www.ncbi.nlm.nih.gov/geo/query/acc.cgi?acc=GSE311215
GSE303576,GSE336729,12,complete_containment,0,,0,0,0,high_confidence_overlap,Rb-driven transcription limits its tumour suppressive effects in breast cancer,RNA-seq analysis of CAMA-1 cells treated with abemaciclib and/or fulvestrant,https://www.ncbi.nlm.nih.gov/geo/query/acc.cgi?acc=GSE303576,https://www.ncbi.nlm.nih.gov/geo/query/acc.cgi?acc=GSE336729
GSE303576,GSE336730,24,complete_containment,0,,0,0,0,high_confidence_overlap,Rb-driven transcription limits its tumour suppressive effects in breast cancer,RNA-seq analysis of MDA-MB-231 and MDA-MB-453 cells treated with abemaciclib and/or fulvestrant,https://www.ncbi.nlm.nih.gov/geo/query/acc.cgi?acc=GSE303576,https://www.ncbi.nlm.nih.gov/geo/query/acc.cgi?acc=GSE336730
GSE303576,GSE336731,36,complete_containment,0,,0,0,0,high_confidence_overlap,Rb-driven transcription limits its tumour suppressive effects in breast cancer,Transcriptomic profiling of MCF7 ESR1-PARENT and ESR1-Y537S cells cultured under estrogen-depleted or estradiol-supplemented conditions following abemaciclib treatment and CCND1 knockdown,https://www.ncbi.nlm.nih.gov/geo/query/acc.cgi?acc=GSE303576,https://www.ncbi.nlm.nih.gov/geo/query/acc.cgi?acc=GSE336731
GSE303576,GSE336734,8,complete_containment,0,,0,0,0,high_confidence_overlap,Rb-driven transcription limits its tumour suppressive effects in breast cancer,Transcriptomic profiling of MCF7 ESR1 Y537S mutant cells treated with abemaciclib and/or fulvestrant,https://www.ncbi.nlm.nih.gov/geo/query/acc.cgi?acc=GSE303576,https://www.ncbi.nlm.nih.gov/geo/query/acc.cgi?acc=GSE336734
GSE303576,GSE336741,12,complete_containment,0,,0,0,0,high_confidence_overlap,Rb-driven transcription limits its tumour suppressive effects in breast cancer,Transcriptomic profiling of ZR-75-1 wild-type and RB1 knockout cells treated with abemaciclib,https://www.ncbi.nlm.nih.gov/geo/query/acc.cgi?acc=GSE303576,https://www.ncbi.nlm.nih.gov/geo/query/acc.cgi?acc=GSE336741
GSE303576,GSE336801,24,complete_containment,0,,0,0,0,high_confidence_overlap,Rb-driven transcription limits its tumour suppressive effects in breast cancer,Transcriptomic profiling of MCF7 and ZR-75-1 parental and RB1 knockout cells treated with palbociclib,https://www.ncbi.nlm.nih.gov/geo/query/acc.cgi?acc=GSE303576,https://www.ncbi.nlm.nih.gov/geo/query/acc.cgi?acc=GSE336801
GSE30405,GSE30407,14,complete_containment,0,,0,0,0,high_confidence_overlap,The ets transcription factor ELF5 suppresses the estrogen sensitive phenotype and contributes to antiestrogen resistance in luminal breast cancer. [human],The ets transcription factor ELF5 suppresses the estrogen sensitive phenotype and contributes to antiestrogen resistance in luminal breast cancer.,https://www.ncbi.nlm.nih.gov/geo/query/acc.cgi?acc=GSE30405,https://www.ncbi.nlm.nih.gov/geo/query/acc.cgi?acc=GSE30407
GSE30489,GSE3353,0,,2,,0,0,0,manual_review_required,Defining the cellular precursors to human breast cancer,A comparison of gene expression signatures from breast tumors and breast tissue derived cell lines,https://www.ncbi.nlm.nih.gov/geo/query/acc.cgi?acc=GSE30489,https://www.ncbi.nlm.nih.gov/geo/query/acc.cgi?acc=GSE3353
GSE30489,GSE44354,0,,1,,0,0,0,manual_review_required,Defining the cellular precursors to human breast cancer,Identification of novel metastases-suppressor genes involved in breast cancer brain metastases (BCBM) formation,https://www.ncbi.nlm.nih.gov/geo/query/acc.cgi?acc=GSE30489,https://www.ncbi.nlm.nih.gov/geo/query/acc.cgi?acc=GSE44354
GSE30489,GSE50470,8,complete_containment,0,,0,0,0,high_confidence_overlap,Defining the cellular precursors to human breast cancer,Characterization of Cell Lines Derived from Breast Cancers and Normal Mammary Tissues for the Study of the Intrinsic Molecular Subtypes,https://www.ncbi.nlm.nih.gov/geo/query/acc.cgi?acc=GSE30489,https://www.ncbi.nlm.nih.gov/geo/query/acc.cgi?acc=GSE50470
GSE30489,GSE52643,0,,1,,0,0,0,manual_review_required,Defining the cellular precursors to human breast cancer,Fusion discovery in breast cancer cell line,https://www.ncbi.nlm.nih.gov/geo/query/acc.cgi?acc=GSE30489,https://www.ncbi.nlm.nih.gov/geo/query/acc.cgi?acc=GSE52643
GSE30489,GSE59242,0,,1,,0,0,0,manual_review_required,Defining the cellular precursors to human breast cancer,Profiling of human cancer breast cell lines (Affymetrix),https://www.ncbi.nlm.nih.gov/geo/query/acc.cgi?acc=GSE30489,https://www.ncbi.nlm.nih.gov/geo/query/acc.cgi?acc=GSE59242
GSE30489,GSE73526,0,,2,,0,0,0,manual_review_required,Defining the cellular precursors to human breast cancer,"The Functional Genomic Landscape of Human Breast Cancer Drivers, Vulnerabilities, and Resistance (RNASeq)",https://www.ncbi.nlm.nih.gov/geo/query/acc.cgi?acc=GSE30489,https://www.ncbi.nlm.nih.gov/geo/query/acc.cgi?acc=GSE73526
GSE30489,GSE81032,0,,1,,0,0,0,manual_review_required,Defining the cellular precursors to human breast cancer,Comparative proteomics and transcriptomics study of signaling network proteins across multiple normal and cancer cell lines,https://www.ncbi.nlm.nih.gov/geo/query/acc.cgi?acc=GSE30489,https://www.ncbi.nlm.nih.gov/geo/query/acc.cgi?acc=GSE81032
GSE307574,GSE310423,58,complete_containment,0,,0,0,0,high_confidence_overlap,Determinants of long-term response to patritumab deruxtecan (HER3-DXd) in breast cancer patient-derived xenografts,Determinants of long-term response to patritumab deruxtecan (HER3-DXd) in breast cancer patient-derived xenografts.,https://www.ncbi.nlm.nih.gov/geo/query/acc.cgi?acc=GSE307574,https://www.ncbi.nlm.nih.gov/geo/query/acc.cgi?acc=GSE310423
GSE307964,GSE307965,6,complete_containment,0,,0,0,0,high_confidence_overlap,MiR-342 suppression of an E2F signaling network limits metastatic outgrowth of triple negative breast cancer [RNA-Seq],MiR-342 suppression of an E2F signaling network limits metastatic outgrowth of triple negative breast cancer,https://www.ncbi.nlm.nih.gov/geo/query/acc.cgi?acc=GSE307964,https://www.ncbi.nlm.nih.gov/geo/query/acc.cgi?acc=GSE307965
GSE30821,GSE30822,6,complete_containment,0,,0,0,0,high_confidence_overlap,"Integration of BRCA1-mediated miRNA and mRNA signatures reveal miR-146a, miR-99b and miR-205 regulation of the TRAF2 and NFkB pathways (mRNA dataset)","Integration of BRCA1-mediated miRNA and mRNA signatures reveal miR-146a, miR-99b and miR-205 regulation of the TRAF2 and NFkB pathways",https://www.ncbi.nlm.nih.gov/geo/query/acc.cgi?acc=GSE30821,https://www.ncbi.nlm.nih.gov/geo/query/acc.cgi?acc=GSE30822
GSE30871,GSE40725,12,complete_containment,0,,0,0,0,high_confidence_overlap,Genome-Wide Progesterone Receptor Binding: Cell Type-Specific and Shared Mechanisms in Uterine Fibroids and Breast Cancer,Genome-Wide Progesterone Receptor Binding: Cell Type-Specific and Shared Mechanisms in Uterine Fibroids and Breast Cancer (Expression BeadChip),https://www.ncbi.nlm.nih.gov/geo/query/acc.cgi?acc=GSE30871,https://www.ncbi.nlm.nih.gov/geo/query/acc.cgi?acc=GSE40725
GSE309900,GSE309902,6,complete_containment,0,,0,0,0,high_confidence_overlap,Targeting CDK12 disrupts estrogen-receptor chromatin recruitment and ER-MED1 transcription in advanced ER+ breast cancer [RNA-Seq],Targeting CDK12 disrupts estrogen-receptor chromatin recruitment and ER-MED1 transcription in advanced ER+ breast cancer,https://www.ncbi.nlm.nih.gov/geo/query/acc.cgi?acc=GSE309900,https://www.ncbi.nlm.nih.gov/geo/query/acc.cgi?acc=GSE309902
GSE31128,GSE31130,48,complete_containment,0,,0,0,0,high_confidence_overlap,Progestin regulation of gene expression in breast cancer and minimally transformed breast cell lines,Non-overlapping progesterone receptor cistromes contribute to cell-specific transcriptional outcomes in breast cells,https://www.ncbi.nlm.nih.gov/geo/query/acc.cgi?acc=GSE31128,https://www.ncbi.nlm.nih.gov/geo/query/acc.cgi?acc=GSE31130
GSE31589,GSE41119,5,partial_overlap,0,,0,0,0,high_confidence_overlap,Expression of Epithelial-to-Mesenchymal Transition (EMT)-associated genes in extratumoral microenvironment predicts poor clinical outcome in breast cancer patients,Molecular Characterization of Basal-like and Non-Basal-like Triple-Negative Breast Cancers,https://www.ncbi.nlm.nih.gov/geo/query/acc.cgi?acc=GSE31589,https://www.ncbi.nlm.nih.gov/geo/query/acc.cgi?acc=GSE41119
GSE31603,GSE31605,30,complete_containment,0,,0,0,0,high_confidence_overlap,Human breast cancer cell lines: vehicle vs. BMP4 incubation,Human breast cancer cell lines,https://www.ncbi.nlm.nih.gov/geo/query/acc.cgi?acc=GSE31603,https://www.ncbi.nlm.nih.gov/geo/query/acc.cgi?acc=GSE31605
GSE31604,GSE31605,30,complete_containment,0,,0,0,0,high_confidence_overlap,Human breast cancer cell lines: vehicle vs. BMP7 incubation,Human breast cancer cell lines,https://www.ncbi.nlm.nih.gov/geo/query/acc.cgi?acc=GSE31604,https://www.ncbi.nlm.nih.gov/geo/query/acc.cgi?acc=GSE31605
GSE316197,GSE316199,20,complete_containment,0,,0,0,0,high_confidence_overlap,NanoString Breast Cancer 360 expression profiling of histologically normal breast lobules from NHBW and NHWW donors (BC360),NanoString expression profiling of histologically normal breast lobules from NHBW and NHWW donors (BC360),https://www.ncbi.nlm.nih.gov/geo/query/acc.cgi?acc=GSE316197,https://www.ncbi.nlm.nih.gov/geo/query/acc.cgi?acc=GSE316199
GSE3165,GSE3521,189,near_containment,0,,0,0,0,high_confidence_overlap,Identification of conserved gene expression features across human and murine mammary tumors,A compact VEGF signature associated with distant metastases and poor outcomes,https://www.ncbi.nlm.nih.gov/geo/query/acc.cgi?acc=GSE3165,https://www.ncbi.nlm.nih.gov/geo/query/acc.cgi?acc=GSE3521
GSE3165,GSE35629,0,,2,,0,0,0,manual_review_required,Identification of conserved gene expression features across human and murine mammary tumors,Vimentin DNA Methylation Predicts Survival in Breast Cancer,https://www.ncbi.nlm.nih.gov/geo/query/acc.cgi?acc=GSE3165,https://www.ncbi.nlm.nih.gov/geo/query/acc.cgi?acc=GSE35629
GSE3165,GSE6130,133,near_containment,0,,0,0,0,high_confidence_overlap,Identification of conserved gene expression features across human and murine mammary tumors,Agreement in Breast Cancer Classification between Microarray and qRT-PCR from Fresh-Frozen and Formalin-Fixed Tissues,https://www.ncbi.nlm.nih.gov/geo/query/acc.cgi?acc=GSE3165,https://www.ncbi.nlm.nih.gov/geo/query/acc.cgi?acc=GSE6130
GSE317345,GSE317681,39,complete_containment,0,,0,0,0,high_confidence_overlap,Genomic accesssment of patients with HR+/HER2- metastatic breast cancer treated with palbociclib (PROMISE study),Genomic accesssment of patients with HR+/HER2- metastatic breast cancer treated with palbociclib (PROMISE_study),https://www.ncbi.nlm.nih.gov/geo/query/acc.cgi?acc=GSE317345,https://www.ncbi.nlm.nih.gov/geo/query/acc.cgi?acc=GSE317681
GSE317628,GSE317681,10,complete_containment,0,,0,0,0,high_confidence_overlap,Genomic accesssment of patients with HR+/HER2- metastatic breast cancer treated with palbociclib (PROMISE study) paired,Genomic accesssment of patients with HR+/HER2- metastatic breast cancer treated with palbociclib (PROMISE_study),https://www.ncbi.nlm.nih.gov/geo/query/acc.cgi?acc=GSE317628,https://www.ncbi.nlm.nih.gov/geo/query/acc.cgi?acc=GSE317681
GSE3178,GSE763,0,,6,,0,0,0,manual_review_required,Gene expression patterns associated with p53 status in breast cancer,Cell-type specific responses to chemotherapeutics in breast cancer,https://www.ncbi.nlm.nih.gov/geo/query/acc.cgi?acc=GSE3178,https://www.ncbi.nlm.nih.gov/geo/query/acc.cgi?acc=GSE763
GSE31870,GSE37145,6,partial_overlap,0,,0,0,0,high_confidence_overlap,Maintenance of Hormone Responsiveness in Luminal Breast Cancers by Suppression of Notch,Vascular properties of breast cancer intrinsic subtypes,https://www.ncbi.nlm.nih.gov/geo/query/acc.cgi?acc=GSE31870,https://www.ncbi.nlm.nih.gov/geo/query/acc.cgi?acc=GSE37145
GSE3193,GSE3281,37,partial_overlap,0,,0,0,0,high_confidence_overlap,Breast Tumor Clinical Implications,Breast Cancer aCGH,https://www.ncbi.nlm.nih.gov/geo/query/acc.cgi?acc=GSE3193,https://www.ncbi.nlm.nih.gov/geo/query/acc.cgi?acc=GSE3281
GSE3193,GSE4335,83,near_containment,0,,0,0,0,high_confidence_overlap,Breast Tumor Clinical Implications,Norway/Stanford Breast Tumors,https://www.ncbi.nlm.nih.gov/geo/query/acc.cgi?acc=GSE3193,https://www.ncbi.nlm.nih.gov/geo/query/acc.cgi?acc=GSE4335
GSE3193,GSE43615,0,,10,,0,0,0,manual_review_required,Breast Tumor Clinical Implications,IRCC Breast Cancer dataset,https://www.ncbi.nlm.nih.gov/geo/query/acc.cgi?acc=GSE3193,https://www.ncbi.nlm.nih.gov/geo/query/acc.cgi?acc=GSE43615
GSE3193,GSE4382,83,near_containment,0,,0,0,0,high_confidence_overlap,Breast Tumor Clinical Implications,Repeated observation of breast tumor subtypes in independent gene expression data sets,https://www.ncbi.nlm.nih.gov/geo/query/acc.cgi?acc=GSE3193,https://www.ncbi.nlm.nih.gov/geo/query/acc.cgi?acc=GSE4382
GSE3193,GSE61,43,partial_overlap,0,,0,0,0,high_confidence_overlap,Breast Tumor Clinical Implications,Molecular portraits of human breast tumors,https://www.ncbi.nlm.nih.gov/geo/query/acc.cgi?acc=GSE3193,https://www.ncbi.nlm.nih.gov/geo/query/acc.cgi?acc=GSE61
GSE320216,GSE320319,9,complete_containment,0,,0,0,0,high_confidence_overlap,Genome reorganization and its functional impact during breast cancer progression [RNA-Seq],Genome reorganization and its functional impact during breast cancer progression,https://www.ncbi.nlm.nih.gov/geo/query/acc.cgi?acc=GSE320216,https://www.ncbi.nlm.nih.gov/geo/query/acc.cgi?acc=GSE320319
GSE32143,GSE32150,4,complete_containment,0,,0,0,0,high_confidence_overlap,LM2 cell: infected with lentivirus to stably express Elf5 vs GFP,Elf5 inhibits epithelial mesenchymal transition in development and cancer metastasis through transcriptional repression of Snail2,https://www.ncbi.nlm.nih.gov/geo/query/acc.cgi?acc=GSE32143,https://www.ncbi.nlm.nih.gov/geo/query/acc.cgi?acc=GSE32150
GSE32144,GSE32150,6,complete_containment,0,,0,0,0,high_confidence_overlap,MDA-MB-231 cell: infected with lentivirus to stably express mut-Elf5 vs WT-Elf5,Elf5 inhibits epithelial mesenchymal transition in development and cancer metastasis through transcriptional repression of Snail2,https://www.ncbi.nlm.nih.gov/geo/query/acc.cgi?acc=GSE32144,https://www.ncbi.nlm.nih.gov/geo/query/acc.cgi?acc=GSE32150
GSE322943,GSE324454,100,complete_containment,0,,0,0,0,high_confidence_overlap,Dissecting the cellular architecture of breast cancer brain metastases reveals prognostically distinct immune landscapes [RNA-Seq],Dissecting the cellular architecture of breast cancer brain metastases reveals prognostically distinct immune landscapes,https://www.ncbi.nlm.nih.gov/geo/query/acc.cgi?acc=GSE322943,https://www.ncbi.nlm.nih.gov/geo/query/acc.cgi?acc=GSE324454
GSE32348,GSE32350,5,complete_containment,0,,0,0,0,high_confidence_overlap,Methylation specifies distinct estrogen-induced binding site repertoires of CBP to chromatin (mRNA),Methylation specifies distinct estrogen-induced binding site repertoires of CBP to chromatin,https://www.ncbi.nlm.nih.gov/geo/query/acc.cgi?acc=GSE32348,https://www.ncbi.nlm.nih.gov/geo/query/acc.cgi?acc=GSE32350
GSE324453,GSE324454,28,complete_containment,0,,0,0,0,high_confidence_overlap,Dissecting the cellular architecture of breast cancer brain metastases reveals prognostically distinct immune landscapes [snRNA-Seq],Dissecting the cellular architecture of breast cancer brain metastases reveals prognostically distinct immune landscapes,https://www.ncbi.nlm.nih.gov/geo/query/acc.cgi?acc=GSE324453,https://www.ncbi.nlm.nih.gov/geo/query/acc.cgi?acc=GSE324454
GSE32455,GSE59281,10,complete_containment,0,,0,0,0,high_confidence_overlap,Cancer stem cell subpopulations within the CD44high human breast cancer stem cell compartment,Cancer stem cells subpopulations within the CD44high human breast cancer stem cell compartment [HMT clones],https://www.ncbi.nlm.nih.gov/geo/query/acc.cgi?acc=GSE32455,https://www.ncbi.nlm.nih.gov/geo/query/acc.cgi?acc=GSE59281
GSE324675,GSE324677,74,complete_containment,0,,0,0,0,high_confidence_overlap,Parity-conditioned Hedgehog/VDR-linked NanoString profiling of histologically normal human breast tissue (BC360),Parity-conditioned Hedgehog/VDR-linked NanoString profiling of histologically normal human breast tissue,https://www.ncbi.nlm.nih.gov/geo/query/acc.cgi?acc=GSE324675,https://www.ncbi.nlm.nih.gov/geo/query/acc.cgi?acc=GSE324677
GSE32488,GSE32490,48,complete_containment,0,,0,0,0,high_confidence_overlap,"Expression profiling of formalin-fixed, paraffin-embedded (FFPE) breast cancer metastases of the lymph node and autopsy tissues [DASL HT-12 samples]","Expression profiling of formalin-fixed, paraffin-embedded (FFPE) breast cancer metastases of the lymph node and autopsy tissues",https://www.ncbi.nlm.nih.gov/geo/query/acc.cgi?acc=GSE32488,https://www.ncbi.nlm.nih.gov/geo/query/acc.cgi?acc=GSE32490
GSE32489,GSE32490,120,complete_containment,0,,0,0,0,high_confidence_overlap,"Expression profiling of formalin-fixed, paraffin-embedded (FFPE) breast cancer metastases of the lymph node and autopsy tissues [DASL HumanRef-v3 samples]","Expression profiling of formalin-fixed, paraffin-embedded (FFPE) breast cancer metastases of the lymph node and autopsy tissues",https://www.ncbi.nlm.nih.gov/geo/query/acc.cgi?acc=GSE32489,https://www.ncbi.nlm.nih.gov/geo/query/acc.cgi?acc=GSE32490
GSE32531,GSE32532,31,complete_containment,0,,0,0,0,high_confidence_overlap,"Patient-derived tumor grafts authentically reflect tumor pathology, growth, metastasis, and disease outcomes (expression)","Patient-derived tumor grafts authentically reflect tumor pathology, growth, metastasis, and disease outcomes",https://www.ncbi.nlm.nih.gov/geo/query/acc.cgi?acc=GSE32531,https://www.ncbi.nlm.nih.gov/geo/query/acc.cgi?acc=GSE32532
GSE32641,GSE9309,22,partial_overlap,0,,0,0,0,high_confidence_overlap,Major functional transcriptome of an inferred center regulator of an ER(-) breast cancer model system,Recovery of biological information under heterogeneous experimental conditions using subgroup standardization.,https://www.ncbi.nlm.nih.gov/geo/query/acc.cgi?acc=GSE32641,https://www.ncbi.nlm.nih.gov/geo/query/acc.cgi?acc=GSE9309
GSE32666,GSE32670,11,complete_containment,0,,0,0,0,high_confidence_overlap,Time-course effect of estradiol and estradiol-BSA on early gene expression in T47D cells,Time-course effect of estradiol and estradiol-BSA on early gene expression,https://www.ncbi.nlm.nih.gov/geo/query/acc.cgi?acc=GSE32666,https://www.ncbi.nlm.nih.gov/geo/query/acc.cgi?acc=GSE32670
GSE32667,GSE32670,8,complete_containment,0,,0,0,0,high_confidence_overlap,Time-course effect of estradiol and estradiol-BSA on early gene expression in MCF-7 cells,Time-course effect of estradiol and estradiol-BSA on early gene expression,https://www.ncbi.nlm.nih.gov/geo/query/acc.cgi?acc=GSE32667,https://www.ncbi.nlm.nih.gov/geo/query/acc.cgi?acc=GSE32670
GSE32668,GSE32670,11,complete_containment,0,,0,0,0,high_confidence_overlap,Time-course effect of estradiol and estradiol-BSA on early gene expression in MDA-MB-231 cells,Time-course effect of estradiol and estradiol-BSA on early gene expression,https://www.ncbi.nlm.nih.gov/geo/query/acc.cgi?acc=GSE32668,https://www.ncbi.nlm.nih.gov/geo/query/acc.cgi?acc=GSE32670
GSE32669,GSE32670,8,complete_containment,0,,0,0,0,high_confidence_overlap,Time-course effect of estradiol and estradiol-BSA on early gene expression in SKBR3 cells,Time-course effect of estradiol and estradiol-BSA on early gene expression,https://www.ncbi.nlm.nih.gov/geo/query/acc.cgi?acc=GSE32669,https://www.ncbi.nlm.nih.gov/geo/query/acc.cgi?acc=GSE32670
GSE327958,GSE51403,0,,3,,0,0,0,manual_review_required,Transcriptomic responses to a PDE4DIP-directed siRNA in MDA-MB-231 breast cancer cells,"RNA-seq differential expression studies: more sequence, or more replication?",https://www.ncbi.nlm.nih.gov/geo/query/acc.cgi?acc=GSE327958,https://www.ncbi.nlm.nih.gov/geo/query/acc.cgi?acc=GSE51403
GSE327958,GSE54756,0,,3,,0,0,0,manual_review_required,Transcriptomic responses to a PDE4DIP-directed siRNA in MDA-MB-231 breast cancer cells,Expression data from TGFBR3 controls and TGFBR3 knockdown of SUM159 3D cultures,https://www.ncbi.nlm.nih.gov/geo/query/acc.cgi?acc=GSE327958,https://www.ncbi.nlm.nih.gov/geo/query/acc.cgi?acc=GSE54756
GSE327958,GSE57243,0,,2,,0,0,0,manual_review_required,Transcriptomic responses to a PDE4DIP-directed siRNA in MDA-MB-231 breast cancer cells,Cell-type restricted activity of hnRNPM promotes breast cancer metastasis via regulating alternative splicing,https://www.ncbi.nlm.nih.gov/geo/query/acc.cgi?acc=GSE327958,https://www.ncbi.nlm.nih.gov/geo/query/acc.cgi?acc=GSE57243
GSE3281,GSE3353,0,,1,,0,0,0,manual_review_required,Breast Cancer aCGH,A comparison of gene expression signatures from breast tumors and breast tissue derived cell lines,https://www.ncbi.nlm.nih.gov/geo/query/acc.cgi?acc=GSE3281,https://www.ncbi.nlm.nih.gov/geo/query/acc.cgi?acc=GSE3353
GSE3281,GSE4335,36,partial_overlap,0,,0,0,0,high_confidence_overlap,Breast Cancer aCGH,Norway/Stanford Breast Tumors,https://www.ncbi.nlm.nih.gov/geo/query/acc.cgi?acc=GSE3281,https://www.ncbi.nlm.nih.gov/geo/query/acc.cgi?acc=GSE4335
GSE3281,GSE43615,0,,6,,0,0,0,manual_review_required,Breast Cancer aCGH,IRCC Breast Cancer dataset,https://www.ncbi.nlm.nih.gov/geo/query/acc.cgi?acc=GSE3281,https://www.ncbi.nlm.nih.gov/geo/query/acc.cgi?acc=GSE43615
GSE3281,GSE4382,36,partial_overlap,0,,0,0,0,high_confidence_overlap,Breast Cancer aCGH,Repeated observation of breast tumor subtypes in independent gene expression data sets,https://www.ncbi.nlm.nih.gov/geo/query/acc.cgi?acc=GSE3281,https://www.ncbi.nlm.nih.gov/geo/query/acc.cgi?acc=GSE4382
GSE3281,GSE61,40,partial_overlap,0,,0,0,0,high_confidence_overlap,Breast Cancer aCGH,Molecular portraits of human breast tumors,https://www.ncbi.nlm.nih.gov/geo/query/acc.cgi?acc=GSE3281,https://www.ncbi.nlm.nih.gov/geo/query/acc.cgi?acc=GSE61
GSE32905,GSE57083,0,,1,,0,0,0,manual_review_required,EMT inducers catalyze malignant transformation of mammary epithelial cells and drive tumorigenesis towards claudin-low tumors,Expression data from AstraZeneca internal cell lines,https://www.ncbi.nlm.nih.gov/geo/query/acc.cgi?acc=GSE32905,https://www.ncbi.nlm.nih.gov/geo/query/acc.cgi?acc=GSE57083
GSE32905,GSE58135,0,,1,,0,0,0,manual_review_required,EMT inducers catalyze malignant transformation of mammary epithelial cells and drive tumorigenesis towards claudin-low tumors,Breast Cancer RNA-seq,https://www.ncbi.nlm.nih.gov/geo/query/acc.cgi?acc=GSE32905,https://www.ncbi.nlm.nih.gov/geo/query/acc.cgi?acc=GSE58135
GSE32905,GSE59242,0,,1,,0,0,0,manual_review_required,EMT inducers catalyze malignant transformation of mammary epithelial cells and drive tumorigenesis towards claudin-low tumors,Profiling of human cancer breast cell lines (Affymetrix),https://www.ncbi.nlm.nih.gov/geo/query/acc.cgi?acc=GSE32905,https://www.ncbi.nlm.nih.gov/geo/query/acc.cgi?acc=GSE59242
GSE32905,GSE73526,0,,1,,0,0,0,manual_review_required,EMT inducers catalyze malignant transformation of mammary epithelial cells and drive tumorigenesis towards claudin-low tumors,"The Functional Genomic Landscape of Human Breast Cancer Drivers, Vulnerabilities, and Resistance (RNASeq)",https://www.ncbi.nlm.nih.gov/geo/query/acc.cgi?acc=GSE32905,https://www.ncbi.nlm.nih.gov/geo/query/acc.cgi?acc=GSE73526
GSE329389,GSE329391,0,,3,,0,0,0,manual_review_required,Uncovering of Intratumoral Androgen-Dependent Molecular Signature for Better Breast Cancer Prognosis [snRNA-seq],Uncovering of Intratumoral Androgen -Dependent Molecular Signature for Better Breast Cancer Prognosis [RNA-Seq],https://www.ncbi.nlm.nih.gov/geo/query/acc.cgi?acc=GSE329389,https://www.ncbi.nlm.nih.gov/geo/query/acc.cgi?acc=GSE329391
GSE33145,GSE33167,9,complete_containment,0,,0,0,0,high_confidence_overlap,Expression data from DKAT and other breast cancer cell lines under baseline growth conditions,Phenotypic Plasticity in Aggressive Triple-Negative Breast Cancer: Human Biology is Recapitulated by a Novel Model System,https://www.ncbi.nlm.nih.gov/geo/query/acc.cgi?acc=GSE33145,https://www.ncbi.nlm.nih.gov/geo/query/acc.cgi?acc=GSE33167
GSE33146,GSE33167,6,complete_containment,0,,0,0,0,high_confidence_overlap,Expression data from DKAT breast cancer cell line pre- and post-EMT,Phenotypic Plasticity in Aggressive Triple-Negative Breast Cancer: Human Biology is Recapitulated by a Novel Model System,https://www.ncbi.nlm.nih.gov/geo/query/acc.cgi?acc=GSE33146,https://www.ncbi.nlm.nih.gov/geo/query/acc.cgi?acc=GSE33167
GSE334033,GSE40115,0,,2,,0,0,0,manual_review_required,A Patient-Derived Xenograft Model Identifies AK1 as a Key Regulator of Metastatic Potential in Primary Triple-Negative Breast Cancer,Classifications within Molecular Subtypes Enables Identification of BRCA1/BRCA2 Mutation Carriers by RNA Tumor Profiling,https://www.ncbi.nlm.nih.gov/geo/query/acc.cgi?acc=GSE334033,https://www.ncbi.nlm.nih.gov/geo/query/acc.cgi?acc=GSE40115
GSE334033,GSE54275,0,,7,,0,0,0,manual_review_required,A Patient-Derived Xenograft Model Identifies AK1 as a Key Regulator of Metastatic Potential in Primary Triple-Negative Breast Cancer,Microarray gene expression analysis: Batch effect removal improves the cross-platform consistency,https://www.ncbi.nlm.nih.gov/geo/query/acc.cgi?acc=GSE334033,https://www.ncbi.nlm.nih.gov/geo/query/acc.cgi?acc=GSE54275
GSE334033,GSE69240,0,,1,,0,0,0,manual_review_required,A Patient-Derived Xenograft Model Identifies AK1 as a Key Regulator of Metastatic Potential in Primary Triple-Negative Breast Cancer,A Molecular Portrait Of High-Grade Ductal Carcinoma In Situ (DCIS) [RNA-seq],https://www.ncbi.nlm.nih.gov/geo/query/acc.cgi?acc=GSE334033,https://www.ncbi.nlm.nih.gov/geo/query/acc.cgi?acc=GSE69240
GSE334033,GSE81538,0,,11,,0,0,0,manual_review_required,A Patient-Derived Xenograft Model Identifies AK1 as a Key Regulator of Metastatic Potential in Primary Triple-Negative Breast Cancer,Clinical Value of RNA Sequencing–Based Classifiers for Prediction of the Five Conventional Breast Cancer Biomarkers: A Report From the Population-Based Multicenter Sweden Cancerome Analysis Network—Breast Initiative [cohort 405],https://www.ncbi.nlm.nih.gov/geo/query/acc.cgi?acc=GSE334033,https://www.ncbi.nlm.nih.gov/geo/query/acc.cgi?acc=GSE81538
GSE334033,GSE81540,0,,11,,0,0,0,manual_review_required,A Patient-Derived Xenograft Model Identifies AK1 as a Key Regulator of Metastatic Potential in Primary Triple-Negative Breast Cancer,Clinical Value of RNA Sequencing–Based Classifiers for Prediction of the Five Conventional Breast Cancer Biomarkers: A Report From the Population-Based Multicenter Sweden Cancerome Analysis Network—Breast Initiative [superseries],https://www.ncbi.nlm.nih.gov/geo/query/acc.cgi?acc=GSE334033,https://www.ncbi.nlm.nih.gov/geo/query/acc.cgi?acc=GSE81540
GSE334033,GSE86159,0,,1,,0,0,0,manual_review_required,A Patient-Derived Xenograft Model Identifies AK1 as a Key Regulator of Metastatic Potential in Primary Triple-Negative Breast Cancer,"LINC00520 is Induced by Src, STAT3, and PI3K and Plays a Functional Role in Breast Cancer",https://www.ncbi.nlm.nih.gov/geo/query/acc.cgi?acc=GSE334033,https://www.ncbi.nlm.nih.gov/geo/query/acc.cgi?acc=GSE86159
GSE334307,GSE334437,8,complete_containment,0,,0,0,0,high_confidence_overlap,bulk MARSseq in MCF7 cells sorted  basal-like and extreme luminal subpopulations.,Multi-omic profiling of epigenetically distinct luminal and basal-like cell states in luminal breast cancer,https://www.ncbi.nlm.nih.gov/geo/query/acc.cgi?acc=GSE334307,https://www.ncbi.nlm.nih.gov/geo/query/acc.cgi?acc=GSE334437
GSE33447,GSE33450,16,complete_containment,0,,0,0,0,high_confidence_overlap,Gene expression profiles in breast cancer: breast cancer tissues vs. normal breast tissues,DNA hypermethylation and gene expression in breast cancer: breast cancer tissues vs. normal breast tissues,https://www.ncbi.nlm.nih.gov/geo/query/acc.cgi?acc=GSE33447,https://www.ncbi.nlm.nih.gov/geo/query/acc.cgi?acc=GSE33450
GSE33526,GSE43973,71,near_containment,0,,0,0,0,high_confidence_overlap,Normal breast tissue of obese women is enriched for macrophage markers and macrophage-associated gene expression,Age-associated gene expression in normal breast tissue mirrors qualitative age-at-incidence patterns for breast cancer,https://www.ncbi.nlm.nih.gov/geo/query/acc.cgi?acc=GSE33526,https://www.ncbi.nlm.nih.gov/geo/query/acc.cgi?acc=GSE43973
GSE3353,GSE44354,0,,1,,0,0,0,manual_review_required,A comparison of gene expression signatures from breast tumors and breast tissue derived cell lines,Identification of novel metastases-suppressor genes involved in breast cancer brain metastases (BCBM) formation,https://www.ncbi.nlm.nih.gov/geo/query/acc.cgi?acc=GSE3353,https://www.ncbi.nlm.nih.gov/geo/query/acc.cgi?acc=GSE44354
GSE3353,GSE50470,0,,2,,0,0,0,manual_review_required,A comparison of gene expression signatures from breast tumors and breast tissue derived cell lines,Characterization of Cell Lines Derived from Breast Cancers and Normal Mammary Tissues for the Study of the Intrinsic Molecular Subtypes,https://www.ncbi.nlm.nih.gov/geo/query/acc.cgi?acc=GSE3353,https://www.ncbi.nlm.nih.gov/geo/query/acc.cgi?acc=GSE50470
GSE3353,GSE52643,0,,1,,0,0,0,manual_review_required,A comparison of gene expression signatures from breast tumors and breast tissue derived cell lines,Fusion discovery in breast cancer cell line,https://www.ncbi.nlm.nih.gov/geo/query/acc.cgi?acc=GSE3353,https://www.ncbi.nlm.nih.gov/geo/query/acc.cgi?acc=GSE52643
GSE3353,GSE58135,0,,1,,0,0,0,manual_review_required,A comparison of gene expression signatures from breast tumors and breast tissue derived cell lines,Breast Cancer RNA-seq,https://www.ncbi.nlm.nih.gov/geo/query/acc.cgi?acc=GSE3353,https://www.ncbi.nlm.nih.gov/geo/query/acc.cgi?acc=GSE58135
GSE3353,GSE59242,0,,2,,0,0,0,manual_review_required,A comparison of gene expression signatures from breast tumors and breast tissue derived cell lines,Profiling of human cancer breast cell lines (Affymetrix),https://www.ncbi.nlm.nih.gov/geo/query/acc.cgi?acc=GSE3353,https://www.ncbi.nlm.nih.gov/geo/query/acc.cgi?acc=GSE59242
GSE3353,GSE61,0,,1,,0,0,0,manual_review_required,A comparison of gene expression signatures from breast tumors and breast tissue derived cell lines,Molecular portraits of human breast tumors,https://www.ncbi.nlm.nih.gov/geo/query/acc.cgi?acc=GSE3353,https://www.ncbi.nlm.nih.gov/geo/query/acc.cgi?acc=GSE61
GSE3353,GSE73526,0,,3,,0,0,0,manual_review_required,A comparison of gene expression signatures from breast tumors and breast tissue derived cell lines,"The Functional Genomic Landscape of Human Breast Cancer Drivers, Vulnerabilities, and Resistance (RNASeq)",https://www.ncbi.nlm.nih.gov/geo/query/acc.cgi?acc=GSE3353,https://www.ncbi.nlm.nih.gov/geo/query/acc.cgi?acc=GSE73526
GSE3353,GSE81032,0,,1,,0,0,0,manual_review_required,A comparison of gene expression signatures from breast tumors and breast tissue derived cell lines,Comparative proteomics and transcriptomics study of signaling network proteins across multiple normal and cancer cell lines,https://www.ncbi.nlm.nih.gov/geo/query/acc.cgi?acc=GSE3353,https://www.ncbi.nlm.nih.gov/geo/query/acc.cgi?acc=GSE81032
GSE3353,GSE87006,0,,1,,0,0,0,manual_review_required,A comparison of gene expression signatures from breast tumors and breast tissue derived cell lines,CDK4 phosphorylation status and a linked gene expression profile predict sensitivity to Palbociclib [lines],https://www.ncbi.nlm.nih.gov/geo/query/acc.cgi?acc=GSE3353,https://www.ncbi.nlm.nih.gov/geo/query/acc.cgi?acc=GSE87006
GSE3353,GSE87008,0,,1,,0,0,0,manual_review_required,A comparison of gene expression signatures from breast tumors and breast tissue derived cell lines,CDK4 phosphorylation status and a linked gene expression profile predict sensitivity to Palbociclib,https://www.ncbi.nlm.nih.gov/geo/query/acc.cgi?acc=GSE3353,https://www.ncbi.nlm.nih.gov/geo/query/acc.cgi?acc=GSE87008
GSE33851,GSE64155,2,partial_overlap,0,,0,0,0,high_confidence_overlap,Estrogen-like activity and dual roles in cell signaling of brefeldin A,Estrogen-like activity in cell signaling of capsaicinoids,https://www.ncbi.nlm.nih.gov/geo/query/acc.cgi?acc=GSE33851,https://www.ncbi.nlm.nih.gov/geo/query/acc.cgi?acc=GSE64155
GSE33851,GSE86565,2,partial_overlap,0,,0,0,0,high_confidence_overlap,Estrogen-like activity and dual roles in cell signaling of brefeldin A,Estrogen-like activity in cell signaling of lignans,https://www.ncbi.nlm.nih.gov/geo/query/acc.cgi?acc=GSE33851,https://www.ncbi.nlm.nih.gov/geo/query/acc.cgi?acc=GSE86565
GSE33926,GSE53752,51,complete_containment,0,,0,0,0,high_confidence_overlap,Molecular characteristics and metastasis predictor genes of triple-negative breast cancer,Molecular characteristics and metastasis predictor genes of triple-negative breast cancer (II),https://www.ncbi.nlm.nih.gov/geo/query/acc.cgi?acc=GSE33926,https://www.ncbi.nlm.nih.gov/geo/query/acc.cgi?acc=GSE53752
GSE34147,GSE34149,10,complete_containment,0,,0,0,0,high_confidence_overlap,Phosphorylated and Sumoylation-Deficient Progesterone Receptors Drive Proliferative Gene Signatures During Breast Cancer Progression (Affymetrix gene expression analysis),Phosphorylated and Sumoylation-Deficient Progesterone Receptors Drive Proliferative Gene Signatures During Breast Cancer Progression,https://www.ncbi.nlm.nih.gov/geo/query/acc.cgi?acc=GSE34147,https://www.ncbi.nlm.nih.gov/geo/query/acc.cgi?acc=GSE34149
GSE34148,GSE34149,12,complete_containment,0,,0,0,0,high_confidence_overlap,Phosphorylated and Sumoylation-Deficient Progesterone Receptors Drive Proliferative Gene Signatures During Breast Cancer Progression (Illumina gene expression analysis),Phosphorylated and Sumoylation-Deficient Progesterone Receptors Drive Proliferative Gene Signatures During Breast Cancer Progression,https://www.ncbi.nlm.nih.gov/geo/query/acc.cgi?acc=GSE34148,https://www.ncbi.nlm.nih.gov/geo/query/acc.cgi?acc=GSE34149
GSE34270,GSE34277,48,complete_containment,0,,0,0,0,high_confidence_overlap,In vitro gene expression profile of TGFbeta-regulated genes in MCF10A-based xenograft model of breast cancer progression,MCF10A-based xenograft model of breast cancer,https://www.ncbi.nlm.nih.gov/geo/query/acc.cgi?acc=GSE34270,https://www.ncbi.nlm.nih.gov/geo/query/acc.cgi?acc=GSE34277
GSE34276,GSE34277,12,complete_containment,0,,0,0,0,high_confidence_overlap,Global analysis of TGF-beta-regulated gene expression in MCF10Ca1h (M3) breast tumor xenografts,MCF10A-based xenograft model of breast cancer,https://www.ncbi.nlm.nih.gov/geo/query/acc.cgi?acc=GSE34276,https://www.ncbi.nlm.nih.gov/geo/query/acc.cgi?acc=GSE34277
GSE34412,GSE41119,33,partial_overlap,0,,0,0,0,high_confidence_overlap,"A Renewable Tissue Resource of Phenotypically Stable, Biologically and Ethnically Diverse, Patient-derived Human Breast Cancer Xenografts",Molecular Characterization of Basal-like and Non-Basal-like Triple-Negative Breast Cancers,https://www.ncbi.nlm.nih.gov/geo/query/acc.cgi?acc=GSE34412,https://www.ncbi.nlm.nih.gov/geo/query/acc.cgi?acc=GSE41119
GSE34412,GSE46604,33,partial_overlap,0,,0,0,0,high_confidence_overlap,"A Renewable Tissue Resource of Phenotypically Stable, Biologically and Ethnically Diverse, Patient-derived Human Breast Cancer Xenografts",Xenografting of advanced stage breast cancer preserves the genomic and clonal architecture and captures luminal tumors harboring mutations and gene rearrangements in ESR1,https://www.ncbi.nlm.nih.gov/geo/query/acc.cgi?acc=GSE34412,https://www.ncbi.nlm.nih.gov/geo/query/acc.cgi?acc=GSE46604
GSE34523,GSE34525,16,complete_containment,0,,0,0,0,high_confidence_overlap,BT474 tumors in the presence or absence of SHP2,"BT474 tumors, primary TN tumors and MCF10A-HER2/3 cells in the presence or absence of SHP2",https://www.ncbi.nlm.nih.gov/geo/query/acc.cgi?acc=GSE34523,https://www.ncbi.nlm.nih.gov/geo/query/acc.cgi?acc=GSE34525
GSE34525,GSE35118,14,complete_containment,0,,0,0,0,high_confidence_overlap,"BT474 tumors, primary TN tumors and MCF10A-HER2/3 cells in the presence or absence of SHP2",Primary TNBC tumor in the presence or absence of SHP2,https://www.ncbi.nlm.nih.gov/geo/query/acc.cgi?acc=GSE34525,https://www.ncbi.nlm.nih.gov/geo/query/acc.cgi?acc=GSE35118
GSE349,GSE6434,14,complete_containment,0,,0,0,0,high_confidence_overlap,Resistant,Docetaxel treatment of sensitve and resistant patients,https://www.ncbi.nlm.nih.gov/geo/query/acc.cgi?acc=GSE349,https://www.ncbi.nlm.nih.gov/geo/query/acc.cgi?acc=GSE6434
GSE350,GSE6434,10,complete_containment,0,,0,0,0,high_confidence_overlap,Sensitive,Docetaxel treatment of sensitve and resistant patients,https://www.ncbi.nlm.nih.gov/geo/query/acc.cgi?acc=GSE350,https://www.ncbi.nlm.nih.gov/geo/query/acc.cgi?acc=GSE6434
GSE35186,GSE35191,124,complete_containment,0,,0,0,0,high_confidence_overlap,Paradigm Test Set Expression Array,Paradigm Test Set,https://www.ncbi.nlm.nih.gov/geo/query/acc.cgi?acc=GSE35186,https://www.ncbi.nlm.nih.gov/geo/query/acc.cgi?acc=GSE35191
GSE3521,GSE35629,0,,1,,0,0,0,manual_review_required,A compact VEGF signature associated with distant metastases and poor outcomes,Vimentin DNA Methylation Predicts Survival in Breast Cancer,https://www.ncbi.nlm.nih.gov/geo/query/acc.cgi?acc=GSE3521,https://www.ncbi.nlm.nih.gov/geo/query/acc.cgi?acc=GSE35629
GSE3521,GSE6130,107,partial_overlap,0,,0,0,0,high_confidence_overlap,A compact VEGF signature associated with distant metastases and poor outcomes,Agreement in Breast Cancer Classification between Microarray and qRT-PCR from Fresh-Frozen and Formalin-Fixed Tissues,https://www.ncbi.nlm.nih.gov/geo/query/acc.cgi?acc=GSE3521,https://www.ncbi.nlm.nih.gov/geo/query/acc.cgi?acc=GSE6130
GSE35629,GSE6128,0,,4,,0,0,0,manual_review_required,Vimentin DNA Methylation Predicts Survival in Breast Cancer,EGFR signaling varies with breast tumor subtype,https://www.ncbi.nlm.nih.gov/geo/query/acc.cgi?acc=GSE35629,https://www.ncbi.nlm.nih.gov/geo/query/acc.cgi?acc=GSE6128
GSE35629,GSE6130,0,,1,,0,0,0,manual_review_required,Vimentin DNA Methylation Predicts Survival in Breast Cancer,Agreement in Breast Cancer Classification between Microarray and qRT-PCR from Fresh-Frozen and Formalin-Fixed Tissues,https://www.ncbi.nlm.nih.gov/geo/query/acc.cgi?acc=GSE35629,https://www.ncbi.nlm.nih.gov/geo/query/acc.cgi?acc=GSE6130
GSE36765,GSE36769,34,complete_containment,0,,0,0,0,high_confidence_overlap,Gene expression profiling of CD4+ T cells infiltrating human breast cancer (Discovery Set),CD4+ TIL in human breast cancer,https://www.ncbi.nlm.nih.gov/geo/query/acc.cgi?acc=GSE36765,https://www.ncbi.nlm.nih.gov/geo/query/acc.cgi?acc=GSE36769
GSE36766,GSE36769,14,complete_containment,0,,0,0,0,high_confidence_overlap,Effect of human breast tumor supernatant on normal CD4+ T cells (Confirmation Set SN),CD4+ TIL in human breast cancer,https://www.ncbi.nlm.nih.gov/geo/query/acc.cgi?acc=GSE36766,https://www.ncbi.nlm.nih.gov/geo/query/acc.cgi?acc=GSE36769
GSE36767,GSE36769,6,complete_containment,0,,0,0,0,high_confidence_overlap,Gene changes of CD4+ T cells infiltrating human breast cancer in the absence of tumor environment (Confirmation Set 24h),CD4+ TIL in human breast cancer,https://www.ncbi.nlm.nih.gov/geo/query/acc.cgi?acc=GSE36767,https://www.ncbi.nlm.nih.gov/geo/query/acc.cgi?acc=GSE36769
GSE36768,GSE36769,6,complete_containment,0,,0,0,0,high_confidence_overlap,Effect of human breast tumor supernatant on normal CD4+ T cells (Preliminary Experiment),CD4+ TIL in human breast cancer,https://www.ncbi.nlm.nih.gov/geo/query/acc.cgi?acc=GSE36768,https://www.ncbi.nlm.nih.gov/geo/query/acc.cgi?acc=GSE36769
GSE36771,GSE36774,107,complete_containment,0,,0,0,0,high_confidence_overlap,Expression data from primary breast tumors (Auckland),Expression data from primary breast tumors,https://www.ncbi.nlm.nih.gov/geo/query/acc.cgi?acc=GSE36771,https://www.ncbi.nlm.nih.gov/geo/query/acc.cgi?acc=GSE36774
GSE36772,GSE36774,100,complete_containment,0,,0,0,0,high_confidence_overlap,Expression data from primary breast tumors (NUH),Expression data from primary breast tumors,https://www.ncbi.nlm.nih.gov/geo/query/acc.cgi?acc=GSE36772,https://www.ncbi.nlm.nih.gov/geo/query/acc.cgi?acc=GSE36774
GSE36773,GSE36774,49,complete_containment,0,,0,0,0,high_confidence_overlap,Expression data from primary breast tumors (IJB+OXF),Expression data from primary breast tumors,https://www.ncbi.nlm.nih.gov/geo/query/acc.cgi?acc=GSE36773,https://www.ncbi.nlm.nih.gov/geo/query/acc.cgi?acc=GSE36774
GSE36928,GSE39418,12,complete_containment,0,,0,0,0,high_confidence_overlap,Expression profile of the  endocrine therapy resistant breast cancer cells LTED depleted of PBX1 or treated with the gamma-secretase inhibitor MRK003,Genome-wide reprogramming of the chromatin landscape underlies endocrine therapy resistance in breast cancer,https://www.ncbi.nlm.nih.gov/geo/query/acc.cgi?acc=GSE36928,https://www.ncbi.nlm.nih.gov/geo/query/acc.cgi?acc=GSE39418
GSE37751,GSE39004,108,complete_containment,0,,0,0,0,high_confidence_overlap,Molecular Profiles of Human Breast Cancer and Their Association with Tumor Subtypes and Disease Prognosis (Affymetrix),Molecular Profiles of Human Breast Cancer and Their Association with Tumor Subtypes and Disease Prognosis,https://www.ncbi.nlm.nih.gov/geo/query/acc.cgi?acc=GSE37751,https://www.ncbi.nlm.nih.gov/geo/query/acc.cgi?acc=GSE39004
GSE38279,GSE38280,8,complete_containment,0,,0,0,0,high_confidence_overlap,microRNAs and their target proteins associated with characteristics of estrogen receptor-positive breast cancer (mRNA data),microRNAs and their target proteins are associated with characteristics of estrogen receptor-positive breast cancer,https://www.ncbi.nlm.nih.gov/geo/query/acc.cgi?acc=GSE38279,https://www.ncbi.nlm.nih.gov/geo/query/acc.cgi?acc=GSE38280
GSE38548,GSE38790,10,complete_containment,0,,0,0,0,high_confidence_overlap,Somatic cell fusions reveal extensive heterogeneity in basal-like breast cancer,Somatic cell fusions reveal extensive heterogeneity in basal-like breast cancer [DGE],https://www.ncbi.nlm.nih.gov/geo/query/acc.cgi?acc=GSE38548,https://www.ncbi.nlm.nih.gov/geo/query/acc.cgi?acc=GSE38790
GSE38548,GSE69114,10,complete_containment,0,,0,0,0,high_confidence_overlap,Somatic cell fusions reveal extensive heterogeneity in basal-like breast cancer,Somatic cell fusions reveal extensive heterogeneity in basal-like breast cancer [RNA-Seq],https://www.ncbi.nlm.nih.gov/geo/query/acc.cgi?acc=GSE38548,https://www.ncbi.nlm.nih.gov/geo/query/acc.cgi?acc=GSE69114
GSE39356,GSE39359,4,complete_containment,0,,0,0,0,high_confidence_overlap,MiR-374a Promotes Epithelial-Mesenchymal Transition (EMT) and Metastasis of Breast Cancer (mRNA dataset),MiR-374a Promotes Epithelial-Mesenchymal Transition (EMT) and Metastasis of Breast Cancer,https://www.ncbi.nlm.nih.gov/geo/query/acc.cgi?acc=GSE39356,https://www.ncbi.nlm.nih.gov/geo/query/acc.cgi?acc=GSE39359
GSE39417,GSE39418,8,complete_containment,0,,0,0,0,high_confidence_overlap,Expression profile of the endocrine therapy sensitive breast cancer cells MCF7 depleted of PBX1,Genome-wide reprogramming of the chromatin landscape underlies endocrine therapy resistance in breast cancer,https://www.ncbi.nlm.nih.gov/geo/query/acc.cgi?acc=GSE39417,https://www.ncbi.nlm.nih.gov/geo/query/acc.cgi?acc=GSE39418
GSE39691,GSE39694,4,complete_containment,0,,0,0,0,high_confidence_overlap,Expression data from a triple-negative BRCA1-mutated ortho-xenograft treated with sirolimus,Expression data from orthotopic tumors and the MCF7 and HCC1937 breast cancer cell lines,https://www.ncbi.nlm.nih.gov/geo/query/acc.cgi?acc=GSE39691,https://www.ncbi.nlm.nih.gov/geo/query/acc.cgi?acc=GSE39694
GSE39693,GSE39694,4,complete_containment,0,,0,0,0,high_confidence_overlap,Expression data from MCF7 and HCC1937 cells long-term treated with everolimus,Expression data from orthotopic tumors and the MCF7 and HCC1937 breast cancer cell lines,https://www.ncbi.nlm.nih.gov/geo/query/acc.cgi?acc=GSE39693,https://www.ncbi.nlm.nih.gov/geo/query/acc.cgi?acc=GSE39694
GSE39718,GSE39721,3,complete_containment,0,,0,0,0,high_confidence_overlap,Time-course effect of estradiol and ERa17p on Early Gene expression in MDA-MB-231 cells,Time-course effect of estradiol and ERa17p on Early Gene expression in human breast cancer cell lines,https://www.ncbi.nlm.nih.gov/geo/query/acc.cgi?acc=GSE39718,https://www.ncbi.nlm.nih.gov/geo/query/acc.cgi?acc=GSE39721
GSE39719,GSE39721,3,complete_containment,0,,0,0,0,high_confidence_overlap,Time-course effect of estradiol and ERa17p on Early Gene expression in SKBR3 cells,Time-course effect of estradiol and ERa17p on Early Gene expression in human breast cancer cell lines,https://www.ncbi.nlm.nih.gov/geo/query/acc.cgi?acc=GSE39719,https://www.ncbi.nlm.nih.gov/geo/query/acc.cgi?acc=GSE39721
GSE39720,GSE39721,3,complete_containment,0,,0,0,0,high_confidence_overlap,Time-course effect of estradiol and ERa17p on Early Gene expression in T47D cells,Time-course effect of estradiol and ERa17p on Early Gene expression in human breast cancer cell lines,https://www.ncbi.nlm.nih.gov/geo/query/acc.cgi?acc=GSE39720,https://www.ncbi.nlm.nih.gov/geo/query/acc.cgi?acc=GSE39721
GSE4000,GSE52643,0,,1,,0,0,0,manual_review_required,A molecular 'signature' of primary breast cancer cultures; patterns resembling tumor tissue.,Fusion discovery in breast cancer cell line,https://www.ncbi.nlm.nih.gov/geo/query/acc.cgi?acc=GSE4000,https://www.ncbi.nlm.nih.gov/geo/query/acc.cgi?acc=GSE52643
GSE4000,GSE58135,0,,1,,0,0,0,manual_review_required,A molecular 'signature' of primary breast cancer cultures; patterns resembling tumor tissue.,Breast Cancer RNA-seq,https://www.ncbi.nlm.nih.gov/geo/query/acc.cgi?acc=GSE4000,https://www.ncbi.nlm.nih.gov/geo/query/acc.cgi?acc=GSE58135
GSE4000,GSE59242,0,,1,,0,0,0,manual_review_required,A molecular 'signature' of primary breast cancer cultures; patterns resembling tumor tissue.,Profiling of human cancer breast cell lines (Affymetrix),https://www.ncbi.nlm.nih.gov/geo/query/acc.cgi?acc=GSE4000,https://www.ncbi.nlm.nih.gov/geo/query/acc.cgi?acc=GSE59242
GSE4000,GSE73526,0,,1,,0,0,0,manual_review_required,A molecular 'signature' of primary breast cancer cultures; patterns resembling tumor tissue.,"The Functional Genomic Landscape of Human Breast Cancer Drivers, Vulnerabilities, and Resistance (RNASeq)",https://www.ncbi.nlm.nih.gov/geo/query/acc.cgi?acc=GSE4000,https://www.ncbi.nlm.nih.gov/geo/query/acc.cgi?acc=GSE73526
GSE4000,GSE81032,0,,1,,0,0,0,manual_review_required,A molecular 'signature' of primary breast cancer cultures; patterns resembling tumor tissue.,Comparative proteomics and transcriptomics study of signaling network proteins across multiple normal and cancer cell lines,https://www.ncbi.nlm.nih.gov/geo/query/acc.cgi?acc=GSE4000,https://www.ncbi.nlm.nih.gov/geo/query/acc.cgi?acc=GSE81032
GSE4000,GSE87006,0,,1,,0,0,0,manual_review_required,A molecular 'signature' of primary breast cancer cultures; patterns resembling tumor tissue.,CDK4 phosphorylation status and a linked gene expression profile predict sensitivity to Palbociclib [lines],https://www.ncbi.nlm.nih.gov/geo/query/acc.cgi?acc=GSE4000,https://www.ncbi.nlm.nih.gov/geo/query/acc.cgi?acc=GSE87006
GSE4000,GSE87008,0,,1,,0,0,0,manual_review_required,A molecular 'signature' of primary breast cancer cultures; patterns resembling tumor tissue.,CDK4 phosphorylation status and a linked gene expression profile predict sensitivity to Palbociclib,https://www.ncbi.nlm.nih.gov/geo/query/acc.cgi?acc=GSE4000,https://www.ncbi.nlm.nih.gov/geo/query/acc.cgi?acc=GSE87008
GSE40057,GSE40059,12,complete_containment,0,,0,0,0,high_confidence_overlap,A systematic evaluation of miRNA:mRNA interactions involved in the migration and invasion of breast cancer cells [HG-U133_Plus_2],A systematic evaluation of miRNA: mRNA interactions involved in the migration and invasion of breast cancer cells,https://www.ncbi.nlm.nih.gov/geo/query/acc.cgi?acc=GSE40057,https://www.ncbi.nlm.nih.gov/geo/query/acc.cgi?acc=GSE40059
GSE40058,GSE40059,4,complete_containment,0,,0,0,0,high_confidence_overlap,A systematic evaluation of miRNA:mRNA interactions involved in the migration and invasion of breast cancer cells [HuGene-1_0-st],A systematic evaluation of miRNA: mRNA interactions involved in the migration and invasion of breast cancer cells,https://www.ncbi.nlm.nih.gov/geo/query/acc.cgi?acc=GSE40058,https://www.ncbi.nlm.nih.gov/geo/query/acc.cgi?acc=GSE40059
GSE40115,GSE49481,183,partial_overlap,0,,0,0,0,high_confidence_overlap,Classifications within Molecular Subtypes Enables Identification of BRCA1/BRCA2 Mutation Carriers by RNA Tumor Profiling,RNA Profiles Reveals Familial Aggregation of Molecular Subtypes in non-BRCA1/2 Breast Cancer Families,https://www.ncbi.nlm.nih.gov/geo/query/acc.cgi?acc=GSE40115,https://www.ncbi.nlm.nih.gov/geo/query/acc.cgi?acc=GSE49481
GSE40115,GSE54275,270,near_containment,0,,0,0,0,high_confidence_overlap,Classifications within Molecular Subtypes Enables Identification of BRCA1/BRCA2 Mutation Carriers by RNA Tumor Profiling,Microarray gene expression analysis: Batch effect removal improves the cross-platform consistency,https://www.ncbi.nlm.nih.gov/geo/query/acc.cgi?acc=GSE40115,https://www.ncbi.nlm.nih.gov/geo/query/acc.cgi?acc=GSE54275
GSE40559,GSE52643,0,,1,,0,0,0,manual_review_required,Gene expression profiles of 5 cancer cell lines,Fusion discovery in breast cancer cell line,https://www.ncbi.nlm.nih.gov/geo/query/acc.cgi?acc=GSE40559,https://www.ncbi.nlm.nih.gov/geo/query/acc.cgi?acc=GSE52643
GSE40559,GSE57083,0,,1,,0,0,0,manual_review_required,Gene expression profiles of 5 cancer cell lines,Expression data from AstraZeneca internal cell lines,https://www.ncbi.nlm.nih.gov/geo/query/acc.cgi?acc=GSE40559,https://www.ncbi.nlm.nih.gov/geo/query/acc.cgi?acc=GSE57083
GSE40559,GSE58135,0,,1,,0,0,0,manual_review_required,Gene expression profiles of 5 cancer cell lines,Breast Cancer RNA-seq,https://www.ncbi.nlm.nih.gov/geo/query/acc.cgi?acc=GSE40559,https://www.ncbi.nlm.nih.gov/geo/query/acc.cgi?acc=GSE58135
GSE40559,GSE59242,0,,1,,0,0,0,manual_review_required,Gene expression profiles of 5 cancer cell lines,Profiling of human cancer breast cell lines (Affymetrix),https://www.ncbi.nlm.nih.gov/geo/query/acc.cgi?acc=GSE40559,https://www.ncbi.nlm.nih.gov/geo/query/acc.cgi?acc=GSE59242
GSE40559,GSE73526,0,,1,,0,0,0,manual_review_required,Gene expression profiles of 5 cancer cell lines,"The Functional Genomic Landscape of Human Breast Cancer Drivers, Vulnerabilities, and Resistance (RNASeq)",https://www.ncbi.nlm.nih.gov/geo/query/acc.cgi?acc=GSE40559,https://www.ncbi.nlm.nih.gov/geo/query/acc.cgi?acc=GSE73526
GSE40559,GSE87006,0,,1,,0,0,0,manual_review_required,Gene expression profiles of 5 cancer cell lines,CDK4 phosphorylation status and a linked gene expression profile predict sensitivity to Palbociclib [lines],https://www.ncbi.nlm.nih.gov/geo/query/acc.cgi?acc=GSE40559,https://www.ncbi.nlm.nih.gov/geo/query/acc.cgi?acc=GSE87006
GSE40559,GSE87008,0,,1,,0,0,0,manual_review_required,Gene expression profiles of 5 cancer cell lines,CDK4 phosphorylation status and a linked gene expression profile predict sensitivity to Palbociclib,https://www.ncbi.nlm.nih.gov/geo/query/acc.cgi?acc=GSE40559,https://www.ncbi.nlm.nih.gov/geo/query/acc.cgi?acc=GSE87008
GSE40766,GSE40767,12,complete_containment,0,,0,0,0,high_confidence_overlap,Genome-wide mapping of FOXM1 binding reveals co-binding with oestrogen receptor alpha in breast cancer cells (expression),Genome-wide mapping of FOXM1 binding reveals co-binding with estrogen receptor alpha in breast cancer cells,https://www.ncbi.nlm.nih.gov/geo/query/acc.cgi?acc=GSE40766,https://www.ncbi.nlm.nih.gov/geo/query/acc.cgi?acc=GSE40767
GSE41119,GSE43657,0,,1,,0,0,0,manual_review_required,Molecular Characterization of Basal-like and Non-Basal-like Triple-Negative Breast Cancers,Ovarian and Breast Cancer Spheres Are Similar in Transcriptomic Features and Sensitive to Fenretinide,https://www.ncbi.nlm.nih.gov/geo/query/acc.cgi?acc=GSE41119,https://www.ncbi.nlm.nih.gov/geo/query/acc.cgi?acc=GSE43657
GSE41119,GSE46604,226,near_containment,0,,0,0,0,high_confidence_overlap,Molecular Characterization of Basal-like and Non-Basal-like Triple-Negative Breast Cancers,Xenografting of advanced stage breast cancer preserves the genomic and clonal architecture and captures luminal tumors harboring mutations and gene rearrangements in ESR1,https://www.ncbi.nlm.nih.gov/geo/query/acc.cgi?acc=GSE41119,https://www.ncbi.nlm.nih.gov/geo/query/acc.cgi?acc=GSE46604
GSE41119,GSE46834,0,,1,,0,0,0,manual_review_required,Molecular Characterization of Basal-like and Non-Basal-like Triple-Negative Breast Cancers,Gene expression profiles of human breast cancer cell lines,https://www.ncbi.nlm.nih.gov/geo/query/acc.cgi?acc=GSE41119,https://www.ncbi.nlm.nih.gov/geo/query/acc.cgi?acc=GSE46834
GSE41119,GSE50470,0,,8,,0,0,0,manual_review_required,Molecular Characterization of Basal-like and Non-Basal-like Triple-Negative Breast Cancers,Characterization of Cell Lines Derived from Breast Cancers and Normal Mammary Tissues for the Study of the Intrinsic Molecular Subtypes,https://www.ncbi.nlm.nih.gov/geo/query/acc.cgi?acc=GSE41119,https://www.ncbi.nlm.nih.gov/geo/query/acc.cgi?acc=GSE50470
GSE41119,GSE51783,6,partial_overlap,0,,0,0,0,high_confidence_overlap,Molecular Characterization of Basal-like and Non-Basal-like Triple-Negative Breast Cancers,Comparison of Poly(A) capture versus Ribosomal RNA depletion methods for RNA-seq,https://www.ncbi.nlm.nih.gov/geo/query/acc.cgi?acc=GSE41119,https://www.ncbi.nlm.nih.gov/geo/query/acc.cgi?acc=GSE51783
GSE41119,GSE52643,0,,1,,0,0,0,manual_review_required,Molecular Characterization of Basal-like and Non-Basal-like Triple-Negative Breast Cancers,Fusion discovery in breast cancer cell line,https://www.ncbi.nlm.nih.gov/geo/query/acc.cgi?acc=GSE41119,https://www.ncbi.nlm.nih.gov/geo/query/acc.cgi?acc=GSE52643
GSE41119,GSE58135,0,,2,,0,0,0,manual_review_required,Molecular Characterization of Basal-like and Non-Basal-like Triple-Negative Breast Cancers,Breast Cancer RNA-seq,https://www.ncbi.nlm.nih.gov/geo/query/acc.cgi?acc=GSE41119,https://www.ncbi.nlm.nih.gov/geo/query/acc.cgi?acc=GSE58135
GSE41119,GSE59242,0,,2,,0,0,0,manual_review_required,Molecular Characterization of Basal-like and Non-Basal-like Triple-Negative Breast Cancers,Profiling of human cancer breast cell lines (Affymetrix),https://www.ncbi.nlm.nih.gov/geo/query/acc.cgi?acc=GSE41119,https://www.ncbi.nlm.nih.gov/geo/query/acc.cgi?acc=GSE59242
GSE41119,GSE73526,0,,6,,0,0,0,manual_review_required,Molecular Characterization of Basal-like and Non-Basal-like Triple-Negative Breast Cancers,"The Functional Genomic Landscape of Human Breast Cancer Drivers, Vulnerabilities, and Resistance (RNASeq)",https://www.ncbi.nlm.nih.gov/geo/query/acc.cgi?acc=GSE41119,https://www.ncbi.nlm.nih.gov/geo/query/acc.cgi?acc=GSE73526
GSE41119,GSE87006,0,,1,,0,0,0,manual_review_required,Molecular Characterization of Basal-like and Non-Basal-like Triple-Negative Breast Cancers,CDK4 phosphorylation status and a linked gene expression profile predict sensitivity to Palbociclib [lines],https://www.ncbi.nlm.nih.gov/geo/query/acc.cgi?acc=GSE41119,https://www.ncbi.nlm.nih.gov/geo/query/acc.cgi?acc=GSE87006
GSE41119,GSE87008,0,,1,,0,0,0,manual_review_required,Molecular Characterization of Basal-like and Non-Basal-like Triple-Negative Breast Cancers,CDK4 phosphorylation status and a linked gene expression profile predict sensitivity to Palbociclib,https://www.ncbi.nlm.nih.gov/geo/query/acc.cgi?acc=GSE41119,https://www.ncbi.nlm.nih.gov/geo/query/acc.cgi?acc=GSE87008
GSE41119,GSE97726,0,,1,,0,0,0,manual_review_required,Molecular Characterization of Basal-like and Non-Basal-like Triple-Negative Breast Cancers,Cooperativity between EMT and non-EMT cells promotes breast cancer metastasis via paracrine GLI activation,https://www.ncbi.nlm.nih.gov/geo/query/acc.cgi?acc=GSE41119,https://www.ncbi.nlm.nih.gov/geo/query/acc.cgi?acc=GSE97726
GSE41194,GSE41228,50,complete_containment,0,,0,0,0,high_confidence_overlap,Differentially Expressed Genes Regulating the Progression of Ductal Carcinoma In Situ to Invasive Breast Cancer (Group 1),Differentially Expressed Genes Regulating the Progression of Ductal Carcinoma In Situ to Invasive Breast Cancer,https://www.ncbi.nlm.nih.gov/geo/query/acc.cgi?acc=GSE41194,https://www.ncbi.nlm.nih.gov/geo/query/acc.cgi?acc=GSE41228
GSE41196,GSE41228,14,complete_containment,0,,0,0,0,high_confidence_overlap,Differentially Expressed Genes Regulating the Progression of Ductal Carcinoma In Situ to Invasive Breast Cancer (Group 2),Differentially Expressed Genes Regulating the Progression of Ductal Carcinoma In Situ to Invasive Breast Cancer,https://www.ncbi.nlm.nih.gov/geo/query/acc.cgi?acc=GSE41196,https://www.ncbi.nlm.nih.gov/geo/query/acc.cgi?acc=GSE41228
GSE41197,GSE41228,18,complete_containment,0,,0,0,0,high_confidence_overlap,Differentially Expressed Genes Regulating the Progression of Ductal Carcinoma In Situ to Invasive Breast Cancer (Group 3),Differentially Expressed Genes Regulating the Progression of Ductal Carcinoma In Situ to Invasive Breast Cancer,https://www.ncbi.nlm.nih.gov/geo/query/acc.cgi?acc=GSE41197,https://www.ncbi.nlm.nih.gov/geo/query/acc.cgi?acc=GSE41228
GSE41198,GSE41228,22,complete_containment,0,,0,0,0,high_confidence_overlap,Differentially Expressed Genes Regulating the Progression of Ductal Carcinoma In Situ to Invasive Breast Cancer (Group 4 stroma),Differentially Expressed Genes Regulating the Progression of Ductal Carcinoma In Situ to Invasive Breast Cancer,https://www.ncbi.nlm.nih.gov/geo/query/acc.cgi?acc=GSE41198,https://www.ncbi.nlm.nih.gov/geo/query/acc.cgi?acc=GSE41228
GSE41227,GSE41228,22,complete_containment,0,,0,0,0,high_confidence_overlap,Differentially Expressed Genes Regulating the Progression of Ductal Carcinoma In Situ to Invasive Breast Cancer (Group 4 Epithelial),Differentially Expressed Genes Regulating the Progression of Ductal Carcinoma In Situ to Invasive Breast Cancer,https://www.ncbi.nlm.nih.gov/geo/query/acc.cgi?acc=GSE41227,https://www.ncbi.nlm.nih.gov/geo/query/acc.cgi?acc=GSE41228
GSE41502,GSE41617,10,complete_containment,0,,0,0,0,high_confidence_overlap,Nucleosome driven transcription factor binding and gene regulation [microarray],Nucleosome driven transcription factor binding and gene regulati,https://www.ncbi.nlm.nih.gov/geo/query/acc.cgi?acc=GSE41502,https://www.ncbi.nlm.nih.gov/geo/query/acc.cgi?acc=GSE41617
GSE41970,GSE45498,329,complete_containment,0,,0,0,0,high_confidence_overlap,Integrated microRNA and mRNA Signatures Associated with Survival in Triple Negative Breast Cancer,Integrated microRNA and mRNA Signatures Associated with Survival in Triple Negative Breast Cancer II,https://www.ncbi.nlm.nih.gov/geo/query/acc.cgi?acc=GSE41970,https://www.ncbi.nlm.nih.gov/geo/query/acc.cgi?acc=GSE45498
GSE41972,GSE41973,6,complete_containment,0,,0,0,0,high_confidence_overlap,In vivo NCL-targeting affects breast cancer aggressiveness through miRNA regulation [Affymetrix],In vivo NCL-targeting affects breast cancer aggressiveness through miRNA regulation,https://www.ncbi.nlm.nih.gov/geo/query/acc.cgi?acc=GSE41972,https://www.ncbi.nlm.nih.gov/geo/query/acc.cgi?acc=GSE41973
GSE43306,GSE48408,0,,2,,0,0,0,manual_review_required,Translating transcriptome of cancer cells in situ in mesenchymal-rich tumor microenvironment,Long non-coding RNA HOTAIR is an independent prognostic marker of metastasis in estrogen receptor positive primary breast cancer,https://www.ncbi.nlm.nih.gov/geo/query/acc.cgi?acc=GSE43306,https://www.ncbi.nlm.nih.gov/geo/query/acc.cgi?acc=GSE48408
GSE4335,GSE43615,0,,10,,0,0,0,manual_review_required,Norway/Stanford Breast Tumors,IRCC Breast Cancer dataset,https://www.ncbi.nlm.nih.gov/geo/query/acc.cgi?acc=GSE4335,https://www.ncbi.nlm.nih.gov/geo/query/acc.cgi?acc=GSE43615
GSE4335,GSE4382,122,complete_containment,0,,0,0,0,high_confidence_overlap,Norway/Stanford Breast Tumors,Repeated observation of breast tumor subtypes in independent gene expression data sets,https://www.ncbi.nlm.nih.gov/geo/query/acc.cgi?acc=GSE4335,https://www.ncbi.nlm.nih.gov/geo/query/acc.cgi?acc=GSE4382
GSE4335,GSE61,42,partial_overlap,0,,0,0,0,high_confidence_overlap,Norway/Stanford Breast Tumors,Molecular portraits of human breast tumors,https://www.ncbi.nlm.nih.gov/geo/query/acc.cgi?acc=GSE4335,https://www.ncbi.nlm.nih.gov/geo/query/acc.cgi?acc=GSE61
GSE43358,GSE46581,0,,11,,0,0,0,manual_review_required,Transfer of clinically relevant gene expression signatures in breast cancer: from Affymetrix microarray to Illumina RNA-Sequencing technology,Yale Triple Negative Breast Cancer Cohort,https://www.ncbi.nlm.nih.gov/geo/query/acc.cgi?acc=GSE43358,https://www.ncbi.nlm.nih.gov/geo/query/acc.cgi?acc=GSE46581
GSE43358,GSE86946,0,,10,,0,0,0,manual_review_required,Transfer of clinically relevant gene expression signatures in breast cancer: from Affymetrix microarray to Illumina RNA-Sequencing technology,Transcriptome characterization of triple negative breast cancer [Mexico],https://www.ncbi.nlm.nih.gov/geo/query/acc.cgi?acc=GSE43358,https://www.ncbi.nlm.nih.gov/geo/query/acc.cgi?acc=GSE86946
GSE43358,GSE86948,0,,10,,0,0,0,manual_review_required,Transfer of clinically relevant gene expression signatures in breast cancer: from Affymetrix microarray to Illumina RNA-Sequencing technology,A microRNA signature identifies four subtypes of triple-negative breast cancer and correlates miR-342-3p as a regulator of the lactate metabolic pathway through silencing the monocarboxylate transporter 1,https://www.ncbi.nlm.nih.gov/geo/query/acc.cgi?acc=GSE43358,https://www.ncbi.nlm.nih.gov/geo/query/acc.cgi?acc=GSE86948
GSE4336,GSE4382,45,complete_containment,0,,0,0,0,high_confidence_overlap,Breast tumors,Repeated observation of breast tumor subtypes in independent gene expression data sets,https://www.ncbi.nlm.nih.gov/geo/query/acc.cgi?acc=GSE4336,https://www.ncbi.nlm.nih.gov/geo/query/acc.cgi?acc=GSE4382
GSE4336,GSE61,22,partial_overlap,0,,0,0,0,high_confidence_overlap,Breast tumors,Molecular portraits of human breast tumors,https://www.ncbi.nlm.nih.gov/geo/query/acc.cgi?acc=GSE4336,https://www.ncbi.nlm.nih.gov/geo/query/acc.cgi?acc=GSE61
GSE43615,GSE4382,0,,10,,0,0,0,manual_review_required,IRCC Breast Cancer dataset,Repeated observation of breast tumor subtypes in independent gene expression data sets,https://www.ncbi.nlm.nih.gov/geo/query/acc.cgi?acc=GSE43615,https://www.ncbi.nlm.nih.gov/geo/query/acc.cgi?acc=GSE4382
GSE43615,GSE61,0,,6,,0,0,0,manual_review_required,IRCC Breast Cancer dataset,Molecular portraits of human breast tumors,https://www.ncbi.nlm.nih.gov/geo/query/acc.cgi?acc=GSE43615,https://www.ncbi.nlm.nih.gov/geo/query/acc.cgi?acc=GSE61
GSE4382,GSE61,64,partial_overlap,0,,0,0,0,high_confidence_overlap,Repeated observation of breast tumor subtypes in independent gene expression data sets,Molecular portraits of human breast tumors,https://www.ncbi.nlm.nih.gov/geo/query/acc.cgi?acc=GSE4382,https://www.ncbi.nlm.nih.gov/geo/query/acc.cgi?acc=GSE61
GSE44354,GSE50470,0,,1,,0,0,0,manual_review_required,Identification of novel metastases-suppressor genes involved in breast cancer brain metastases (BCBM) formation,Characterization of Cell Lines Derived from Breast Cancers and Normal Mammary Tissues for the Study of the Intrinsic Molecular Subtypes,https://www.ncbi.nlm.nih.gov/geo/query/acc.cgi?acc=GSE44354,https://www.ncbi.nlm.nih.gov/geo/query/acc.cgi?acc=GSE50470
GSE44354,GSE52643,0,,1,,0,0,0,manual_review_required,Identification of novel metastases-suppressor genes involved in breast cancer brain metastases (BCBM) formation,Fusion discovery in breast cancer cell line,https://www.ncbi.nlm.nih.gov/geo/query/acc.cgi?acc=GSE44354,https://www.ncbi.nlm.nih.gov/geo/query/acc.cgi?acc=GSE52643
GSE44354,GSE73526,0,,1,,0,0,0,manual_review_required,Identification of novel metastases-suppressor genes involved in breast cancer brain metastases (BCBM) formation,"The Functional Genomic Landscape of Human Breast Cancer Drivers, Vulnerabilities, and Resistance (RNASeq)",https://www.ncbi.nlm.nih.gov/geo/query/acc.cgi?acc=GSE44354,https://www.ncbi.nlm.nih.gov/geo/query/acc.cgi?acc=GSE73526
GSE44354,GSE81032,0,,1,,0,0,0,manual_review_required,Identification of novel metastases-suppressor genes involved in breast cancer brain metastases (BCBM) formation,Comparative proteomics and transcriptomics study of signaling network proteins across multiple normal and cancer cell lines,https://www.ncbi.nlm.nih.gov/geo/query/acc.cgi?acc=GSE44354,https://www.ncbi.nlm.nih.gov/geo/query/acc.cgi?acc=GSE81032
GSE44836,GSE44838,26,complete_containment,0,,0,0,0,high_confidence_overlap,Gene expression profile of breast cancer cells.,Gene expression and methylation profile of breast cancer cells.,https://www.ncbi.nlm.nih.gov/geo/query/acc.cgi?acc=GSE44836,https://www.ncbi.nlm.nih.gov/geo/query/acc.cgi?acc=GSE44838
GSE45133,GSE45137,7,complete_containment,0,,0,0,0,high_confidence_overlap,Breakpoint analysis of transcriptional and genomic profiles uncovers novel gene fusions spanning multiple human cancer types (RNA-seq),Breakpoint analysis of transcriptional and genomic profiles uncovers novel gene fusions spanning multiple human cancer types,https://www.ncbi.nlm.nih.gov/geo/query/acc.cgi?acc=GSE45133,https://www.ncbi.nlm.nih.gov/geo/query/acc.cgi?acc=GSE45137
GSE45133,GSE58135,0,,1,,0,0,0,manual_review_required,Breakpoint analysis of transcriptional and genomic profiles uncovers novel gene fusions spanning multiple human cancer types (RNA-seq),Breast Cancer RNA-seq,https://www.ncbi.nlm.nih.gov/geo/query/acc.cgi?acc=GSE45133,https://www.ncbi.nlm.nih.gov/geo/query/acc.cgi?acc=GSE58135
GSE45133,GSE59242,0,,1,,0,0,0,manual_review_required,Breakpoint analysis of transcriptional and genomic profiles uncovers novel gene fusions spanning multiple human cancer types (RNA-seq),Profiling of human cancer breast cell lines (Affymetrix),https://www.ncbi.nlm.nih.gov/geo/query/acc.cgi?acc=GSE45133,https://www.ncbi.nlm.nih.gov/geo/query/acc.cgi?acc=GSE59242
GSE45133,GSE73526,0,,1,,0,0,0,manual_review_required,Breakpoint analysis of transcriptional and genomic profiles uncovers novel gene fusions spanning multiple human cancer types (RNA-seq),"The Functional Genomic Landscape of Human Breast Cancer Drivers, Vulnerabilities, and Resistance (RNASeq)",https://www.ncbi.nlm.nih.gov/geo/query/acc.cgi?acc=GSE45133,https://www.ncbi.nlm.nih.gov/geo/query/acc.cgi?acc=GSE73526
GSE45133,GSE87006,0,,1,,0,0,0,manual_review_required,Breakpoint analysis of transcriptional and genomic profiles uncovers novel gene fusions spanning multiple human cancer types (RNA-seq),CDK4 phosphorylation status and a linked gene expression profile predict sensitivity to Palbociclib [lines],https://www.ncbi.nlm.nih.gov/geo/query/acc.cgi?acc=GSE45133,https://www.ncbi.nlm.nih.gov/geo/query/acc.cgi?acc=GSE87006
GSE45133,GSE87008,0,,1,,0,0,0,manual_review_required,Breakpoint analysis of transcriptional and genomic profiles uncovers novel gene fusions spanning multiple human cancer types (RNA-seq),CDK4 phosphorylation status and a linked gene expression profile predict sensitivity to Palbociclib,https://www.ncbi.nlm.nih.gov/geo/query/acc.cgi?acc=GSE45133,https://www.ncbi.nlm.nih.gov/geo/query/acc.cgi?acc=GSE87008
GSE45137,GSE58135,0,,1,,0,0,0,manual_review_required,Breakpoint analysis of transcriptional and genomic profiles uncovers novel gene fusions spanning multiple human cancer types,Breast Cancer RNA-seq,https://www.ncbi.nlm.nih.gov/geo/query/acc.cgi?acc=GSE45137,https://www.ncbi.nlm.nih.gov/geo/query/acc.cgi?acc=GSE58135
GSE45137,GSE59242,0,,1,,0,0,0,manual_review_required,Breakpoint analysis of transcriptional and genomic profiles uncovers novel gene fusions spanning multiple human cancer types,Profiling of human cancer breast cell lines (Affymetrix),https://www.ncbi.nlm.nih.gov/geo/query/acc.cgi?acc=GSE45137,https://www.ncbi.nlm.nih.gov/geo/query/acc.cgi?acc=GSE59242
GSE45137,GSE73526,0,,1,,0,0,0,manual_review_required,Breakpoint analysis of transcriptional and genomic profiles uncovers novel gene fusions spanning multiple human cancer types,"The Functional Genomic Landscape of Human Breast Cancer Drivers, Vulnerabilities, and Resistance (RNASeq)",https://www.ncbi.nlm.nih.gov/geo/query/acc.cgi?acc=GSE45137,https://www.ncbi.nlm.nih.gov/geo/query/acc.cgi?acc=GSE73526
GSE45137,GSE87006,0,,1,,0,0,0,manual_review_required,Breakpoint analysis of transcriptional and genomic profiles uncovers novel gene fusions spanning multiple human cancer types,CDK4 phosphorylation status and a linked gene expression profile predict sensitivity to Palbociclib [lines],https://www.ncbi.nlm.nih.gov/geo/query/acc.cgi?acc=GSE45137,https://www.ncbi.nlm.nih.gov/geo/query/acc.cgi?acc=GSE87006
GSE45137,GSE87008,0,,1,,0,0,0,manual_review_required,Breakpoint analysis of transcriptional and genomic profiles uncovers novel gene fusions spanning multiple human cancer types,CDK4 phosphorylation status and a linked gene expression profile predict sensitivity to Palbociclib,https://www.ncbi.nlm.nih.gov/geo/query/acc.cgi?acc=GSE45137,https://www.ncbi.nlm.nih.gov/geo/query/acc.cgi?acc=GSE87008
GSE45202,GSE45203,3,complete_containment,0,,0,0,0,high_confidence_overlap,Amplitude modulation of androgen signaling by c-MYC [RNA-Seq],Amplitude modulation of androgen signaling by c-MYC,https://www.ncbi.nlm.nih.gov/geo/query/acc.cgi?acc=GSE45202,https://www.ncbi.nlm.nih.gov/geo/query/acc.cgi?acc=GSE45203
GSE45335,GSE45337,2,complete_containment,0,,0,0,0,high_confidence_overlap,Genome-wide methylation and expression analysis of two breast cancer cell lines [RNA-Seq],Genome-wide methylation and expression analysis of two breast cancer cell lines,https://www.ncbi.nlm.nih.gov/geo/query/acc.cgi?acc=GSE45335,https://www.ncbi.nlm.nih.gov/geo/query/acc.cgi?acc=GSE45337
GSE45581,GSE45584,45,complete_containment,0,,0,0,0,high_confidence_overlap,Expression Analysis of Microdissected Inflammatory Breast Cancer,Expression Analysis and Genomic Analysis of Microdissected Inflammatory Breast Cancer,https://www.ncbi.nlm.nih.gov/geo/query/acc.cgi?acc=GSE45581,https://www.ncbi.nlm.nih.gov/geo/query/acc.cgi?acc=GSE45584
GSE45732,GSE46073,14,complete_containment,0,,0,0,0,high_confidence_overlap,Gene expression analysis of breast cancer cell-lines,Gene expression and genome-wide location analysis of breast cancer cell-lines,https://www.ncbi.nlm.nih.gov/geo/query/acc.cgi?acc=GSE45732,https://www.ncbi.nlm.nih.gov/geo/query/acc.cgi?acc=GSE46073
GSE45851,GSE45853,12,complete_containment,0,,0,0,0,high_confidence_overlap,Tight coordination of protein translation and heat shock factor 1 activation supports the anabolic malignant state [Gene Expression Data],Tight coordination of protein translation and heat shock factor 1 activation supports the anabolic malignant state,https://www.ncbi.nlm.nih.gov/geo/query/acc.cgi?acc=GSE45851,https://www.ncbi.nlm.nih.gov/geo/query/acc.cgi?acc=GSE45853
GSE45962,GSE45965,13,complete_containment,0,,0,0,0,high_confidence_overlap,Isolation and expression profiling of circulating tumor cells in breast cancer patients part 1,Isolation and expression profiling of circulating tumor cells in breast cancer patients,https://www.ncbi.nlm.nih.gov/geo/query/acc.cgi?acc=GSE45962,https://www.ncbi.nlm.nih.gov/geo/query/acc.cgi?acc=GSE45965
GSE45963,GSE45965,9,complete_containment,0,,0,0,0,high_confidence_overlap,Isolation and expression profiling of circulating tumor cells in breast cancer patients part 2,Isolation and expression profiling of circulating tumor cells in breast cancer patients,https://www.ncbi.nlm.nih.gov/geo/query/acc.cgi?acc=GSE45963,https://www.ncbi.nlm.nih.gov/geo/query/acc.cgi?acc=GSE45965
GSE45964,GSE45965,45,complete_containment,0,,0,0,0,high_confidence_overlap,Isolation and expression profiling of circulating tumor cells in breast cancer patients part 3,Isolation and expression profiling of circulating tumor cells in breast cancer patients,https://www.ncbi.nlm.nih.gov/geo/query/acc.cgi?acc=GSE45964,https://www.ncbi.nlm.nih.gov/geo/query/acc.cgi?acc=GSE45965
GSE46073,GSE46834,0,,1,,0,0,0,manual_review_required,Gene expression and genome-wide location analysis of breast cancer cell-lines,Gene expression profiles of human breast cancer cell lines,https://www.ncbi.nlm.nih.gov/geo/query/acc.cgi?acc=GSE46073,https://www.ncbi.nlm.nih.gov/geo/query/acc.cgi?acc=GSE46834
GSE46073,GSE58135,0,,1,,0,0,0,manual_review_required,Gene expression and genome-wide location analysis of breast cancer cell-lines,Breast Cancer RNA-seq,https://www.ncbi.nlm.nih.gov/geo/query/acc.cgi?acc=GSE46073,https://www.ncbi.nlm.nih.gov/geo/query/acc.cgi?acc=GSE58135
GSE46073,GSE73526,0,,1,,0,0,0,manual_review_required,Gene expression and genome-wide location analysis of breast cancer cell-lines,"The Functional Genomic Landscape of Human Breast Cancer Drivers, Vulnerabilities, and Resistance (RNASeq)",https://www.ncbi.nlm.nih.gov/geo/query/acc.cgi?acc=GSE46073,https://www.ncbi.nlm.nih.gov/geo/query/acc.cgi?acc=GSE73526
GSE46440,GSE46441,10,complete_containment,0,,0,0,0,high_confidence_overlap,Insights into the invasiveness of triple negative breast cancer from genome-wide profiling of transcription factor AP-1 (expression),Insights into the invasiveness of triple negative breast cancer from genome-wide profiling of transcription factor AP-1,https://www.ncbi.nlm.nih.gov/geo/query/acc.cgi?acc=GSE46440,https://www.ncbi.nlm.nih.gov/geo/query/acc.cgi?acc=GSE46441
GSE46581,GSE86946,0,,32,,0,0,0,manual_review_required,Yale Triple Negative Breast Cancer Cohort,Transcriptome characterization of triple negative breast cancer [Mexico],https://www.ncbi.nlm.nih.gov/geo/query/acc.cgi?acc=GSE46581,https://www.ncbi.nlm.nih.gov/geo/query/acc.cgi?acc=GSE86946
GSE46581,GSE86948,0,,32,,0,0,0,manual_review_required,Yale Triple Negative Breast Cancer Cohort,A microRNA signature identifies four subtypes of triple-negative breast cancer and correlates miR-342-3p as a regulator of the lactate metabolic pathway through silencing the monocarboxylate transporter 1,https://www.ncbi.nlm.nih.gov/geo/query/acc.cgi?acc=GSE46581,https://www.ncbi.nlm.nih.gov/geo/query/acc.cgi?acc=GSE86948
GSE46581,GSE87007,0,,1,,0,0,0,manual_review_required,Yale Triple Negative Breast Cancer Cohort,CDK4 phosphorylation status and a linked gene expression profile predict sensitivity to Palbociclib [tumors],https://www.ncbi.nlm.nih.gov/geo/query/acc.cgi?acc=GSE46581,https://www.ncbi.nlm.nih.gov/geo/query/acc.cgi?acc=GSE87007
GSE46581,GSE87008,0,,1,,0,0,0,manual_review_required,Yale Triple Negative Breast Cancer Cohort,CDK4 phosphorylation status and a linked gene expression profile predict sensitivity to Palbociclib,https://www.ncbi.nlm.nih.gov/geo/query/acc.cgi?acc=GSE46581,https://www.ncbi.nlm.nih.gov/geo/query/acc.cgi?acc=GSE87008
GSE46604,GSE51783,6,partial_overlap,0,,0,0,0,high_confidence_overlap,Xenografting of advanced stage breast cancer preserves the genomic and clonal architecture and captures luminal tumors harboring mutations and gene rearrangements in ESR1,Comparison of Poly(A) capture versus Ribosomal RNA depletion methods for RNA-seq,https://www.ncbi.nlm.nih.gov/geo/query/acc.cgi?acc=GSE46604,https://www.ncbi.nlm.nih.gov/geo/query/acc.cgi?acc=GSE51783
GSE46834,GSE58135,0,,1,,0,0,0,manual_review_required,Gene expression profiles of human breast cancer cell lines,Breast Cancer RNA-seq,https://www.ncbi.nlm.nih.gov/geo/query/acc.cgi?acc=GSE46834,https://www.ncbi.nlm.nih.gov/geo/query/acc.cgi?acc=GSE58135
GSE46834,GSE73526,0,,2,,0,0,0,manual_review_required,Gene expression profiles of human breast cancer cell lines,"The Functional Genomic Landscape of Human Breast Cancer Drivers, Vulnerabilities, and Resistance (RNASeq)",https://www.ncbi.nlm.nih.gov/geo/query/acc.cgi?acc=GSE46834,https://www.ncbi.nlm.nih.gov/geo/query/acc.cgi?acc=GSE73526
GSE47042,GSE47043,4,complete_containment,0,,0,0,0,high_confidence_overlap,Discovery of the p53 targetome in MCF7 cells from RNA-seq data,Discovery of the p53 targetome in MCF7 cells from RNA-seq and ChIP-seq data,https://www.ncbi.nlm.nih.gov/geo/query/acc.cgi?acc=GSE47042,https://www.ncbi.nlm.nih.gov/geo/query/acc.cgi?acc=GSE47043
GSE47378,GSE47379,6,complete_containment,0,,0,0,0,high_confidence_overlap,Gene expression data from 1833 cells expressing RKIP vs control,1833 cells expressing RKIP vs control,https://www.ncbi.nlm.nih.gov/geo/query/acc.cgi?acc=GSE47378,https://www.ncbi.nlm.nih.gov/geo/query/acc.cgi?acc=GSE47379
GSE47860,GSE47862,160,complete_containment,0,,0,0,0,high_confidence_overlap,Expression profiling of peripheral blood gene expression of women with hereditary breast cancer and controls (set 1),Expression profiling of peripheral blood gene expression of women with hereditary breast cancer and controls,https://www.ncbi.nlm.nih.gov/geo/query/acc.cgi?acc=GSE47860,https://www.ncbi.nlm.nih.gov/geo/query/acc.cgi?acc=GSE47862
GSE47861,GSE47862,161,complete_containment,0,,0,0,0,high_confidence_overlap,Expression profiling of peripheral blood gene expression of women with hereditary breast cancer and controls (set 2),Expression profiling of peripheral blood gene expression of women with hereditary breast cancer and controls,https://www.ncbi.nlm.nih.gov/geo/query/acc.cgi?acc=GSE47861,https://www.ncbi.nlm.nih.gov/geo/query/acc.cgi?acc=GSE47862
GSE48158,GSE48162,12,complete_containment,0,,0,0,0,high_confidence_overlap,Identification of miRNA targets in breast cancer cells (Ago2-IP),Identification of miRNA targets in breast cancer cells,https://www.ncbi.nlm.nih.gov/geo/query/acc.cgi?acc=GSE48158,https://www.ncbi.nlm.nih.gov/geo/query/acc.cgi?acc=GSE48162
GSE48159,GSE48161,4,complete_containment,0,,0,0,0,high_confidence_overlap,Mapping ERβ genomic binding sites reveals unique genomic features and identifies EBF1 as an ERβ interactor [Gro-Seq],Mapping ERβ genomic binding sites reveals unique genomic features and identifies EBF1 as an ERβ interactor,https://www.ncbi.nlm.nih.gov/geo/query/acc.cgi?acc=GSE48159,https://www.ncbi.nlm.nih.gov/geo/query/acc.cgi?acc=GSE48161
GSE48160,GSE48162,6,complete_containment,0,,0,0,0,high_confidence_overlap,Identification of miRNA targets in breast cancer cells (DICER1 and DROSHA knockdown),Identification of miRNA targets in breast cancer cells,https://www.ncbi.nlm.nih.gov/geo/query/acc.cgi?acc=GSE48160,https://www.ncbi.nlm.nih.gov/geo/query/acc.cgi?acc=GSE48162
GSE48213,GSE48216,56,complete_containment,0,,0,0,0,high_confidence_overlap,Transcriptional profiling of a breast cancer cell line panel using RNAseq technology,Modeling precision treatment of breast cancer,https://www.ncbi.nlm.nih.gov/geo/query/acc.cgi?acc=GSE48213,https://www.ncbi.nlm.nih.gov/geo/query/acc.cgi?acc=GSE48216
GSE48384,GSE56103,15,complete_containment,0,,0,0,0,high_confidence_overlap,Differential in vivo tumorigenicity of distinct subpopulations from a luminal-like breast cancer model (expression),Differential in vivo tumorigenicity of distinct subpopulations from a luminal-like breast cancer model,https://www.ncbi.nlm.nih.gov/geo/query/acc.cgi?acc=GSE48384,https://www.ncbi.nlm.nih.gov/geo/query/acc.cgi?acc=GSE56103
GSE48390,GSE48391,81,complete_containment,0,,0,0,0,high_confidence_overlap,Concurrent Gene Signatures for Han Chinese Breast Cancers [Affymetrix],Concurrent Gene Signatures for Han Chinese Breast Cancers,https://www.ncbi.nlm.nih.gov/geo/query/acc.cgi?acc=GSE48390,https://www.ncbi.nlm.nih.gov/geo/query/acc.cgi?acc=GSE48391
GSE48924,GSE48931,46,complete_containment,0,,0,0,0,high_confidence_overlap,Stimulation of endogenous FGFR1b and FGFR2b,Master regulators of FGFR2 signalling and breast cancer risk,https://www.ncbi.nlm.nih.gov/geo/query/acc.cgi?acc=GSE48924,https://www.ncbi.nlm.nih.gov/geo/query/acc.cgi?acc=GSE48931
GSE48925,GSE48931,71,complete_containment,0,,0,0,0,high_confidence_overlap,Activation of FGFR2-kinase domain (iF2 construct),Master regulators of FGFR2 signalling and breast cancer risk,https://www.ncbi.nlm.nih.gov/geo/query/acc.cgi?acc=GSE48925,https://www.ncbi.nlm.nih.gov/geo/query/acc.cgi?acc=GSE48931
GSE48927,GSE48931,125,complete_containment,0,,0,0,0,high_confidence_overlap,Over-expression of FGFR2b from a tetracycline-inducible expression vector,Master regulators of FGFR2 signalling and breast cancer risk,https://www.ncbi.nlm.nih.gov/geo/query/acc.cgi?acc=GSE48927,https://www.ncbi.nlm.nih.gov/geo/query/acc.cgi?acc=GSE48931
GSE48928,GSE48931,18,complete_containment,0,,0,0,0,high_confidence_overlap,Knockdown of breast cancer master regulators: siRNA targeting PTTG1 and SPDEF in MCF-7 cells.,Master regulators of FGFR2 signalling and breast cancer risk,https://www.ncbi.nlm.nih.gov/geo/query/acc.cgi?acc=GSE48928,https://www.ncbi.nlm.nih.gov/geo/query/acc.cgi?acc=GSE48931
GSE49236,GSE49345,2,complete_containment,0,,0,0,0,high_confidence_overlap,Gene expression of T47D-MTVL human breast cancer cells growing in normal conditions,Genomic distribution of human histone H1 subtypes,https://www.ncbi.nlm.nih.gov/geo/query/acc.cgi?acc=GSE49236,https://www.ncbi.nlm.nih.gov/geo/query/acc.cgi?acc=GSE49345
GSE49481,GSE54275,243,near_containment,0,,0,0,0,high_confidence_overlap,RNA Profiles Reveals Familial Aggregation of Molecular Subtypes in non-BRCA1/2 Breast Cancer Families,Microarray gene expression analysis: Batch effect removal improves the cross-platform consistency,https://www.ncbi.nlm.nih.gov/geo/query/acc.cgi?acc=GSE49481,https://www.ncbi.nlm.nih.gov/geo/query/acc.cgi?acc=GSE54275
GSE49953,GSE49955,8,complete_containment,0,,0,0,0,high_confidence_overlap,Expression data from two breast cancer cell lines,Genome-wide maps of XBP1 binding sites in different breast cancer cell lines.,https://www.ncbi.nlm.nih.gov/geo/query/acc.cgi?acc=GSE49953,https://www.ncbi.nlm.nih.gov/geo/query/acc.cgi?acc=GSE49955
GSE50470,GSE52643,0,,1,,0,0,0,manual_review_required,Characterization of Cell Lines Derived from Breast Cancers and Normal Mammary Tissues for the Study of the Intrinsic Molecular Subtypes,Fusion discovery in breast cancer cell line,https://www.ncbi.nlm.nih.gov/geo/query/acc.cgi?acc=GSE50470,https://www.ncbi.nlm.nih.gov/geo/query/acc.cgi?acc=GSE52643
GSE50470,GSE55070,1,partial_overlap,0,,0,0,0,high_confidence_overlap,Characterization of Cell Lines Derived from Breast Cancers and Normal Mammary Tissues for the Study of the Intrinsic Molecular Subtypes,"Primary breast tumor-derived cellular models: characterization of tumorigenic, metastatic, and cancer-associated fibroblasts in dissociated tumor (DT) cultures",https://www.ncbi.nlm.nih.gov/geo/query/acc.cgi?acc=GSE50470,https://www.ncbi.nlm.nih.gov/geo/query/acc.cgi?acc=GSE55070
GSE50470,GSE59242,0,,1,,0,0,0,manual_review_required,Characterization of Cell Lines Derived from Breast Cancers and Normal Mammary Tissues for the Study of the Intrinsic Molecular Subtypes,Profiling of human cancer breast cell lines (Affymetrix),https://www.ncbi.nlm.nih.gov/geo/query/acc.cgi?acc=GSE50470,https://www.ncbi.nlm.nih.gov/geo/query/acc.cgi?acc=GSE59242
GSE50470,GSE73526,0,,4,,0,0,0,manual_review_required,Characterization of Cell Lines Derived from Breast Cancers and Normal Mammary Tissues for the Study of the Intrinsic Molecular Subtypes,"The Functional Genomic Landscape of Human Breast Cancer Drivers, Vulnerabilities, and Resistance (RNASeq)",https://www.ncbi.nlm.nih.gov/geo/query/acc.cgi?acc=GSE50470,https://www.ncbi.nlm.nih.gov/geo/query/acc.cgi?acc=GSE73526
GSE50470,GSE81032,0,,1,,0,0,0,manual_review_required,Characterization of Cell Lines Derived from Breast Cancers and Normal Mammary Tissues for the Study of the Intrinsic Molecular Subtypes,Comparative proteomics and transcriptomics study of signaling network proteins across multiple normal and cancer cell lines,https://www.ncbi.nlm.nih.gov/geo/query/acc.cgi?acc=GSE50470,https://www.ncbi.nlm.nih.gov/geo/query/acc.cgi?acc=GSE81032
GSE50693,GSE50695,20,complete_containment,0,,0,0,0,high_confidence_overlap,Endocrine response in invasive lobular carcinoma is characterized by unique estrogen-mediated gene expression and de novo tamoxifen resistance (MM134),Endocrine response in invasive lobular carcinoma is characterized by unique estrogen-mediated gene expression and de novo tamoxifen resistance,https://www.ncbi.nlm.nih.gov/geo/query/acc.cgi?acc=GSE50693,https://www.ncbi.nlm.nih.gov/geo/query/acc.cgi?acc=GSE50695
GSE50694,GSE50695,20,complete_containment,0,,0,0,0,high_confidence_overlap,Endocrine response in invasive lobular carcinoma is characterized by unique estrogen-mediated gene expression and de novo tamoxifen resistance (SUM44),Endocrine response in invasive lobular carcinoma is characterized by unique estrogen-mediated gene expression and de novo tamoxifen resistance,https://www.ncbi.nlm.nih.gov/geo/query/acc.cgi?acc=GSE50694,https://www.ncbi.nlm.nih.gov/geo/query/acc.cgi?acc=GSE50695
GSE50811,GSE50832,241,complete_containment,0,,0,0,0,high_confidence_overlap,Breast cancer cell lines treated with eribulin and paclitaxel,Gene Expression Profiling Reveals Epithelial Mesenchymal Transition (EMT) Genes Can Selectively Differentiate Eribulin Sensitive Breast Cancer Cells,https://www.ncbi.nlm.nih.gov/geo/query/acc.cgi?acc=GSE50811,https://www.ncbi.nlm.nih.gov/geo/query/acc.cgi?acc=GSE50832
GSE51231,GSE51238,3,complete_containment,0,,0,0,0,high_confidence_overlap,Identification of MAF controlled genes in breast cancer cells,"16q22-24 DNA amplification specifically predicts and mediates, through MAF gene, breast cancer bone metastasis.",https://www.ncbi.nlm.nih.gov/geo/query/acc.cgi?acc=GSE51231,https://www.ncbi.nlm.nih.gov/geo/query/acc.cgi?acc=GSE51238
GSE51232,GSE51238,10,complete_containment,0,,0,0,0,high_confidence_overlap,Identification of genes associated with bone metastatic breast cancer cells,"16q22-24 DNA amplification specifically predicts and mediates, through MAF gene, breast cancer bone metastasis.",https://www.ncbi.nlm.nih.gov/geo/query/acc.cgi?acc=GSE51232,https://www.ncbi.nlm.nih.gov/geo/query/acc.cgi?acc=GSE51238
GSE51403,GSE54756,0,,3,,0,0,0,manual_review_required,"RNA-seq differential expression studies: more sequence, or more replication?",Expression data from TGFBR3 controls and TGFBR3 knockdown of SUM159 3D cultures,https://www.ncbi.nlm.nih.gov/geo/query/acc.cgi?acc=GSE51403,https://www.ncbi.nlm.nih.gov/geo/query/acc.cgi?acc=GSE54756
GSE51403,GSE57243,0,,2,,0,0,0,manual_review_required,"RNA-seq differential expression studies: more sequence, or more replication?",Cell-type restricted activity of hnRNPM promotes breast cancer metastasis via regulating alternative splicing,https://www.ncbi.nlm.nih.gov/geo/query/acc.cgi?acc=GSE51403,https://www.ncbi.nlm.nih.gov/geo/query/acc.cgi?acc=GSE57243
GSE51450,GSE51452,12,complete_containment,0,,0,0,0,high_confidence_overlap,Gene expression profiling of FFPE breast cancer samples [Affymetrix platform],Gene expression profiling of FFPE breast cancer samples [Affymetrix vs. Illumina],https://www.ncbi.nlm.nih.gov/geo/query/acc.cgi?acc=GSE51450,https://www.ncbi.nlm.nih.gov/geo/query/acc.cgi?acc=GSE51452
GSE51451,GSE51452,12,complete_containment,0,,0,0,0,high_confidence_overlap,Gene expression profiling of FFPE breast cancer samples [Illumina DASL WG platform],Gene expression profiling of FFPE breast cancer samples [Affymetrix vs. Illumina],https://www.ncbi.nlm.nih.gov/geo/query/acc.cgi?acc=GSE51451,https://www.ncbi.nlm.nih.gov/geo/query/acc.cgi?acc=GSE51452
GSE52643,GSE57083,0,,1,,0,0,0,manual_review_required,Fusion discovery in breast cancer cell line,Expression data from AstraZeneca internal cell lines,https://www.ncbi.nlm.nih.gov/geo/query/acc.cgi?acc=GSE52643,https://www.ncbi.nlm.nih.gov/geo/query/acc.cgi?acc=GSE57083
GSE52643,GSE58135,0,,4,,0,0,0,manual_review_required,Fusion discovery in breast cancer cell line,Breast Cancer RNA-seq,https://www.ncbi.nlm.nih.gov/geo/query/acc.cgi?acc=GSE52643,https://www.ncbi.nlm.nih.gov/geo/query/acc.cgi?acc=GSE58135
GSE52643,GSE59242,0,,3,,0,0,0,manual_review_required,Fusion discovery in breast cancer cell line,Profiling of human cancer breast cell lines (Affymetrix),https://www.ncbi.nlm.nih.gov/geo/query/acc.cgi?acc=GSE52643,https://www.ncbi.nlm.nih.gov/geo/query/acc.cgi?acc=GSE59242
GSE52643,GSE65314,0,,1,,0,0,0,manual_review_required,Fusion discovery in breast cancer cell line,Experimental gene expression analysis of 12 cancer cell lines,https://www.ncbi.nlm.nih.gov/geo/query/acc.cgi?acc=GSE52643,https://www.ncbi.nlm.nih.gov/geo/query/acc.cgi?acc=GSE65314
GSE52643,GSE73526,0,,5,,0,0,0,manual_review_required,Fusion discovery in breast cancer cell line,"The Functional Genomic Landscape of Human Breast Cancer Drivers, Vulnerabilities, and Resistance (RNASeq)",https://www.ncbi.nlm.nih.gov/geo/query/acc.cgi?acc=GSE52643,https://www.ncbi.nlm.nih.gov/geo/query/acc.cgi?acc=GSE73526
GSE52643,GSE81032,0,,2,,0,0,0,manual_review_required,Fusion discovery in breast cancer cell line,Comparative proteomics and transcriptomics study of signaling network proteins across multiple normal and cancer cell lines,https://www.ncbi.nlm.nih.gov/geo/query/acc.cgi?acc=GSE52643,https://www.ncbi.nlm.nih.gov/geo/query/acc.cgi?acc=GSE81032
GSE52643,GSE87006,0,,4,,0,0,0,manual_review_required,Fusion discovery in breast cancer cell line,CDK4 phosphorylation status and a linked gene expression profile predict sensitivity to Palbociclib [lines],https://www.ncbi.nlm.nih.gov/geo/query/acc.cgi?acc=GSE52643,https://www.ncbi.nlm.nih.gov/geo/query/acc.cgi?acc=GSE87006
GSE52643,GSE87008,0,,4,,0,0,0,manual_review_required,Fusion discovery in breast cancer cell line,CDK4 phosphorylation status and a linked gene expression profile predict sensitivity to Palbociclib,https://www.ncbi.nlm.nih.gov/geo/query/acc.cgi?acc=GSE52643,https://www.ncbi.nlm.nih.gov/geo/query/acc.cgi?acc=GSE87008
GSE52687,GSE52689,9,complete_containment,0,,0,0,0,high_confidence_overlap,The RON receptor tyrosine kinase promotes metastasis by triggering epigenetic reprogramming through the thymine glycosylase MBD4 (RNA-Seq),The RON receptor tyrosine kinase promotes metastasis by triggering epigenetic reprogramming through the thymine glycosylase MBD4,https://www.ncbi.nlm.nih.gov/geo/query/acc.cgi?acc=GSE52687,https://www.ncbi.nlm.nih.gov/geo/query/acc.cgi?acc=GSE52689
GSE53532,GSE53533,2,complete_containment,0,,0,0,0,high_confidence_overlap,Genome-wide activity of unliganded Estrogen Receptor alpha in breast cancer cells [RNA-Seq],Genome-wide activity of unliganded Estrogen Receptor-α in breast cancer cells,https://www.ncbi.nlm.nih.gov/geo/query/acc.cgi?acc=GSE53532,https://www.ncbi.nlm.nih.gov/geo/query/acc.cgi?acc=GSE53533
GSE54329,GSE54331,335,complete_containment,0,,0,0,0,high_confidence_overlap,Interleukin-6 is a Potential Therapeutic Target in Interleukin-6 Dependent Estrogen Receptor-alpha Positive Breast Cancer [cell lines],Interleukin-6 is a Potential Therapeutic Target in Interleukin-6 Dependent Estrogen Receptor-alpha Positive Breast Cancer,https://www.ncbi.nlm.nih.gov/geo/query/acc.cgi?acc=GSE54329,https://www.ncbi.nlm.nih.gov/geo/query/acc.cgi?acc=GSE54331
GSE54330,GSE54331,36,complete_containment,0,,0,0,0,high_confidence_overlap,Interleukin-6 is a Potential Therapeutic Target in Interleukin-6 Dependent Estrogen Receptor-alpha Positive Breast Cancer [patient tumor tissue],Interleukin-6 is a Potential Therapeutic Target in Interleukin-6 Dependent Estrogen Receptor-alpha Positive Breast Cancer,https://www.ncbi.nlm.nih.gov/geo/query/acc.cgi?acc=GSE54330,https://www.ncbi.nlm.nih.gov/geo/query/acc.cgi?acc=GSE54331
GSE54479,GSE54497,60,complete_containment,0,,0,0,0,high_confidence_overlap,Molecular diversity of breast cancers at the time of endocrine resistance [mRNA],Molecular diversity of breast cancers at the time of endocrine resistance,https://www.ncbi.nlm.nih.gov/geo/query/acc.cgi?acc=GSE54479,https://www.ncbi.nlm.nih.gov/geo/query/acc.cgi?acc=GSE54497
GSE5460,GSE86945,0,,6,,0,0,0,manual_review_required,Predicting Features of Breast Cancer with Gene Expression Patterns,Transcriptome characterization of triple negative breast cancer [Italy],https://www.ncbi.nlm.nih.gov/geo/query/acc.cgi?acc=GSE5460,https://www.ncbi.nlm.nih.gov/geo/query/acc.cgi?acc=GSE86945
GSE5460,GSE86948,0,,6,,0,0,0,manual_review_required,Predicting Features of Breast Cancer with Gene Expression Patterns,A microRNA signature identifies four subtypes of triple-negative breast cancer and correlates miR-342-3p as a regulator of the lactate metabolic pathway through silencing the monocarboxylate transporter 1,https://www.ncbi.nlm.nih.gov/geo/query/acc.cgi?acc=GSE5460,https://www.ncbi.nlm.nih.gov/geo/query/acc.cgi?acc=GSE86948
GSE54756,GSE57243,0,,2,,0,0,0,manual_review_required,Expression data from TGFBR3 controls and TGFBR3 knockdown of SUM159 3D cultures,Cell-type restricted activity of hnRNPM promotes breast cancer metastasis via regulating alternative splicing,https://www.ncbi.nlm.nih.gov/geo/query/acc.cgi?acc=GSE54756,https://www.ncbi.nlm.nih.gov/geo/query/acc.cgi?acc=GSE57243
GSE54891,GSE54892,12,complete_containment,0,,0,0,0,high_confidence_overlap,LRH-1 governs vital transcriptional programs in endocrine sensitive and resistant breast cancer cells: Expression profiling,LRH-1 governs vital transcriptional programs in endocrine sensitive and resistant breast cancer cells,https://www.ncbi.nlm.nih.gov/geo/query/acc.cgi?acc=GSE54891,https://www.ncbi.nlm.nih.gov/geo/query/acc.cgi?acc=GSE54892
GSE55015,GSE55024,6,complete_containment,0,,0,0,0,high_confidence_overlap,miRNA and mRNA profiling of tumor-educated macrophages (mRNA),miRNA and mRNA profiling of tumor-educated macrophages,https://www.ncbi.nlm.nih.gov/geo/query/acc.cgi?acc=GSE55015,https://www.ncbi.nlm.nih.gov/geo/query/acc.cgi?acc=GSE55024
GSE55343,GSE55383,26,complete_containment,0,,0,0,0,high_confidence_overlap,"Integrative Analysis of Tamoxifen-resistant Cell Line Models Based on Sequencing Genomes, Transcriptomes and Epigenomes [seq]","Integrative Analysis of Tamoxifen-resistant Cell Line Models Based on Sequencing Genomes, Transcriptomes and Epigenomes",https://www.ncbi.nlm.nih.gov/geo/query/acc.cgi?acc=GSE55343,https://www.ncbi.nlm.nih.gov/geo/query/acc.cgi?acc=GSE55383
GSE55639,GSE55640,32,complete_containment,0,,0,0,0,high_confidence_overlap,Expression profiling of papillary carcinoma of the breast,SNP6 and expression profiling of papillary carcinoma of the breast,https://www.ncbi.nlm.nih.gov/geo/query/acc.cgi?acc=GSE55639,https://www.ncbi.nlm.nih.gov/geo/query/acc.cgi?acc=GSE55640
GSE55680,GSE55741,12,complete_containment,0,,0,0,0,high_confidence_overlap,Analysis of the impact of FOXA1 expression on MDA::ER E2-sensitive transcriptomes and ER cistromes [Transcriptome data],Analysis of the impact of FOXA1 expression on MDA::ER E2-sensitive transcriptomes and ER cistromes,https://www.ncbi.nlm.nih.gov/geo/query/acc.cgi?acc=GSE55680,https://www.ncbi.nlm.nih.gov/geo/query/acc.cgi?acc=GSE55741
GSE55922,GSE55923,12,complete_containment,0,,0,0,0,high_confidence_overlap,Bromodomain protein BRD4 is required for estrogen receptor-dependent transcription and enhancer activation [RNA-Seq],Bromodomain protein BRD4 is required for estrogen receptor-dependent transcription and enhancer activation,https://www.ncbi.nlm.nih.gov/geo/query/acc.cgi?acc=GSE55922,https://www.ncbi.nlm.nih.gov/geo/query/acc.cgi?acc=GSE55923
GSE57083,GSE58135,0,,3,,0,0,0,manual_review_required,Expression data from AstraZeneca internal cell lines,Breast Cancer RNA-seq,https://www.ncbi.nlm.nih.gov/geo/query/acc.cgi?acc=GSE57083,https://www.ncbi.nlm.nih.gov/geo/query/acc.cgi?acc=GSE58135
GSE57083,GSE59242,0,,3,,0,0,0,manual_review_required,Expression data from AstraZeneca internal cell lines,Profiling of human cancer breast cell lines (Affymetrix),https://www.ncbi.nlm.nih.gov/geo/query/acc.cgi?acc=GSE57083,https://www.ncbi.nlm.nih.gov/geo/query/acc.cgi?acc=GSE59242
GSE57083,GSE65314,0,,1,,0,0,0,manual_review_required,Expression data from AstraZeneca internal cell lines,Experimental gene expression analysis of 12 cancer cell lines,https://www.ncbi.nlm.nih.gov/geo/query/acc.cgi?acc=GSE57083,https://www.ncbi.nlm.nih.gov/geo/query/acc.cgi?acc=GSE65314
GSE57083,GSE73526,0,,3,,0,0,0,manual_review_required,Expression data from AstraZeneca internal cell lines,"The Functional Genomic Landscape of Human Breast Cancer Drivers, Vulnerabilities, and Resistance (RNASeq)",https://www.ncbi.nlm.nih.gov/geo/query/acc.cgi?acc=GSE57083,https://www.ncbi.nlm.nih.gov/geo/query/acc.cgi?acc=GSE73526
GSE57083,GSE87006,0,,1,,0,0,0,manual_review_required,Expression data from AstraZeneca internal cell lines,CDK4 phosphorylation status and a linked gene expression profile predict sensitivity to Palbociclib [lines],https://www.ncbi.nlm.nih.gov/geo/query/acc.cgi?acc=GSE57083,https://www.ncbi.nlm.nih.gov/geo/query/acc.cgi?acc=GSE87006
GSE57083,GSE87008,0,,1,,0,0,0,manual_review_required,Expression data from AstraZeneca internal cell lines,CDK4 phosphorylation status and a linked gene expression profile predict sensitivity to Palbociclib,https://www.ncbi.nlm.nih.gov/geo/query/acc.cgi?acc=GSE57083,https://www.ncbi.nlm.nih.gov/geo/query/acc.cgi?acc=GSE87008
GSE57341,GSE57343,237,complete_containment,0,,0,0,0,high_confidence_overlap,"Effect of AZA on gene expression of multiple breast, colon, and ovarian cell lines [expression]",Immune regulation by low doses of the DNA methyltransferase inhibitor 5-azacitidine in common human epithelial cancers,https://www.ncbi.nlm.nih.gov/geo/query/acc.cgi?acc=GSE57341,https://www.ncbi.nlm.nih.gov/geo/query/acc.cgi?acc=GSE57343
GSE57703,GSE57705,12,complete_containment,0,,0,0,0,high_confidence_overlap,SSEA4 is a marker for chemotherapy resistance [mRNA],SSEA4 is a marker for chemotherapy resistance,https://www.ncbi.nlm.nih.gov/geo/query/acc.cgi?acc=GSE57703,https://www.ncbi.nlm.nih.gov/geo/query/acc.cgi?acc=GSE57705
GSE57968,GSE59000,72,complete_containment,0,,0,0,0,high_confidence_overlap,Methylome remodeling in regional breast cancer metastasis [expression],Methylome remodeling in regional breast cancer metastasis,https://www.ncbi.nlm.nih.gov/geo/query/acc.cgi?acc=GSE57968,https://www.ncbi.nlm.nih.gov/geo/query/acc.cgi?acc=GSE59000
GSE58135,GSE59242,0,,14,,0,0,0,manual_review_required,Breast Cancer RNA-seq,Profiling of human cancer breast cell lines (Affymetrix),https://www.ncbi.nlm.nih.gov/geo/query/acc.cgi?acc=GSE58135,https://www.ncbi.nlm.nih.gov/geo/query/acc.cgi?acc=GSE59242
GSE58135,GSE65314,0,,1,,0,0,0,manual_review_required,Breast Cancer RNA-seq,Experimental gene expression analysis of 12 cancer cell lines,https://www.ncbi.nlm.nih.gov/geo/query/acc.cgi?acc=GSE58135,https://www.ncbi.nlm.nih.gov/geo/query/acc.cgi?acc=GSE65314
GSE58135,GSE73526,0,,19,,0,0,0,manual_review_required,Breast Cancer RNA-seq,"The Functional Genomic Landscape of Human Breast Cancer Drivers, Vulnerabilities, and Resistance (RNASeq)",https://www.ncbi.nlm.nih.gov/geo/query/acc.cgi?acc=GSE58135,https://www.ncbi.nlm.nih.gov/geo/query/acc.cgi?acc=GSE73526
GSE58135,GSE81032,0,,1,,0,0,0,manual_review_required,Breast Cancer RNA-seq,Comparative proteomics and transcriptomics study of signaling network proteins across multiple normal and cancer cell lines,https://www.ncbi.nlm.nih.gov/geo/query/acc.cgi?acc=GSE58135,https://www.ncbi.nlm.nih.gov/geo/query/acc.cgi?acc=GSE81032
GSE58135,GSE87006,0,,10,,0,0,0,manual_review_required,Breast Cancer RNA-seq,CDK4 phosphorylation status and a linked gene expression profile predict sensitivity to Palbociclib [lines],https://www.ncbi.nlm.nih.gov/geo/query/acc.cgi?acc=GSE58135,https://www.ncbi.nlm.nih.gov/geo/query/acc.cgi?acc=GSE87006
GSE58135,GSE87008,0,,10,,0,0,0,manual_review_required,Breast Cancer RNA-seq,CDK4 phosphorylation status and a linked gene expression profile predict sensitivity to Palbociclib,https://www.ncbi.nlm.nih.gov/geo/query/acc.cgi?acc=GSE58135,https://www.ncbi.nlm.nih.gov/geo/query/acc.cgi?acc=GSE87008
GSE5816,GSE6695,7,complete_containment,0,,0,0,0,high_confidence_overlap,A Genome-wide Screen for Hypermethylated Genes in Lung Cancer,Genome-wide screen for promoter methylation in NSCLC identifies novel methylation markers for multiple malignancies,https://www.ncbi.nlm.nih.gov/geo/query/acc.cgi?acc=GSE5816,https://www.ncbi.nlm.nih.gov/geo/query/acc.cgi?acc=GSE6695
GSE58212,GSE58215,283,complete_containment,0,,0,0,0,high_confidence_overlap,Integrated analysis reveals microRNA networks coordinately expressed with key proteins in breast cancer [mRNA],Integrated analysis reveals microRNA networks coordinately expressed with key proteins in breast cancer,https://www.ncbi.nlm.nih.gov/geo/query/acc.cgi?acc=GSE58212,https://www.ncbi.nlm.nih.gov/geo/query/acc.cgi?acc=GSE58215
GSE58212,GSE80999,283,complete_containment,0,,0,0,0,high_confidence_overlap,Integrated analysis reveals microRNA networks coordinately expressed with key proteins in breast cancer [mRNA],Integrative clustering reveals a novel split in the luminal A subtype of breast cancer with impact on outcome,https://www.ncbi.nlm.nih.gov/geo/query/acc.cgi?acc=GSE58212,https://www.ncbi.nlm.nih.gov/geo/query/acc.cgi?acc=GSE80999
GSE58212,GSE81002,283,complete_containment,0,,0,0,0,high_confidence_overlap,Integrated analysis reveals microRNA networks coordinately expressed with key proteins in breast cancer [mRNA],Integrative clustering reveals a novel split in the luminal A subtype of breast cancer with impact on outcome,https://www.ncbi.nlm.nih.gov/geo/query/acc.cgi?acc=GSE58212,https://www.ncbi.nlm.nih.gov/geo/query/acc.cgi?acc=GSE81002
GSE58215,GSE80999,283,partial_overlap,0,,0,0,0,high_confidence_overlap,Integrated analysis reveals microRNA networks coordinately expressed with key proteins in breast cancer,Integrative clustering reveals a novel split in the luminal A subtype of breast cancer with impact on outcome,https://www.ncbi.nlm.nih.gov/geo/query/acc.cgi?acc=GSE58215,https://www.ncbi.nlm.nih.gov/geo/query/acc.cgi?acc=GSE80999
GSE58215,GSE81002,566,complete_containment,0,,0,0,0,high_confidence_overlap,Integrated analysis reveals microRNA networks coordinately expressed with key proteins in breast cancer,Integrative clustering reveals a novel split in the luminal A subtype of breast cancer with impact on outcome,https://www.ncbi.nlm.nih.gov/geo/query/acc.cgi?acc=GSE58215,https://www.ncbi.nlm.nih.gov/geo/query/acc.cgi?acc=GSE81002
GSE58379,GSE58381,6,complete_containment,0,,0,0,0,high_confidence_overlap,Identification of alternatively spliced transcripts in brain metastatic derivatives of MDA-MB-231 breast cancer cells in response to RBM47 expression,The identification of RBM47 binding sites and RBM47-dependent alternative splicing events in brain metastatic breast cancer cells,https://www.ncbi.nlm.nih.gov/geo/query/acc.cgi?acc=GSE58379,https://www.ncbi.nlm.nih.gov/geo/query/acc.cgi?acc=GSE58381
GSE58700,GSE58887,13,complete_containment,0,,0,0,0,high_confidence_overlap,Drug screening and genomic analyses of HER2 positive breast cancer cell lines reveal predictors for treatment response [Expression profiling],Drug screening and genomic analyses of HER2 positive breast cancer cell lines reveal predictors for treatment response,https://www.ncbi.nlm.nih.gov/geo/query/acc.cgi?acc=GSE58700,https://www.ncbi.nlm.nih.gov/geo/query/acc.cgi?acc=GSE58887
GSE59006,GSE59008,5,complete_containment,0,,0,0,0,high_confidence_overlap,Fluvastatin-induced differential global gene expression in human malignant MCF-7 breast cancer cells,Fluvastatin mediated global transcriptional alterations in estrogen  positive and negative human breast cancer cells,https://www.ncbi.nlm.nih.gov/geo/query/acc.cgi?acc=GSE59006,https://www.ncbi.nlm.nih.gov/geo/query/acc.cgi?acc=GSE59008
GSE59007,GSE59008,5,complete_containment,0,,0,0,0,high_confidence_overlap,Fluvastatin-induced differential global gene expression in human metastatic MDA-MB-231 breast cancer cells,Fluvastatin mediated global transcriptional alterations in estrogen  positive and negative human breast cancer cells,https://www.ncbi.nlm.nih.gov/geo/query/acc.cgi?acc=GSE59007,https://www.ncbi.nlm.nih.gov/geo/query/acc.cgi?acc=GSE59008
GSE59055,GSE59058,9,complete_containment,0,,0,0,0,high_confidence_overlap,A newly identified spliced isoform of metadherin differently regulates the global transcriptomic profile in MCF-7 breast cancer cells,A newly identified spliced isoform of metadherin differently regulates the global transcriptomic profile in human breast cancer cells,https://www.ncbi.nlm.nih.gov/geo/query/acc.cgi?acc=GSE59055,https://www.ncbi.nlm.nih.gov/geo/query/acc.cgi?acc=GSE59058
GSE59057,GSE59058,9,complete_containment,0,,0,0,0,high_confidence_overlap,A newly identified spliced isoform of metadherin differently regulates the global transcriptomic profile in MDA-MB-231 breast cancer cells,A newly identified spliced isoform of metadherin differently regulates the global transcriptomic profile in human breast cancer cells,https://www.ncbi.nlm.nih.gov/geo/query/acc.cgi?acc=GSE59057,https://www.ncbi.nlm.nih.gov/geo/query/acc.cgi?acc=GSE59058
GSE59228,GSE59232,16,complete_containment,0,,0,0,0,high_confidence_overlap,Regulation of gene expression by glucose metabolism in mammary cell lines,Control of YAP/TAZ by glucose metabolism,https://www.ncbi.nlm.nih.gov/geo/query/acc.cgi?acc=GSE59228,https://www.ncbi.nlm.nih.gov/geo/query/acc.cgi?acc=GSE59232
GSE59230,GSE59232,12,complete_containment,0,,0,0,0,high_confidence_overlap,Regulation of gene expression by loss-of-YAP/TAZ in MDA-MB-231 breast cancer cells,Control of YAP/TAZ by glucose metabolism,https://www.ncbi.nlm.nih.gov/geo/query/acc.cgi?acc=GSE59230,https://www.ncbi.nlm.nih.gov/geo/query/acc.cgi?acc=GSE59232
GSE59242,GSE72955,0,,2,,0,0,0,manual_review_required,Profiling of human cancer breast cell lines (Affymetrix),Retroviral Replicating Vectors Deliver Cytosine Deaminase Leading to Targeted 5-FU-Mediated Cytotoxicity in Multiple Human Cancer Types,https://www.ncbi.nlm.nih.gov/geo/query/acc.cgi?acc=GSE59242,https://www.ncbi.nlm.nih.gov/geo/query/acc.cgi?acc=GSE72955
GSE59242,GSE73526,0,,27,,0,0,0,manual_review_required,Profiling of human cancer breast cell lines (Affymetrix),"The Functional Genomic Landscape of Human Breast Cancer Drivers, Vulnerabilities, and Resistance (RNASeq)",https://www.ncbi.nlm.nih.gov/geo/query/acc.cgi?acc=GSE59242,https://www.ncbi.nlm.nih.gov/geo/query/acc.cgi?acc=GSE73526
GSE59242,GSE81032,0,,1,,0,0,0,manual_review_required,Profiling of human cancer breast cell lines (Affymetrix),Comparative proteomics and transcriptomics study of signaling network proteins across multiple normal and cancer cell lines,https://www.ncbi.nlm.nih.gov/geo/query/acc.cgi?acc=GSE59242,https://www.ncbi.nlm.nih.gov/geo/query/acc.cgi?acc=GSE81032
GSE59242,GSE87006,0,,9,,0,0,0,manual_review_required,Profiling of human cancer breast cell lines (Affymetrix),CDK4 phosphorylation status and a linked gene expression profile predict sensitivity to Palbociclib [lines],https://www.ncbi.nlm.nih.gov/geo/query/acc.cgi?acc=GSE59242,https://www.ncbi.nlm.nih.gov/geo/query/acc.cgi?acc=GSE87006
GSE59242,GSE87008,0,,9,,0,0,0,manual_review_required,Profiling of human cancer breast cell lines (Affymetrix),CDK4 phosphorylation status and a linked gene expression profile predict sensitivity to Palbociclib,https://www.ncbi.nlm.nih.gov/geo/query/acc.cgi?acc=GSE59242,https://www.ncbi.nlm.nih.gov/geo/query/acc.cgi?acc=GSE87008
GSE59246,GSE59248,105,complete_containment,0,,0,0,0,high_confidence_overlap,Molecular features of subtype-specific progression from ductal carcinoma in situ to invasive breast cancer [gene expression data],Molecular features of subtype-specific progression from ductal carcinoma in situ to invasive breast cancer,https://www.ncbi.nlm.nih.gov/geo/query/acc.cgi?acc=GSE59246,https://www.ncbi.nlm.nih.gov/geo/query/acc.cgi?acc=GSE59248
GSE59531,GSE59532,12,complete_containment,0,,0,0,0,high_confidence_overlap,TNFα Signaling Exposes Latent Estrogen Receptor Binding Sites in Breast Cancer Cells [GRO-seq],TNFα Signaling Exposes Latent Estrogen Receptor Binding Sites in Breast Cancer Cells,https://www.ncbi.nlm.nih.gov/geo/query/acc.cgi?acc=GSE59531,https://www.ncbi.nlm.nih.gov/geo/query/acc.cgi?acc=GSE59532
GSE59590,GSE59595,175,complete_containment,0,,0,0,0,high_confidence_overlap,Gene and microRNA expression profiling of breast tumors from Chinese and Italian women [gene],Gene and microRNA expression profiling of breast tumors from Chinese and Italian women,https://www.ncbi.nlm.nih.gov/geo/query/acc.cgi?acc=GSE59590,https://www.ncbi.nlm.nih.gov/geo/query/acc.cgi?acc=GSE59595
GSE59732,GSE59734,96,complete_containment,0,,0,0,0,high_confidence_overlap,Gene expression profiling in response to radiation treatment in breast cancer [cell lines],Gene expression profiling in response to radiation treatment in breast cancer,https://www.ncbi.nlm.nih.gov/geo/query/acc.cgi?acc=GSE59732,https://www.ncbi.nlm.nih.gov/geo/query/acc.cgi?acc=GSE59734
GSE59733,GSE59734,19,complete_containment,0,,0,0,0,high_confidence_overlap,Gene expression profiling in response to radiation treatment in breast cancer [patient samples],Gene expression profiling in response to radiation treatment in breast cancer,https://www.ncbi.nlm.nih.gov/geo/query/acc.cgi?acc=GSE59733,https://www.ncbi.nlm.nih.gov/geo/query/acc.cgi?acc=GSE59734
GSE59750,GSE59751,6,partial_overlap,0,,0,0,0,high_confidence_overlap,Loss of malignancy of the spontaneous pulmonary metastasis in a human-in-mouse breast cancer model,Twinfilin regulates breast cancer cell invasion and interleukin-11 expression through the miR-206/ MKL1/SRF pathway,https://www.ncbi.nlm.nih.gov/geo/query/acc.cgi?acc=GSE59750,https://www.ncbi.nlm.nih.gov/geo/query/acc.cgi?acc=GSE59751
GSE59936,GSE59937,4,complete_containment,0,,0,0,0,high_confidence_overlap,Expression data with either EglN2 or control knockdown in T47D cells,Hypoxia-related transcription factor ChIP-seq and EglN2 knockdown expression profiling in T47D breast cancer cells,https://www.ncbi.nlm.nih.gov/geo/query/acc.cgi?acc=GSE59936,https://www.ncbi.nlm.nih.gov/geo/query/acc.cgi?acc=GSE59937
GSE60016,GSE60017,3,complete_containment,0,,0,0,0,high_confidence_overlap,Gene expression of metabolically adaptable triple-negative breast cancer cells,Gene expression microarray and CGH array of metabolically adaptable cells derived from SUM149 triple-negative Inflammatory Breast Cancer cell line,https://www.ncbi.nlm.nih.gov/geo/query/acc.cgi?acc=GSE60016,https://www.ncbi.nlm.nih.gov/geo/query/acc.cgi?acc=GSE60017
GSE60123,GSE60125,6,complete_containment,0,,0,0,0,high_confidence_overlap,Examination of gene expression in response to ING2 knockdown by siRNA in human breast cancer cells,SAHA Induced Dynamics of a Human Histone Deacetylase Protein Interaction Network,https://www.ncbi.nlm.nih.gov/geo/query/acc.cgi?acc=GSE60123,https://www.ncbi.nlm.nih.gov/geo/query/acc.cgi?acc=GSE60125
GSE60124,GSE60125,5,complete_containment,0,,0,0,0,high_confidence_overlap,Examination of gene expression in human breast cancer cells exposed to the HDAC inhibitor SAHA,SAHA Induced Dynamics of a Human Histone Deacetylase Protein Interaction Network,https://www.ncbi.nlm.nih.gov/geo/query/acc.cgi?acc=GSE60124,https://www.ncbi.nlm.nih.gov/geo/query/acc.cgi?acc=GSE60125
GSE60322,GSE60324,8,complete_containment,0,,0,0,0,high_confidence_overlap,Effect of knock down of LASP-1 on luminal breast cancer cells (MCF7),Effect of knock down of LASP-1 on human breast cancer cells,https://www.ncbi.nlm.nih.gov/geo/query/acc.cgi?acc=GSE60322,https://www.ncbi.nlm.nih.gov/geo/query/acc.cgi?acc=GSE60324
GSE60323,GSE60324,4,complete_containment,0,,0,0,0,high_confidence_overlap,Effect of knock down of LASP-1 on basal-like breast cancer cells (MDA-MB-231),Effect of knock down of LASP-1 on human breast cancer cells,https://www.ncbi.nlm.nih.gov/geo/query/acc.cgi?acc=GSE60323,https://www.ncbi.nlm.nih.gov/geo/query/acc.cgi?acc=GSE60324
GSE60561,GSE60563,24,complete_containment,0,,0,0,0,high_confidence_overlap,RNA interference uncouples the function of a long noncoding RNA product from that of its transcription [SUM159],RNA interference uncouples the function of a long noncoding RNA product from that of its transcription: HB2 and SUM159 cells,https://www.ncbi.nlm.nih.gov/geo/query/acc.cgi?acc=GSE60561,https://www.ncbi.nlm.nih.gov/geo/query/acc.cgi?acc=GSE60563
GSE60713,GSE60716,4,complete_containment,0,,0,0,0,high_confidence_overlap,The role of cancer exosomes in non-tumorigenic cells,Cell-Independent MicroRNA Biogenesis,https://www.ncbi.nlm.nih.gov/geo/query/acc.cgi?acc=GSE60713,https://www.ncbi.nlm.nih.gov/geo/query/acc.cgi?acc=GSE60716
GSE60785,GSE60789,55,complete_containment,0,,0,0,0,high_confidence_overlap,The Sweden Canceromics Analysis Network - Breast (SCAN-B) Initiative: a large-scale multicenter infrastructure towards implementation of breast cancer genomic analyses in the clinical routine [microarrays],The Sweden Canceromics Analysis Network - Breast (SCAN-B) Initiative: a large-scale multicenter infrastructure towards implementation of breast cancer genomic analyses in the clinical routine,https://www.ncbi.nlm.nih.gov/geo/query/acc.cgi?acc=GSE60785,https://www.ncbi.nlm.nih.gov/geo/query/acc.cgi?acc=GSE60789
GSE60788,GSE60789,55,complete_containment,0,,0,0,0,high_confidence_overlap,The Sweden Canceromics Analysis Network - Breast (SCAN-B) Initiative: a large-scale multicenter infrastructure towards implementation of breast cancer genomic analyses in the clinical routine [RNA-Seq],The Sweden Canceromics Analysis Network - Breast (SCAN-B) Initiative: a large-scale multicenter infrastructure towards implementation of breast cancer genomic analyses in the clinical routine,https://www.ncbi.nlm.nih.gov/geo/query/acc.cgi?acc=GSE60788,https://www.ncbi.nlm.nih.gov/geo/query/acc.cgi?acc=GSE60789
GSE60878,GSE60882,3,complete_containment,0,,0,0,0,high_confidence_overlap,Effect of tamoxifen on early gene expression in T47D cells,Effect of tamoxifen on early gene expression in T47D and MDA-MB-231 cells,https://www.ncbi.nlm.nih.gov/geo/query/acc.cgi?acc=GSE60878,https://www.ncbi.nlm.nih.gov/geo/query/acc.cgi?acc=GSE60882
GSE60879,GSE60882,3,complete_containment,0,,0,0,0,high_confidence_overlap,Effect of tamoxifen on early gene expression in MDA-MB-231 cells,Effect of tamoxifen on early gene expression in T47D and MDA-MB-231 cells,https://www.ncbi.nlm.nih.gov/geo/query/acc.cgi?acc=GSE60879,https://www.ncbi.nlm.nih.gov/geo/query/acc.cgi?acc=GSE60882
GSE60994,GSE60998,31,complete_containment,0,,0,0,0,high_confidence_overlap,Exosome Transfer from Stromal to Breast Cancer Cells Regulates Therapy Resistance Pathways [set 1],Exosome Transfer from Stromal to Breast Cancer Cells Regulates Therapy Resistance Pathways,https://www.ncbi.nlm.nih.gov/geo/query/acc.cgi?acc=GSE60994,https://www.ncbi.nlm.nih.gov/geo/query/acc.cgi?acc=GSE60998
GSE60995,GSE60998,16,complete_containment,0,,0,0,0,high_confidence_overlap,Exosome Transfer from Stromal to Breast Cancer Cells Regulates Therapy Resistance Pathways [set 2],Exosome Transfer from Stromal to Breast Cancer Cells Regulates Therapy Resistance Pathways,https://www.ncbi.nlm.nih.gov/geo/query/acc.cgi?acc=GSE60995,https://www.ncbi.nlm.nih.gov/geo/query/acc.cgi?acc=GSE60998
GSE60997,GSE60998,4,complete_containment,0,,0,0,0,high_confidence_overlap,Analysis of exosome RNA from co-culture of cancer cell and stroma cell,Exosome Transfer from Stromal to Breast Cancer Cells Regulates Therapy Resistance Pathways,https://www.ncbi.nlm.nih.gov/geo/query/acc.cgi?acc=GSE60997,https://www.ncbi.nlm.nih.gov/geo/query/acc.cgi?acc=GSE60998
GSE6128,GSE6130,23,partial_overlap,0,,0,0,0,high_confidence_overlap,EGFR signaling varies with breast tumor subtype,Agreement in Breast Cancer Classification between Microarray and qRT-PCR from Fresh-Frozen and Formalin-Fixed Tissues,https://www.ncbi.nlm.nih.gov/geo/query/acc.cgi?acc=GSE6128,https://www.ncbi.nlm.nih.gov/geo/query/acc.cgi?acc=GSE6130
GSE61723,GSE61725,65,complete_containment,0,,0,0,0,high_confidence_overlap,Novel transcripts associated with lymph node metastasis in triple negative breast cancer [discovery cohort],Novel transcripts associated with lymph node metastasis in triple negative breast cancer,https://www.ncbi.nlm.nih.gov/geo/query/acc.cgi?acc=GSE61723,https://www.ncbi.nlm.nih.gov/geo/query/acc.cgi?acc=GSE61725
GSE61724,GSE61725,68,complete_containment,0,,0,0,0,high_confidence_overlap,Novel transcripts associated with lymph node metastasis in triple negative breast cancer [validation cohort],Novel transcripts associated with lymph node metastasis in triple negative breast cancer,https://www.ncbi.nlm.nih.gov/geo/query/acc.cgi?acc=GSE61724,https://www.ncbi.nlm.nih.gov/geo/query/acc.cgi?acc=GSE61725
GSE62259,GSE62261,8,complete_containment,0,,0,0,0,high_confidence_overlap,MicroRNA profiling of the developing mammary gland identifies miR-184 as a candidate breast tumour suppressor gene (Affymetrix),MicroRNA profiling of the developing mammary gland identifies miR-184 as a candidate breast tumour suppressor gene,https://www.ncbi.nlm.nih.gov/geo/query/acc.cgi?acc=GSE62259,https://www.ncbi.nlm.nih.gov/geo/query/acc.cgi?acc=GSE62261
GSE62568,GSE62569,22,complete_containment,0,,0,0,0,high_confidence_overlap,Control of breast cancer cell migration by a p63-regulated signaling network (RNA),Control of breast cancer cell migration by a p63-regulated signaling network,https://www.ncbi.nlm.nih.gov/geo/query/acc.cgi?acc=GSE62568,https://www.ncbi.nlm.nih.gov/geo/query/acc.cgi?acc=GSE62569
GSE62907,GSE62966,29,complete_containment,0,,0,0,0,high_confidence_overlap,The inactive X chromosome is epigenetically unstable and transcriptionally labile in breast cancer,Analysis of allele specific expression and its chromatin state to identify genes that are escaping X chromosome inactivation,https://www.ncbi.nlm.nih.gov/geo/query/acc.cgi?acc=GSE62907,https://www.ncbi.nlm.nih.gov/geo/query/acc.cgi?acc=GSE62966
GSE63582,GSE63584,28,complete_containment,0,,0,0,0,high_confidence_overlap,Response and resistance to BET bromodomain inhibitors in triple negative breast cancer [RNA-Seq],Response and resistance to BET bromodomain inhibitors in triple negative breast cancer,https://www.ncbi.nlm.nih.gov/geo/query/acc.cgi?acc=GSE63582,https://www.ncbi.nlm.nih.gov/geo/query/acc.cgi?acc=GSE63584
GSE63608,GSE63610,6,complete_containment,0,,0,0,0,high_confidence_overlap,Effect of REST on cancer invasiveness in MCF-7 and MDA-MB-231 cells using RNA-sequencing (RNA-seq) analysis .,"The effect of REST and its alternatively spliced transcript, REST-003, on breast cancer invasiveness",https://www.ncbi.nlm.nih.gov/geo/query/acc.cgi?acc=GSE63608,https://www.ncbi.nlm.nih.gov/geo/query/acc.cgi?acc=GSE63610
GSE63609,GSE63610,4,complete_containment,0,,0,0,0,high_confidence_overlap,Effect of REST-003 downregulation on cancer invasiveness in MDA-MB-231 cells using RNA-sequencing (RNA-seq) analysis .,"The effect of REST and its alternatively spliced transcript, REST-003, on breast cancer invasiveness",https://www.ncbi.nlm.nih.gov/geo/query/acc.cgi?acc=GSE63609,https://www.ncbi.nlm.nih.gov/geo/query/acc.cgi?acc=GSE63610
GSE63956,GSE63958,4,complete_containment,0,,0,0,0,high_confidence_overlap,TRPM7 maintains mesenchymal phenotype of breast cancer cells by tensional regulation of SOX4 (TRPM7 shRNA),TRPM7 maintains mesenchymal phenotype of breast cancer cells by tensional regulation of SOX4,https://www.ncbi.nlm.nih.gov/geo/query/acc.cgi?acc=GSE63956,https://www.ncbi.nlm.nih.gov/geo/query/acc.cgi?acc=GSE63958
GSE63957,GSE63958,6,complete_containment,0,,0,0,0,high_confidence_overlap,TRPM7 maintains mesenchymal phenotype of breast cancer cells by tensional regulation of SOX4 (SOX4 shRNA),TRPM7 maintains mesenchymal phenotype of breast cancer cells by tensional regulation of SOX4,https://www.ncbi.nlm.nih.gov/geo/query/acc.cgi?acc=GSE63957,https://www.ncbi.nlm.nih.gov/geo/query/acc.cgi?acc=GSE63958
GSE63984,GSE63986,24,complete_containment,0,,0,0,0,high_confidence_overlap,Expression data to identify putative transcriptional targets of ZNF165 in Triple Negative Breast Cancer (TNBC),Integrative Functional Characterization of Cancer-Testis Antigens Defines Obligate Participation in Multiple Hallmarks of Cancer,https://www.ncbi.nlm.nih.gov/geo/query/acc.cgi?acc=GSE63984,https://www.ncbi.nlm.nih.gov/geo/query/acc.cgi?acc=GSE63986
GSE64155,GSE86565,6,partial_overlap,0,,0,0,0,high_confidence_overlap,Estrogen-like activity in cell signaling of capsaicinoids,Estrogen-like activity in cell signaling of lignans,https://www.ncbi.nlm.nih.gov/geo/query/acc.cgi?acc=GSE64155,https://www.ncbi.nlm.nih.gov/geo/query/acc.cgi?acc=GSE86565
GSE64435,GSE64437,2,complete_containment,0,,0,0,0,high_confidence_overlap,Hypoxic MDA-MB-231 U133 Plus 2.0 array,Profiling gene and microRNA expression in hypoxic MDA-MB-231 cells,https://www.ncbi.nlm.nih.gov/geo/query/acc.cgi?acc=GSE64435,https://www.ncbi.nlm.nih.gov/geo/query/acc.cgi?acc=GSE64437
GSE64827,GSE64839,6,complete_containment,0,,0,0,0,high_confidence_overlap,Human umbilical cord matrix mesenchymal stem cells suppress the growth of breast cancer by expression of tumor suppressor genes [human],Human umbilical cord matrix mesenchymal stem cells suppress the growth of breast cancer by expression of tumor suppressor genes,https://www.ncbi.nlm.nih.gov/geo/query/acc.cgi?acc=GSE64827,https://www.ncbi.nlm.nih.gov/geo/query/acc.cgi?acc=GSE64839
GSE64953,GSE64955,2,complete_containment,0,,0,0,0,high_confidence_overlap,mRNA expression profile of MCF7 cells with retroviral inducible expression of ΔNp63α [total RNA],mRNA and miRNA expression profile of MCF7 cells with retroviral inducible expression of ΔNp63α,https://www.ncbi.nlm.nih.gov/geo/query/acc.cgi?acc=GSE64953,https://www.ncbi.nlm.nih.gov/geo/query/acc.cgi?acc=GSE64955
GSE65194,GSE65216,178,complete_containment,0,,0,0,0,high_confidence_overlap,Expression profiling of breast cancer samples from Institut Curie (Maire cohort) --Affy CDF,Expression profiling of breast cancer samples from Institut Curie (Maire cohort),https://www.ncbi.nlm.nih.gov/geo/query/acc.cgi?acc=GSE65194,https://www.ncbi.nlm.nih.gov/geo/query/acc.cgi?acc=GSE65216
GSE65212,GSE65216,178,complete_containment,0,,0,0,0,high_confidence_overlap,Expression profiling of breast cancer samples from Institut Curie (Maire cohort) -- BrainArray CDF,Expression profiling of breast cancer samples from Institut Curie (Maire cohort),https://www.ncbi.nlm.nih.gov/geo/query/acc.cgi?acc=GSE65212,https://www.ncbi.nlm.nih.gov/geo/query/acc.cgi?acc=GSE65216
GSE65314,GSE73526,0,,1,,0,0,0,manual_review_required,Experimental gene expression analysis of 12 cancer cell lines,"The Functional Genomic Landscape of Human Breast Cancer Drivers, Vulnerabilities, and Resistance (RNASeq)",https://www.ncbi.nlm.nih.gov/geo/query/acc.cgi?acc=GSE65314,https://www.ncbi.nlm.nih.gov/geo/query/acc.cgi?acc=GSE73526
GSE65314,GSE87006,0,,1,,0,0,0,manual_review_required,Experimental gene expression analysis of 12 cancer cell lines,CDK4 phosphorylation status and a linked gene expression profile predict sensitivity to Palbociclib [lines],https://www.ncbi.nlm.nih.gov/geo/query/acc.cgi?acc=GSE65314,https://www.ncbi.nlm.nih.gov/geo/query/acc.cgi?acc=GSE87006
GSE65314,GSE87008,0,,1,,0,0,0,manual_review_required,Experimental gene expression analysis of 12 cancer cell lines,CDK4 phosphorylation status and a linked gene expression profile predict sensitivity to Palbociclib,https://www.ncbi.nlm.nih.gov/geo/query/acc.cgi?acc=GSE65314,https://www.ncbi.nlm.nih.gov/geo/query/acc.cgi?acc=GSE87008
GSE6596,GSE6772,26,complete_containment,0,,0,0,0,high_confidence_overlap,Comparison of gene expression data from human and mouse breast cancers: Identification of conserved breast tumor genes,Comparison of gene expression data from human and mouse breast cancers,https://www.ncbi.nlm.nih.gov/geo/query/acc.cgi?acc=GSE6596,https://www.ncbi.nlm.nih.gov/geo/query/acc.cgi?acc=GSE6772
GSE66071,GSE66072,93,complete_containment,0,,0,0,0,high_confidence_overlap,Mcl-1 is a key determinant of breast cancer cell survival [expression],Mcl-1 is a key determinant of breast cancer cell survival,https://www.ncbi.nlm.nih.gov/geo/query/acc.cgi?acc=GSE66071,https://www.ncbi.nlm.nih.gov/geo/query/acc.cgi?acc=GSE66072
GSE66072,GSE73526,0,,1,,0,0,0,manual_review_required,Mcl-1 is a key determinant of breast cancer cell survival,"The Functional Genomic Landscape of Human Breast Cancer Drivers, Vulnerabilities, and Resistance (RNASeq)",https://www.ncbi.nlm.nih.gov/geo/query/acc.cgi?acc=GSE66072,https://www.ncbi.nlm.nih.gov/geo/query/acc.cgi?acc=GSE73526
GSE66082,GSE66083,12,complete_containment,0,,0,0,0,high_confidence_overlap,Widespread association between YAP/TAZ/TEAD and AP-1 at enhancers drives oncogenic growth [gene expression],Widespread association between YAP/TAZ/TEAD and AP-1 at enhancers drives oncogenic growth,https://www.ncbi.nlm.nih.gov/geo/query/acc.cgi?acc=GSE66082,https://www.ncbi.nlm.nih.gov/geo/query/acc.cgi?acc=GSE66083
GSE66108,GSE66142,36,complete_containment,0,,0,0,0,high_confidence_overlap,"CCL171, T47D, MDA-MB231 cell lines: stimulation with BMP7 and antagonists",BMP-2 response pattern in human lung fibroblasts predicts outcome in lung adenocarcinomas,https://www.ncbi.nlm.nih.gov/geo/query/acc.cgi?acc=GSE66108,https://www.ncbi.nlm.nih.gov/geo/query/acc.cgi?acc=GSE66142
GSE66109,GSE66142,24,complete_containment,0,,0,0,0,high_confidence_overlap,CCL171 BMP4 time course,BMP-2 response pattern in human lung fibroblasts predicts outcome in lung adenocarcinomas,https://www.ncbi.nlm.nih.gov/geo/query/acc.cgi?acc=GSE66109,https://www.ncbi.nlm.nih.gov/geo/query/acc.cgi?acc=GSE66142
GSE66159,GSE66162,76,complete_containment,0,,0,0,0,high_confidence_overlap,Biomarkers of dietary energy restriction in women at increased risk of breast cancer,Energy restriction in women at increased risk of breast cancer,https://www.ncbi.nlm.nih.gov/geo/query/acc.cgi?acc=GSE66159,https://www.ncbi.nlm.nih.gov/geo/query/acc.cgi?acc=GSE66162
GSE66161,GSE66162,74,complete_containment,0,,0,0,0,high_confidence_overlap,Intermittent energy restriction in overweight women at increased risk of breast cancer,Energy restriction in women at increased risk of breast cancer,https://www.ncbi.nlm.nih.gov/geo/query/acc.cgi?acc=GSE66161,https://www.ncbi.nlm.nih.gov/geo/query/acc.cgi?acc=GSE66162
GSE66305,GSE66399,88,complete_containment,0,,0,0,0,high_confidence_overlap,Prospective biomarker analysis of the randomized CHER-LOB study evaluating the dual anti-HER2 treatment with chemotherapy plus trastuzumab and lapatinib as neoadjuvant therapy for HER2-positive breast cancer [expression],Prospective biomarker analysis of the randomized CHER-LOB study evaluating the dual anti-HER2 treatment with chemotherapy plus trastuzumab and lapatinib as neoadjuvant therapy for HER2-positive breast cancer,https://www.ncbi.nlm.nih.gov/geo/query/acc.cgi?acc=GSE66305,https://www.ncbi.nlm.nih.gov/geo/query/acc.cgi?acc=GSE66399
GSE66322,GSE66324,4,complete_containment,0,,0,0,0,high_confidence_overlap,Nitric oxide regulates gene expression in cancers by controlling histone posttranslational modifications [PrimeView],Nitric oxide regulates gene expression in cancers by controlling histone posttranslational modifications,https://www.ncbi.nlm.nih.gov/geo/query/acc.cgi?acc=GSE66322,https://www.ncbi.nlm.nih.gov/geo/query/acc.cgi?acc=GSE66324
GSE67240,GSE67766,44,complete_containment,0,,0,0,0,high_confidence_overlap,Study the effect of SUZ12 on the responsiveness of IFNg target genes in multiple cancer and non cancer cell lines,Cancer Cells Hijack PRC2 to Modify Multiple Cytokine Pathways,https://www.ncbi.nlm.nih.gov/geo/query/acc.cgi?acc=GSE67240,https://www.ncbi.nlm.nih.gov/geo/query/acc.cgi?acc=GSE67766
GSE6800,GSE6803,6,partial_overlap,0,,0,0,0,high_confidence_overlap,Effects of Cimicfuga racemosa (black cohosh) in MCF-7 cells,Effects of Leuzea carthamoides (maral root) in MCF-7 cells,https://www.ncbi.nlm.nih.gov/geo/query/acc.cgi?acc=GSE6800,https://www.ncbi.nlm.nih.gov/geo/query/acc.cgi?acc=GSE6803
GSE68248,GSE68249,6,complete_containment,0,,0,0,0,high_confidence_overlap,Proteasome machinery is instrumental in a common gain-of-function program of the p53 missense mutants in cancer.,Proteasome machinery is instrumental in a common gain-of-function program of the p53 missense mutants in cancer.,https://www.ncbi.nlm.nih.gov/geo/query/acc.cgi?acc=GSE68248,https://www.ncbi.nlm.nih.gov/geo/query/acc.cgi?acc=GSE68249
GSE68358,GSE68359,48,complete_containment,0,,0,0,0,high_confidence_overlap,RNA-seq in two ER+ breast cancer cell lines with and without progestins,Progesterone receptor directs a distinct estrogen receptor-alpha chromatin binding profile in breast cancer to elicit good clinical outcome,https://www.ncbi.nlm.nih.gov/geo/query/acc.cgi?acc=GSE68358,https://www.ncbi.nlm.nih.gov/geo/query/acc.cgi?acc=GSE68359
GSE68694,GSE78753,6,complete_containment,0,,0,0,0,high_confidence_overlap,A Preclinical Model for ERα-Positive Breast Cancer Points to the Epithelial Microenvironment as Determinant of Luminal Phenotype and Hormone Response [MCF7],A Preclinical Model for ERα-Positive Breast Cancer Points to the Epithelial Microenvironment as Determinant of Luminal Phenotype and Hormone Response,https://www.ncbi.nlm.nih.gov/geo/query/acc.cgi?acc=GSE68694,https://www.ncbi.nlm.nih.gov/geo/query/acc.cgi?acc=GSE78753
GSE69106,GSE69107,21,complete_containment,0,,0,0,0,high_confidence_overlap,CDK7-dependent Transcriptional Addiction in Triple-Negative Breast Cancer (Microarray),CDK7-dependent Transcriptional Addiction in Basal-like Breast Cancer,https://www.ncbi.nlm.nih.gov/geo/query/acc.cgi?acc=GSE69106,https://www.ncbi.nlm.nih.gov/geo/query/acc.cgi?acc=GSE69107
GSE69240,GSE81538,0,,16,,0,0,0,manual_review_required,A Molecular Portrait Of High-Grade Ductal Carcinoma In Situ (DCIS) [RNA-seq],Clinical Value of RNA Sequencing–Based Classifiers for Prediction of the Five Conventional Breast Cancer Biomarkers: A Report From the Population-Based Multicenter Sweden Cancerome Analysis Network—Breast Initiative [cohort 405],https://www.ncbi.nlm.nih.gov/geo/query/acc.cgi?acc=GSE69240,https://www.ncbi.nlm.nih.gov/geo/query/acc.cgi?acc=GSE81538
GSE69240,GSE81540,0,,16,,0,0,0,manual_review_required,A Molecular Portrait Of High-Grade Ductal Carcinoma In Situ (DCIS) [RNA-seq],Clinical Value of RNA Sequencing–Based Classifiers for Prediction of the Five Conventional Breast Cancer Biomarkers: A Report From the Population-Based Multicenter Sweden Cancerome Analysis Network—Breast Initiative [superseries],https://www.ncbi.nlm.nih.gov/geo/query/acc.cgi?acc=GSE69240,https://www.ncbi.nlm.nih.gov/geo/query/acc.cgi?acc=GSE81540
GSE69240,GSE86159,0,,1,,0,0,0,manual_review_required,A Molecular Portrait Of High-Grade Ductal Carcinoma In Situ (DCIS) [RNA-seq],"LINC00520 is Induced by Src, STAT3, and PI3K and Plays a Functional Role in Breast Cancer",https://www.ncbi.nlm.nih.gov/geo/query/acc.cgi?acc=GSE69240,https://www.ncbi.nlm.nih.gov/geo/query/acc.cgi?acc=GSE86159
GSE69294,GSE69296,18,complete_containment,0,,0,0,0,high_confidence_overlap,Active FOXO1 is a Key Determinant of Isoform-Specific Progesterone Receptor Transactivation and Senescence Programming,Active FOXO1 is a Key Determinant of Isoform-Specific Progesterone Receptor Transactivation and Senescence Programming,https://www.ncbi.nlm.nih.gov/geo/query/acc.cgi?acc=GSE69294,https://www.ncbi.nlm.nih.gov/geo/query/acc.cgi?acc=GSE69296
GSE69295,GSE69296,18,complete_containment,0,,0,0,0,high_confidence_overlap,Active FOXO1 is a Key Determinant of Isoform-Specific Progesterone Receptor Transactivation and Senescence Programming,Active FOXO1 is a Key Determinant of Isoform-Specific Progesterone Receptor Transactivation and Senescence Programming,https://www.ncbi.nlm.nih.gov/geo/query/acc.cgi?acc=GSE69295,https://www.ncbi.nlm.nih.gov/geo/query/acc.cgi?acc=GSE69296
GSE69396,GSE69397,11,complete_containment,0,,0,0,0,high_confidence_overlap,A mutation in the viral sensor 2’-5’-oligoadenylate synthetase 2 causes failure of lactation. [human],A mutation in the viral sensor 2’-5’-oligoadenylate synthetase 2 causes failure of lactation.,https://www.ncbi.nlm.nih.gov/geo/query/acc.cgi?acc=GSE69396,https://www.ncbi.nlm.nih.gov/geo/query/acc.cgi?acc=GSE69397
GSE70162,GSE70163,12,complete_containment,0,,0,0,0,high_confidence_overlap,Genome-wide analysis of PIAS1 on AR gene expression in MDA-MB453,Chromatin targets of androgen receptor and coregulator PIAS1 in molecular apocrine breast cancer cells,https://www.ncbi.nlm.nih.gov/geo/query/acc.cgi?acc=GSE70162,https://www.ncbi.nlm.nih.gov/geo/query/acc.cgi?acc=GSE70163
GSE70759,GSE74663,43,complete_containment,0,,0,0,0,high_confidence_overlap,Stimulation of endogenous FGFR2 signalling in estrogen receptor-positive breast cancer cells,High FGFR2 expression is associated with reduced breast cancer risk and represses the estrogen response,https://www.ncbi.nlm.nih.gov/geo/query/acc.cgi?acc=GSE70759,https://www.ncbi.nlm.nih.gov/geo/query/acc.cgi?acc=GSE74663
GSE71009,GSE71013,2,complete_containment,0,,0,0,0,high_confidence_overlap,LIN28A modulates splicing and gene expression programs in breast cancer cells [RIP-Seq],LIN28A modulates splicing and gene expression programs in breast cancer cells,https://www.ncbi.nlm.nih.gov/geo/query/acc.cgi?acc=GSE71009,https://www.ncbi.nlm.nih.gov/geo/query/acc.cgi?acc=GSE71013
GSE71012,GSE71013,8,complete_containment,0,,0,0,0,high_confidence_overlap,LIN28A modulates splicing and gene expression programs in breast cancer cells [RNA-Seq],LIN28A modulates splicing and gene expression programs in breast cancer cells,https://www.ncbi.nlm.nih.gov/geo/query/acc.cgi?acc=GSE71012,https://www.ncbi.nlm.nih.gov/geo/query/acc.cgi?acc=GSE71013
GSE71283,GSE72206,4,complete_containment,0,,0,0,0,high_confidence_overlap,Comparative gene profiling study: Pak1 deficient human breast cancer cells vs Pak1 wt breast cancer cells,Comparative Gene Profiling Study Between Pak1 Deficient Mouse and Human Breast Cancer Cells,https://www.ncbi.nlm.nih.gov/geo/query/acc.cgi?acc=GSE71283,https://www.ncbi.nlm.nih.gov/geo/query/acc.cgi?acc=GSE72206
GSE71297,GSE71298,4,complete_containment,0,,0,0,0,high_confidence_overlap,LncRNA HOTAIR enhances ER signaling and confers tamoxifen resistance in breast cancer [array],LncRNA HOTAIR enhances ER signaling and confers tamoxifen resistance in breast cancer,https://www.ncbi.nlm.nih.gov/geo/query/acc.cgi?acc=GSE71297,https://www.ncbi.nlm.nih.gov/geo/query/acc.cgi?acc=GSE71298
GSE71401,GSE71403,6,complete_containment,0,,0,0,0,high_confidence_overlap,Tumor hypoxia causes DNA hypermethylation by reducing TET activity (RNA-Seq),Tumor hypoxia causes DNA hypermethylation by reducing TET activity,https://www.ncbi.nlm.nih.gov/geo/query/acc.cgi?acc=GSE71401,https://www.ncbi.nlm.nih.gov/geo/query/acc.cgi?acc=GSE71403
GSE71915,GSE71977,12,complete_containment,0,,0,0,0,high_confidence_overlap,Genome-wide profiling of inflammatory cistrome reveals AP-1/c-Jun as a key regulator of TNFalpha-mediated triple-negative breast cancer progression [microarray],Genome-wide profiling of inflammatory cistrome reveals AP-1/c-Jun as a key regulator of TNFalpha-mediated triple-negative breast cancer progression.,https://www.ncbi.nlm.nih.gov/geo/query/acc.cgi?acc=GSE71915,https://www.ncbi.nlm.nih.gov/geo/query/acc.cgi?acc=GSE71977
GSE72010,GSE72013,9,complete_containment,0,,0,0,0,high_confidence_overlap,The effect of ethanol on the cultured human breast cancer line MCF-7,MCF-7 human breast cancer cells treated with ethanol: DNA microarray expression data and microRNA prevalence data,https://www.ncbi.nlm.nih.gov/geo/query/acc.cgi?acc=GSE72010,https://www.ncbi.nlm.nih.gov/geo/query/acc.cgi?acc=GSE72013
GSE7260,GSE7263,11,complete_containment,0,,0,0,0,high_confidence_overlap,epithelial-mesenchymal interaction of the breast,Effect of heterotypic interaction between breast cancer cell line MDA-MB231 and CCL-171 fibroblast,https://www.ncbi.nlm.nih.gov/geo/query/acc.cgi?acc=GSE7260,https://www.ncbi.nlm.nih.gov/geo/query/acc.cgi?acc=GSE7263
GSE72644,GSE72653,36,complete_containment,0,,0,0,0,high_confidence_overlap,Mapping alterations spatially and temporally during early stages of breast tumourigenesis [expression],Mapping alterations spatially and temporally during early stages of breast tumourigenesis,https://www.ncbi.nlm.nih.gov/geo/query/acc.cgi?acc=GSE72644,https://www.ncbi.nlm.nih.gov/geo/query/acc.cgi?acc=GSE72653
GSE72932,GSE72933,6,complete_containment,0,,0,0,0,high_confidence_overlap,Bromodomain-containing Protein 4 (BRD4) is Required for the Maintenance of a Mammary Epithelial Phenotype [RNA-Seq],Bromodomain-containing Protein 4 (BRD4) is Required for the Maintenance of a Mammary Epithelial Phenotype,https://www.ncbi.nlm.nih.gov/geo/query/acc.cgi?acc=GSE72932,https://www.ncbi.nlm.nih.gov/geo/query/acc.cgi?acc=GSE72933
GSE72955,GSE73526,0,,2,,0,0,0,manual_review_required,Retroviral Replicating Vectors Deliver Cytosine Deaminase Leading to Targeted 5-FU-Mediated Cytotoxicity in Multiple Human Cancer Types,"The Functional Genomic Landscape of Human Breast Cancer Drivers, Vulnerabilities, and Resistance (RNASeq)",https://www.ncbi.nlm.nih.gov/geo/query/acc.cgi?acc=GSE72955,https://www.ncbi.nlm.nih.gov/geo/query/acc.cgi?acc=GSE73526
GSE73235,GSE73237,112,complete_containment,0,,0,0,0,high_confidence_overlap,Heterogeneity in global gene expression profiles between biopsy specimens taken peri-surgically from primary ER-positive breast carcinomas (diagnostic/surgical samples),Heterogeneity in global gene expression profiles between biopsy specimens taken peri-surgically from primary ER-positive breast carcinomas,https://www.ncbi.nlm.nih.gov/geo/query/acc.cgi?acc=GSE73235,https://www.ncbi.nlm.nih.gov/geo/query/acc.cgi?acc=GSE73237
GSE73236,GSE73237,46,complete_containment,0,,0,0,0,high_confidence_overlap,Heterogeneity in global gene expression profiles between biopsy specimens taken peri-surgically from primary ER-positive breast carcinomas (excision/x-ray samples),Heterogeneity in global gene expression profiles between biopsy specimens taken peri-surgically from primary ER-positive breast carcinomas,https://www.ncbi.nlm.nih.gov/geo/query/acc.cgi?acc=GSE73236,https://www.ncbi.nlm.nih.gov/geo/query/acc.cgi?acc=GSE73237
GSE73278,GSE73871,5,complete_containment,0,,0,0,0,high_confidence_overlap,Targeting the SIN3A-PF1 Interaction inhibits Epithelial to Mesenchymal Transition and Maintenance of a Stem Cell Phenotype in Triple Negative Breast Cancer (Expression),Targeting the SIN3A-PF1 Interaction inhibits Epithelial to Mesenchymal Transition and Maintenance of a Stem Cell Phenotype in Triple Negative Breast Cancer,https://www.ncbi.nlm.nih.gov/geo/query/acc.cgi?acc=GSE73278,https://www.ncbi.nlm.nih.gov/geo/query/acc.cgi?acc=GSE73871
GSE73370,GSE73371,3,complete_containment,0,,0,0,0,high_confidence_overlap,FOXM1 Cistrome Predicts Breast Cancer Metastatic Outcome Better Than FOXM1 Expression Levels or Tumor Proliferation Index [RNA-Seq],FOXM1 Cistrome Predicts Breast Cancer Metastatic Outcome Better Than FOXM1 Expression Levels or Tumor Proliferation Index,https://www.ncbi.nlm.nih.gov/geo/query/acc.cgi?acc=GSE73370,https://www.ncbi.nlm.nih.gov/geo/query/acc.cgi?acc=GSE73371
GSE73526,GSE81032,0,,2,,0,0,0,manual_review_required,"The Functional Genomic Landscape of Human Breast Cancer Drivers, Vulnerabilities, and Resistance (RNASeq)",Comparative proteomics and transcriptomics study of signaling network proteins across multiple normal and cancer cell lines,https://www.ncbi.nlm.nih.gov/geo/query/acc.cgi?acc=GSE73526,https://www.ncbi.nlm.nih.gov/geo/query/acc.cgi?acc=GSE81032
GSE73526,GSE87006,0,,13,,0,0,0,manual_review_required,"The Functional Genomic Landscape of Human Breast Cancer Drivers, Vulnerabilities, and Resistance (RNASeq)",CDK4 phosphorylation status and a linked gene expression profile predict sensitivity to Palbociclib [lines],https://www.ncbi.nlm.nih.gov/geo/query/acc.cgi?acc=GSE73526,https://www.ncbi.nlm.nih.gov/geo/query/acc.cgi?acc=GSE87006
GSE73526,GSE87008,0,,13,,0,0,0,manual_review_required,"The Functional Genomic Landscape of Human Breast Cancer Drivers, Vulnerabilities, and Resistance (RNASeq)",CDK4 phosphorylation status and a linked gene expression profile predict sensitivity to Palbociclib,https://www.ncbi.nlm.nih.gov/geo/query/acc.cgi?acc=GSE73526,https://www.ncbi.nlm.nih.gov/geo/query/acc.cgi?acc=GSE87008
GSE73957,GSE73958,14,complete_containment,0,,0,0,0,high_confidence_overlap,Target Gene Repression Based on Dismissal of Polymerase II from Estrogen Receptor Trans-bound Enhancers Is Associated With Clinical Outcome in Human Breast Cancer [GRO-seq],Target Gene Repression Based on Dismissal of Polymerase II from Estrogen Receptor Trans-bound Enhancers Is Associated With Clinical Outcome in Human Breast Cancer,https://www.ncbi.nlm.nih.gov/geo/query/acc.cgi?acc=GSE73957,https://www.ncbi.nlm.nih.gov/geo/query/acc.cgi?acc=GSE73958
GSE73959,GSE73961,2,complete_containment,0,,0,0,0,high_confidence_overlap,CD24 suppresses malignant phenotype by downregulation of SHH transcription through STAT1 inhibition in breast cancer cells [MCF-7],CD24 suppresses malignant phenotype by downregulation of SHH transcription through STAT1 inhibition in breast cancer cells,https://www.ncbi.nlm.nih.gov/geo/query/acc.cgi?acc=GSE73959,https://www.ncbi.nlm.nih.gov/geo/query/acc.cgi?acc=GSE73961
GSE73960,GSE73961,2,complete_containment,0,,0,0,0,high_confidence_overlap,CD24 suppresses malignant phenotype by downregulation of SHH transcription through STAT1 inhibition in breast cancer cells [HCC1937],CD24 suppresses malignant phenotype by downregulation of SHH transcription through STAT1 inhibition in breast cancer cells,https://www.ncbi.nlm.nih.gov/geo/query/acc.cgi?acc=GSE73960,https://www.ncbi.nlm.nih.gov/geo/query/acc.cgi?acc=GSE73961
GSE74032,GSE74034,6,complete_containment,0,,0,0,0,high_confidence_overlap,Estrogen receptor α promotes breast cancer by reprogramming cell metabolism [gene expression],Estrogen receptor α promotes breast cancer by reprogramming cell metabolism,https://www.ncbi.nlm.nih.gov/geo/query/acc.cgi?acc=GSE74032,https://www.ncbi.nlm.nih.gov/geo/query/acc.cgi?acc=GSE74034
GSE74146,GSE74663,24,complete_containment,0,,0,0,0,high_confidence_overlap,Stimulation of endogenous FGFR2 signalling in MCF-7 cells following knock-down of FGFR2,High FGFR2 expression is associated with reduced breast cancer risk and represses the estrogen response,https://www.ncbi.nlm.nih.gov/geo/query/acc.cgi?acc=GSE74146,https://www.ncbi.nlm.nih.gov/geo/query/acc.cgi?acc=GSE74663
GSE74608,GSE78753,12,complete_containment,0,,0,0,0,high_confidence_overlap,A Preclinical Model for ERα-Positive Breast Cancer Points to the Epithelial Microenvironment as Determinant of Luminal Phenotype and Hormone Response [BT20 & HCC1806],A Preclinical Model for ERα-Positive Breast Cancer Points to the Epithelial Microenvironment as Determinant of Luminal Phenotype and Hormone Response,https://www.ncbi.nlm.nih.gov/geo/query/acc.cgi?acc=GSE74608,https://www.ncbi.nlm.nih.gov/geo/query/acc.cgi?acc=GSE78753
GSE74941,GSE74943,2,complete_containment,0,,0,0,0,high_confidence_overlap,Epigenetic activation of the prostaglandin receptor EP4 promotes resistance to endocrine therapy for breast cancer [RNA-seq],Epigenetic activation of the prostaglandin receptor EP4 promotes resistance to endocrine therapy for breast cancer,https://www.ncbi.nlm.nih.gov/geo/query/acc.cgi?acc=GSE74941,https://www.ncbi.nlm.nih.gov/geo/query/acc.cgi?acc=GSE74943
GSE75168,GSE75169,9,complete_containment,0,,0,0,0,high_confidence_overlap,Histone H3 lysine 4 acetylation-methylation dynamics define breast cancer subtypes [RNA-seq],Histone H3 Lysine4 Acetylation-Methylation Dynamics Define Breast Cancer Subtypes,https://www.ncbi.nlm.nih.gov/geo/query/acc.cgi?acc=GSE75168,https://www.ncbi.nlm.nih.gov/geo/query/acc.cgi?acc=GSE75169
GSE75369,GSE75372,2,complete_containment,0,,0,0,0,high_confidence_overlap,Gene expression profiling of tamoxifen-resistant breast cancer MCF7L cells,FOXA1 overexpression mediates endocrine resistance by increasing IL-8 in oestrogen receptor-positive breast cancer,https://www.ncbi.nlm.nih.gov/geo/query/acc.cgi?acc=GSE75369,https://www.ncbi.nlm.nih.gov/geo/query/acc.cgi?acc=GSE75372
GSE75678,GSE75685,54,complete_containment,0,,0,0,0,high_confidence_overlap,Gene Expression of Mexican Patients with Breast Cancer,Mexican Patients with Breast Cancer,https://www.ncbi.nlm.nih.gov/geo/query/acc.cgi?acc=GSE75678,https://www.ncbi.nlm.nih.gov/geo/query/acc.cgi?acc=GSE75685
GSE75727,GSE75877,4,complete_containment,0,,0,0,0,high_confidence_overlap,The PGC-1α/ERRα Axis Represses One-Carbon Metabolism and Promotes Sensitivity to Anti-Folate Therapy in Breast Cancer [Microarray expression],The PGC-1α/ERRα Axis Represses One-Carbon Metabolism and Promotes Sensitivity to Anti-Folate Therapy in Breast Cancer,https://www.ncbi.nlm.nih.gov/geo/query/acc.cgi?acc=GSE75727,https://www.ncbi.nlm.nih.gov/geo/query/acc.cgi?acc=GSE75877
GSE75741,GSE75743,4,complete_containment,0,,0,0,0,high_confidence_overlap,The role of PRMT5/WDR77 complex in promoting breast cancer oncogenesis [RNA-Seq],The role of PRMT5/WDR77 complex in promoting breast cancer oncogenesis,https://www.ncbi.nlm.nih.gov/geo/query/acc.cgi?acc=GSE75741,https://www.ncbi.nlm.nih.gov/geo/query/acc.cgi?acc=GSE75743
GSE75742,GSE75743,2,complete_containment,0,,0,0,0,high_confidence_overlap,The role of PRMT5/WDR77 complex in promoting breast cancer oncogenesis [RNA-Seq_HPTB],The role of PRMT5/WDR77 complex in promoting breast cancer oncogenesis,https://www.ncbi.nlm.nih.gov/geo/query/acc.cgi?acc=GSE75742,https://www.ncbi.nlm.nih.gov/geo/query/acc.cgi?acc=GSE75743
GSE75800,GSE75802,12,complete_containment,0,,0,0,0,high_confidence_overlap,"Double-stranded microRNA mimics can induce length- and passenger strand-dependent effects in a cell type-specific manner (RNA 2015), Exp 1",Double-stranded microRNA mimics can induce length- and passenger strand-dependent effects in a cell type-specific manner (RNA 2015),https://www.ncbi.nlm.nih.gov/geo/query/acc.cgi?acc=GSE75800,https://www.ncbi.nlm.nih.gov/geo/query/acc.cgi?acc=GSE75802
GSE75801,GSE75802,10,complete_containment,0,,0,0,0,high_confidence_overlap,"Double-stranded microRNA mimics can induce length- and passenger strand-dependent effects in a cell type-specific manner (RNA 2015), Exp 2",Double-stranded microRNA mimics can induce length- and passenger strand-dependent effects in a cell type-specific manner (RNA 2015),https://www.ncbi.nlm.nih.gov/geo/query/acc.cgi?acc=GSE75801,https://www.ncbi.nlm.nih.gov/geo/query/acc.cgi?acc=GSE75802
GSE76124,GSE76275,198,complete_containment,0,,0,0,0,high_confidence_overlap,Comprehensive genomic analysis identify novel subtypes and targets of triple-negative breast cancer (198 TNBC tumors),Comprehensive genomic analysis identify novel subtypes and targets of triple-negative breast cancer,https://www.ncbi.nlm.nih.gov/geo/query/acc.cgi?acc=GSE76124,https://www.ncbi.nlm.nih.gov/geo/query/acc.cgi?acc=GSE76275
GSE76274,GSE76275,67,complete_containment,0,,0,0,0,high_confidence_overlap,Comprehensive genomic analysis identify novel subtypes and targets of triple-negative breast cancer (67 not triple-negative tumors),Comprehensive genomic analysis identify novel subtypes and targets of triple-negative breast cancer,https://www.ncbi.nlm.nih.gov/geo/query/acc.cgi?acc=GSE76274,https://www.ncbi.nlm.nih.gov/geo/query/acc.cgi?acc=GSE76275
GSE76368,GSE76370,8,complete_containment,0,,0,0,0,high_confidence_overlap,Identification of circadian-related gene expression profiles in entrained MCF7,Identification of circadian-related gene expression profiles in entrained breast cancer cell lines,https://www.ncbi.nlm.nih.gov/geo/query/acc.cgi?acc=GSE76368,https://www.ncbi.nlm.nih.gov/geo/query/acc.cgi?acc=GSE76370
GSE76369,GSE76370,8,complete_containment,0,,0,0,0,high_confidence_overlap,Identification of circadian-related gene expression profiles in entrained MCF10A,Identification of circadian-related gene expression profiles in entrained breast cancer cell lines,https://www.ncbi.nlm.nih.gov/geo/query/acc.cgi?acc=GSE76369,https://www.ncbi.nlm.nih.gov/geo/query/acc.cgi?acc=GSE76370
GSE76453,GSE76460,12,complete_containment,0,,0,0,0,high_confidence_overlap,The Chromatin-Looping Factor ZNF143 Engages at Looping Promoters to Favor the Estrogen Response in Breast Cancer (RNA-seq),The Chromatin-Looping Factor ZNF143 Engages at Looping Promoters to Favor the Estrogen Response in Breast Cancer,https://www.ncbi.nlm.nih.gov/geo/query/acc.cgi?acc=GSE76453,https://www.ncbi.nlm.nih.gov/geo/query/acc.cgi?acc=GSE76460
GSE76460,GSE85141,0,,2,,0,0,0,manual_review_required,The Chromatin-Looping Factor ZNF143 Engages at Looping Promoters to Favor the Estrogen Response in Breast Cancer,Gene expression profile perturbed by ATRA,https://www.ncbi.nlm.nih.gov/geo/query/acc.cgi?acc=GSE76460,https://www.ncbi.nlm.nih.gov/geo/query/acc.cgi?acc=GSE85141
GSE76485,GSE76488,8,complete_containment,0,,0,0,0,high_confidence_overlap,MBNL1-dependent modulation of transcript stability,Muscleblind-like 1 suppresses breast cancer metastatic colonization and stabilizes metastasis suppressor transcripts,https://www.ncbi.nlm.nih.gov/geo/query/acc.cgi?acc=GSE76485,https://www.ncbi.nlm.nih.gov/geo/query/acc.cgi?acc=GSE76488
GSE76487,GSE76488,6,complete_containment,0,,0,0,0,high_confidence_overlap,MBNL1-dependent modulation of gene expression in MDA-MB-231 breast cancer cells,Muscleblind-like 1 suppresses breast cancer metastatic colonization and stabilizes metastasis suppressor transcripts,https://www.ncbi.nlm.nih.gov/geo/query/acc.cgi?acc=GSE76487,https://www.ncbi.nlm.nih.gov/geo/query/acc.cgi?acc=GSE76488
GSE76608,GSE98515,8,complete_containment,0,,0,0,0,high_confidence_overlap,Expression profiling of MCF-7 cells with 10nM treatment of TCDD,Expression profiling of MCF-7 cells with treatment of TCDD,https://www.ncbi.nlm.nih.gov/geo/query/acc.cgi?acc=GSE76608,https://www.ncbi.nlm.nih.gov/geo/query/acc.cgi?acc=GSE98515
GSE76726,GSE76728,8,complete_containment,0,,0,0,0,high_confidence_overlap,Tumour sampling method can significantly influence gene expression profiles derived from neoadjuvant window studies I,Tumour sampling method can significantly influence gene expression profiles derived from neoadjuvant window studies,https://www.ncbi.nlm.nih.gov/geo/query/acc.cgi?acc=GSE76726,https://www.ncbi.nlm.nih.gov/geo/query/acc.cgi?acc=GSE76728
GSE76727,GSE76728,66,complete_containment,0,,0,0,0,high_confidence_overlap,Tumour sampling method can significantly influence gene expression profiles derived from neoadjuvant window studies II,Tumour sampling method can significantly influence gene expression profiles derived from neoadjuvant window studies,https://www.ncbi.nlm.nih.gov/geo/query/acc.cgi?acc=GSE76727,https://www.ncbi.nlm.nih.gov/geo/query/acc.cgi?acc=GSE76728
GSE78285,GSE78286,11,complete_containment,0,,0,0,0,high_confidence_overlap,Modeling the ESR1 tyrosine 537 mutation with CRISPR-Cas9 for mechanistic studies and evaluation of therapeutic approaches for metastatic breast cancer [RNA-Seq],Modeling the ESR1 tyrosine 537 mutation with CRISPR-Cas9 for mechanistic studies and evaluation of therapeutic approaches for metastatic breast cancer,https://www.ncbi.nlm.nih.gov/geo/query/acc.cgi?acc=GSE78285,https://www.ncbi.nlm.nih.gov/geo/query/acc.cgi?acc=GSE78286
GSE79058,GSE79171,76,complete_containment,0,,0,0,0,high_confidence_overlap,"Assessment of tumor heterogeneity, as evidenced by gene expression profiles, pathway activation, and gene copy number, in patients with multifocal invasive lobular breast tumors [gene expression]","Assessment of tumor heterogeneity, as evidenced by gene expression profiles, pathway activation, and gene copy number, in patients with multifocal invasive lobular breast tumors",https://www.ncbi.nlm.nih.gov/geo/query/acc.cgi?acc=GSE79058,https://www.ncbi.nlm.nih.gov/geo/query/acc.cgi?acc=GSE79171
GSE79586,GSE79589,128,complete_containment,0,,0,0,0,high_confidence_overlap,Next generation sequencing facilitates quantitative analysis of changes in mRNA after knock-down of putative master regulators of the breast cancer metastasis transcriptome.,TRIM25,https://www.ncbi.nlm.nih.gov/geo/query/acc.cgi?acc=GSE79586,https://www.ncbi.nlm.nih.gov/geo/query/acc.cgi?acc=GSE79589
GSE79776,GSE79778,10,complete_containment,0,,0,0,0,high_confidence_overlap,Analysis of HER2 genomic binding in breast cancer cells identifies a global role in direct gene regulation [RNA-Seq],Analysis of HER2 genomic binding in breast cancer cells identifies a global role in direct gene regulation,https://www.ncbi.nlm.nih.gov/geo/query/acc.cgi?acc=GSE79776,https://www.ncbi.nlm.nih.gov/geo/query/acc.cgi?acc=GSE79778
GSE80098,GSE80365,48,complete_containment,0,,0,0,0,high_confidence_overlap,Genomic agonism and phenotypic antagonism between estrogen and progesterone receptors in breast cancer.,Genomic agonism and phenotypic antagonism between estrogen and progesterone receptors in breast cancer. [tumor samples RNA-seq],https://www.ncbi.nlm.nih.gov/geo/query/acc.cgi?acc=GSE80098,https://www.ncbi.nlm.nih.gov/geo/query/acc.cgi?acc=GSE80365
GSE80098,GSE80366,28,complete_containment,0,,0,0,0,high_confidence_overlap,Genomic agonism and phenotypic antagonism between estrogen and progesterone receptors in breast cancer.,Genomic agonism and phenotypic antagonism between estrogen and progesterone receptors in breast cancer. [cell models RNA-seq],https://www.ncbi.nlm.nih.gov/geo/query/acc.cgi?acc=GSE80098,https://www.ncbi.nlm.nih.gov/geo/query/acc.cgi?acc=GSE80366
GSE80176,GSE80177,6,complete_containment,0,,0,0,0,high_confidence_overlap,Inhibition of DNA methylation promotes breast tumor sensitivity to netrin-1 interference [RNA-Seq],Inhibition of DNA methylation promotes breast tumor sensitivity to netrin-1 interference,https://www.ncbi.nlm.nih.gov/geo/query/acc.cgi?acc=GSE80176,https://www.ncbi.nlm.nih.gov/geo/query/acc.cgi?acc=GSE80177
GSE80591,GSE80594,4,complete_containment,0,,0,0,0,high_confidence_overlap,Messenger RNA expression after MK2206/DMSO treatment of T47D cells,PI3K/AKT signaling regulates H3K4 methylation in breast cancer,https://www.ncbi.nlm.nih.gov/geo/query/acc.cgi?acc=GSE80591,https://www.ncbi.nlm.nih.gov/geo/query/acc.cgi?acc=GSE80594
GSE80754,GSE80759,18,complete_containment,0,,0,0,0,high_confidence_overlap,Breast tumors: different structures of tumor cells [gene expression],Breast tumors: different structures of tumor cell,https://www.ncbi.nlm.nih.gov/geo/query/acc.cgi?acc=GSE80754,https://www.ncbi.nlm.nih.gov/geo/query/acc.cgi?acc=GSE80759
GSE80763,GSE80765,36,complete_containment,0,,0,0,0,high_confidence_overlap,Stem cell gene expression profiling of primary mammary tumors derived from orthotopic xenograft tumors treated with Sulforaphane (SFN) or control I,Stem cell gene expression profiling of primary mammary tumors derived from orthotopic xenograft tumors treated with Sulforaphane (SFN) or control,https://www.ncbi.nlm.nih.gov/geo/query/acc.cgi?acc=GSE80763,https://www.ncbi.nlm.nih.gov/geo/query/acc.cgi?acc=GSE80765
GSE80764,GSE80765,36,complete_containment,0,,0,0,0,high_confidence_overlap,Stem cell gene expression profiling of primary mammary tumors derived from orthotopic xenograft tumors treated with Sulforaphane (SFN) or control II,Stem cell gene expression profiling of primary mammary tumors derived from orthotopic xenograft tumors treated with Sulforaphane (SFN) or control,https://www.ncbi.nlm.nih.gov/geo/query/acc.cgi?acc=GSE80764,https://www.ncbi.nlm.nih.gov/geo/query/acc.cgi?acc=GSE80765
GSE80999,GSE81002,381,complete_containment,0,,0,0,0,high_confidence_overlap,Integrative clustering reveals a novel split in the luminal A subtype of breast cancer with impact on outcome,Integrative clustering reveals a novel split in the luminal A subtype of breast cancer with impact on outcome,https://www.ncbi.nlm.nih.gov/geo/query/acc.cgi?acc=GSE80999,https://www.ncbi.nlm.nih.gov/geo/query/acc.cgi?acc=GSE81002
GSE81032,GSE87006,0,,1,,0,0,0,manual_review_required,Comparative proteomics and transcriptomics study of signaling network proteins across multiple normal and cancer cell lines,CDK4 phosphorylation status and a linked gene expression profile predict sensitivity to Palbociclib [lines],https://www.ncbi.nlm.nih.gov/geo/query/acc.cgi?acc=GSE81032,https://www.ncbi.nlm.nih.gov/geo/query/acc.cgi?acc=GSE87006
GSE81032,GSE87008,0,,1,,0,0,0,manual_review_required,Comparative proteomics and transcriptomics study of signaling network proteins across multiple normal and cancer cell lines,CDK4 phosphorylation status and a linked gene expression profile predict sensitivity to Palbociclib,https://www.ncbi.nlm.nih.gov/geo/query/acc.cgi?acc=GSE81032,https://www.ncbi.nlm.nih.gov/geo/query/acc.cgi?acc=GSE87008
GSE8139,GSE8141,51,complete_containment,0,,0,0,0,high_confidence_overlap,Expression data from MCF7/HER2-18 xenografts,Expression data from MCF7 wt and MCF7/HER2-18 xenografts,https://www.ncbi.nlm.nih.gov/geo/query/acc.cgi?acc=GSE8139,https://www.ncbi.nlm.nih.gov/geo/query/acc.cgi?acc=GSE8141
GSE8140,GSE8141,14,complete_containment,0,,0,0,0,high_confidence_overlap,Expression data from MCF7 wt xenografts,Expression data from MCF7 wt and MCF7/HER2-18 xenografts,https://www.ncbi.nlm.nih.gov/geo/query/acc.cgi?acc=GSE8140,https://www.ncbi.nlm.nih.gov/geo/query/acc.cgi?acc=GSE8141
GSE81538,GSE81540,405,complete_containment,0,,0,0,0,high_confidence_overlap,Clinical Value of RNA Sequencing–Based Classifiers for Prediction of the Five Conventional Breast Cancer Biomarkers: A Report From the Population-Based Multicenter Sweden Cancerome Analysis Network—Breast Initiative [cohort 405],Clinical Value of RNA Sequencing–Based Classifiers for Prediction of the Five Conventional Breast Cancer Biomarkers: A Report From the Population-Based Multicenter Sweden Cancerome Analysis Network—Breast Initiative [superseries],https://www.ncbi.nlm.nih.gov/geo/query/acc.cgi?acc=GSE81538,https://www.ncbi.nlm.nih.gov/geo/query/acc.cgi?acc=GSE81540
GSE81538,GSE86159,0,,1,,0,0,0,manual_review_required,Clinical Value of RNA Sequencing–Based Classifiers for Prediction of the Five Conventional Breast Cancer Biomarkers: A Report From the Population-Based Multicenter Sweden Cancerome Analysis Network—Breast Initiative [cohort 405],"LINC00520 is Induced by Src, STAT3, and PI3K and Plays a Functional Role in Breast Cancer",https://www.ncbi.nlm.nih.gov/geo/query/acc.cgi?acc=GSE81538,https://www.ncbi.nlm.nih.gov/geo/query/acc.cgi?acc=GSE86159
GSE81540,GSE86159,0,,1,,0,0,0,manual_review_required,Clinical Value of RNA Sequencing–Based Classifiers for Prediction of the Five Conventional Breast Cancer Biomarkers: A Report From the Population-Based Multicenter Sweden Cancerome Analysis Network—Breast Initiative [superseries],"LINC00520 is Induced by Src, STAT3, and PI3K and Plays a Functional Role in Breast Cancer",https://www.ncbi.nlm.nih.gov/geo/query/acc.cgi?acc=GSE81540,https://www.ncbi.nlm.nih.gov/geo/query/acc.cgi?acc=GSE86159
GSE81540,GSE96058,3409,complete_containment,0,,0,0,0,high_confidence_overlap,Clinical Value of RNA Sequencing–Based Classifiers for Prediction of the Five Conventional Breast Cancer Biomarkers: A Report From the Population-Based Multicenter Sweden Cancerome Analysis Network—Breast Initiative [superseries],Clinical Value of RNA Sequencing–Based Classifiers for Prediction of the Five Conventional Breast Cancer Biomarkers: A Report From the Population-Based Multicenter Sweden Cancerome Analysis Network—Breast Initiative [cohort 3273],https://www.ncbi.nlm.nih.gov/geo/query/acc.cgi?acc=GSE81540,https://www.ncbi.nlm.nih.gov/geo/query/acc.cgi?acc=GSE96058
GSE81853,GSE81860,4,complete_containment,0,,0,0,0,high_confidence_overlap,CD95/Fas increases stemness in cancer cells by inducing a STAT1 dependent Type I interferon response [array],CD95/Fas increases stemness in cancer cells by inducing a STAT1 dependent Type I interferon response,https://www.ncbi.nlm.nih.gov/geo/query/acc.cgi?acc=GSE81853,https://www.ncbi.nlm.nih.gov/geo/query/acc.cgi?acc=GSE81860
GSE82171,GSE82173,20,complete_containment,0,,0,0,0,high_confidence_overlap,Expression data from primary breast tumors,Primary breast tumors,https://www.ncbi.nlm.nih.gov/geo/query/acc.cgi?acc=GSE82171,https://www.ncbi.nlm.nih.gov/geo/query/acc.cgi?acc=GSE82173
GSE82172,GSE82173,152,complete_containment,0,,0,0,0,high_confidence_overlap,"Expression data from primary breast tumors, M0 patients",Primary breast tumors,https://www.ncbi.nlm.nih.gov/geo/query/acc.cgi?acc=GSE82172,https://www.ncbi.nlm.nih.gov/geo/query/acc.cgi?acc=GSE82173
GSE84080,GSE84149,6,complete_containment,0,,0,0,0,high_confidence_overlap,Regulators of cellular heterogeneity in basal-like breast cancer influence symmetric versus asymmetric division rates (Expression profiles),Regulation of cellular heterogeneity and rates of symmetric and asymmetric divisions in triple-negative breast cancer,https://www.ncbi.nlm.nih.gov/geo/query/acc.cgi?acc=GSE84080,https://www.ncbi.nlm.nih.gov/geo/query/acc.cgi?acc=GSE84149
GSE84143,GSE84149,16,complete_containment,0,,0,0,0,high_confidence_overlap,Regulators of cellular heterogeneity in basal-like breast cancer influence symmetric versus asymmetric division rates (shRNA targeting),Regulation of cellular heterogeneity and rates of symmetric and asymmetric divisions in triple-negative breast cancer,https://www.ncbi.nlm.nih.gov/geo/query/acc.cgi?acc=GSE84143,https://www.ncbi.nlm.nih.gov/geo/query/acc.cgi?acc=GSE84149
GSE84577,GSE84579,4,complete_containment,0,,0,0,0,high_confidence_overlap,Integrated analyses identify phenotype specific BMP4 signaling in breast cancer [RNA-seq],Integrated analyses identify phenotype specific BMP4 signaling in breast cancer,https://www.ncbi.nlm.nih.gov/geo/query/acc.cgi?acc=GSE84577,https://www.ncbi.nlm.nih.gov/geo/query/acc.cgi?acc=GSE84579
GSE85088,GSE85108,4,complete_containment,0,,0,0,0,high_confidence_overlap,CTCF modulates Estrogen Receptor function through specific chromatin and nuclear matrix interactions [RNA-seq],CTCF modulates Estrogen Receptor function through specific chromatin and nuclear matrix interactions,https://www.ncbi.nlm.nih.gov/geo/query/acc.cgi?acc=GSE85088,https://www.ncbi.nlm.nih.gov/geo/query/acc.cgi?acc=GSE85108
GSE85353,GSE85356,214,complete_containment,0,,0,0,0,high_confidence_overlap,DNA methylation repels binding of hypoxia-inducible transcription factors to maintain tumour immunotolerance [RNA],DNA methylation repels binding of hypoxia-inducible transcription factors to maintain tumour immunotolerance,https://www.ncbi.nlm.nih.gov/geo/query/acc.cgi?acc=GSE85353,https://www.ncbi.nlm.nih.gov/geo/query/acc.cgi?acc=GSE85356
GSE85802,GSE85808,12,complete_containment,0,,0,0,0,high_confidence_overlap,LCOR regulates transcription of human mammary epithelial and breast cancer cells,miR-199a-LCOR axis regulation of mammary gland stem cell and breast cancer stem cell transcriptional programs,https://www.ncbi.nlm.nih.gov/geo/query/acc.cgi?acc=GSE85802,https://www.ncbi.nlm.nih.gov/geo/query/acc.cgi?acc=GSE85808
GSE86374,GSE87049,159,complete_containment,0,,0,0,0,high_confidence_overlap,Analysis of somatic DNA copy number alterations and frequency of breast cancer intrinsic subtypes from Mexican women [gene expression],Analysis of somatic DNA copy number alterations and frequency of breast cancer intrinsic subtypes from Mexican women,https://www.ncbi.nlm.nih.gov/geo/query/acc.cgi?acc=GSE86374,https://www.ncbi.nlm.nih.gov/geo/query/acc.cgi?acc=GSE87049
GSE86945,GSE86948,100,complete_containment,0,,0,0,0,high_confidence_overlap,Transcriptome characterization of triple negative breast cancer [Italy],A microRNA signature identifies four subtypes of triple-negative breast cancer and correlates miR-342-3p as a regulator of the lactate metabolic pathway through silencing the monocarboxylate transporter 1,https://www.ncbi.nlm.nih.gov/geo/query/acc.cgi?acc=GSE86945,https://www.ncbi.nlm.nih.gov/geo/query/acc.cgi?acc=GSE86948
GSE86946,GSE86948,58,complete_containment,0,,0,0,0,high_confidence_overlap,Transcriptome characterization of triple negative breast cancer [Mexico],A microRNA signature identifies four subtypes of triple-negative breast cancer and correlates miR-342-3p as a regulator of the lactate metabolic pathway through silencing the monocarboxylate transporter 1,https://www.ncbi.nlm.nih.gov/geo/query/acc.cgi?acc=GSE86946,https://www.ncbi.nlm.nih.gov/geo/query/acc.cgi?acc=GSE86948
GSE86946,GSE87007,0,,1,,0,0,0,manual_review_required,Transcriptome characterization of triple negative breast cancer [Mexico],CDK4 phosphorylation status and a linked gene expression profile predict sensitivity to Palbociclib [tumors],https://www.ncbi.nlm.nih.gov/geo/query/acc.cgi?acc=GSE86946,https://www.ncbi.nlm.nih.gov/geo/query/acc.cgi?acc=GSE87007
GSE86946,GSE87008,0,,1,,0,0,0,manual_review_required,Transcriptome characterization of triple negative breast cancer [Mexico],CDK4 phosphorylation status and a linked gene expression profile predict sensitivity to Palbociclib,https://www.ncbi.nlm.nih.gov/geo/query/acc.cgi?acc=GSE86946,https://www.ncbi.nlm.nih.gov/geo/query/acc.cgi?acc=GSE87008
GSE86948,GSE87007,0,,1,,0,0,0,manual_review_required,A microRNA signature identifies four subtypes of triple-negative breast cancer and correlates miR-342-3p as a regulator of the lactate metabolic pathway through silencing the monocarboxylate transporter 1,CDK4 phosphorylation status and a linked gene expression profile predict sensitivity to Palbociclib [tumors],https://www.ncbi.nlm.nih.gov/geo/query/acc.cgi?acc=GSE86948,https://www.ncbi.nlm.nih.gov/geo/query/acc.cgi?acc=GSE87007
GSE86948,GSE87008,0,,1,,0,0,0,manual_review_required,A microRNA signature identifies four subtypes of triple-negative breast cancer and correlates miR-342-3p as a regulator of the lactate metabolic pathway through silencing the monocarboxylate transporter 1,CDK4 phosphorylation status and a linked gene expression profile predict sensitivity to Palbociclib,https://www.ncbi.nlm.nih.gov/geo/query/acc.cgi?acc=GSE86948,https://www.ncbi.nlm.nih.gov/geo/query/acc.cgi?acc=GSE87008
GSE87006,GSE87008,20,complete_containment,0,,0,0,0,high_confidence_overlap,CDK4 phosphorylation status and a linked gene expression profile predict sensitivity to Palbociclib [lines],CDK4 phosphorylation status and a linked gene expression profile predict sensitivity to Palbociclib,https://www.ncbi.nlm.nih.gov/geo/query/acc.cgi?acc=GSE87006,https://www.ncbi.nlm.nih.gov/geo/query/acc.cgi?acc=GSE87008
GSE87007,GSE87008,31,complete_containment,0,,0,0,0,high_confidence_overlap,CDK4 phosphorylation status and a linked gene expression profile predict sensitivity to Palbociclib [tumors],CDK4 phosphorylation status and a linked gene expression profile predict sensitivity to Palbociclib,https://www.ncbi.nlm.nih.gov/geo/query/acc.cgi?acc=GSE87007,https://www.ncbi.nlm.nih.gov/geo/query/acc.cgi?acc=GSE87008
GSE87419,GSE87424,64,complete_containment,0,,0,0,0,high_confidence_overlap,Enhancer Remodeling During Adaptive Bypass to MEK Inhibition Is Attenuated by Pharmacological Targeting of the P-TEFb Complex (RNA-seq),Enhancer Remodeling During Adaptive Bypass to MEK Inhibition Is Attenuated by Pharmacological Targeting of the P-TEFb Complex,https://www.ncbi.nlm.nih.gov/geo/query/acc.cgi?acc=GSE87419,https://www.ncbi.nlm.nih.gov/geo/query/acc.cgi?acc=GSE87424
GSE87588,GSE87590,9,complete_containment,0,,0,0,0,high_confidence_overlap,Restoring miR-150-5p to an estrogen receptor positive breast cancer cell line [ZR-75-1],Restoring miR-150-5p to breast cancer cell lines,https://www.ncbi.nlm.nih.gov/geo/query/acc.cgi?acc=GSE87588,https://www.ncbi.nlm.nih.gov/geo/query/acc.cgi?acc=GSE87590
GSE87589,GSE87590,9,complete_containment,0,,0,0,0,high_confidence_overlap,Restoring miR-150-5p to a triple negative breast cancer cell line [BT-549],Restoring miR-150-5p to breast cancer cell lines,https://www.ncbi.nlm.nih.gov/geo/query/acc.cgi?acc=GSE87589,https://www.ncbi.nlm.nih.gov/geo/query/acc.cgi?acc=GSE87590
GSE89205,GSE89206,4,complete_containment,0,,0,0,0,high_confidence_overlap,RNA-sequencing in TGF-beta treated MDA-231-D cells transfected with ZEB1/ZEB2 siRNAs [RNA-seq],ZEB1-regulated inflammatory phenotype in breast cancer cells,https://www.ncbi.nlm.nih.gov/geo/query/acc.cgi?acc=GSE89205,https://www.ncbi.nlm.nih.gov/geo/query/acc.cgi?acc=GSE89206
GSE89206,GSE98273,5,complete_containment,0,,0,0,0,high_confidence_overlap,ZEB1-regulated inflammatory phenotype in breast cancer cells,RNA-sequencing in MDA-231-D cells transfected with ZEB1 or ZEB2 siRNAs,https://www.ncbi.nlm.nih.gov/geo/query/acc.cgi?acc=GSE89206,https://www.ncbi.nlm.nih.gov/geo/query/acc.cgi?acc=GSE98273
GSE9204,GSE9206,8,complete_containment,0,,0,0,0,high_confidence_overlap,Role of CSN5 in breast cancer (siRNA transfections),Role of CSN5 in breast cancer,https://www.ncbi.nlm.nih.gov/geo/query/acc.cgi?acc=GSE9204,https://www.ncbi.nlm.nih.gov/geo/query/acc.cgi?acc=GSE9206
GSE92910,GSE92911,24,complete_containment,0,,0,0,0,high_confidence_overlap,Gene expression profiling of histone deacetylase inhibition in triple-negative breast cancer,Histone deacetylase inhibition in triple-negative breast cancer,https://www.ncbi.nlm.nih.gov/geo/query/acc.cgi?acc=GSE92910,https://www.ncbi.nlm.nih.gov/geo/query/acc.cgi?acc=GSE92911
GSE93057,GSE93109,12,complete_containment,0,,0,0,0,high_confidence_overlap,RNAseq analysis of patient-derived luminal breast cancer xenografts treated with progestins,Patient-derived luminal breast cancer xenografts with progestins,https://www.ncbi.nlm.nih.gov/geo/query/acc.cgi?acc=GSE93057,https://www.ncbi.nlm.nih.gov/geo/query/acc.cgi?acc=GSE93109
GSE93070,GSE93078,4,complete_containment,0,,0,0,0,high_confidence_overlap,Virus Mimicry in the Tumor Microenvironment Activates RIG-I Through Unshielding of Endogenous RNA in Exosomes [exoRNA-Seq],Virus Mimicry in the Tumor Microenvironment Activates RIG-I Through Unshielding of Endogenous RNA in Exosomes,https://www.ncbi.nlm.nih.gov/geo/query/acc.cgi?acc=GSE93070,https://www.ncbi.nlm.nih.gov/geo/query/acc.cgi?acc=GSE93078
GSE93071,GSE93078,12,complete_containment,0,,0,0,0,high_confidence_overlap,Virus Mimicry in the Tumor Microenvironment Activates RIG-I Through Unshielding of Endogenous RNA in Exosomes [RNA-Seq],Virus Mimicry in the Tumor Microenvironment Activates RIG-I Through Unshielding of Endogenous RNA in Exosomes,https://www.ncbi.nlm.nih.gov/geo/query/acc.cgi?acc=GSE93071,https://www.ncbi.nlm.nih.gov/geo/query/acc.cgi?acc=GSE93078
GSE93072,GSE93078,5,complete_containment,0,,0,0,0,high_confidence_overlap,Virus Mimicry in the Tumor Microenvironment Activates RIG-I Through Unshielding of Endogenous RNA in Exosomes [patients RNA-Seq],Virus Mimicry in the Tumor Microenvironment Activates RIG-I Through Unshielding of Endogenous RNA in Exosomes,https://www.ncbi.nlm.nih.gov/geo/query/acc.cgi?acc=GSE93072,https://www.ncbi.nlm.nih.gov/geo/query/acc.cgi?acc=GSE93078
GSE93073,GSE93078,2,complete_containment,0,,0,0,0,high_confidence_overlap,Virus Mimicry in the Tumor Microenvironment Activates RIG-I Through Unshielding of Endogenous RNA in Exosomes [ppp5end RNA-Seq],Virus Mimicry in the Tumor Microenvironment Activates RIG-I Through Unshielding of Endogenous RNA in Exosomes,https://www.ncbi.nlm.nih.gov/geo/query/acc.cgi?acc=GSE93073,https://www.ncbi.nlm.nih.gov/geo/query/acc.cgi?acc=GSE93078
GSE93109,GSE93944,12,complete_containment,0,,0,0,0,high_confidence_overlap,Patient-derived luminal breast cancer xenografts with progestins,Estrogen and progesterone receptor dynamics in patient-derived luminal breast cancer xenografts,https://www.ncbi.nlm.nih.gov/geo/query/acc.cgi?acc=GSE93109,https://www.ncbi.nlm.nih.gov/geo/query/acc.cgi?acc=GSE93944
GSE93332,GSE93338,8,complete_containment,0,,0,0,0,high_confidence_overlap,Fresh-Frozen samples profiled on HG-U133plus2 array with Affymetrix's GeneChip® 3' IVT Express kit,Feasibility of Developing Reliable Gene Expression Modules from FFPE Derived RNA Profiled on Affymetrix Arrays,https://www.ncbi.nlm.nih.gov/geo/query/acc.cgi?acc=GSE93332,https://www.ncbi.nlm.nih.gov/geo/query/acc.cgi?acc=GSE93338
GSE93334,GSE93338,8,complete_containment,0,,0,0,0,high_confidence_overlap,FFPE samples profiled on HG-U133plus2 array with  Affymetrix's GeneChip® 3' IVT Express kit,Feasibility of Developing Reliable Gene Expression Modules from FFPE Derived RNA Profiled on Affymetrix Arrays,https://www.ncbi.nlm.nih.gov/geo/query/acc.cgi?acc=GSE93334,https://www.ncbi.nlm.nih.gov/geo/query/acc.cgi?acc=GSE93338
GSE93335,GSE93338,8,complete_containment,0,,0,0,0,high_confidence_overlap,Fresh-Frozen samples profiled on HG-U219 array with Nugen's Ovation® FFPE WTA System and EncoreTM Biotin Module  [dataset 3],Feasibility of Developing Reliable Gene Expression Modules from FFPE Derived RNA Profiled on Affymetrix Arrays,https://www.ncbi.nlm.nih.gov/geo/query/acc.cgi?acc=GSE93335,https://www.ncbi.nlm.nih.gov/geo/query/acc.cgi?acc=GSE93338
GSE93336,GSE93338,8,complete_containment,0,,0,0,0,high_confidence_overlap,FFPE samples profiled on HG-U219 array with Nugen's Ovation® FFPE WTA System and EncoreTM Biotin Module,Feasibility of Developing Reliable Gene Expression Modules from FFPE Derived RNA Profiled on Affymetrix Arrays,https://www.ncbi.nlm.nih.gov/geo/query/acc.cgi?acc=GSE93336,https://www.ncbi.nlm.nih.gov/geo/query/acc.cgi?acc=GSE93338
GSE93337,GSE93338,8,complete_containment,0,,0,0,0,high_confidence_overlap,FFPE samples profiled on HG-U219 array with Affymetrix's SensationPlusTM FFPE Amplification and 3'IVT Labeling kit,Feasibility of Developing Reliable Gene Expression Modules from FFPE Derived RNA Profiled on Affymetrix Arrays,https://www.ncbi.nlm.nih.gov/geo/query/acc.cgi?acc=GSE93337,https://www.ncbi.nlm.nih.gov/geo/query/acc.cgi?acc=GSE93338
GSE93505,GSE93881,3,complete_containment,0,,0,0,0,high_confidence_overlap,Estrogen Receptor α (ERα)-mTOR signaling crosstalk rewires cancer cell metabolism providing a mechanism underlying obesity-associated postmenopausal breast cancer [RNA-seq],Estrogen Receptor α (ERα)-mTOR signaling crosstalk rewires cancer cell metabolism providing a mechanism underlying obesity-associated postmenopausal breast cancer,https://www.ncbi.nlm.nih.gov/geo/query/acc.cgi?acc=GSE93505,https://www.ncbi.nlm.nih.gov/geo/query/acc.cgi?acc=GSE93881
GSE93758,GSE93759,6,complete_containment,0,,0,0,0,high_confidence_overlap,UBR7 is a novel E3 ubiquitin ligase for H2BK120 and acts as a tumor-suppressor in breast cancer [RNA-Seq],UBR7 is a novel E3 ubiquitin ligase for H2BK120 and acts as a tumor-suppressor in breast cancer,https://www.ncbi.nlm.nih.gov/geo/query/acc.cgi?acc=GSE93758,https://www.ncbi.nlm.nih.gov/geo/query/acc.cgi?acc=GSE93759
GSE94057,GSE94134,16,complete_containment,0,,0,0,0,high_confidence_overlap,BET-Bromodomain Inhibitors Engage The Host Immune System And Regulate Expression Of The Immune Checkpoint Ligand PD-L1 [3mRNA-seq],BET-Bromodomain Inhibitors Engage The Host Immune System And Regulate Expression Of The Immune Checkpoint Ligand PD-L1,https://www.ncbi.nlm.nih.gov/geo/query/acc.cgi?acc=GSE94057,https://www.ncbi.nlm.nih.gov/geo/query/acc.cgi?acc=GSE94134
GSE95293,GSE95294,5,complete_containment,0,,0,0,0,high_confidence_overlap,KDM4 inhibition targets breast cancer stem cells [RNA-Seq],KDM4 inhibition targets breast cancer stem cells,https://www.ncbi.nlm.nih.gov/geo/query/acc.cgi?acc=GSE95293,https://www.ncbi.nlm.nih.gov/geo/query/acc.cgi?acc=GSE95294
GSE95304,GSE95305,20,complete_containment,0,,0,0,0,high_confidence_overlap,Systematic Functional Perturbations Uncover a Prognostic Genetic Network Driving Human Breast Cancer [RNA-Seq],Systematic Functional Perturbations Uncover a Prognostic Genetic Network Driving Human Breast Cancer,https://www.ncbi.nlm.nih.gov/geo/query/acc.cgi?acc=GSE95304,https://www.ncbi.nlm.nih.gov/geo/query/acc.cgi?acc=GSE95305
GSE95461,GSE95462,34,complete_containment,0,,0,0,0,high_confidence_overlap,DNA methylation signature defines genes modulated by stromal cell contents of human breast tumors [RNA-seq],DNA methylation signature defines genes modulated by stromal cell contents of human breast tumors,https://www.ncbi.nlm.nih.gov/geo/query/acc.cgi?acc=GSE95461,https://www.ncbi.nlm.nih.gov/geo/query/acc.cgi?acc=GSE95462
GSE96570,GSE96670,6,complete_containment,0,,0,0,0,high_confidence_overlap,Integrated Molecular Analysis of Tamoxifen-Resistant Invasive Lobular Breast Cancer Cells,Tamoxifen response and resistance in invasive lobular breast cancer,https://www.ncbi.nlm.nih.gov/geo/query/acc.cgi?acc=GSE96570,https://www.ncbi.nlm.nih.gov/geo/query/acc.cgi?acc=GSE96670
GSE96860,GSE96867,52,complete_containment,0,,0,0,0,high_confidence_overlap,Enhancer Transcription Reveals Subtype-Specific Transcription Programs Controlling Breast Cancer Pathogenesis [RNA-Seq],Enhancer Transcription Reveals Subtype-Specific Transcription Programs Controlling Breast Cancer Pathogenesis,https://www.ncbi.nlm.nih.gov/geo/query/acc.cgi?acc=GSE96860,https://www.ncbi.nlm.nih.gov/geo/query/acc.cgi?acc=GSE96867
GSE97177,GSE97293,53,complete_containment,0,,0,0,0,high_confidence_overlap,Genome-wide multi-omics profiling reveals extensive genetic complexity in 8p11-p12 amplified breast carcinomas [expression],Genome-wide multi-omics profiling reveals extensive genetic complexity in 8p11-p12 amplified breast carcinomas,https://www.ncbi.nlm.nih.gov/geo/query/acc.cgi?acc=GSE97177,https://www.ncbi.nlm.nih.gov/geo/query/acc.cgi?acc=GSE97293
GSE97482,GSE97484,15,complete_containment,0,,0,0,0,high_confidence_overlap,"Gene Expression profiling in luminal breast cancer cells treated with a novel KDM5 inhibitor, 5-aza-2' Deoxycytidine, or both.","Breast cancer cells treated with a novel KDM5 inhibitor, 5-aza-2' Deoxycytidine, or both.",https://www.ncbi.nlm.nih.gov/geo/query/acc.cgi?acc=GSE97482,https://www.ncbi.nlm.nih.gov/geo/query/acc.cgi?acc=GSE97484
GSE98208,GSE98210,13,complete_containment,0,,0,0,0,high_confidence_overlap,RNA-sequencing in immortalized human mammary epithelial cells,Alternative splicing regulated by QKI and RBFOX1 promotes the mesenchymal cell state in breast cancer,https://www.ncbi.nlm.nih.gov/geo/query/acc.cgi?acc=GSE98208,https://www.ncbi.nlm.nih.gov/geo/query/acc.cgi?acc=GSE98210
GSE98209,GSE98210,6,complete_containment,0,,0,0,0,high_confidence_overlap,eCLIP in immortalized human mammary epithelial cells,Alternative splicing regulated by QKI and RBFOX1 promotes the mesenchymal cell state in breast cancer,https://www.ncbi.nlm.nih.gov/geo/query/acc.cgi?acc=GSE98209,https://www.ncbi.nlm.nih.gov/geo/query/acc.cgi?acc=GSE98210
GSE98237,GSE98265,15,complete_containment,0,,0,0,0,high_confidence_overlap,Genes regulated by JNK signaling in MDA231-LM2 breast cancer cells,Stress signaling in breast cancer cells induces matrix components that promote chemoresistant metastasis,https://www.ncbi.nlm.nih.gov/geo/query/acc.cgi?acc=GSE98237,https://www.ncbi.nlm.nih.gov/geo/query/acc.cgi?acc=GSE98265
GSE98238,GSE98265,6,complete_containment,0,,0,0,0,high_confidence_overlap,Gene expression data in MDA231-LM2 breast cancer cells exposed to paclitaxel chemotherapy,Stress signaling in breast cancer cells induces matrix components that promote chemoresistant metastasis,https://www.ncbi.nlm.nih.gov/geo/query/acc.cgi?acc=GSE98238,https://www.ncbi.nlm.nih.gov/geo/query/acc.cgi?acc=GSE98265
GSE98239,GSE98265,6,complete_containment,0,,0,0,0,high_confidence_overlap,Gene expression data in MDA231-LM2 breast cancer cells cultured as oncospheres,Stress signaling in breast cancer cells induces matrix components that promote chemoresistant metastasis,https://www.ncbi.nlm.nih.gov/geo/query/acc.cgi?acc=GSE98239,https://www.ncbi.nlm.nih.gov/geo/query/acc.cgi?acc=GSE98265
GSE98514,GSE98515,4,complete_containment,0,,0,0,0,high_confidence_overlap,Expression profiling of four replicates of MCF-7 cells treated with 100nM TCDD,Expression profiling of MCF-7 cells with treatment of TCDD,https://www.ncbi.nlm.nih.gov/geo/query/acc.cgi?acc=GSE98514,https://www.ncbi.nlm.nih.gov/geo/query/acc.cgi?acc=GSE98515
GSE99060,GSE99063,18,complete_containment,0,,0,0,0,high_confidence_overlap,Transcriptomic analysis in breast cancer cell lines after CDK4/6 inhibition,CDK4/6 inhibition and tumor immunity,https://www.ncbi.nlm.nih.gov/geo/query/acc.cgi?acc=GSE99060,https://www.ncbi.nlm.nih.gov/geo/query/acc.cgi?acc=GSE99063
GSE99539,GSE99544,4,complete_containment,0,,0,0,0,high_confidence_overlap,Phase Separation of Ligand-Activated Enhancers Licenses Cooperative Chromosomal Enhancer Assembly [Gro-Seq],Phase Separation of Ligand-Activated Enhancers Licenses Cooperative Chromosomal Enhancer Assembly,https://www.ncbi.nlm.nih.gov/geo/query/acc.cgi?acc=GSE99539,https://www.ncbi.nlm.nih.gov/geo/query/acc.cgi?acc=GSE99544
GSE99647,GSE99649,8,complete_containment,0,,0,0,0,high_confidence_overlap,RNA-sequencing of shSRC-1 and shNT tamoxifen treated LY2 cells,RNA-sequencing and MeDIP-sequencing of shSRC-1 and shNT tamoxifen treated LY2 cells,https://www.ncbi.nlm.nih.gov/geo/query/acc.cgi?acc=GSE99647,https://www.ncbi.nlm.nih.gov/geo/query/acc.cgi?acc=GSE99649
